date,score,label,ust10yr,momentum_score,momentum_raw,strength_score,strength_raw,putcall_score,putcall_raw,move_score,move_raw
2020-01-01,49.82573251321261,中性,1.92,26.136986301369863,-0.8824704154856274,60.10733452593918,128.421875,,,63.23287671232877,58.279998779296875
2020-01-02,52.628323571936185,中性,1.88,30.63013698630137,-0.7108485700528829,62.432915921288014,128.625,,,64.82191780821918,57.20000076293945
2020-01-03,58.47258231839309,貪婪,1.8,44.32876712328767,-0.1096248917984916,71.19856887298748,129.390625,,,59.89041095890411,60.119998931884766
2020-01-04,58.54564167912368,貪婪,1.8,44.602739726027394,-0.0994059769049971,71.19856887298748,129.390625,,,59.83561643835616,60.119998931884766
2020-01-05,58.72829008095016,貪婪,1.8,45.20547945205479,-0.0891849709811001,71.19856887298748,129.390625,,,59.78082191780822,60.119998931884766
2020-01-06,55.70759918641409,中性,1.81,42.95890410958904,-0.1841862404769441,69.58855098389982,129.25,,,54.57534246575342,62.790000915527344
2020-01-07,55.13063935109172,中性,1.83,41.863013698630134,-0.2414673024694136,68.51520572450805,129.15625,,,55.013698630136986,62.630001068115234
2020-01-08,52.416137754143485,中性,1.87,34.52054794520548,-0.531560499406169,64.04293381037567,128.765625,,,58.68493150684932,60.4900016784668
2020-01-09,55.21924474219245,中性,1.85,36.986301369863014,-0.4236551580281004,64.78102189781022,128.890625,,,63.89041095890411,57.65999984741211
2020-01-10,60.60670599606706,貪婪,1.83,40.49315068493151,-0.2685902921172901,66.97080291970804,129.078125,,,74.35616438356165,53.31999969482422
2020-01-11,60.7710895577109,貪婪,1.83,41.04109589041096,-0.2583792137544629,66.97080291970804,129.078125,,,74.3013698630137,53.31999969482422
2020-01-12,60.56155768070991,貪婪,1.83,41.58904109589041,-0.2511531309618594,65.84905660377358,129.078125,,,74.24657534246575,53.31999969482422
2020-01-13,58.7622246715303,貪婪,1.85,38.465753424657535,-0.3679539096431136,63.40996168582376,128.921875,,,74.41095890410959,53.27000045776367
2020-01-14,62.19503490264,貪婪,1.82,43.23287671232877,-0.1976485044499941,66.0919540229885,129.140625,,,77.26027397260273,52.349998474121094
2020-01-15,65.65597615123431,貪婪,1.79,46.24657534246575,-0.0434698608964495,67.65285996055226,129.34375,,,83.06849315068493,50.540000915527344
2020-01-16,64.11816306863726,貪婪,1.81,43.397260273972606,-0.1950217769487935,65.28599605522683,129.15625,,,83.67123287671232,50.369998931884766
2020-01-17,63.14652400637649,貪婪,1.84,40.0,-0.2855125558879144,63.905325443786985,129.046875,,,85.53424657534246,49.66999816894531
2020-01-18,63.055199805463246,貪婪,1.84,39.78082191780822,-0.2914835236475453,63.905325443786985,129.046875,,,85.47945205479452,49.66999816894531
2020-01-19,62.74005677903035,貪婪,1.84,39.61643835616439,-0.2946613278013041,63.17907444668008,129.046875,,,85.42465753424658,49.66999816894531
2020-01-20,62.70352709866504,貪婪,1.84,39.56164383561644,-0.296683461345669,63.17907444668008,129.046875,,,85.36986301369863,49.66999816894531
2020-01-21,64.87428681679116,貪婪,1.78,50.95890410958904,0.1090298755378973,70.02012072434609,129.578125,,,73.64383561643837,53.41999816894531
2020-01-22,66.43877879147028,貪婪,1.77,49.97260273972603,0.0810208433120569,69.61770623742454,129.546875,,,79.72602739726028,51.310001373291016
2020-01-23,65.08865062521245,貪婪,1.74,54.52054794520548,0.2615055690643241,72.63581488933602,129.78125,,,68.10958904109589,55.34000015258789
2020-01-24,67.96545482943323,貪婪,1.7,65.64383561643835,0.644083508758384,79.07444668008048,130.28125,,,59.178082191780824,59.939998626708984
2020-01-25,67.91066030888528,貪婪,1.7,65.53424657534246,0.6403905687232225,79.07444668008048,130.28125,,,59.12328767123288,59.939998626708984
2020-01-26,67.87413062851998,貪婪,1.7,65.47945205479452,0.6391272567159456,79.07444668008048,130.28125,,,59.06849315068493,59.939998626708984
2020-01-27,69.57658278437749,貪婪,1.61,77.36986301369862,1.108780833531273,86.92152917505031,130.890625,,,44.43835616438356,66.7300033569336
2020-01-28,67.39920903307159,貪婪,1.65,72.4931506849315,0.8874328463121985,82.63598326359832,130.609375,,,47.06849315068493,65.5999984741211
2020-01-29,71.07431023787005,貪婪,1.6,80.05479452054794,1.1966427576272225,87.30512249443207,131.015625,,,45.86301369863014,66.16999816894531
2020-01-30,70.1286877993715,貪婪,1.57,85.6986301369863,1.4201720425955104,91.53674832962136,131.3125,,,33.150684931506845,71.06999969482422
2020-01-31,71.57929849182861,貪婪,1.51,89.20547945205479,1.677718557619617,96.43652561247217,131.65625,,,29.0958904109589,72.9800033569336
2020-02-01,71.54276881146332,貪婪,1.51,89.15068493150685,1.6697684834818605,96.43652561247217,131.65625,,,29.04109589041096,72.9800033569336
2020-02-02,71.45144461055007,貪婪,1.51,88.93150684931507,1.6613290246110652,96.43652561247217,131.65625,,,28.986301369863018,72.9800033569336
2020-02-03,70.88755297132157,貪婪,1.54,88.27397260273972,1.5952174362052995,94.9640287769784,131.578125,,,29.424657534246577,72.80999755859375
2020-02-04,67.06690292828097,貪婪,1.61,76.65753424657534,1.065939825168119,83.83084577114428,130.890625,,,40.71232876712328,68.16999816894531
2020-02-05,66.30260893508638,貪婪,1.66,70.1917808219178,0.8080084632877957,78.14070351758794,130.546875,,,50.57534246575342,64.06999969482422
2020-02-06,67.53677475943554,貪婪,1.65,70.95890410958904,0.8284439501968407,75.70621468926554,130.5625,,,55.945205479452056,61.2400016784668
2020-02-07,70.99115135567423,貪婪,1.59,80.98630136986301,1.2318207488427535,85.02824858757062,131.078125,,,46.95890410958904,65.58999633789062
2020-02-08,70.99115135567423,貪婪,1.59,81.04109589041096,1.237000536776954,85.02824858757062,131.078125,,,46.9041095890411,65.58999633789062
2020-02-09,70.95238095238095,貪婪,1.59,81.15068493150685,1.2397372425138729,84.85714285714285,131.078125,,,46.84931506849315,65.58999633789062
2020-02-10,72.28310502283104,貪婪,1.56,86.41095890410959,1.459118986794269,90.0,131.359375,,,40.43835616438356,68.12999725341797
2020-02-11,70.51272015655577,貪婪,1.59,79.56164383561644,1.1833039824512706,83.42857142857143,131.0,,,48.54794520547945,64.88999938964844
2020-02-12,67.62165688193085,貪婪,1.62,73.15068493150685,0.9420290554703302,77.71428571428571,130.6875,,,52.0,63.52000045776367
2020-02-13,68.55446836268754,貪婪,1.61,74.52054794520548,0.9968140567677204,79.14285714285715,130.765625,,,52.0,63.5099983215332
2020-02-14,72.0065231572081,貪婪,1.59,78.7945205479452,1.1588315533497806,83.14285714285714,130.984375,,,54.08219178082192,62.380001068115234
2020-02-15,71.9334637964775,貪婪,1.59,78.63013698630137,1.1518984653580986,83.14285714285714,130.984375,,,54.02739726027397,62.380001068115234
2020-02-16,71.87866927592955,貪婪,1.59,78.52054794520548,1.1471142123821554,83.14285714285714,130.984375,,,53.97260273972603,62.380001068115234
2020-02-17,71.76908023483365,貪婪,1.59,78.24657534246575,1.1394993962757345,83.14285714285714,130.984375,,,53.917808219178085,62.380001068115234
2020-02-18,70.45307101337345,貪婪,1.55,82.95890410958904,1.3007806807335316,86.64688427299704,131.203125,,,41.75342465753425,67.66000366210938
2020-02-19,67.79423515981735,貪婪,1.56,79.83561643835615,1.1969442841398872,83.4375,131.078125,,,40.109589041095894,68.04000091552734
2020-02-20,71.15810502283104,貪婪,1.52,86.52054794520548,1.4655817938999167,90.625,131.4375,,,36.32876712328768,69.5999984741211
2020-02-21,71.17608447488584,貪婪,1.46,90.02739726027397,1.7797649428952598,99.0625,131.859375,,,24.438356164383563,74.54000091552734
2020-02-22,71.13955479452055,貪婪,1.46,89.97260273972603,1.768276564667651,99.0625,131.859375,,,24.38356164383562,74.54000091552734
2020-02-23,71.0482305936073,貪婪,1.46,89.75342465753424,1.7542387350497517,99.0625,131.859375,,,24.328767123287676,74.54000091552734
2020-02-24,66.37442922374429,貪婪,1.38,94.46575342465754,2.351208588146443,100.0,132.65625,,,4.657534246575352,86.91999816894531
2020-02-25,67.12328767123289,貪婪,1.33,96.93150684931508,2.6921741813553512,100.0,133.125,,,4.438356164383563,87.37999725341797
2020-02-26,67.30593607305936,貪婪,1.33,97.36986301369863,2.8267536100830606,100.0,133.328125,,,4.547945205479451,87.0
2020-02-27,66.04566210045662,貪婪,1.3,97.75342465753424,2.886310386071833,100.0,133.4375,,,0.3835616438356197,92.58999633789062
2020-02-28,66.66666666666667,貪婪,1.13,100.0,3.936532956672795,100.0,134.84375,,,0.0,109.66999816894533
2020-02-29,66.64840182648402,貪婪,1.13,99.94520547945206,3.902495875203356,100.0,134.84375,,,0.0,109.66999816894533
2020-03-01,66.63013698630137,貪婪,1.13,99.89041095890413,3.8660808764130863,100.0,134.84375,,,0.0,109.66999816894533
2020-03-02,66.72146118721462,貪婪,1.1,100.0,4.152530219513158,100.0,135.265625,,,0.1643835616438309,104.88999938964844
2020-03-03,66.73972602739725,貪婪,1.02,100.0,4.675975901435263,100.0,136.0,,,0.2191780821917888,102.97000122070312
2020-03-04,67.41552511415524,貪婪,1.02,100.0,4.829968676035966,100.0,136.25,,,2.2465753424657464,89.58999633789062
2020-03-05,66.7579908675799,貪婪,0.92,100.0,5.182986913232026,100.0,136.765625,,,0.2739726027397182,96.95999908447266
2020-03-06,66.66666666666667,貪婪,0.74,100.0,6.1159287996348795,100.0,138.046875,,,0.0,125.20999908447266
2020-03-07,66.64840182648402,貪婪,0.74,99.94520547945206,6.063545449219628,100.0,138.046875,,,0.0,125.20999908447266
2020-03-08,66.63013698630137,貪婪,0.74,99.89041095890413,6.008364521910081,100.0,138.046875,,,0.0,125.20999908447266
2020-03-09,66.66666666666667,貪婪,0.54,100.0,6.900124227177459,100.0,139.296875,,,0.0,163.6999969482422
2020-03-10,61.95286195286195,貪婪,0.76,99.7808219178082,5.503892246284892,85.85858585858585,137.546875,,,0.2191780821917888,123.72000122070312
2020-03-11,60.76726165767261,貪婪,0.82,99.67123287671232,5.135832093152963,82.57575757575758,137.140625,,,0.0547945205479436,127.83999633789062
2020-03-12,60.075596144089296,貪婪,0.88,99.61643835616438,4.889495486435356,80.55555555555556,136.890625,,,0.0547945205479436,152.6199951171875
2020-03-13,57.074673677413394,貪婪,0.94,99.3972602739726,4.004216173678786,71.71717171717171,135.796875,,,0.1095890410958873,138.39999389648438
2020-03-14,57.056408837230755,貪婪,0.94,99.34246575342466,3.9570420938103847,71.71717171717171,135.796875,,,0.1095890410958873,138.39999389648438
2020-03-15,57.01987915686545,貪婪,0.94,99.23287671232876,3.909910788840133,71.71717171717171,135.796875,,,0.1095890410958873,138.39999389648438
2020-03-16,63.433075042664086,貪婪,0.73,99.7808219178082,5.581933779240559,90.02525252525253,138.0625,,,0.493150684931507,124.52999877929688
2020-03-17,57.93628061436281,貪婪,1.02,99.34246575342466,4.006818490185996,73.86363636363636,136.0625,,,0.6027397260274086,109.8499984741211
2020-03-18,52.16708177667082,中性,1.18,95.72602739726028,2.6852920274184138,60.22727272727273,134.375,,,0.5479452054794507,124.13999938964844
2020-03-19,55.477722429777224,中性,1.12,98.52054794520548,3.3627013901686653,67.8030303030303,135.3125,,,0.1095890410958873,141.1300048828125
2020-03-20,59.041672432083395,貪婪,0.92,99.3972602739726,4.222937827009021,77.3989898989899,136.5,,,0.3287671232876761,133.3699951171875
2020-03-21,59.02340759190074,貪婪,0.92,99.34246575342466,4.176107228886937,77.3989898989899,136.5,,,0.3287671232876761,133.3699951171875
2020-03-22,58.98687791153545,貪婪,0.92,99.23287671232876,4.130510239500176,77.3989898989899,136.5,,,0.3287671232876761,133.3699951171875
2020-03-23,63.72053872053872,貪婪,0.76,99.67123287671232,5.373387531034231,91.16161616161617,138.203125,,,0.3287671232876761,135.3800048828125
2020-03-24,61.687855535274416,貪婪,0.84,99.3972602739726,4.752628044220694,84.73479948253558,137.453125,,,0.9315068493150704,111.08999633789062
2020-03-25,62.92024786309639,貪婪,0.88,99.28767123287672,4.619143470337194,83.82923673997412,137.34375,,,5.643835616438352,87.13999938964844
2020-03-26,63.59647226307985,貪婪,0.83,99.45205479452056,4.863775828727176,87.06338939197931,137.734375,,,4.2739726027397325,88.4800033569336
2020-03-27,65.13568082605279,貪婪,0.72,99.61643835616438,5.211769450563655,91.46183699870632,138.265625,,,4.328767123287662,88.33000183105469
2020-03-28,65.09915114568749,貪婪,0.72,99.5068493150685,5.155357563865634,91.46183699870632,138.265625,,,4.328767123287662,88.33000183105469
2020-03-29,65.0626214653222,貪婪,0.72,99.3972602739726,5.099405580850895,91.46183699870632,138.265625,,,4.328767123287662,88.33000183105469
2020-03-30,66.14012889353582,貪婪,0.7,99.67123287671232,5.4683530840679575,96.1190168175938,138.828125,,,2.630136986301366,90.6999969482422
2020-03-31,67.87075203648241,貪婪,0.7,99.56164383561644,5.301920870280757,94.95472186287192,138.6875,,,9.0958904109589,83.87000274658203
2020-04-01,69.0553675119767,貪婪,0.62,99.61643835616438,5.465770992134712,97.41267787839584,138.984375,,,10.13698630136986,83.12999725341797
2020-04-02,75.5180964870309,貪婪,0.63,99.5068493150685,5.333284037972597,96.63648124191462,138.890625,,,30.41095890410959,71.98999786376953
2020-04-03,82.01626823087419,極度貪婪,0.62,99.56164383561644,5.459897526849926,98.70633893919792,139.140625,,,47.78082191780821,65.01000213623047
2020-04-04,81.9797385505089,極度貪婪,0.62,99.5068493150685,5.3969886168885175,98.70633893919792,139.140625,,,47.726027397260275,65.01000213623047
2020-04-05,81.90216969588444,極度貪婪,0.62,99.34246575342466,5.331563179539402,98.69281045751634,139.140625,,,47.67123287671233,65.01000213623047
2020-04-06,78.72181932133584,極度貪婪,0.67,98.73972602739724,4.722118711234621,92.54901960784314,138.40625,,,44.87671232876712,66.27999877929688
2020-04-07,72.24260994953137,貪婪,0.75,98.57534246575342,4.290146389051166,88.28947368421053,137.90625,,,29.86301369863014,72.20999908447266
2020-04-08,69.01578458681523,貪婪,0.77,98.46575342465754,4.189105943621195,87.04735376044567,137.84375,,,21.534246575342465,75.70999908447266
2020-04-09,71.35526131695093,貪婪,0.73,98.57534246575342,4.437163010736443,90.6685236768802,138.25,,,24.82191780821917,74.38999938964844
2020-04-10,71.31873163658564,貪婪,0.73,98.52054794520548,4.378222889974411,90.6685236768802,138.25,,,24.76712328767124,74.38999938964844
2020-04-11,71.28220195622035,貪婪,0.73,98.46575342465754,4.319349258540331,90.6685236768802,138.25,,,24.712328767123296,74.38999938964844
2020-04-12,71.22740743567239,貪婪,0.73,98.35616438356163,4.261131714049235,90.6685236768802,138.25,,,24.657534246575334,74.38999938964844
2020-04-13,69.36513145342848,貪婪,0.76,98.02739726027396,4.074118390816507,89.13649025069638,138.078125,,,20.93150684931507,75.8499984741211
2020-04-14,74.93364368298546,貪婪,0.76,98.02739726027396,4.124095770626605,90.3899721448468,138.21875,,,36.38356164383561,69.5199966430664
2020-04-15,77.07988959692703,極度貪婪,0.63,98.7945205479452,4.762666566287726,98.74651810584956,139.15625,,,33.698630136986296,70.5
2020-04-16,77.58598847636127,極度貪婪,0.61,98.73972602739724,4.75750242878465,99.44289693593316,139.234375,,,34.57534246575342,69.93000030517578
2020-04-17,76.67422190000127,極度貪婪,0.65,98.46575342465754,4.4372864023099625,96.37883008356546,138.890625,,,35.17808219178082,69.83999633789062
2020-04-18,76.60116253927067,極度貪婪,0.65,98.3013698630137,4.375774393331233,96.37883008356546,138.890625,,,35.12328767123287,69.83999633789062
2020-04-19,76.54636801872273,極度貪婪,0.65,98.1917808219178,4.310809364573622,96.37883008356546,138.890625,,,35.06849315068493,69.83999633789062
2020-04-20,76.59358186744,極度貪婪,0.63,98.35616438356163,4.409032911772422,98.32869080779945,139.109375,,,33.0958904109589,70.5999984741211
2020-04-21,74.8675799086758,貪婪,0.58,98.46575342465754,4.550679362602995,100.0,139.390625,,,26.13698630136986,73.83000183105469
2020-04-22,74.78619541360781,貪婪,0.63,97.91780821917808,4.227277539941101,96.96132596685084,139.046875,,,29.47945205479452,72.29000091552734
2020-04-23,78.89502762430938,極度貪婪,0.61,97.64383561643837,4.136624629663607,96.68508287292818,139.015625,,,42.35616438356165,67.25
2020-04-24,80.15757208809505,極度貪婪,0.6,97.64383561643837,4.1390810588755995,97.51381215469614,139.109375,,,45.31506849315069,66.08999633789062
2020-04-25,80.04798304699916,極度貪婪,0.6,97.36986301369863,4.07139744402612,97.51381215469614,139.109375,,,45.26027397260274,66.08999633789062
2020-04-26,79.97492368626858,極度貪婪,0.6,97.2054794520548,4.00282979282142,97.51381215469614,139.109375,,,45.2054794520548,66.08999633789062
2020-04-27,81.21509119806251,極度貪婪,0.67,96.76712328767124,3.5999645093653316,93.50828729281768,138.65625,,,53.369863013698634,62.70000076293945
2020-04-28,84.90416004440071,極度貪婪,0.62,96.87671232876713,3.802070207860807,96.68508287292818,139.015625,,,61.15068493150685,58.88999938964844
2020-04-29,85.73407502711974,極度貪婪,0.63,96.82191780821918,3.70144431136831,96.2707182320442,138.96875,,,64.10958904109589,57.150001525878906
2020-04-30,88.9874870708141,極度貪婪,0.64,96.82191780821918,3.706976752857659,97.09944751381217,139.0625,,,73.04109589041096,53.59000015258789
2020-05-01,94.57198718433864,極度貪婪,0.64,96.43835616438356,3.5040451355893754,95.44198895027624,138.875,,,91.83561643835615,48.11000061035156
2020-05-02,94.53545750397336,極度貪婪,0.64,96.38356164383562,3.441019997355791,95.44198895027624,138.875,,,91.78082191780824,48.11000061035156
2020-05-03,94.44413330306013,極度貪婪,0.64,96.16438356164385,3.377302029209908,95.44198895027624,138.875,,,91.72602739726028,48.11000061035156
2020-05-04,93.16786498145764,極度貪婪,0.64,96.16438356164385,3.382156430430583,96.2707182320442,138.96875,,,87.06849315068493,49.25
2020-05-05,92.07845808421,極度貪婪,0.66,95.56164383561644,3.23666159563662,95.30386740331492,138.859375,,,85.36986301369863,49.650001525878906
2020-05-06,88.80148338757284,極度貪婪,0.72,94.46575342465754,2.9435803700628393,92.5414364640884,138.546875,,,79.3972602739726,51.310001373291016
2020-05-07,88.23517243119151,極度貪婪,0.63,96.32876712328768,3.43993777127602,99.17127071823204,139.296875,,,69.20547945205479,54.93000030517578
2020-05-08,84.71999798178561,極度貪婪,0.69,95.06849315068492,3.1260900542522214,96.13259668508287,138.953125,,,62.95890410958904,57.400001525878906
2020-05-09,84.64693862105501,極度貪婪,0.69,94.9041095890411,3.06757282993677,96.13259668508287,138.953125,,,62.9041095890411,57.400001525878906
2020-05-10,84.57387926032443,極度貪婪,0.69,94.73972602739728,3.008262900531055,96.13259668508287,138.953125,,,62.84931506849315,57.400001525878906
2020-05-11,80.30109235853578,極度貪婪,0.73,92.93150684931508,2.7073433435176244,93.23204419889504,138.625,,,54.73972602739726,61.599998474121094
2020-05-12,81.70629935164864,極度貪婪,0.69,93.8082191780822,2.8883238817532733,96.13259668508287,138.953125,,,55.17808219178082,61.2599983215332
2020-05-13,85.33830318625597,極度貪婪,0.64,94.7945205479452,3.021978021978029,98.48066298342542,139.21875,,,62.73972602739726,57.560001373291016
2020-05-14,84.87671232876713,極度貪婪,0.63,95.013698630137,3.109151720095923,100.0,139.421875,,,59.61643835616439,59.04999923706055
2020-05-15,86.15374165062833,極度貪婪,0.64,94.4109589041096,2.9773706159841473,99.17355371900828,139.328125,,,64.87671232876713,56.529998779296875
2020-05-16,85.93456356843656,極度貪婪,0.64,93.8082191780822,2.9149977748108507,99.17355371900828,139.328125,,,64.82191780821918,56.529998779296875
2020-05-17,85.71538548624476,極度貪婪,0.64,93.2054794520548,2.8517513748938814,99.17355371900828,139.328125,,,64.76712328767124,56.529998779296875
2020-05-18,80.81771639181352,極度貪婪,0.73,89.0958904109589,2.252553431858525,92.69972451790632,138.59375,,,60.65753424657534,58.70000076293945
2020-05-19,81.03203894486585,極度貪婪,0.7,90.19178082191782,2.391021020633516,95.0413223140496,138.859375,,,57.86301369863014,60.09000015258789
2020-05-20,82.8072505880725,極度貪婪,0.68,91.23287671232876,2.492333513576755,96.96969696969695,139.078125,,,60.21917808219178,58.849998474121094
2020-05-21,84.82526384643445,極度貪婪,0.68,90.57534246575342,2.420342291085514,96.831955922865,139.0625,,,67.06849315068493,55.619998931884766
2020-05-22,88.8450381775413,極度貪婪,0.66,90.68493150684932,2.4283783423210257,97.65840220385677,139.15625,,,78.1917808219178,51.66999816894531
2020-05-23,88.49800621407097,極度貪婪,0.66,89.6986301369863,2.367439568038379,97.65840220385677,139.15625,,,78.13698630136986,51.66999816894531
2020-05-24,88.3508108959219,極度貪婪,0.66,89.31506849315069,2.3065732605125513,97.6551724137931,139.15625,,,78.08219178082192,51.66999816894531
2020-05-25,88.1316328137301,極度貪婪,0.66,88.71232876712328,2.248972229059751,97.6551724137931,139.15625,,,78.02739726027397,51.66999816894531
2020-05-26,86.58415997480711,極度貪婪,0.69,87.23287671232876,2.043298579173576,95.86206896551724,138.953125,,,76.65753424657534,52.220001220703125
2020-05-27,86.5967564163124,極度貪婪,0.68,87.89041095890411,2.1134642979034224,97.3793103448276,139.125,,,74.52054794520548,52.97999954223633
2020-05-28,88.11840655014957,極度貪婪,0.7,86.1917808219178,1.9354087365740529,95.86206896551724,138.953125,,,82.30136986301369,50.56999969482422
2020-05-29,88.88490001574554,極度貪婪,0.65,88.43835616438356,2.190356346479371,99.58620689655172,139.375,,,78.63013698630137,51.54999923706055
2020-05-30,88.70225161391907,極度貪婪,0.65,87.94520547945206,2.135876440321962,99.58620689655172,139.375,,,78.57534246575342,51.54999923706055
2020-05-31,88.57439773264052,極度貪婪,0.65,87.61643835616438,2.085099603928114,99.58620689655172,139.375,,,78.52054794520548,51.54999923706055
2020-06-01,84.63737994016691,極度貪婪,0.66,86.63013698630137,1.9986566421177372,99.17241379310346,139.328125,,,68.10958904109589,55.06999969482422
2020-06-02,83.34687450795151,極度貪婪,0.68,85.26027397260275,1.846965216540275,97.93103448275862,139.1875,,,66.84931506849315,55.349998474121094
2020-06-03,74.93245158242796,貪婪,0.77,78.35616438356165,1.346625573360424,92.41379310344828,138.5625,,,54.02739726027397,61.2400016784668
2020-06-04,71.06219492993229,貪婪,0.82,69.75342465753425,1.0450652994452467,89.24137931034483,138.203125,,,54.19178082191781,61.18000030517578
2020-06-05,64.21791843804125,貪婪,0.91,56.767123287671225,0.53062078429187,83.44827586206897,137.546875,,,52.43835616438355,61.970001220703125
2020-06-06,63.90741615493622,貪婪,0.91,55.89041095890411,0.4960071017330603,83.44827586206897,137.546875,,,52.38356164383562,61.970001220703125
2020-06-07,63.54211935128327,貪婪,0.91,54.849315068493155,0.4609586552314085,83.44827586206897,137.546875,,,52.32876712328768,61.970001220703125
2020-06-08,64.64178869469374,貪婪,0.88,57.75342465753425,0.5576930798967756,85.10344827586206,137.734375,,,51.06849315068493,62.77000045776367
2020-06-09,68.03841914659108,貪婪,0.84,64.87671232876713,0.8208886468518637,88.82758620689654,138.15625,,,50.410958904109584,62.939998626708984
2020-06-10,76.43646669815777,極度貪婪,0.75,76.98630136986301,1.2962454742642893,95.17241379310344,138.875,,,57.15068493150685,60.02000045776367
2020-06-11,82.52054794520548,極度貪婪,0.66,83.34246575342465,1.645650254210952,100.0,139.421875,,,64.21917808219177,56.470001220703125
2020-06-12,80.5781766650921,極度貪婪,0.71,78.7945205479452,1.370338421851824,97.24137931034484,139.109375,,,65.69863013698631,55.810001373291016
2020-06-13,80.1580853408912,極度貪婪,0.71,77.58904109589041,1.3228994532683238,97.24137931034484,139.109375,,,65.64383561643837,55.810001373291016
2020-06-14,79.70146433632499,極度貪婪,0.71,76.27397260273973,1.2771638480908618,97.24137931034484,139.109375,,,65.58904109589041,55.810001373291016
2020-06-15,77.50968351440717,極度貪婪,0.71,74.63013698630137,1.2293516227623436,97.24137931034484,139.109375,,,60.65753424657534,58.09000015258789
2020-06-16,72.37096520233034,貪婪,0.75,67.17808219178082,0.9542867897286972,94.48275862068964,138.796875,,,55.45205479452055,60.4900016784668
2020-06-17,75.21461187214612,貪婪,0.74,69.04109589041096,1.0310758594116347,96.0,138.96875,,,60.6027397260274,58.15999984741211
2020-06-18,79.50244056054164,極度貪婪,0.71,72.43835616438356,1.1531160019256388,98.06896551724138,139.203125,,,68.0,55.150001525878906
2020-06-19,80.07683829318216,極度貪婪,0.7,70.02739726027397,1.0710397992469969,97.6551724137931,139.15625,,,72.54794520547945,53.45000076293945
2020-06-20,79.63848212879861,極度貪婪,0.7,68.76712328767123,1.0230712828591444,97.6551724137931,139.15625,,,72.4931506849315,53.45000076293945
2020-06-21,79.16359628404975,極度貪婪,0.7,67.3972602739726,0.97514827677848,97.6551724137931,139.15625,,,72.43835616438356,53.45000076293945
2020-06-22,74.26861911509998,貪婪,0.71,58.136986301369866,0.6025500032185525,93.65517241379312,138.703125,,,71.01369863013699,53.93000030517578
2020-06-23,74.07778302629508,貪婪,0.72,57.69863013698631,0.5917695995360067,94.06896551724138,138.75,,,70.46575342465754,54.040000915527344
2020-06-24,74.42733427806644,貪婪,0.69,59.726027397260275,0.6389805298447648,95.17241379310344,138.875,,,68.38356164383562,54.88999938964844
2020-06-25,77.60604629192254,極度貪婪,0.68,58.95890410958904,0.6205196138707426,95.44827586206895,138.90625,,,78.41095890410959,51.56999969482422
2020-06-26,80.55298378208157,極度貪婪,0.64,63.50684931506849,0.8038969361045901,98.20689655172414,139.21875,,,79.94520547945206,51.209999084472656
2020-06-27,80.1876869784286,極度貪婪,0.64,62.465753424657535,0.7609430229097189,98.20689655172414,139.21875,,,79.89041095890411,51.209999084472656
2020-06-28,79.87718469532358,極度貪婪,0.64,61.58904109589041,0.7226710341041751,98.20689655172414,139.21875,,,79.83561643835617,51.209999084472656
2020-06-29,78.62824752007559,極度貪婪,0.64,62.630136986301366,0.7656243784782663,99.17241379310346,139.328125,,,74.08219178082192,52.959999084472656
2020-06-30,75.30089749645725,貪婪,0.66,58.57534246575342,0.6186004898195284,97.79310344827586,139.171875,,,69.53424657534246,54.130001068115234
2020-07-01,73.85356636750119,貪婪,0.69,52.93150684931507,0.4284102294461078,95.86206896551724,138.953125,,,72.76712328767124,53.279998779296875
2020-07-02,77.60982522437412,極度貪婪,0.68,54.7945205479452,0.5053492961690123,97.10344827586206,139.09375,,,80.93150684931507,50.959999084472656
2020-07-03,77.40891198236498,極度貪婪,0.68,54.24657534246575,0.4806637367519568,97.10344827586206,139.09375,,,80.87671232876713,50.959999084472656
2020-07-04,77.09840969925996,極度貪婪,0.68,53.36986301369863,0.4559903006141497,97.10344827586206,139.09375,,,80.82191780821918,50.959999084472656
2020-07-05,76.91576129743348,極度貪婪,0.68,52.87671232876713,0.4337764363541876,97.10344827586206,139.09375,,,80.76712328767124,50.959999084472656
2020-07-06,74.45693591560385,貪婪,0.69,50.465753424657535,0.3375040044759897,96.13793103448276,138.984375,,,76.76712328767124,52.029998779296875
2020-07-07,77.62116202172886,極度貪婪,0.65,54.13698630136986,0.4782897419887984,98.06896551724138,139.203125,,,80.65753424657535,50.97999954223633
2020-07-08,78.65281058101087,極度貪婪,0.67,53.26027397260275,0.4529630241078052,97.93103448275862,139.1875,,,84.76712328767124,49.79999923706055
2020-07-09,81.49771689497716,極度貪婪,0.62,60.38356164383561,0.6700512010045456,100.0,139.5,,,84.10958904109589,50.06999969482422
2020-07-10,79.48858447488584,極度貪婪,0.65,53.31506849315068,0.4602907868780654,97.53424657534246,139.21875,,,87.61643835616438,49.189998626708984
2020-07-11,79.41552511415524,極度貪婪,0.65,53.15068493150685,0.4534951051751494,97.53424657534246,139.21875,,,87.56164383561644,49.189998626708984
2020-07-12,79.3972602739726,極度貪婪,0.65,53.15068493150685,0.4539481220185044,97.53424657534246,139.21875,,,87.5068493150685,49.189998626708984
2020-07-13,78.57534246575342,極度貪婪,0.64,52.657534246575345,0.444254453366804,97.53424657534246,139.21875,,,85.53424657534246,49.54999923706055
2020-07-14,79.05936073059361,極度貪婪,0.63,56.93150684931507,0.5775629638313005,99.31506849315068,139.421875,,,80.93150684931507,50.810001373291016
2020-07-15,82.77625570776256,極度貪婪,0.64,54.68493150684931,0.5069753058035777,98.63013698630137,139.34375,,,95.013698630137,47.08000183105469
2020-07-16,84.48401826484017,極度貪婪,0.62,57.0958904109589,0.5870035326579256,99.86301369863013,139.484375,,,96.4931506849315,46.43000030517578
2020-07-17,83.7351598173516,極度貪婪,0.64,53.75342465753425,0.4762115049599452,98.76712328767124,139.359375,,,98.68493150684932,45.68000030517578
2020-07-18,83.44292237442922,極度貪婪,0.64,52.93150684931507,0.4555697820996072,98.76712328767124,139.359375,,,98.63013698630137,45.68000030517578
2020-07-19,83.27853881278538,極度貪婪,0.64,52.493150684931514,0.4480575762544761,98.76712328767124,139.359375,,,98.57534246575342,45.68000030517578
2020-07-20,82.38356164383562,極度貪婪,0.62,52.657534246575345,0.4513045945690303,99.04109589041096,139.390625,,,95.45205479452056,46.81999969482422
2020-07-21,83.67123287671234,極度貪婪,0.61,54.73972602739726,0.5115971629366308,100.0,139.515625,,,96.27397260273972,46.45000076293945
2020-07-22,84.62100456621005,極度貪婪,0.6,55.013698630136986,0.5207451769849454,100.0,139.5625,,,98.84931506849315,45.31999969482422
2020-07-23,85.27853881278538,極度貪婪,0.59,56.00000000000001,0.5476561684231805,100.0,139.625,,,99.83561643835615,43.93000030517578
2020-07-24,84.57682741210974,極度貪婪,0.59,54.19178082191781,0.4960791566654286,99.59349593495936,139.578125,,,99.94520547945206,42.47999954223633
2020-07-25,84.3759141701006,極度貪婪,0.59,53.64383561643835,0.4782643906740743,99.59349593495936,139.578125,,,99.89041095890413,42.47999954223633
2020-07-26,84.22979544863942,極度貪婪,0.59,53.26027397260275,0.4703085663281821,99.59349593495936,139.578125,,,99.83561643835615,42.47999954223633
2020-07-27,82.9090594102288,極度貪婪,0.62,50.35616438356164,0.379927793027066,98.6449864498645,139.46875,,,99.72602739726028,42.61000061035156
2020-07-28,85.13242009132419,極度貪婪,0.59,55.45205479452054,0.5349570649054751,100.0,139.703125,,,99.94520547945206,41.27000045776367
2020-07-29,85.40639269406392,極度貪婪,0.58,56.32876712328767,0.5570211376614812,100.0,139.75,,,99.89041095890413,41.630001068115234
2020-07-30,87.28767123287672,極度貪婪,0.55,61.917808219178085,0.7380033977295021,100.0,140.015625,,,99.94520547945206,40.65999984741211
2020-07-31,87.56164383561645,極度貪婪,0.55,62.90410958904109,0.7724577014212608,100.0,140.078125,,,99.78082191780824,41.97999954223633
2020-08-01,87.3607305936073,極度貪婪,0.55,62.35616438356164,0.761946893901991,100.0,140.078125,,,99.72602739726028,41.97999954223633
2020-08-02,87.26940639269407,極度貪婪,0.55,62.136986301369866,0.7546993385366894,100.0,140.078125,,,99.67123287671232,41.97999954223633
2020-08-03,85.89197073339169,極度貪婪,0.56,59.506849315068486,0.6463120476197826,98.82659713168188,139.9375,,,99.34246575342466,43.130001068115234
2020-08-04,88.47488584474884,極度貪婪,0.52,66.3013698630137,0.9194559136711145,100.0,140.328125,,,99.12328767123287,44.11000061035156
2020-08-05,86.40561707984163,極度貪婪,0.55,61.47945205479453,0.7327818293118165,97.9565772669221,140.078125,,,99.78082191780824,41.75
2020-08-06,86.96550557800755,極度貪婪,0.55,62.95890410958904,0.7830743758864855,98.59514687100896,140.15625,,,99.34246575342466,42.599998474121094
2020-08-07,85.15180461519621,極度貪婪,0.57,58.68493150684932,0.6323083975229045,96.93486590038314,139.953125,,,99.83561643835615,41.459999084472656
2020-08-08,85.04221557410033,極度貪婪,0.57,58.41095890410959,0.6276052854377191,96.93486590038314,139.953125,,,99.78082191780824,41.459999084472656
2020-08-09,84.8778320124565,極度貪婪,0.57,57.97260273972603,0.618652498649732,96.93486590038314,139.953125,,,99.72602739726028,41.459999084472656
2020-08-10,83.6969389480805,極度貪婪,0.59,55.397260273972606,0.5510990980952835,96.29629629629628,139.875,,,99.3972602739726,42.209999084472656
2020-08-11,77.66531954722791,極度貪婪,0.64,43.945205479452056,0.0937143124127789,91.18773946360152,139.25,,,97.86301369863014,45.2599983215332
2020-08-12,77.36718043819288,極度貪婪,0.69,42.73972602739726,0.0433955635897697,90.67688378033203,139.1875,,,98.68493150684932,44.22999954223633
2020-08-13,75.32825976661593,貪婪,0.71,39.178082191780824,-0.1179627747935293,88.88888888888889,138.96875,,,97.91780821917808,45.08000183105469
2020-08-14,76.75853904605283,極度貪婪,0.71,41.0958904109589,-0.010690680870591,90.16602809706258,139.125,,,99.013698630137,43.09000015258789
2020-08-15,76.72200936568753,極度貪婪,0.71,41.04109589041096,-0.0157207986165656,90.16602809706258,139.125,,,98.95890410958904,43.09000015258789
2020-08-16,76.63068516477428,極度貪婪,0.71,40.821917808219176,-0.0217383102685635,90.16602809706258,139.125,,,98.9041095890411,43.09000015258789
2020-08-17,77.80511672119293,極度貪婪,0.69,44.93150684931507,0.1178464636629499,91.82630906768838,139.328125,,,96.65753424657534,45.810001373291016
2020-08-18,78.01193162931472,極度貪婪,0.67,45.91780821917808,0.1614079588405237,92.33716475095784,139.390625,,,95.78082191780824,46.060001373291016
2020-08-19,78.68168908949887,極度貪婪,0.68,45.58904109589041,0.1493707655453839,92.20945083014048,139.375,,,98.24657534246576,44.599998474121094
2020-08-20,79.99619774080489,極度貪婪,0.65,48.0,0.2802277748836776,93.74201787994892,139.5625,,,98.24657534246576,44.58000183105469
2020-08-21,79.75875481843046,極度貪婪,0.64,47.94520547945205,0.2763549881761018,93.74201787994892,139.5625,,,97.5890410958904,45.13999938964844
2020-08-22,79.74048997824781,極度貪婪,0.64,47.94520547945205,0.2724825005882627,93.74201787994892,139.5625,,,97.53424657534246,45.13999938964844
2020-08-23,79.72222513806516,極度貪婪,0.64,47.94520547945205,0.2698709917871305,93.74201787994892,139.5625,,,97.47945205479452,45.13999938964844
2020-08-24,78.46209112592358,極度貪婪,0.65,47.28767123287671,0.2354730970639568,93.3588761174968,139.515625,,,94.73972602739724,46.33000183105469
2020-08-25,75.27852714941362,貪婪,0.69,43.890410958904106,0.0880091960629372,91.698595146871,139.3125,,,90.24657534246576,47.88999938964844
2020-08-26,75.13240842795244,貪婪,0.69,43.83561643835616,0.0863014227611258,91.698595146871,139.3125,,,89.86301369863014,47.9900016784668
2020-08-27,70.63419583967529,貪婪,0.74,38.57534246575342,-0.1598520021912272,88.88888888888889,138.96875,,,84.43835616438356,49.290000915527344
2020-08-28,74.43244283489913,貪婪,0.74,42.95890410958904,0.0413995378698018,91.18773946360152,139.25,,,89.15068493150685,48.189998626708984
2020-08-29,74.4141779947165,貪婪,0.74,42.95890410958904,0.0405909758717179,91.18773946360152,139.25,,,89.0958904109589,48.189998626708984
2020-08-30,74.37764831435119,貪婪,0.74,42.9041095890411,0.0371771915235991,91.18773946360152,139.25,,,89.04109589041096,48.189998626708984
2020-08-31,77.07726929951131,極度貪婪,0.72,45.91780821917808,0.1471788622777519,92.32769830949285,139.40625,,,92.986301369863,47.02000045776367
2020-09-01,80.18421599539222,極度貪婪,0.68,48.38356164383561,0.2671395860458769,93.75812743823148,139.578125,,,98.4109589041096,44.29999923706055
2020-09-02,80.88721759632315,極度貪婪,0.66,49.97260273972603,0.3532398124794013,94.77124183006536,139.703125,,,97.91780821917808,44.86000061035156
2020-09-03,82.53387504644111,極度貪婪,0.63,54.57534246575343,0.5043285884366229,96.58792650918636,139.921875,,,96.43835616438356,45.7599983215332
2020-09-04,74.85952612087873,貪婪,0.72,41.26027397260274,-0.0138268004693926,90.5511811023622,139.203125,,,92.76712328767124,47.040000915527344
2020-09-05,74.82299644051342,貪婪,0.72,41.2054794520548,-0.0157119770156181,90.5511811023622,139.203125,,,92.71232876712328,47.040000915527344
2020-09-06,74.74993707978284,貪婪,0.72,41.04109589041096,-0.0170584881690455,90.5511811023622,139.203125,,,92.65753424657534,47.040000915527344
2020-09-07,74.71340739941753,貪婪,0.72,40.986301369863014,-0.0190333055913916,90.5511811023622,139.203125,,,92.6027397260274,47.040000915527344
2020-09-08,73.29030788959598,貪婪,0.69,47.83561643835617,0.2332341624308023,93.56955380577428,139.5625,,,78.46575342465754,50.68000030517578
2020-09-09,75.26918692198426,貪婪,0.71,46.73972602739726,0.1649141360231893,92.65687583444593,139.46875,,,86.41095890410959,48.81999969482422
2020-09-10,79.74589658151302,極度貪婪,0.68,48.273972602739725,0.2509977970365068,93.64864864864865,139.59375,,,97.31506849315068,45.209999084472656
2020-09-11,81.5564605701592,極度貪婪,0.67,50.68493150684932,0.3697466620466958,95.13513513513514,139.765625,,,98.84931506849315,43.119998931884766
2020-09-12,81.4834012094286,極度貪婪,0.67,50.52054794520547,0.36506178313876,95.13513513513514,139.765625,,,98.7945205479452,43.119998931884766
2020-09-13,81.42860668888066,極度貪婪,0.67,50.41095890410959,0.3584856717926271,95.13513513513514,139.765625,,,98.73972602739724,43.119998931884766
2020-09-14,81.04627915586819,極度貪婪,0.68,49.917808219178085,0.3315439771455409,94.86486486486486,139.734375,,,98.35616438356163,44.209999084472656
2020-09-15,80.75650993459213,極度貪婪,0.68,48.93150684931507,0.2840577628992706,94.32432432432432,139.671875,,,99.013698630137,43.060001373291016
2020-09-16,80.55343463832124,極度貪婪,0.69,48.32876712328767,0.260360573816402,93.98907103825135,139.640625,,,99.34246575342466,42.43000030517578
2020-09-17,80.74885844748859,極度貪婪,0.69,48.32876712328767,0.2585609615129258,93.97260273972604,139.640625,,,99.94520547945206,38.45000076293945
2020-09-18,80.47488584474887,極度貪婪,0.7,47.78082191780822,0.234504990747244,93.69863013698632,139.609375,,,99.94520547945206,37.2400016784668
2020-09-19,80.43835616438356,極度貪婪,0.7,47.726027397260275,0.2328858096708212,93.69863013698632,139.609375,,,99.89041095890413,37.2400016784668
2020-09-20,80.42009132420092,極度貪婪,0.7,47.726027397260275,0.2270392024014082,93.69863013698632,139.609375,,,99.83561643835615,37.2400016784668
2020-09-21,81.64388621156353,極度貪婪,0.68,50.19178082191781,0.3339904863859824,95.01385041551248,139.765625,,,99.72602739726028,38.630001068115234
2020-09-22,80.40645593797036,極度貪婪,0.68,47.78082191780822,0.2298916583964202,93.76731301939058,139.625,,,99.67123287671232,39.349998474121094
2020-09-23,79.41610695809459,極度貪婪,0.68,45.91780821917808,0.1376443965091896,92.65927977839335,139.5,,,99.67123287671232,38.630001068115234
2020-09-24,80.17662758193248,極度貪婪,0.67,47.23287671232877,0.1912977470473176,93.35180055401662,139.578125,,,99.94520547945206,37.220001220703125
2020-09-25,80.63527239150507,極度貪婪,0.66,48.054794520547944,0.2333731709680646,93.90581717451524,139.640625,,,99.94520547945206,36.970001220703125
2020-09-26,80.58047787095713,極度貪婪,0.66,47.94520547945205,0.2305853008599787,93.90581717451524,139.640625,,,99.89041095890413,36.970001220703125
2020-09-27,80.54394819059183,極度貪婪,0.66,47.89041095890411,0.2277975858300739,93.90581717451524,139.640625,,,99.83561643835615,36.970001220703125
2020-09-28,80.23704586063133,極度貪婪,0.67,47.67123287671232,0.2127165182316353,93.47826086956522,139.625,,,99.56164383561644,37.400001525878906
2020-09-29,81.6881741777513,極度貪婪,0.66,50.19178082191781,0.3210812876624538,94.92753623188406,139.78125,,,99.94520547945206,36.619998931884766
2020-09-30,79.23490613901573,極度貪婪,0.69,45.97260273972603,0.1383321910311863,92.44444444444444,139.53125,,,99.28767123287672,39.209999084472656
2020-10-01,79.23446742935867,極度貪婪,0.68,46.19178082191781,0.1485576185567797,92.2239502332815,139.546875,,,99.28767123287672,38.650001525878906
2020-10-02,78.06793213887528,極度貪婪,0.7,43.945205479452056,0.0697034151085107,91.1353032659409,139.4375,,,99.12328767123287,39.970001220703125
2020-10-03,78.04966729869263,極度貪婪,0.7,43.945205479452056,0.0693443327379628,91.1353032659409,139.4375,,,99.06849315068492,39.970001220703125
2020-10-04,77.95115759989496,極度貪婪,0.7,43.945205479452056,0.0687159447904232,90.89456869009584,139.4375,,,99.013698630137,39.970001220703125
2020-10-05,73.05241659007687,貪婪,0.78,34.41095890410959,-0.2998070362253467,85.62300319488818,138.921875,,,99.12328767123287,39.810001373291016
2020-10-06,59.871095744525654,貪婪,0.76,37.589041095890416,-0.212873223365285,86.90095846645367,139.046875,,,55.12328767123288,57.75
2020-10-07,57.383021868207216,貪婪,0.81,31.726027397260275,-0.4512994032011623,83.54632587859425,138.71875,,,56.87671232876712,56.97999954223633
2020-10-08,58.64145768596729,貪婪,0.78,34.35616438356164,-0.3134000496919292,85.62300319488818,138.921875,,,55.945205479452056,57.310001373291016
2020-10-09,57.73749398223117,貪婪,0.79,33.04109589041096,-0.3879991138624049,84.66453674121406,138.828125,,,55.50684931506849,57.52000045776367
2020-10-10,57.66443462150058,貪婪,0.79,32.87671232876712,-0.39532462267932,84.66453674121406,138.828125,,,55.45205479452055,57.52000045776367
2020-10-11,57.554845580404695,貪婪,0.79,32.602739726027394,-0.4015772534017095,84.66453674121406,138.828125,,,55.397260273972606,57.52000045776367
2020-10-12,58.259442426364394,貪婪,0.79,33.97260273972603,-0.3498180963833657,85.4632587859425,138.90625,,,55.342465753424655,57.52000045776367
2020-10-13,62.741476651056935,貪婪,0.74,39.34246575342466,-0.1387229951971557,88.49840255591054,139.203125,,,60.38356164383561,55.59000015258789
2020-10-14,64.94392694063926,貪婪,0.73,39.56164383561644,-0.126349695424608,88.64,139.21875,,,66.63013698630137,53.5
2020-10-15,62.0318672616801,貪婪,0.74,38.35616438356164,-0.1936941784138672,87.52025931928688,139.125,,,60.21917808219178,55.619998931884766
2020-10-16,60.190197079697754,貪婪,0.76,37.534246575342465,-0.2382624150680061,86.87196110210697,139.0625,,,56.16438356164384,57.25
2020-10-17,60.190197079697754,貪婪,0.76,37.589041095890416,-0.2379940349045958,86.87196110210697,139.0625,,,56.109589041095894,57.25
2020-10-18,60.190197079697754,貪婪,0.76,37.64383561643835,-0.2377256532971828,86.87196110210697,139.0625,,,56.054794520547944,57.25
2020-10-19,55.576119535534296,中性,0.78,34.24657534246575,-0.3393238094298755,85.41329011345219,138.921875,,,47.06849315068493,61.15999984741211
2020-10-20,54.21703188946367,中性,0.81,30.52054794520548,-0.4947351996427407,83.14424635332253,138.703125,,,48.986301369863014,60.41999816894531
2020-10-21,54.21028441818127,中性,0.83,29.424657534246577,-0.5808437255067329,81.69934640522875,138.578125,,,51.50684931506849,59.06999969482422
2020-10-22,51.842274858355864,中性,0.87,26.246575342465757,-0.7554824944912716,78.59531772575251,138.328125,,,50.68493150684932,59.72999954223633
2020-10-23,53.01311830912783,中性,0.85,26.684931506849313,-0.7285214861371991,78.92976588628763,138.359375,,,53.42465753424658,58.459999084472656
2020-10-24,53.01311830912783,中性,0.85,26.73972602739726,-0.7239806017685047,78.92976588628763,138.359375,,,53.369863013698634,58.459999084472656
2020-10-25,53.01311830912783,中性,0.85,26.794520547945204,-0.7220216606498154,78.92976588628763,138.359375,,,53.31506849315068,58.459999084472656
2020-10-26,54.75910156732075,中性,0.81,30.52054794520548,-0.519589781490647,81.75675675675676,138.640625,,,52.0,58.95000076293945
2020-10-27,57.31756756756757,貪婪,0.79,33.97260273972603,-0.3736604371988509,83.9527027027027,138.84375,,,54.02739726027397,57.880001068115234
2020-10-28,57.32742695267672,貪婪,0.79,32.87671232876712,-0.4066699614049312,82.77680140597539,138.796875,,,56.32876712328767,57.130001068115234
2020-10-29,50.29843805287368,中性,0.85,27.56164383561644,-0.6823296620104615,77.30627306273063,138.40625,,,46.02739726027397,61.29999923706055
2020-10-30,48.099243458188006,中性,0.88,24.493150684931507,-0.8111819862521467,75.09225092250922,138.21875,,,44.71232876712329,61.90999984741211
2020-10-31,48.1723028189186,中性,0.88,24.767123287671232,-0.8054872529556549,75.09225092250922,138.21875,,,44.657534246575345,61.90999984741211
2020-11-01,47.34644607501232,中性,0.88,24.93150684931507,-0.7991688930595665,72.50509164969449,138.21875,,,44.602739726027394,61.90999984741211
2020-11-02,46.61840945334245,中性,0.87,26.794520547945204,-0.73811100285125,71.8004338394794,138.296875,,,41.26027397260273,63.560001373291016
2020-11-03,43.44231082844096,恐懼,0.9,23.123287671232877,-0.8790118317127967,68.08035714285714,138.09375,,,39.12328767123287,64.37000274658203
2020-11-04,69.07953074684973,貪婪,0.78,38.082191780821915,-0.239112100059214,80.49886621315193,138.984375,,,88.65753424657534,47.7400016784668
2020-11-05,69.39776363570992,貪婪,0.79,35.178082191780824,-0.3163676755858605,75.59055118110236,138.875,,,97.42465753424658,43.7599983215332
2020-11-06,66.46460288354366,貪婪,0.83,30.246575342465754,-0.5487706944246283,70.07874015748031,138.546875,,,99.06849315068492,39.880001068115234
2020-11-07,66.44633804336102,貪婪,0.83,30.246575342465754,-0.5456473831178534,70.07874015748031,138.546875,,,99.013698630137,39.880001068115234
2020-11-08,66.42807320317837,貪婪,0.83,30.246575342465754,-0.5431485928207215,70.07874015748031,138.546875,,,98.95890410958904,39.880001068115234
2020-11-09,54.68411654022699,中性,0.96,14.027397260273972,-1.229355196513767,53.805774278215225,137.578125,,,96.21917808219176,44.939998626708984
2020-11-10,52.39899807044668,中性,0.98,12.767123287671234,-1.3203950415181305,51.44356955380578,137.4375,,,92.986301369863,46.189998626708984
2020-11-11,54.05544169992449,中性,0.98,14.904109589041097,-1.186258573132706,54.330708661417326,137.609375,,,92.93150684931508,46.189998626708984
2020-11-12,61.9577415836719,貪婪,0.88,25.315068493150683,-0.78750618254739,63.51706036745407,138.15625,,,97.04109589041096,44.16999816894531
2020-11-13,61.54915567060967,貪婪,0.89,24.16438356164383,-0.8148466002125763,62.72965879265092,138.109375,,,97.75342465753424,42.95000076293945
2020-11-14,61.603950191157615,貪婪,0.89,24.383561643835616,-0.8085244294498322,62.72965879265092,138.109375,,,97.6986301369863,42.95000076293945
2020-11-15,61.65874471170556,貪婪,0.89,24.6027397260274,-0.8022014526714561,62.72965879265092,138.109375,,,97.64383561643837,42.95000076293945
2020-11-16,60.837737748534856,貪婪,0.91,23.17808219178082,-0.8503925130261532,61.417322834645674,138.03125,,,97.91780821917808,42.4900016784668
2020-11-17,63.713179688155414,貪婪,0.87,27.78082191780822,-0.6536141386822115,65.87926509186352,138.296875,,,97.47945205479452,43.08000183105469
2020-11-18,62.5710758757895,貪婪,0.88,26.630136986301373,-0.7247853976082274,64.04199475065617,138.1875,,,97.04109589041096,43.619998931884766
2020-11-19,64.42843274727646,貪婪,0.86,29.315068493150687,-0.5955957169555344,66.92913385826772,138.359375,,,97.04109589041096,43.529998779296875
2020-11-20,66.12907633121203,貪婪,0.83,30.95890410958904,-0.4896484087324822,69.29133858267717,138.5,,,98.13698630136986,42.310001373291016
2020-11-21,66.14734117139467,貪婪,0.83,31.068493150684933,-0.484732759294298,69.29133858267717,138.5,,,98.08219178082192,42.310001373291016
2020-11-22,66.14734117139467,貪婪,0.83,31.123287671232873,-0.4796378464799539,69.29133858267717,138.5,,,98.02739726027396,42.310001373291016
2020-11-23,64.14770071549276,貪婪,0.86,28.93150684931507,-0.6074934674016761,66.14173228346458,138.3125,,,97.36986301369863,43.040000915527344
2020-11-24,63.57856637783291,貪婪,0.88,27.671232876712327,-0.6449097584485591,65.09186351706036,138.25,,,97.97260273972604,42.380001068115234
2020-11-25,62.0919216489566,貪婪,0.88,28.27397260273973,-0.6259141203063266,58.87850467289719,138.265625,,,99.12328767123287,39.619998931884766
2020-11-26,57.949492125617375,貪婪,0.88,28.657534246575345,-0.6184142432040056,46.12244897959184,138.265625,,,99.06849315068492,39.619998931884766
2020-11-27,61.75006989097009,貪婪,0.84,32.76712328767123,-0.4103538189770902,53.46938775510204,138.546875,,,99.013698630137,39.63999938964844
2020-11-28,61.80486441151803,貪婪,0.84,32.986301369863014,-0.4044475754711196,53.46938775510204,138.546875,,,98.95890410958904,39.63999938964844
2020-11-29,57.49283989576609,貪婪,0.84,33.26027397260274,-0.399167158661308,40.31413612565445,138.546875,,,98.9041095890411,39.63999938964844
2020-11-30,57.08087690358363,貪婪,0.84,33.04109589041096,-0.4036874675351485,39.79057591623037,138.53125,,,98.4109589041096,40.84000015258789
2020-12-01,45.80382031604867,中性,0.92,22.52054794520548,-0.8870953245492523,16.75392670157068,137.84375,,,98.13698630136986,41.529998779296875
2020-12-02,44.31938788103171,恐懼,0.95,22.73972602739726,-0.8747115681076796,14.054054054054054,137.84375,,,96.16438356164385,43.91999816894531
2020-12-03,48.84857460199927,中性,0.92,27.178082191780824,-0.6947434852065905,22.162162162162165,138.078125,,,97.2054794520548,42.529998779296875
2020-12-04,43.94076268048871,恐懼,0.97,22.73972602739726,-0.8728583142721579,12.972972972972974,137.8125,,,96.10958904109587,43.88999938964844
2020-12-05,44.0138220412193,恐懼,0.97,23.013698630136982,-0.8599332951460574,12.972972972972974,137.8125,,,96.05479452054794,43.88999938964844
2020-12-06,44.06861656176725,恐懼,0.97,23.232876712328768,-0.8478074549857957,12.972972972972974,137.8125,,,96.0,43.88999938964844
2020-12-07,44.03504874737752,恐懼,0.94,29.26027397260274,-0.5992154972130485,24.324324324324326,138.140625,,,78.52054794520548,49.66999816894531
2020-12-08,46.324077502159696,中性,0.92,30.246575342465754,-0.532353184583877,27.027027027027028,138.21875,,,81.69863013698631,49.099998474121094
2020-12-09,44.469949401456255,恐懼,0.95,27.89041095890411,-0.6439754825092825,21.08108108108108,138.046875,,,84.43835616438356,48.47999954223633
2020-12-10,50.52844625447366,中性,0.92,32.273972602739725,-0.4433935441612151,30.270270270270274,138.3125,,,89.04109589041096,47.150001525878906
2020-12-11,53.27508330248056,中性,0.9,35.561643835616444,-0.3000895319593134,36.75675675675676,138.5,,,87.5068493150685,47.52000045776367
2020-12-12,53.38467234357645,中性,0.9,35.94520547945205,-0.291745632364504,36.75675675675676,138.5,,,87.45205479452055,47.52000045776367
2020-12-13,53.512526224855,中性,0.9,36.38356164383561,-0.2838490434269233,36.75675675675676,138.5,,,87.3972602739726,47.52000045776367
2020-12-14,51.28421572257189,中性,0.9,36.43835616438356,-0.2795412858899146,36.75675675675676,138.5,,,80.65753424657535,49.220001220703125
2020-12-15,49.21584598296928,中性,0.92,32.54794520547945,-0.4206835162085541,29.72972972972973,138.296875,,,85.36986301369863,48.13999938964844
2020-12-16,51.36616068122918,中性,0.92,33.534246575342465,-0.3945066102134312,30.810810810810818,138.328125,,,89.75342465753425,46.959999084472656
2020-12-17,52.686165617672465,中性,0.94,32.602739726027394,-0.4122579222380679,29.72972972972973,138.296875,,,95.72602739726028,44.150001525878906
2020-12-18,50.892755769468096,中性,0.95,31.123287671232873,-0.4744818596880318,26.486486486486488,138.203125,,,95.06849315068492,44.63999938964844
2020-12-19,50.9292854498334,中性,0.95,31.28767123287671,-0.46919575059167,26.486486486486488,138.203125,,,95.013698630137,44.63999938964844
2020-12-20,51.00234481056399,中性,0.95,31.561643835616437,-0.4627441448011145,26.486486486486488,138.203125,,,94.95890410958904,44.63999938964844
2020-12-21,53.0341848698013,中性,0.95,35.23287671232877,-0.3107944345107867,33.513513513513516,138.40625,,,90.35616438356163,46.65999984741211
2020-12-22,48.004936443292614,中性,0.93,28.821917808219176,-0.6066919800146456,18.91891891891892,137.984375,,,96.27397260273972,43.56999969482422
2020-12-23,44.71529063309885,恐懼,0.96,25.753424657534246,-0.7539860495021194,11.351351351351353,137.765625,,,97.04109589041096,42.7400016784668
2020-12-24,46.70714550166605,中性,0.94,27.178082191780824,-0.6655319302227235,15.135135135135137,137.875,,,97.8082191780822,42.11000061035156
2020-12-25,46.72541034184869,中性,0.94,27.287671232876715,-0.6558694097535515,15.135135135135137,137.875,,,97.75342465753424,42.11000061035156
2020-12-26,46.743675182031346,中性,0.94,27.3972602739726,-0.6462050093048457,15.135135135135137,137.875,,,97.6986301369863,42.11000061035156
2020-12-27,46.85326422312723,中性,0.94,27.78082191780822,-0.636807261530586,15.135135135135137,137.875,,,97.64383561643837,42.11000061035156
2020-12-28,46.46229791435271,中性,0.94,29.0958904109589,-0.5950557667705741,16.756756756756758,137.921875,,,93.53424657534246,45.2599983215332
2020-12-29,45.78649882759472,中性,0.94,29.15068493150685,-0.5870846776845723,16.756756756756758,137.921875,,,91.45205479452056,46.099998474121094
2020-12-30,45.43206219918549,中性,0.93,29.753424657534243,-0.547562818349166,18.37837837837838,137.96875,,,88.16438356164383,47.189998626708984
2020-12-31,44.9398988029125,恐懼,0.93,31.506849315068493,-0.4619951124215097,22.162162162162165,138.078125,,,81.15068493150685,48.97999954223633
2021-01-01,44.958163643095155,恐懼,0.93,31.616438356164384,-0.4552676139092644,22.162162162162165,138.078125,,,81.0958904109589,48.97999954223633
2021-01-02,45.0129581636431,中性,0.93,31.83561643835616,-0.4485392059495287,22.162162162162165,138.078125,,,81.04109589041096,48.97999954223633
2021-01-03,45.031223003825744,中性,0.93,31.945205479452056,-0.4409125772746206,22.162162162162165,138.078125,,,80.98630136986301,48.97999954223633
2021-01-04,44.859434777242996,恐懼,0.93,33.205479452054796,-0.3987654855132013,23.783783783783782,138.125,,,77.58904109589041,49.59000015258789
2021-01-05,41.37874861162532,恐懼,0.96,28.821917808219176,-0.5909105250584882,14.054054054054054,137.84375,,,81.26027397260273,48.95000076293945
2021-01-06,37.38812785388128,恐懼,1.04,17.589041095890412,-1.0373887304565543,0.0,137.203125,,,94.57534246575342,44.63999938964844
2021-01-07,35.94520547945205,恐懼,1.08,14.136986301369864,-1.2048833755490442,0.0,136.953125,,,93.6986301369863,45.20000076293945
2021-01-08,35.41552511415525,恐懼,1.13,11.726027397260276,-1.4045511280419678,0.0,136.65625,,,94.52054794520548,44.810001373291016
2021-01-09,35.470319634703195,恐懼,1.13,11.945205479452056,-1.3900552107452195,0.0,136.65625,,,94.46575342465754,44.810001373291016
2021-01-10,35.50684931506849,恐懼,1.13,12.10958904109589,-1.3755550303203117,0.0,136.65625,,,94.4109589041096,44.810001373291016
2021-01-11,31.98173515981735,恐懼,1.15,10.465753424657532,-1.5268470455121708,0.0,136.421875,,,85.47945205479452,47.77000045776367
2021-01-12,28.639269406392696,恐懼,1.15,10.356164383561644,-1.5319014529374524,0.0,136.390625,,,75.56164383561644,50.119998931884766
2021-01-13,38.736247010219614,恐懼,1.1,13.6986301369863,-1.245036866413528,9.523809523809524,136.765625,,,92.986301369863,45.599998474121094
2021-01-14,35.73813147785751,恐懼,1.15,12.32876712328767,-1.3734592142014943,4.365079365079365,136.5625,,,90.52054794520548,46.22999954223633
2021-01-15,40.42487497282018,恐懼,1.11,15.835616438356166,-1.1424541862598523,11.904761904761903,136.859375,,,93.53424657534246,45.13999938964844
2021-01-16,40.49793433355077,恐懼,1.11,16.10958904109589,-1.1258491053351265,11.904761904761903,136.859375,,,93.47945205479452,45.13999938964844
2021-01-17,40.64405305501196,恐懼,1.11,16.602739726027398,-1.1094170841018087,11.904761904761903,136.859375,,,93.42465753424658,45.13999938964844
2021-01-18,40.79017177647315,恐懼,1.11,17.095890410958905,-1.0933369949538352,11.904761904761903,136.859375,,,93.36986301369863,45.13999938964844
2021-01-19,41.87163876204972,恐懼,1.1,18.52054794520548,-1.021408468519754,13.88888888888889,136.9375,,,93.2054794520548,45.22999954223633
2021-01-20,43.67043560194245,恐懼,1.1,19.3972602739726,-0.9835230076068524,14.682539682539684,136.96875,,,96.93150684931508,42.529998779296875
2021-01-21,42.57070377618323,恐懼,1.12,18.465753424657535,-1.0244382987184386,12.698412698412698,136.890625,,,96.54794520547944,43.0099983215332
2021-01-22,44.72921649633978,恐懼,1.1,21.753424657534246,-0.9079856638600076,16.26984126984127,137.03125,,,96.16438356164385,43.09000015258789
2021-01-23,44.83880553743567,恐懼,1.1,22.136986301369863,-0.8932042345836482,16.26984126984127,137.03125,,,96.10958904109587,43.09000015258789
2021-01-24,45.02145393926216,中性,1.1,22.73972602739726,-0.8775221414976131,16.26984126984127,137.03125,,,96.05479452054794,43.09000015258789
2021-01-25,50.15981735159818,中性,1.05,29.15068493150685,-0.615928038335658,25.0,137.375,,,96.32876712328768,43.08000183105469
2021-01-26,50.12328767123287,中性,1.05,29.64383561643836,-0.6037036199606535,25.0,137.375,,,95.72602739726028,43.13999938964844
2021-01-27,51.93918967891571,中性,1.04,31.89041095890411,-0.4788592765190798,28.968253968253972,137.53125,,,94.95890410958904,44.15999984741211
2021-01-28,47.27513227513228,中性,1.07,27.671232876712327,-0.6686321853534248,21.825396825396822,137.25,,,92.32876712328768,45.529998779296875
2021-01-29,42.2086685511343,恐懼,1.11,24.21917808219178,-0.8119620999905841,16.26984126984127,137.03125,,,86.13698630136986,47.40999984741211
2021-01-30,42.46437631369138,恐懼,1.11,25.04109589041096,-0.7969724638638565,16.26984126984127,137.03125,,,86.08219178082192,47.40999984741211
2021-01-31,42.62875987533522,恐懼,1.11,25.589041095890412,-0.782068095404893,16.26984126984127,137.03125,,,86.02739726027397,47.40999984741211
2021-02-01,45.978908458360515,中性,1.09,28.10958904109589,-0.6540089162461165,20.238095238095237,137.1875,,,89.58904109589041,46.279998779296875
2021-02-02,42.91273465246068,恐懼,1.12,24.054794520547944,-0.8201463208393548,13.88888888888889,136.9375,,,90.7945205479452,45.90999984741211
2021-02-03,39.96883380445024,恐懼,1.15,21.80821917808219,-0.9062073574113364,10.317460317460316,136.796875,,,87.78082191780823,46.93000030517578
2021-02-04,39.71312604189316,恐懼,1.15,22.246575342465754,-0.8910410482026078,10.317460317460316,136.796875,,,86.57534246575342,47.25
2021-02-05,38.275784590853085,恐懼,1.19,20.493150684931507,-0.9544961314737364,7.5396825396825395,136.6875,,,86.79452054794521,47.20000076293945
2021-02-06,38.403638472131625,恐懼,1.19,20.931506849315067,-0.9387042945585662,7.5396825396825395,136.6875,,,86.73972602739727,47.20000076293945
2021-02-07,38.51322751322751,恐懼,1.19,21.315068493150687,-0.9258697186512193,7.5396825396825395,136.6875,,,86.68493150684931,47.20000076293945
2021-02-08,37.015510618250346,恐懼,1.19,21.863013698630137,-0.9123135139837312,7.5396825396825395,136.6875,,,81.64383561643835,48.45000076293945
2021-02-09,39.91019786910198,恐懼,1.18,23.068493150684933,-0.8781628362212767,8.333333333333332,136.71875,,,88.32876712328768,46.75
2021-02-10,43.54758280785678,恐懼,1.15,27.506849315068493,-0.7193794683643338,13.492063492063492,136.921875,,,89.64383561643835,46.27000045776367
2021-02-11,43.16460100021744,恐懼,1.16,26.84931506849315,-0.7533634400726552,11.904761904761903,136.859375,,,90.73972602739728,45.95000076293945
2021-02-12,37.14010292092484,恐懼,1.2,20.054794520547944,-0.9668733681462108,3.968253968253968,136.546875,,,87.3972602739726,47.0099983215332
2021-02-13,37.30448648256868,恐懼,1.2,20.6027397260274,-0.9537634623091616,3.968253968253968,136.546875,,,87.34246575342466,47.0099983215332
2021-02-14,37.39581068348192,恐懼,1.2,20.931506849315067,-0.94020093530405,3.968253968253968,136.546875,,,87.28767123287672,47.0099983215332
2021-02-15,37.59672392549104,恐懼,1.2,21.58904109589041,-0.9249274197717604,3.968253968253968,136.546875,,,87.23287671232876,47.0099983215332
2021-02-16,20.876712328767123,極度恐懼,1.3,11.178082191780822,-1.4607843404063912,0.0,135.78125,,,51.45205479452055,56.779998779296875
2021-02-17,21.49771689497717,極度恐懼,1.29,11.178082191780822,-1.4641555450910315,0.0,135.75,,,53.31506849315068,55.970001220703125
2021-02-18,22.622843517696012,極度恐懼,1.29,12.547945205479452,-1.366418254483944,2.3890784982935154,135.859375,,,52.93150684931507,56.119998931884766
2021-02-19,17.059360730593607,極度恐懼,1.34,8.767123287671232,-1.6407355534759451,0.0,135.453125,,,42.410958904109584,60.43000030517578
2021-02-20,17.15068493150685,極度恐懼,1.34,9.095890410958903,-1.620107674289815,0.0,135.453125,,,42.35616438356165,60.43000030517578
2021-02-21,17.205479452054792,極度恐懼,1.34,9.315068493150685,-1.6002753239960523,0.0,135.453125,,,42.30136986301369,60.43000030517578
2021-02-22,15.269406392694064,極度恐懼,1.37,8.21917808219178,-1.671795188514042,0.0,135.328125,,,37.58904109589041,62.41999816894531
2021-02-23,16.844178082191778,極度恐懼,1.37,9.643835616438356,-1.5856217581279517,1.875,135.421875,,,39.013698630136986,61.72999954223633
2021-02-24,15.378995433789957,極度恐懼,1.38,7.671232876712329,-1.7605419456364375,0.0,135.15625,,,38.465753424657535,61.91999816894531
2021-02-25,5.625570776255704,極度恐懼,1.54,3.0136986301369864,-2.812981958999461,0.0,133.671875,,,13.863013698630128,74.16000366210938
2021-02-26,5.520955259716598,極度恐懼,1.44,3.506849315068493,-2.696277845704917,1.8779342723004695,133.796875,,,11.178082191780833,75.66000366210938
2021-02-27,5.557484940081891,極度恐懼,1.44,3.6712328767123297,-2.6704420941983664,1.8779342723004695,133.796875,,,11.123287671232871,75.66000366210938
2021-02-28,5.57574978026454,極度恐懼,1.44,3.780821917808219,-2.64299870933472,1.8779342723004695,133.796875,,,11.06849315068493,75.66000366210938
2021-03-01,12.202328123995114,極度恐懼,1.45,5.0410958904109595,-2.2645866180954104,9.15492957746479,134.28125,,,22.41095890410959,68.7300033569336
2021-03-02,23.22575942718717,極度恐懼,1.42,6.520547945205479,-1.9792970083039472,14.553990610328638,134.640625,,,48.6027397260274,57.70000076293945
2021-03-03,13.671618753617594,極度恐懼,1.47,4.767123287671233,-2.3190381958161455,7.042253521126761,134.140625,,,29.20547945205479,65.83000183105469
2021-03-04,9.041095890410956,極度恐懼,1.54,3.397260273972603,-2.7588090685604985,0.0,133.5,,,23.726027397260268,68.12999725341797
2021-03-05,8.01826484018265,極度恐懼,1.56,3.3424657534246576,-2.765950664620503,0.0,133.453125,,,20.712328767123296,69.37000274658203
2021-03-06,8.054794520547944,極度恐懼,1.56,3.506849315068493,-2.738933578697087,0.0,133.453125,,,20.657534246575334,69.37000274658203
2021-03-07,8.091324200913242,極度恐懼,1.56,3.6712328767123297,-2.71145820044106,0.0,133.453125,,,20.60273972602739,69.37000274658203
2021-03-08,6.50228310502283,極度恐懼,1.59,2.904109589041096,-3.0242841503555535,0.0,132.984375,,,16.602739726027394,71.6500015258789
2021-03-09,11.723112795103468,極度恐懼,1.55,3.890410958904109,-2.684973775777418,5.74468085106383,133.40625,,,25.534246575342465,67.44000244140625
2021-03-10,16.2228699115904,極度恐懼,1.53,4.383561643835616,-2.4955306651099916,8.72340425531915,133.625,,,35.56164383561644,63.189998626708984
2021-03-11,16.37442922374429,極度恐懼,1.54,4.986301369863014,-2.3996146164731327,10.0,133.71875,,,34.13698630136986,63.900001525878906
2021-03-12,6.940639269406394,極度恐懼,1.64,2.958904109589041,-2.960691436446445,0.0,132.90625,,,17.86301369863014,70.83000183105469
2021-03-13,6.940639269406394,極度恐懼,1.64,3.0136986301369864,-2.928709091058481,0.0,132.90625,,,17.808219178082197,70.83000183105469
2021-03-14,6.94063926940639,極度恐懼,1.64,3.0684931506849313,-2.902203592595634,0.0,132.90625,,,17.75342465753424,70.83000183105469
2021-03-15,7.986541696707523,極度恐懼,1.62,3.7260273972602738,-2.75185864182814,2.3157894736842106,133.078125,,,17.917808219178085,70.79000091552734
2021-03-16,8.041336217255468,極度恐懼,1.62,3.9452054794520546,-2.726090742383695,2.3157894736842106,133.078125,,,17.86301369863014,70.80999755859375
2021-03-17,11.84811343427061,極度恐懼,1.63,4.438356164383562,-2.583841644533724,4.421052631578947,133.234375,,,26.684931506849324,66.75
2021-03-18,7.050228310502284,極度恐懼,1.71,2.73972602739726,-3.134351146433973,0.0,132.4375,,,18.41095890410959,70.4800033569336
2021-03-19,8.09132420091324,極度恐懼,1.74,2.63013698630137,-3.1589103862668764,0.0,132.359375,,,21.643835616438352,68.80000305175781
2021-03-20,8.14611872146119,極度恐懼,1.74,2.8493150684931505,-3.126306554064009,0.0,132.359375,,,21.589041095890423,68.80000305175781
2021-03-21,8.182648401826484,極度恐懼,1.74,3.0136986301369864,-3.094124193270879,0.0,132.359375,,,21.534246575342465,68.80000305175781
2021-03-22,11.16823350344704,極度恐懼,1.69,3.7260273972602738,-2.7765444293797885,4.901960784313726,132.75,,,24.876712328767127,67.62000274658203
2021-03-23,14.52054794520548,極度恐懼,1.63,2.52054794520548,-3.3475650409184583,0.0,131.921875,,,41.04109589041096,60.77000045776367
2021-03-24,15.366468061991815,極度恐懼,1.62,2.684931506849315,-3.1860870138805586,2.0446096654275094,132.09375,,,41.36986301369863,60.709999084472656
2021-03-25,16.776085960177216,極度恐懼,1.63,3.0136986301369864,-3.115605982843307,2.6022304832713754,132.140625,,,44.71232876712329,59.540000915527344
2021-03-26,14.009132420091325,極度恐懼,1.67,2.52054794520548,-3.3523763419269907,0.0,131.765625,,,39.50684931506849,61.4900016784668
2021-03-27,14.045662100456624,極度恐懼,1.67,2.684931506849315,-3.314169673600197,0.0,131.765625,,,39.45205479452055,61.4900016784668
2021-03-28,14.04566210045662,極度恐懼,1.67,2.73972602739726,-3.276997795087159,0.0,131.765625,,,39.3972602739726,61.4900016784668
2021-03-29,10.28310502283105,極度恐懼,1.73,2.246575342465753,-3.5361731892292725,0.0,131.359375,,,28.60273972602739,65.95999908447266
2021-03-30,9.04109589041096,極度恐懼,1.73,2.191780821917808,-3.6223133399758423,0.0,131.1875,,,24.93150684931507,67.44000244140625
2021-03-31,6.009132420091322,極度恐懼,1.74,1.6986301369863015,-3.764529488936835,0.0,130.9375,,,16.328767123287662,71.2699966430664
2021-04-01,12.824379458892713,極度恐懼,1.69,2.684931506849315,-3.3680447050605675,5.158069883527454,131.421875,,,30.63013698630137,64.98999786376953
2021-04-02,12.879173979440663,極度恐懼,1.72,2.904109589041096,-3.3275283109775677,5.158069883527454,131.421875,,,30.575342465753437,64.98999786376953
2021-04-03,12.897438819623304,極度恐懼,1.72,3.0136986301369864,-3.2869779267561223,5.158069883527454,131.421875,,,30.52054794520548,64.98999786376953
2021-04-04,12.915703659805956,極度恐懼,1.72,3.1232876712328768,-3.2464825477866457,5.158069883527454,131.421875,,,30.465753424657535,64.98999786376953
2021-04-05,14.2904595841026,極度恐懼,1.73,2.63013698630137,-3.438247430083351,1.8302828618968388,131.109375,,,38.41095890410959,61.790000915527344
2021-04-06,18.296932813651523,極度恐懼,1.67,3.9452054794520546,-2.9772671178123953,7.986688851913477,131.6875,,,42.958904109589035,60.290000915527344
2021-04-07,16.896557487900683,極度恐懼,1.68,4.273972602739726,-2.837866721698732,9.484193011647257,131.828125,,,36.93150684931506,62.540000915527344
2021-04-08,20.1002590811357,極度恐懼,1.64,5.424657534246576,-2.6778341394361247,11.314475873544092,132.0,,,43.56164383561644,60.08000183105469
2021-04-09,17.60487467614858,極度恐懼,1.67,4.273972602739726,-2.838843626661447,8.48585690515807,131.734375,,,40.054794520547944,61.209999084472656
2021-04-10,17.641404356513878,極度恐懼,1.67,4.438356164383562,-2.8039856937058594,8.48585690515807,131.734375,,,40.0,61.209999084472656
2021-04-11,17.750993397609765,極度恐懼,1.67,4.821917808219178,-2.7672188864326595,8.48585690515807,131.734375,,,39.94520547945205,61.209999084472656
2021-04-12,15.390148838693504,極度恐懼,1.69,4.438356164383562,-2.8101077487941177,7.321131447587355,131.625,,,34.41095890410959,63.5
2021-04-13,19.612878260196577,極度恐懼,1.64,6.410958904109589,-2.441129979391807,12.372881355932204,132.078125,,,40.054794520547944,61.20000076293945
2021-04-14,20.07073755901246,極度恐懼,1.64,6.027397260273973,-2.5197315857775537,10.677966101694915,131.921875,,,43.50684931506849,60.08000183105469
2021-04-15,24.50995940267325,極度恐懼,1.56,9.205479452054794,-1.9432106818839052,19.064124783362217,132.65625,,,45.26027397260274,59.04999923706055
2021-04-16,20.237221338524723,極度恐懼,1.59,8.32876712328767,-2.1156514208019397,15.944540727902943,132.375,,,36.43835616438355,62.56999969482422
2021-04-17,20.255486178707372,極度恐懼,1.59,8.438356164383562,-2.08017220574815,15.944540727902943,132.375,,,36.38356164383561,62.56999969482422
2021-04-18,20.328767123287673,極度恐懼,1.59,8.657534246575342,-2.044667261736836,16.0,132.375,,,36.32876712328768,62.56999969482422
2021-04-19,18.5284891800675,極度恐懼,1.61,8.383561643835616,-2.11359680656454,14.43478260869565,132.234375,,,32.767123287671225,63.959999084472656
2021-04-20,19.98332340678976,極度恐懼,1.58,10.08219178082192,-1.837185795688052,18.086956521739133,132.5625,,,31.780821917808225,64.3499984741211
2021-04-21,21.65733571570379,極度恐懼,1.57,10.246575342465754,-1.826794780268879,17.739130434782606,132.53125,,,36.986301369863014,62.27000045776367
2021-04-22,24.29064919594997,極度恐懼,1.57,10.575342465753424,-1.7822987226025493,17.91304347826087,132.546875,,,44.38356164383561,59.619998931884766
2021-04-23,23.48302561048243,極度恐懼,1.58,10.191780821917808,-1.829792596326335,16.695652173913047,132.4375,,,43.56164383561644,59.97999954223633
2021-04-24,23.57434981139567,極度恐懼,1.58,10.52054794520548,-1.7962162578009129,16.695652173913047,132.4375,,,43.50684931506849,59.97999954223633
2021-04-25,23.68393885249156,極度恐懼,1.58,10.904109589041097,-1.761432808807078,16.695652173913047,132.4375,,,43.45205479452054,59.97999954223633
2021-04-26,22.319634703196343,極度恐懼,1.58,10.794520547945204,-1.7750974365062655,16.0,132.375,,,40.16438356164384,60.97999954223633
2021-04-27,21.37303950764344,極度恐懼,1.63,9.04109589041096,-1.9968063716689313,12.173913043478262,132.03125,,,42.9041095890411,60.150001525878906
2021-04-28,21.6597180861624,極度恐懼,1.63,9.643835616438356,-1.9167422343213032,12.869565217391305,132.09375,,,42.465753424657535,60.310001373291016
2021-04-29,22.13063331348025,極度恐懼,1.65,9.36986301369863,-1.9636516920699905,11.652173913043478,131.984375,,,45.369863013698634,59.02000045776367
2021-04-30,23.309112567004167,極度恐懼,1.65,9.917808219178085,-1.8947661728509813,12.173913043478262,132.03125,,,47.83561643835617,58.130001068115234
2021-05-01,23.38217192773476,極度恐懼,1.65,10.191780821917808,-1.8606751428072417,12.173913043478262,132.03125,,,47.78082191780821,58.130001068115234
2021-05-02,23.510025809013303,極度恐懼,1.65,10.63013698630137,-1.826286668172374,12.173913043478262,132.03125,,,47.726027397260275,58.130001068115234
2021-05-03,26.182251340083383,恐懼,1.63,13.424657534246576,-1.5727898796977466,15.478260869565217,132.328125,,,49.64383561643836,57.33000183105469
2021-05-04,26.23783998411753,恐懼,1.61,15.178082191780822,-1.4705362607027923,16.52173913043478,132.421875,,,47.01369863013699,58.5099983215332
2021-05-05,28.72900536033353,恐懼,1.59,16.986301369863014,-1.3450474120606852,17.91304347826087,132.546875,,,51.28767123287671,56.93000030517578
2021-05-06,28.77268215207465,恐懼,1.58,18.684931506849313,-1.2202113382584885,19.304347826086957,132.671875,,,48.32876712328768,57.75
2021-05-07,32.971213023625175,恐懼,1.6,20.328767123287673,-1.1306667163185586,20.17391304347826,132.75,,,58.41095890410959,54.130001068115234
2021-05-08,33.33650982727814,恐懼,1.6,21.47945205479452,-1.0992695128720034,20.17391304347826,132.75,,,58.35616438356164,54.130001068115234
2021-05-09,33.57395274965257,恐懼,1.6,22.246575342465754,-1.067575876138844,20.17391304347826,132.75,,,58.3013698630137,54.130001068115234
2021-05-10,31.152670240222353,恐懼,1.63,20.273972602739725,-1.1415259172976122,18.60869565217391,132.609375,,,54.57534246575342,55.47999954223633
2021-05-11,27.577526305340474,恐懼,1.64,18.356164383561644,-1.2300281221191525,16.869565217391305,132.453125,,,47.506849315068486,58.0099983215332
2021-05-12,23.579114552312888,極度恐懼,1.69,13.150684931506849,-1.5966448453565012,10.956521739130434,131.921875,,,46.63013698630137,58.470001220703125
2021-05-13,27.37809187279152,恐懼,1.66,16.71232876712329,-1.3722086936084497,14.13427561837456,132.1875,,,51.28767123287671,56.59000015258789
2021-05-14,30.85099311034739,恐懼,1.63,19.506849315068493,-1.1839271004654202,16.607773851590103,132.40625,,,56.43835616438356,54.9900016784668
2021-05-15,31.106700872904465,恐懼,1.63,20.328767123287673,-1.1588466214848143,16.607773851590103,132.40625,,,56.38356164383562,54.9900016784668
2021-05-16,31.17976023363506,恐懼,1.63,20.6027397260274,-1.135137556794215,16.607773851590103,132.40625,,,56.32876712328767,54.9900016784668
2021-05-17,27.364280297529728,恐懼,1.64,20.383561643835616,-1.1579111480806217,15.901060070671376,132.34375,,,45.80821917808219,58.59000015258789
2021-05-18,29.440502121754843,恐懼,1.64,22.027397260273972,-1.097048856400343,16.431095406360424,132.390625,,,49.863013698630134,57.18000030517578
2021-05-19,26.204688836181163,恐懼,1.68,17.15068493150685,-1.3388032501917255,12.36749116607774,132.03125,,,49.09589041095891,57.310001373291016
2021-05-20,32.80755764235119,恐懼,1.63,24.767123287671232,-0.974303538343825,17.491166077738516,132.484375,,,56.16438356164384,55.040000915527344
2021-05-21,32.94138148022654,恐懼,1.63,24.6027397260274,-0.9831591932861052,16.96113074204947,132.4375,,,57.26027397260274,54.59000015258789
2021-05-22,33.28841344369686,恐懼,1.63,25.6986301369863,-0.956964188393977,16.96113074204947,132.4375,,,57.2054794520548,54.59000015258789
2021-05-23,33.562386046436586,恐懼,1.63,26.575342465753423,-0.9307553200044087,16.96113074204947,132.4375,,,57.15068493150685,54.59000015258789
2021-05-24,35.83987608306307,恐懼,1.61,31.89041095890411,-0.7648866699464552,19.081272084805654,132.625,,,56.54794520547945,54.939998626708984
2021-05-25,40.514513448537365,恐懼,1.56,38.082191780821915,-0.4838519555215465,22.968197879858657,132.96875,,,60.49315068493151,53.720001220703125
2021-05-26,41.11912483663294,恐懼,1.58,37.75342465753425,-0.5068931669079252,22.261484098939928,132.90625,,,63.34246575342466,52.81999969482422
2021-05-27,38.46814140729625,恐懼,1.61,34.57534246575342,-0.6448025953093768,19.78798586572438,132.6875,,,61.04109589041096,53.470001220703125
2021-05-28,41.85568840053568,恐懼,1.58,37.97260273972603,-0.4912360198554164,21.73144876325088,132.859375,,,65.86301369863014,52.040000915527344
2021-05-29,42.16619068364071,恐懼,1.58,38.95890410958904,-0.4663554508805051,21.73144876325088,132.859375,,,65.8082191780822,52.040000915527344
2021-05-30,42.44016328638043,恐懼,1.58,39.83561643835616,-0.4394107717930349,21.73144876325088,132.859375,,,65.75342465753425,52.040000915527344
2021-05-31,42.60454684802426,恐懼,1.58,40.38356164383561,-0.4124515004071148,21.73144876325088,132.859375,,,65.69863013698631,52.040000915527344
2021-06-01,38.16993400777708,恐懼,1.62,38.52054794520548,-0.4775204551205776,20.318021201413423,132.734375,,,55.67123287671233,54.9900016784668
2021-06-02,39.627377898252576,恐懼,1.59,42.24657534246575,-0.3575550136919081,21.73144876325088,132.859375,,,54.90410958904109,55.209999084472656
2021-06-03,37.98880229762654,恐懼,1.63,36.76712328767123,-0.5767999092273982,18.02120141342756,132.53125,,,59.178082191780824,53.959999084472656
2021-06-04,49.121706439485614,中性,1.56,48.054794520547944,-0.107958441158904,24.73498233215548,133.125,,,74.57534246575342,49.779998779296875
2021-06-05,49.3774142020427,中性,1.56,48.87671232876713,-0.084529426278807,24.73498233215548,133.125,,,74.52054794520548,49.779998779296875
2021-06-06,49.395679042225346,中性,1.56,48.986301369863014,-0.060151589512798,24.73498233215548,133.125,,,74.46575342465754,49.779998779296875
2021-06-07,49.07885183213127,中性,1.57,48.10958904109589,-0.1070968311164705,23.674911660777383,133.03125,,,75.45205479452055,49.54999923706055
2021-06-08,52.33579461170641,中性,1.53,54.95890410958905,0.1599743139833839,28.13067150635209,133.359375,,,73.91780821917808,49.93000030517578
2021-06-09,51.50691561212904,中性,1.5,60.32876712328768,0.3902461010602138,31.397459165154263,133.640625,,,62.7945205479452,52.84000015258789
2021-06-10,59.87076954069298,貪婪,1.45,63.94520547945205,0.5250830215329958,33.63970588235294,133.796875,,,82.02739726027397,48.2599983215332
2021-06-11,55.0647663174859,中性,1.47,62.57534246575342,0.4726688978792764,32.536764705882355,133.703125,,,70.08219178082192,50.849998474121094
2021-06-12,55.24741471931238,中性,1.47,63.178082191780824,0.4906980633256942,32.536764705882355,133.703125,,,70.02739726027397,50.849998474121094
2021-06-13,55.66175583699492,中性,1.47,63.61643835616439,0.5087337003658097,33.39622641509434,133.703125,,,69.97260273972603,50.849998474121094
2021-06-14,48.86757990867579,中性,1.51,58.46575342465753,0.3171992481203007,30.0,133.421875,,,58.136986301369866,54.029998779296875
2021-06-15,50.537778926509866,中性,1.51,59.12328767123287,0.3499793659761356,30.18867924528302,133.4375,,,62.3013698630137,52.91999816894531
2021-06-16,41.68226070474714,恐懼,1.57,46.95890410958904,-0.1773371408476233,21.32075471698113,132.703125,,,56.76712328767123,54.279998779296875
2021-06-17,43.15740501421555,恐懼,1.52,50.246575342465746,-0.0026333658742135,23.77358490566038,132.90625,,,55.45205479452055,54.90999984741211
2021-06-18,40.58378564659258,恐懼,1.45,56.16438356164384,0.205914806393996,26.79245283018868,133.15625,,,38.79452054794521,60.45000076293945
2021-06-19,40.69337468768847,恐懼,1.45,56.54794520547946,0.2263737669874364,26.79245283018868,133.15625,,,38.73972602739726,60.45000076293945
2021-06-20,40.94908245024555,恐懼,1.45,57.36986301369863,0.2468410834657925,26.79245283018868,133.15625,,,38.68493150684932,60.45000076293945
2021-06-21,38.69044542086672,恐懼,1.5,55.89041095890411,0.1926673462261413,25.660377358490567,133.0625,,,34.52054794520548,61.86000061035156
2021-06-22,34.78263117084518,恐懼,1.48,43.12328767123288,-0.3164080298540158,17.169811320754715,132.359375,,,44.054794520547944,58.63999938964844
2021-06-23,36.04796263376207,恐懼,1.5,40.273972602739725,-0.4238225764382497,15.267175572519085,132.1875,,,52.602739726027394,55.599998474121094
2021-06-24,37.082367404285215,恐懼,1.49,40.54794520547945,-0.4159010577411128,15.192307692307692,132.171875,,,55.50684931506849,54.83000183105469
2021-06-25,32.98753073410608,恐懼,1.54,35.013698630136986,-0.6298272072918958,11.346153846153848,131.859375,,,52.602739726027394,55.58000183105469
2021-06-26,33.27976817702845,恐懼,1.54,35.94520547945205,-0.6082927946135469,11.346153846153848,131.859375,,,52.54794520547945,55.58000183105469
2021-06-27,33.535665203706166,恐懼,1.54,36.65753424657534,-0.5874985510442304,11.45631067961165,131.859375,,,52.49315068493151,55.58000183105469
2021-06-28,37.282440040785566,恐懼,1.49,45.20547945205479,-0.2622284516927426,16.50485436893204,132.265625,,,50.13698630136986,56.33000183105469
2021-06-29,37.11805647914173,恐懼,1.49,45.91780821917808,-0.2448332362296605,16.50485436893204,132.265625,,,48.93150684931506,56.79999923706055
2021-06-30,38.83778871303809,恐懼,1.45,49.534246575342465,-0.0610005025234535,19.41747572815534,132.5,,,47.56164383561645,57.27000045776367
2021-07-01,36.442257392383745,恐懼,1.48,46.465753424657535,-0.2285608680032679,16.50485436893204,132.265625,,,46.35616438356165,57.52000045776367
2021-07-02,46.289488850467706,中性,1.44,53.31506849315068,0.0846788756380299,21.553398058252423,132.671875,,,64.0,52.40999984741211
2021-07-03,46.39907789156359,中性,1.44,53.6986301369863,0.0914744838057183,21.553398058252423,132.671875,,,63.945205479452056,52.40999984741211
2021-07-04,46.56346145320743,中性,1.44,54.24657534246575,0.1011975833300411,21.553398058252423,132.671875,,,63.89041095890411,52.40999984741211
2021-07-05,46.65478565412067,中性,1.44,54.57534246575343,0.1130944296041477,21.553398058252423,132.671875,,,63.83561643835616,52.40999984741211
2021-07-06,47.67814868998537,中性,1.37,65.47945205479452,0.5313564446188522,28.3495145631068,133.21875,,,49.20547945205479,56.54999923706055
2021-07-07,46.97344505031697,中性,1.33,71.23287671232876,0.7786854318379155,32.42718446601941,133.546875,,,37.26027397260274,60.650001525878906
2021-07-08,48.74442523385202,中性,1.3,75.2876712328767,1.0354214694552166,36.699029126213595,133.890625,,,34.24657534246576,61.68000030517578
2021-07-09,46.96706122268032,中性,1.37,69.75342465753425,0.6818872117614029,30.87378640776699,133.421875,,,40.273972602739725,59.91999816894531
2021-07-10,46.967061222680314,中性,1.37,69.80821917808218,0.6820771517831534,30.87378640776699,133.421875,,,40.219178082191775,59.91999816894531
2021-07-11,46.894001861949725,中性,1.37,69.64383561643835,0.6794180566926852,30.87378640776699,133.421875,,,40.16438356164384,59.91999816894531
2021-07-12,45.53247328988784,中性,1.38,69.53424657534246,0.6676275170444017,30.679611650485437,133.40625,,,36.38356164383561,60.779998779296875
2021-07-13,40.716407323668925,恐懼,1.42,60.38356164383561,0.3531639014423608,25.436893203883493,132.984375,,,36.32876712328768,60.79999923706055
2021-07-14,49.59626793226189,中性,1.37,70.35616438356165,0.7085087075540901,31.69291338582677,133.453125,,,46.73972602739725,57.310001373291016
2021-07-15,53.27452579861795,中性,1.31,74.1917808219178,0.9624862404272472,37.57700205338809,133.796875,,,48.05479452054795,56.97999954223633
2021-07-16,51.854481355423665,中性,1.31,73.86301369863014,0.9453635872317824,37.37166324435318,133.78125,,,44.32876712328767,58.2400016784668
2021-07-17,51.78142199469306,中性,1.31,73.6986301369863,0.9400320480475588,37.37166324435318,133.78125,,,44.27397260273973,58.2400016784668
2021-07-18,51.76315715451042,中性,1.31,73.6986301369863,0.935748183580932,37.37166324435318,133.78125,,,44.21917808219178,58.2400016784668
2021-07-19,51.952218878043745,中性,1.19,85.8082191780822,1.609628537830369,49.28131416837782,134.6875,,,20.767123287671225,67.58000183105469
2021-07-20,50.60523379558006,中性,1.23,85.53424657534246,1.589027300680899,49.07597535934292,134.671875,,,17.20547945205479,69.30999755859375
2021-07-21,48.17769776752647,中性,1.3,77.91780821917808,1.154502512657561,41.68377823408625,134.109375,,,24.93150684931507,65.27999877929688
2021-07-22,49.688691363580965,中性,1.27,79.78082191780823,1.2490207409656011,43.53182751540041,134.25,,,25.753424657534257,64.95999908447266
2021-07-23,48.259795786335125,中性,1.3,77.86301369863014,1.1556607108350252,42.09445585215606,134.140625,,,24.82191780821917,65.27999877929688
2021-07-24,48.131941905056586,中性,1.3,77.53424657534246,1.1447917442286757,42.09445585215606,134.140625,,,24.76712328767124,65.27999877929688
2021-07-25,47.98582318359539,中性,1.3,77.15068493150685,1.1363079463333186,42.09445585215606,134.140625,,,24.712328767123296,65.27999877929688
2021-07-26,46.32353520294788,中性,1.29,78.13698630136986,1.1695096370760336,42.91581108829568,134.203125,,,17.917808219178085,69.02999877929688
2021-07-27,48.08986151350641,中性,1.25,82.24657534246576,1.355234669284678,46.40657084188911,134.46875,,,15.61643835616438,70.06999969482422
2021-07-28,51.29138420860172,中性,1.26,78.41095890410958,1.1891640336052167,43.737166324435314,134.265625,,,31.726027397260268,62.400001525878906
2021-07-29,50.92166183792298,中性,1.28,77.20547945205479,1.1388779259630346,43.12114989733059,134.21875,,,32.43835616438356,62.08000183105469
2021-07-30,54.17666638538063,中性,1.24,81.0958904109589,1.299076783405278,46.201232032854215,134.453125,,,35.23287671232876,61.189998626708984
2021-07-31,53.99401798355414,中性,1.24,80.6027397260274,1.2826705762601491,46.201232032854215,134.453125,,,35.17808219178082,61.189998626708984
2021-08-01,53.77483990136236,中性,1.24,80.0,1.2637909397562213,46.201232032854215,134.453125,,,35.12328767123287,61.189998626708984
2021-08-02,55.5859844542582,中性,1.2,86.08219178082192,1.6523208260192357,53.38809034907598,135.0,,,27.287671232876704,64.29000091552734
2021-08-03,54.52662372366459,中性,1.19,85.91780821917808,1.6274507036289538,53.38809034907598,135.0,,,24.27397260273972,65.41999816894531
2021-08-04,55.47234489418957,中性,1.19,84.32876712328768,1.4772471759478345,51.129363449691986,134.828125,,,30.95890410958904,62.66999816894531
2021-08-05,51.441365925009144,中性,1.23,78.9041095890411,1.2115283317029224,46.81724845995893,134.5,,,28.60273972602739,63.56999969482422
2021-08-06,47.698573879778344,中性,1.31,71.8904109589041,0.819629732385947,40.24640657084189,134.0,,,30.95890410958904,62.63999938964844
2021-08-07,47.625514519047755,中性,1.31,71.72602739726027,0.8039870233673378,40.24640657084189,134.0,,,30.9041095890411,62.63999938964844
2021-08-08,47.52526448315387,中性,1.31,71.3972602739726,0.7864539997273509,40.32921810699588,134.0,,,30.849315068493155,62.63999938964844
2021-08-09,42.89059964526964,恐懼,1.33,67.5068493150685,0.6092488124771445,37.60330578512397,133.78125,,,23.561643835616437,65.72000122070312
2021-08-10,39.55617193101626,恐懼,1.36,62.246575342465746,0.4226044503181372,34.50413223140496,133.546875,,,21.917808219178085,66.55000305175781
2021-08-11,44.75327370844183,恐懼,1.35,62.57534246575342,0.4365683565480537,34.917355371900825,133.578125,,,36.76712328767123,60.65999984741211
2021-08-12,46.55847390467565,中性,1.36,59.945205479452056,0.3322087417417776,33.264462809917354,133.453125,,,46.46575342465753,57.38999938964844
2021-08-13,54.241782708781464,中性,1.29,70.1917808219178,0.6946793556292264,39.87603305785124,133.953125,,,52.657534246575345,55.45000076293945
2021-08-14,54.07739914713763,中性,1.29,69.75342465753425,0.6812455020509686,39.87603305785124,133.953125,,,52.602739726027394,55.45000076293945
2021-08-15,53.94954526585908,中性,1.29,69.42465753424656,0.6671532695864805,39.87603305785124,133.953125,,,52.54794520547945,55.45000076293945
2021-08-16,52.99056568172384,中性,1.26,73.26027397260275,0.9353159250732938,44.83471074380165,134.328125,,,40.87671232876713,59.400001525878906
2021-08-17,51.67398769764896,中性,1.26,72.76712328767123,0.874140814806675,44.00826446280991,134.265625,,,38.246575342465746,60.279998779296875
2021-08-18,52.69379976602891,中性,1.27,71.28767123287672,0.7712374355815284,42.35537190082644,134.140625,,,44.43835616438356,58.04999923706055
2021-08-19,52.88097664062795,中性,1.24,72.87671232876713,0.9002504138353845,44.83471074380165,134.328125,,,40.93150684931507,59.380001068115234
2021-08-20,50.59753198233896,中性,1.26,70.41095890410959,0.7370799766042229,42.14876033057851,134.125,,,39.23287671232877,59.95000076293945
2021-08-21,50.50620778142571,中性,1.26,70.1917808219178,0.7264886257921799,42.14876033057851,134.125,,,39.17808219178082,59.95000076293945
2021-08-22,50.45141326087778,中性,1.26,70.08219178082193,0.7150486867621133,42.14876033057851,134.125,,,39.12328767123287,59.95000076293945
2021-08-23,48.83613228635296,中性,1.25,71.28767123287672,0.7754193383688923,43.93305439330544,134.21875,,,31.28767123287672,62.22999954223633
2021-08-24,45.3608834374582,中性,1.29,66.68493150684931,0.5906636848817778,40.79497907949791,133.984375,,,28.60273972602739,63.029998779296875
2021-08-25,40.41451252364303,恐懼,1.35,59.506849315068486,0.3143621264017181,35.98326359832636,133.625,,,25.753424657534257,64.51000213623047
2021-08-26,40.859517395540784,恐懼,1.34,58.9041095890411,0.2839384305880385,35.56485355648535,133.59375,,,28.1095890410959,63.40999984741211
2021-08-27,49.50868344127931,中性,1.31,64.4931506849315,0.4980217054147187,39.53974895397489,133.890625,,,44.49315068493151,57.97999954223633
2021-08-28,49.38082956000076,中性,1.31,64.16438356164383,0.4892533140696604,39.53974895397489,133.890625,,,44.43835616438356,57.97999954223633
2021-08-29,49.271240518904875,中性,1.31,63.89041095890411,0.4801094176679832,39.53974895397489,133.890625,,,44.38356164383561,57.97999954223633
2021-08-30,50.39904705181656,中性,1.29,68.65753424657535,0.643348300084128,44.34782608695652,134.125,,,38.19178082191781,60.13999938964844
2021-08-31,49.927139170140954,中性,1.3,66.3013698630137,0.572933958318086,43.26086956521739,134.046875,,,40.219178082191775,59.540000915527344
2021-09-01,51.16914830256105,中性,1.31,66.08219178082192,0.5604849221397723,43.26086956521739,134.046875,,,44.16438356164384,58.09000015258789
2021-09-02,54.17986896962478,中性,1.29,67.01369863013699,0.6064515645100265,44.34782608695652,134.125,,,51.178082191780824,55.79999923706055
2021-09-03,55.90152868771094,中性,1.33,64.27397260273973,0.5008165691346335,42.608695652173914,134.0,,,60.821917808219176,53.2599983215332
2021-09-04,55.737145126067105,中性,1.33,63.83561643835617,0.4889462159162393,42.608695652173914,134.0,,,60.76712328767123,53.2599983215332
2021-09-05,55.60929124478857,中性,1.33,63.50684931506849,0.4788680380657371,42.608695652173914,134.0,,,60.71232876712329,53.2599983215332
2021-09-06,55.426642842962075,中性,1.33,63.013698630136986,0.4693568461619242,42.608695652173914,134.0,,,60.65753424657534,53.2599983215332
2021-09-07,46.92952154059956,中性,1.38,55.89041095890411,0.1817140725788008,37.391304347826086,133.625,,,47.506849315068486,57.04999923706055
2021-09-08,49.31328171530672,中性,1.35,59.780821917808225,0.3502830470689383,40.65217391304348,133.859375,,,47.506849315068486,57.02000045776367
2021-09-09,57.15822910462577,貪婪,1.3,64.71232876712328,0.5178861400101051,43.913043478260875,134.09375,,,62.84931506849315,52.61000061035156
2021-09-10,54.44927536231884,中性,1.35,57.97260273972603,0.2658139133954461,39.34782608695652,133.765625,,,66.02739726027397,51.72999954223633
2021-09-11,54.33968632122296,中性,1.35,57.69863013698631,0.2597078942018183,39.34782608695652,133.765625,,,65.97260273972603,51.72999954223633
2021-09-12,54.26662696049235,中性,1.35,57.534246575342465,0.2527573314147097,39.34782608695652,133.765625,,,65.91780821917808,51.72999954223633
2021-09-13,54.75125519122296,中性,1.33,60.05479452054795,0.3610233428663269,43.21266968325792,133.921875,,,60.986301369863014,53.099998474121094
2021-09-14,60.45389426302235,貪婪,1.28,65.97260273972603,0.5580391638966161,49.5260663507109,134.203125,,,65.86301369863014,51.72999954223633
2021-09-15,55.08000605942565,中性,1.31,60.93150684931506,0.3949304306212122,46.44549763033176,134.0,,,57.86301369863014,53.93000030517578
2021-09-16,51.97191023393712,中性,1.34,55.12328767123288,0.1647210417786515,41.943127962085306,133.703125,,,58.849315068493155,53.70000076293945
2021-09-17,45.37522993356273,中性,1.37,48.87671232876713,-0.0636745854129075,37.44075829383886,133.40625,,,49.80821917808219,56.060001373291016
2021-09-18,45.33870025319743,中性,1.37,48.821917808219176,-0.0696633127152319,37.44075829383886,133.40625,,,49.753424657534254,56.060001373291016
2021-09-19,45.28390573264949,中性,1.37,48.71232876712329,-0.076025549078602,37.44075829383886,133.40625,,,49.698630136986296,56.060001373291016
2021-09-20,46.69194312796208,中性,1.31,57.041095890410965,0.2429422696144312,44.07582938388626,133.84375,,,38.95890410958904,59.58000183105469
2021-09-21,47.0814343526153,中性,1.33,57.0958904109589,0.2436645348750192,44.312796208530806,133.859375,,,39.83561643835617,59.20000076293945
2021-09-22,40.64892120582571,恐懼,1.32,40.6027397260274,-0.4145823660680936,31.04265402843602,132.984375,,,50.301369863013704,55.91999816894531
2021-09-23,32.782964357592675,恐懼,1.41,28.986301369863018,-0.870541982589156,21.80094786729858,132.375,,,47.56164383561645,56.790000915527344
2021-09-24,26.38174381613971,恐懼,1.47,20.712328767123285,-1.1371625043411109,16.350710900473935,132.015625,,,42.08219178082192,58.459999084472656
2021-09-25,26.40000865632236,恐懼,1.47,20.82191780821918,-1.134663738502189,16.350710900473935,132.015625,,,42.02739726027397,58.459999084472656
2021-09-26,26.41827349650501,恐懼,1.47,20.931506849315067,-1.1310541870630042,16.350710900473935,132.015625,,,41.97260273972603,58.459999084472656
2021-09-27,22.006492241771088,極度恐懼,1.48,17.698630136986303,-1.2879494294712694,13.033175355450238,131.796875,,,35.28767123287672,60.5
2021-09-28,17.060053236382526,極度恐懼,1.54,14.684931506849315,-1.525223774390469,8.056872037914692,131.46875,,,28.438356164383563,62.709999084472656
2021-09-29,18.59429981172499,極度恐懼,1.55,14.794520547945206,-1.5180315404480675,8.056872037914692,131.46875,,,32.93150684931507,61.209999084472656
2021-09-30,19.98099937241663,極度恐懼,1.52,16.164383561643834,-1.4053050805238838,10.18957345971564,131.609375,,,33.58904109589041,61.06999969482422
2021-10-01,29.692181176827024,恐懼,1.48,25.150684931506852,-0.9798302738804918,18.72037914691943,132.171875,,,45.2054794520548,57.380001068115234
2021-10-02,29.710446017009673,恐懼,1.48,25.260273972602736,-0.975750004214305,18.72037914691943,132.171875,,,45.150684931506845,57.380001068115234
2021-10-03,29.746975697374967,恐懼,1.48,25.424657534246577,-0.9716693982673849,18.72037914691943,132.171875,,,45.09589041095891,57.380001068115234
2021-10-04,25.25477720790322,恐懼,1.49,23.56164383561644,-1.0380178850397377,17.298578199052134,132.078125,,,34.9041095890411,60.61000061035156
2021-10-05,19.29784241165141,極度恐懼,1.54,17.753424657534246,-1.2889224417310738,12.085308056872035,131.734375,,,28.054794520547944,62.83000183105469
2021-10-06,21.623129436231295,極度恐懼,1.53,17.698630136986303,-1.2958230921407643,12.376237623762377,131.71875,,,34.79452054794521,60.650001525878906
2021-10-07,18.52625570776256,極度恐懼,1.58,14.465753424657535,-1.5314673064330393,7.249999999999999,131.390625,,,33.86301369863014,60.90999984741211
2021-10-08,17.79566210045662,極度恐懼,1.61,11.67123287671233,-1.70713152061281,3.25,131.140625,,,38.465753424657535,59.650001525878906
2021-10-09,17.81392694063927,極度恐懼,1.61,11.78082191780822,-1.6954345827801087,3.25,131.140625,,,38.41095890410959,59.650001525878906
2021-10-10,17.850456621004565,極度恐懼,1.61,11.945205479452056,-1.6842876661749866,3.25,131.140625,,,38.35616438356164,59.650001525878906
2021-10-11,16.091324200913245,極度恐懼,1.61,9.972602739726028,-1.892051733138873,0.0,130.84375,,,38.301369863013704,59.650001525878906
2021-10-12,14.997969269054243,極度恐懼,1.59,12.547945205479452,-1.6547038415713915,4.884318766066838,131.140625,,,27.561643835616437,62.95000076293945
2021-10-13,17.855642027913746,極度恐懼,1.56,13.6986301369863,-1.580893520792948,6.169665809768637,131.21875,,,33.698630136986296,60.84000015258789
2021-10-14,22.44828679085819,極度恐懼,1.52,17.041095890410958,-1.3569051572897906,10.796915167095117,131.5,,,39.50684931506849,59.349998474121094
2021-10-15,13.854468194997123,極度恐懼,1.59,11.506849315068491,-1.7392919039366226,2.056555269922879,130.96875,,,28.0,62.70000076293945
2021-10-16,13.909262715545069,極度恐懼,1.59,11.726027397260276,-1.723162755447092,2.056555269922879,130.96875,,,27.945205479452056,62.70000076293945
2021-10-17,13.92752755572772,極度恐懼,1.59,11.835616438356164,-1.7086880982847397,2.056555269922879,130.96875,,,27.890410958904113,62.70000076293945
2021-10-18,8.420091324200913,極度恐懼,1.59,10.356164383561644,-1.8453864868693917,0.0,130.765625,,,14.9041095890411,70.7699966430664
2021-10-19,9.168949771689498,極度恐懼,1.65,9.095890410958903,-1.985256030088504,0.0,130.5625,,,18.41095890410959,68.25
2021-10-20,11.244615158004462,極度恐懼,1.65,9.808219178082192,-1.913260398062523,1.240694789081886,130.640625,,,22.68493150684931,65.47000122070312
2021-10-21,8.073059360730596,極度恐懼,1.68,7.561643835616438,-2.236039653775708,0.0,130.1875,,,16.657534246575352,69.41999816894531
2021-10-22,8.234525933156068,極度恐懼,1.66,8.493150684931507,-2.1021630000159672,2.457002457002457,130.34375,,,13.75342465753424,72.04000091552734
2021-10-23,8.271055613521364,極度恐懼,1.66,8.602739726027398,-2.0856162807839924,2.457002457002457,130.34375,,,13.75342465753424,72.04000091552734
2021-10-24,8.32585013406931,極度恐懼,1.66,8.767123287671232,-2.069615801094494,2.457002457002457,130.34375,,,13.75342465753424,72.04000091552734
2021-10-25,11.445865881731388,極度恐懼,1.64,10.3013698630137,-1.8946680292146336,6.6115702479338845,130.5625,,,17.424657534246577,68.95999908447266
2021-10-26,12.945092267632743,極度恐懼,1.63,10.684931506849315,-1.850134936983998,7.43801652892562,130.609375,,,20.712328767123296,66.69999694824219
2021-10-27,16.47005547379146,極度恐懼,1.54,16.43835616438356,-1.4215030995568898,17.355371900826448,131.171875,,,15.61643835616438,70.05999755859375
2021-10-28,12.254894787474765,極度恐懼,1.57,12.10958904109589,-1.7319970388073986,10.682492581602371,130.75,,,13.972602739726028,71.95999908447266
2021-10-29,10.515236508001026,極度恐懼,1.55,11.945205479452056,-1.760397308434544,9.792284866468842,130.703125,,,9.808219178082185,75.44999694824219
2021-10-30,10.533501348183677,極度恐懼,1.55,12.0,-1.753566703749362,9.792284866468842,130.703125,,,9.808219178082185,75.44999694824219
2021-10-31,10.589518162611595,極度恐懼,1.55,12.10958904109589,-1.744334647637457,9.850746268656716,130.703125,,,9.808219178082185,75.44999694824219
2021-11-01,9.322974170244668,極度恐懼,1.58,11.726027397260276,-1.770065361319823,8.955223880597014,130.65625,,,7.287671232876718,78.33999633789062
2021-11-02,15.2684874070245,極度恐懼,1.56,15.397260273972602,-1.5260524799645183,15.723270440251572,130.96875,,,14.684931506849324,71.04000091552734
2021-11-03,13.246338136749095,極度恐懼,1.6,13.150684931506849,-1.6699079134986643,12.012987012987011,130.765625,,,14.575342465753424,71.22000122070312
2021-11-04,22.385815098143865,極度恐懼,1.53,19.013698630136982,-1.2506063146970765,23.376623376623375,131.3125,,,24.76712328767124,64.61000061035156
2021-11-05,28.185554171855543,恐懼,1.45,29.753424657534243,-0.8578143360752056,34.090909090909086,131.828125,,,20.712328767123296,66.9000015258789
2021-11-06,28.16728933167289,恐懼,1.45,29.753424657534243,-0.8527812457694598,34.090909090909086,131.828125,,,20.657534246575334,66.9000015258789
2021-11-07,28.18555417185554,恐懼,1.45,29.863013698630137,-0.8477476444141969,34.090909090909086,131.828125,,,20.60273972602739,66.9000015258789
2021-11-08,18.862064875763505,極度恐懼,1.51,19.013698630136982,-1.235897054965638,23.051948051948052,131.296875,,,14.52054794520548,70.97000122070312
2021-11-09,25.84629069560577,恐懼,1.46,30.684931506849317,-0.8143613469875289,34.41558441558442,131.84375,,,12.438356164383563,73.0199966430664
2021-11-10,10.783312577833128,極度恐懼,1.56,13.6986301369863,-1.6302548513555282,11.363636363636363,130.734375,,,7.287671232876718,78.30999755859375
2021-11-11,6.636126430646976,極度恐懼,1.56,9.753424657534246,-1.9176677547718264,2.922077922077922,130.328125,,,7.23287671232876,78.30999755859375
2021-11-12,8.609262883235488,極度恐懼,1.58,11.890410958904113,-1.7477007033142846,7.142857142857142,130.53125,,,6.794520547945211,78.61000061035156
2021-11-13,8.700587084148731,極度恐懼,1.58,12.219178082191782,-1.730595498004978,7.142857142857142,130.53125,,,6.739726027397268,78.61000061035156
2021-11-14,8.737116764514022,極度恐懼,1.58,12.383561643835616,-1.713576844594026,7.142857142857142,130.53125,,,6.68493150684931,78.61000061035156
2021-11-15,5.579493565794937,極度恐懼,1.63,10.08219178082192,-1.8741692428766792,2.272727272727273,130.296875,,,4.38356164383562,81.58999633789062
2021-11-16,4.566210045662101,極度恐懼,1.63,9.26027397260274,-1.9489225797825829,0.0,130.171875,,,4.438356164383563,81.58000183105469
2021-11-17,7.512523828523297,極度恐懼,1.6,12.32876712328767,-1.71726969657016,5.825242718446602,130.453125,,,4.38356164383562,81.58000183105469
2021-11-18,10.987394895893368,極度恐懼,1.59,13.917808219178085,-1.6040992601174555,8.414239482200648,130.578125,,,10.63013698630138,74.51000213623047
2021-11-19,14.680852950303674,極度恐懼,1.54,17.315068493150683,-1.3631109339980771,14.563106796116504,130.875,,,12.164383561643833,73.38999938964844
2021-11-20,14.772177151216916,極度恐懼,1.54,17.643835616438356,-1.34582387544132,14.563106796116504,130.875,,,12.109589041095887,73.38999938964844
2021-11-21,14.84523651194751,極度恐懼,1.54,17.917808219178085,-1.3231370383181005,14.563106796116504,130.875,,,12.054794520547944,73.38999938964844
2021-11-22,4.968036529680366,極度恐懼,1.63,8.931506849315069,-1.955238795557819,0.0,130.0,,,5.972602739726028,79.20999908447266
2021-11-23,4.146118721461185,極度恐懼,1.67,7.726027397260274,-2.094651109939712,0.0,129.78125,,,4.712328767123282,80.56999969482422
2021-11-24,4.226341836874195,極度恐懼,1.64,8.164383561643836,-2.0331453149465246,0.8982035928143712,129.828125,,,3.61643835616438,83.1500015258789
2021-11-25,4.299401197604789,極度恐懼,1.64,8.383561643835616,-2.007634653704486,0.8982035928143712,129.828125,,,3.61643835616438,83.1500015258789
2021-11-26,17.905066579170427,極度恐懼,1.48,25.095890410958905,-0.9756405973687186,26.646706586826348,131.171875,,,1.972602739726028,89.44999694824219
2021-11-27,18.1973040220928,極度恐懼,1.48,25.972602739726025,-0.9578829738637246,26.646706586826348,131.171875,,,1.972602739726028,89.44999694824219
2021-11-28,18.379952423919285,極度恐懼,1.48,26.52054794520548,-0.939744933118096,26.646706586826348,131.171875,,,1.972602739726028,89.44999694824219
2021-11-29,16.741366581904682,極度恐懼,1.52,23.83561643835616,-1.0136803413428908,24.251497005988025,131.046875,,,2.136986301369859,89.41000366210938
2021-11-30,24.391600360921995,極度恐懼,1.43,35.61643835616438,-0.6196780356149515,33.83233532934132,131.546875,,,3.7260273972602818,84.04000091552734
2021-12-01,25.848850244716047,恐懼,1.43,37.64383561643835,-0.5333537343261755,35.62874251497006,131.640625,,,4.2739726027397325,82.97000122070312
2021-12-02,22.01788204413091,極度恐懼,1.44,32.38356164383562,-0.7624429537555736,29.34131736526946,131.3125,,,4.328767123287662,82.55000305175781
2021-12-03,32.77827905832171,恐懼,1.35,47.28767123287671,-0.1343509488653888,44.91017964071856,132.125,,,6.136986301369859,79.13999938964844
2021-12-04,32.81480873868701,恐懼,1.35,47.45205479452055,-0.1202903220624461,44.91017964071856,132.125,,,6.0821917808219155,79.13999938964844
2021-12-05,32.9243977797829,恐懼,1.35,47.78082191780822,-0.1029213988615269,44.91017964071856,132.125,,,6.0821917808219155,79.13999938964844
2021-12-06,22.199218002351454,極度恐懼,1.43,34.02739726027397,-0.6716421437720688,29.94011976047904,131.34375,,,2.630136986301366,87.88999938964844
2021-12-07,18.2306072785935,極度恐懼,1.48,28.21917808219178,-0.8852017564097305,23.95209580838323,131.03125,,,2.520547945205479,88.13999938964844
2021-12-08,17.62332868509557,極度恐懼,1.52,25.863013698630137,-0.946487696511107,21.856287425149706,130.921875,,,5.150684931506859,80.29000091552734
2021-12-09,20.466081535559017,極度恐懼,1.49,30.41095890410959,-0.810729514678443,24.850299401197603,131.078125,,,6.136986301369859,79.54000091552734
2021-12-10,22.721133076313123,極度恐懼,1.48,31.780821917808225,-0.7814495605528795,25.149700598802394,131.09375,,,11.23287671232876,74.36000061035156
2021-12-11,22.794192437043723,極度恐懼,1.48,32.054794520547944,-0.7639871918124559,25.149700598802394,131.09375,,,11.178082191780833,74.36000061035156
2021-12-12,22.976840838870203,極度恐懼,1.48,32.657534246575345,-0.7478337238750358,25.149700598802394,131.09375,,,11.123287671232871,74.36000061035156
2021-12-13,27.552730156126103,恐懼,1.42,40.49315068493151,-0.4161768519727876,33.23353293413174,131.515625,,,8.93150684931507,76.41000366210938
2021-12-14,24.128127307029775,極度恐懼,1.44,36.821917808219176,-0.568074246291091,29.041916167664674,131.296875,,,6.520547945205479,78.9800033569336
2021-12-15,23.92398764115605,極度恐懼,1.47,34.082191780821915,-0.6607468645530507,26.34730538922156,131.15625,,,11.342465753424662,74.05999755859375
2021-12-16,33.88013015065759,恐懼,1.44,46.3013698630137,-0.1859691749464242,38.02395209580838,131.765625,,,17.31506849315069,69.0999984741211
2021-12-17,33.23823585705301,恐懼,1.41,47.342465753424655,-0.1257631731715308,39.221556886227546,131.828125,,,13.150684931506843,72.45999908447266
2021-12-18,33.27476553741831,恐懼,1.41,47.50684931506849,-0.1128983526501285,39.221556886227546,131.828125,,,13.0958904109589,72.45999908447266
2021-12-19,33.384354578514206,恐懼,1.41,47.89041095890411,-0.0977590258957147,39.221556886227546,131.828125,,,13.041095890410958,72.45999908447266
2021-12-20,31.996226724632923,恐懼,1.43,48.54794520547945,-0.0829937631513353,39.221556886227546,131.828125,,,8.219178082191775,77.0199966430664
2021-12-21,23.66565499138709,極度恐懼,1.48,37.26027397260274,-0.5272364433713641,27.54491017964072,131.21875,,,6.191780821917803,79.5199966430664
2021-12-22,18.215678232575947,極度恐懼,1.46,28.000000000000004,-0.8728215004682148,18.263473053892216,130.734375,,,8.38356164383562,76.8499984741211
2021-12-23,15.173324583709292,極度恐懼,1.5,22.904109589041095,-0.9935014765062514,14.67065868263473,130.546875,,,7.945205479452056,77.29000091552734
2021-12-24,15.502091706996964,極度恐懼,1.5,23.89041095890411,-0.9720033452617304,14.67065868263473,130.546875,,,7.945205479452056,77.29000091552734
2021-12-25,15.867388510649931,極度恐懼,1.5,24.986301369863018,-0.9504958758418258,14.67065868263473,130.546875,,,7.945205479452056,77.29000091552734
2021-12-26,16.104831433024362,極度恐懼,1.5,25.6986301369863,-0.92841517717391,14.67065868263473,130.546875,,,7.945205479452056,77.29000091552734
2021-12-27,15.729745987477102,極度恐懼,1.48,26.84931506849315,-0.8959687573236866,14.97005988023952,130.5625,,,5.369863013698634,80.12000274658203
2021-12-28,17.563393760424358,極度恐懼,1.49,28.821917808219176,-0.8422301304863582,15.868263473053892,130.609375,,,8.0,77.5199966430664
2021-12-29,11.981625789516857,極度恐懼,1.55,19.83561643835617,-1.1185210918679516,8.383233532934131,130.21875,,,7.7260273972602675,78.0
2021-12-30,14.804801356191726,極度恐懼,1.52,24.493150684931507,-0.9551784800500442,11.976047904191615,130.40625,,,7.945205479452056,77.62000274658203
2021-12-31,16.37295272468761,極度恐懼,1.52,27.287671232876715,-0.8871019815932604,13.17365269461078,130.46875,,,8.657534246575338,77.0999984741211
2022-01-01,16.683455007792634,極度恐懼,1.52,28.21917808219178,-0.8664862713736649,13.17365269461078,130.46875,,,8.657534246575338,77.0999984741211
2022-01-02,16.866103409619118,極度恐懼,1.52,28.767123287671232,-0.8444490466342115,13.17365269461078,130.46875,,,8.657534246575338,77.0999984741211
2022-01-03,5.168949771689495,極度恐懼,1.63,11.67123287671233,-1.600617288643262,0.0,129.4375,,,3.835616438356155,84.08000183105469
2022-01-04,4.876712328767124,極度恐懼,1.66,10.246575342465754,-1.690906896037123,0.0,129.28125,,,4.38356164383562,83.11000061035156
2022-01-05,4.474885844748857,極度恐懼,1.71,6.2465753424657535,-1.9921061214166405,0.0,128.84375,,,7.178082191780817,78.68000030517578
2022-01-06,4.164383561643835,極度恐懼,1.73,4.493150684931506,-2.197268086490631,0.0,128.53125,,,8.0,77.7300033569336
2022-01-07,4.694063926940641,極度恐懼,1.76,3.6712328767123297,-2.341705788659421,0.0,128.296875,,,10.410958904109592,74.69000244140625
2022-01-08,4.730593607305933,極度恐懼,1.76,3.8356164383561646,-2.3077779713141173,0.0,128.296875,,,10.356164383561634,74.69000244140625
2022-01-09,4.785388127853878,極度恐懼,1.76,4.0,-2.2738265718072626,0.0,128.296875,,,10.356164383561634,74.69000244140625
2022-01-10,3.8356164383561655,極度恐懼,1.78,3.616438356164384,-2.36021354313009,0.0,128.140625,,,7.890410958904113,78.12000274658203
2022-01-11,5.580179111929354,極度恐懼,1.75,5.0410958904109595,-2.1370961979124545,3.644646924829157,128.390625,,,8.054794520547944,77.8499984741211
2022-01-12,7.970792897931165,極度恐懼,1.74,6.684931506849315,-1.9612048013633216,6.378132118451026,128.578125,,,10.849315068493157,74.55000305175781
2022-01-13,10.042292050217911,極度恐懼,1.7,8.383561643835616,-1.823756601095065,8.428246013667426,128.71875,,,13.31506849315069,72.56999969482422
2022-01-14,4.976648880290405,極度恐懼,1.78,4.547945205479452,-2.1956620843434793,0.683371298405467,128.1875,,,9.698630136986296,76.58999633789062
2022-01-15,5.049708241020999,極度恐懼,1.78,4.767123287671233,-2.162350393306394,0.683371298405467,128.1875,,,9.698630136986296,76.58999633789062
2022-01-16,5.177562122299538,極度恐懼,1.78,5.1506849315068495,-2.1280819394577963,0.683371298405467,128.1875,,,9.698630136986296,76.58999633789062
2022-01-17,5.268886323212779,極度恐懼,1.78,5.424657534246576,-2.0921069339410536,0.683371298405467,128.1875,,,9.698630136986296,76.58999633789062
2022-01-18,2.08219178082192,極度恐懼,1.87,2.4657534246575343,-2.673285010635263,0.0,127.375,,,3.7808219178082254,84.62999725341797
2022-01-19,4.274983157421963,極度恐懼,1.83,3.4520547945205484,-2.410465095169808,3.89344262295082,127.671875,,,5.479452054794521,80.13999938964844
2022-01-20,4.356800658731941,極度恐懼,1.83,3.7260273972602738,-2.3525239954962496,4.30327868852459,127.703125,,,5.041095890410958,80.95999908447266
2022-01-21,8.37233325847743,極度恐懼,1.75,7.835616438356165,-1.855987884257952,12.295081967213116,128.3125,,,4.986301369863014,81.02999877929688
2022-01-22,8.573246500486563,極度恐懼,1.75,8.438356164383562,-1.8253878686210423,12.295081967213116,128.3125,,,4.986301369863014,81.02999877929688
2022-01-23,8.664570701399805,極度恐懼,1.75,8.712328767123289,-1.7921380133788454,12.295081967213116,128.3125,,,4.986301369863014,81.02999877929688
2022-01-24,10.191818249869002,極度恐懼,1.75,11.561643835616438,-1.6044751122127785,14.959016393442624,128.515625,,,4.054794520547944,83.7699966430664
2022-01-25,7.022980762033083,極度恐懼,1.78,7.397260273972603,-1.8743436350912617,9.836065573770492,128.125,,,3.835616438356155,84.56999969482422
2022-01-26,3.0439778426528936,極度恐懼,1.85,3.8356164383561646,-2.3119544025097034,1.8442622950819672,127.515625,,,3.4520547945205493,85.75
2022-01-27,3.914439703570626,極度恐懼,1.81,4.547945205479452,-2.178088083303563,3.6885245901639343,127.65625,,,3.506849315068493,85.62000274658203
2022-01-28,6.034171719440081,極度恐懼,1.78,6.739726027397261,-1.9261704906158632,7.581967213114754,127.953125,,,3.7808219178082254,85.29000091552734
2022-01-29,6.125495920353322,極度恐懼,1.78,7.013698630136986,-1.9017335445518797,7.581967213114754,127.953125,,,3.7808219178082254,85.29000091552734
2022-01-30,6.2533498016318605,極度恐懼,1.78,7.397260273972603,-1.87860121948998,7.581967213114754,127.953125,,,3.7808219178082254,85.29000091552734
2022-01-31,6.577363575117897,極度恐懼,1.79,7.945205479452056,-1.8455434760723668,7.786885245901639,127.96875,,,4.0,85.13999938964844
2022-02-01,5.893554906804401,極度恐懼,1.81,7.123287671232877,-1.895817769803284,6.557377049180328,127.875,,,4.0,85.22000122070312
2022-02-02,8.15540085335729,極度恐懼,1.78,10.52054794520548,-1.6829952827021588,9.836065573770492,128.125,,,4.1095890410959015,84.8499984741211
2022-02-03,4.247960176659929,極度恐懼,1.82,5.7534246575342465,-2.0274289617905854,3.483606557377049,127.640625,,,3.506849315068493,85.73999786376953
2022-02-04,1.7716894977168929,極度恐懼,1.93,2.5753424657534247,-2.666737050225075,0.0,126.765625,,,2.7397260273972535,87.68000030517578
2022-02-05,1.826484018264838,極度恐懼,1.93,2.73972602739726,-2.634403646823438,0.0,126.765625,,,2.7397260273972535,87.68000030517578
2022-02-06,1.8447488584474865,極度恐懼,1.93,2.7945205479452055,-2.602610005147781,0.0,126.765625,,,2.7397260273972535,87.68000030517578
2022-02-07,2.6514517428712545,極度恐懼,1.92,3.3424657534246576,-2.465619190808084,1.7077798861480076,126.90625,,,2.9041095890410986,87.44000244140625
2022-02-08,2.5753424657534256,極度恐懼,1.96,2.3013698630136985,-2.687043646560689,0.0,126.578125,,,5.4246575342465775,82.72000122070312
2022-02-09,3.547852017519336,極度恐懼,1.94,3.0136986301369864,-2.5270862231552953,2.0408163265306123,126.75,,,5.589041095890408,81.76000213623047
2022-02-10,1.004566210045664,極度恐懼,2.03,0.7123287671232876,-3.2282414392271805,0.0,125.796875,,,2.3013698630137043,88.5199966430664
2022-02-11,3.3012225659154524,極度恐懼,1.92,2.0821917808219177,-2.743056991678877,6.451612903225806,126.390625,,,1.3698630136986338,94.02999877929688
2022-02-12,3.3742819266460464,極度恐懼,1.92,2.3013698630136985,-2.714609958829597,6.451612903225806,126.390625,,,1.3698630136986338,94.02999877929688
2022-02-13,3.429076447193991,極度恐懼,1.92,2.4657534246575343,-2.68792574784372,6.451612903225806,126.390625,,,1.3698630136986338,94.02999877929688
2022-02-14,1.5192997961098078,極度恐懼,1.98,1.2054794520547945,-2.9698938312775995,2.037351443123939,125.984375,,,1.3150684931506902,102.27999877929688
2022-02-15,0.8401826484018257,極度恐懼,2.05,0.9315068493150684,-3.1297038732709774,0.0,125.734375,,,1.5890410958904084,94.0
2022-02-16,1.2125636227833123,極度恐懼,2.03,1.1506849315068493,-3.0355228133860126,0.8431703204047217,125.8125,,,1.6438356164383665,92.73999786376952
2022-02-17,4.062340702410929,極度恐懼,1.97,3.3424657534246576,-2.5385509358033755,7.419898819561552,126.421875,,,1.4246575342465777,96.16999816894533
2022-02-18,5.381813701710211,極度恐懼,1.92,4.547945205479452,-2.319934685568266,10.11804384485666,126.671875,,,1.4794520547945211,94.36000061035156
2022-02-19,5.454873062440805,極度恐懼,1.92,4.767123287671233,-2.2940352961140236,10.11804384485666,126.671875,,,1.4794520547945211,94.36000061035156
2022-02-20,5.527932423171399,極度恐懼,1.92,4.986301369863014,-2.269347462547227,10.11804384485666,126.671875,,,1.4794520547945211,94.36000061035156
2022-02-21,5.582726943719344,極度恐懼,1.92,5.1506849315068495,-2.2458730322565637,10.11804384485666,126.671875,,,1.4794520547945211,94.36000061035156
2022-02-22,4.578006729962191,極度恐懼,1.94,4.328767123287671,-2.3774833798087687,7.925801011804384,126.46875,,,1.4794520547945211,95.54000091552734
2022-02-23,3.684292391446634,極度恐懼,1.99,3.616438356164384,-2.498697087266209,5.902192242833052,126.28125,,,1.5342465753424648,95.1500015258789
2022-02-24,4.651066090692787,極度恐懼,1.96,4.657534246575342,-2.3305518335888347,7.925801011804384,126.46875,,,1.3698630136986338,100.75
2022-02-25,3.8275774446164146,極度恐懼,1.97,3.8356164383561646,-2.474822088970009,5.564924114671164,126.25,,,2.0821917808219155,93.33999633789062
2022-02-26,3.900636805347008,極度恐懼,1.97,4.054794520547945,-2.4501433306804867,5.564924114671164,126.25,,,2.0821917808219155,93.33999633789062
2022-02-27,3.9919610062602495,極度恐懼,1.97,4.328767123287671,-2.424132347656063,5.564924114671164,126.25,,,2.0821917808219155,93.33999633789062
2022-02-28,11.644436230913165,極度恐懼,1.83,14.95890410958904,-1.4750359941636404,18.54974704890388,127.453125,,,1.4246575342465777,100.4000015258789
2022-03-01,23.850523997628343,極度恐懼,1.72,38.410958904109584,-0.4815735073685625,32.209106239460375,128.71875,,,0.9315068493150704,118.26000213623048
2022-03-02,10.663648193921476,極度恐懼,1.86,13.917808219178085,-1.5478780836973456,17.03204047217538,127.3125,,,1.0410958904109575,110.27999877929688
2022-03-03,12.567596079065504,極度恐懼,1.86,16.986301369863014,-1.3353804267957734,19.73018549747049,127.5625,,,0.986301369863014,115.18000030517578
2022-03-04,22.463658974181275,極度恐懼,1.74,36.65753424657534,-0.5727281605688799,30.185497470489036,128.53125,,,0.5479452054794507,131.82000732421875
2022-03-05,22.53671833491187,極度恐懼,1.74,36.87671232876713,-0.5593626515182387,30.185497470489036,128.53125,,,0.5479452054794507,131.82000732421875
2022-03-06,22.628042535825113,極度恐懼,1.74,37.15068493150685,-0.5462821284111112,30.185497470489036,128.53125,,,0.5479452054794507,131.82000732421875
2022-03-07,17.929420099024384,極度恐懼,1.78,28.328767123287673,-0.8791608502553384,25.29510961214165,128.078125,,,0.1643835616438309,140.02999877929688
2022-03-08,9.902038239121564,極度恐懼,1.86,13.753424657534246,-1.5586129621870848,15.51433389544688,127.171875,,,0.4383561643835634,133.3699951171875
2022-03-09,6.0505286177396895,極度恐懼,1.94,7.506849315068494,-1.9774850679600224,9.27487352445194,126.59375,,,1.3698630136986338,110.9000015258789
2022-03-10,3.484641979871713,極度恐懼,1.98,4.876712328767123,-2.3299451788995964,3.87858347386172,126.09375,,,1.6986301369862955,105.30999755859376
2022-03-11,3.258379726951419,極度恐懼,2.0,4.712328767123288,-2.35528969181804,3.0354131534569984,126.015625,,,2.027397260273972,99.02999877929688
2022-03-12,3.3497039278646614,極度恐懼,2.0,4.986301369863014,-2.320094567228961,3.0354131534569984,126.015625,,,2.027397260273972,99.02999877929688
2022-03-13,3.459292968960552,極度恐懼,2.0,5.315068493150685,-2.2880941950041263,3.0354131534569984,126.015625,,,2.027397260273972,99.02999877929688
2022-03-14,0.9680365296803628,極度恐懼,2.14,1.1506849315068493,-3.0705203477970757,0.0,124.953125,,,1.7534246575342394,105.08000183105467
2022-03-15,0.9497716894977172,極度恐懼,2.15,0.8767123287671232,-3.144012292028809,0.0,124.8125,,,1.972602739726028,101.02999877929688
2022-03-16,0.7853881278538806,極度恐懼,2.19,0.273972602739726,-3.3876545797526783,0.0,124.453125,,,2.0821917808219155,100.56999969482422
2022-03-17,1.549129037713513,極度恐懼,2.2,0.6027397260273972,-3.3030109178169087,0.5925925925925926,124.515625,,,3.4520547945205493,91.76000213623048
2022-03-18,2.743108405208863,極度恐懼,2.14,1.36986301369863,-3.038012789077339,3.407407407407407,124.8125,,,3.4520547945205493,91.7699966430664
2022-03-19,2.7979029257568073,極度恐懼,2.14,1.5342465753424657,-3.0035388894123867,3.407407407407407,124.8125,,,3.4520547945205493,91.7699966430664
2022-03-20,2.834432606122105,極度恐懼,2.14,1.643835616438356,-2.97045481931223,3.407407407407407,124.8125,,,3.4520547945205493,91.7699966430664
2022-03-21,0.6757990867579912,極度恐懼,2.32,0.0547945205479452,-3.9991756081105336,0.0,123.4375,,,1.972602739726028,101.94000244140624
2022-03-22,0.5844748858447469,極度恐懼,2.38,0.0547945205479452,-4.355374432843295,0.0,122.921875,,,1.6986301369862955,105.37999725341795
2022-03-23,1.2064482210683611,極度恐懼,2.32,0.1095890410958904,-4.140787152408493,1.8111254851228975,123.140625,,,1.6986301369862955,105.72000122070312
2022-03-24,0.4748858447488602,極度恐懼,2.34,0.1095890410958904,-4.263656454140996,0.0,122.921875,,,1.3150684931506902,113.13999938964844
2022-03-25,0.310502283105024,極度恐懼,2.48,0.0547945205479452,-5.279507643392149,0.0,121.546875,,,0.8767123287671268,125.2699966430664
2022-03-26,0.3287671232876724,極度恐懼,2.48,0.1095890410958904,-5.224391213829574,0.0,121.546875,,,0.8767123287671268,125.2699966430664
2022-03-27,0.3470319634703208,極度恐懼,2.48,0.1643835616438356,-5.174389405471819,0.0,121.546875,,,0.8767123287671268,125.2699966430664
2022-03-28,0.7341786920804599,極度恐懼,2.46,0.2191780821917808,-5.004595489590376,1.1614401858304295,121.703125,,,0.8219178082191689,129.27999877929688
2022-03-29,2.5202085288954654,極度恐懼,2.41,0.273972602739726,-4.472012947586881,5.807200929152149,122.328125,,,1.4794520547945211,117.91999816894533
2022-03-30,3.3653763543506305,極度恐懼,2.35,0.4383561643835616,-4.1970669263079134,8.013937282229964,122.625,,,1.6438356164383665,112.9800033569336
2022-03-31,4.185724362135988,極度恐懼,2.32,0.6027397260273972,-3.951942750277008,9.872241579558652,122.875,,,2.0821917808219155,106.87999725341795
2022-04-01,2.5070985739211595,極度恐懼,2.39,0.3287671232876712,-4.399271073465552,5.1103368176538915,122.234375,,,2.0821917808219155,108.33999633789062
2022-04-02,2.5436282542864563,極度恐懼,2.39,0.4383561643835616,-4.3457804053987985,5.1103368176538915,122.234375,,,2.0821917808219155,108.33999633789062
2022-04-03,2.5618930944691045,極度恐懼,2.39,0.4931506849315068,-4.2929792177642465,5.1103368176538915,122.234375,,,2.0821917808219155,108.33999633789062
2022-04-04,2.1951961985373267,極度恐懼,2.42,0.4383561643835616,-4.346446545161114,4.0650406504065035,122.09375,,,2.0821917808219155,108.37000274658205
2022-04-05,0.5662100456621001,極度恐懼,2.54,0.1643835616438356,-5.2008580553424135,0.0,120.921875,,,1.5342465753424648,116.37000274658205
2022-04-06,0.4748858447488597,極度恐懼,2.61,0.0547945205479452,-5.3215097174158466,0.0,120.6875,,,1.3698630136986338,123.91999816894533
2022-04-07,0.5114155251141554,極度恐懼,2.66,0.0547945205479452,-5.363062375248518,0.0,120.546875,,,1.4794520547945211,122.66999816894533
2022-04-08,0.4383561643835639,極度恐懼,2.72,0.0547945205479452,-5.623132840596394,0.0,120.125,,,1.2602739726027463,124.86000061035156
2022-04-09,0.4566210045662123,極度恐懼,2.72,0.1095890410958904,-5.551897315944138,0.0,120.125,,,1.2602739726027463,124.86000061035156
2022-04-10,0.4748858447488607,極度恐懼,2.72,0.1643835616438356,-5.485202188887976,0.0,120.125,,,1.2602739726027463,124.86000061035156
2022-04-11,0.2922374429223713,極度恐懼,2.79,0.0547945205479452,-5.713301510752419,0.0,119.75,,,0.8219178082191689,129.8699951171875
2022-04-12,2.479948896302081,極度恐懼,2.72,0.6027397260273972,-5.06045502042087,4.974093264248705,120.5,,,1.8630136986301409,117.79000091552734
2022-04-13,3.2607963779893203,極度恐懼,2.7,0.7123287671232876,-4.764837763926189,7.0974576271186445,120.796875,,,1.972602739726028,116.33000183105467
2022-04-14,1.10452363123816,極度恐懼,2.83,0.273972602739726,-5.375779947160334,1.2861736334405145,119.9375,,,1.7534246575342394,119.66000366210938
2022-04-15,1.159318151786105,極度恐懼,2.83,0.4383561643835616,-5.309104833035135,1.2861736334405145,119.9375,,,1.7534246575342394,119.66000366210938
2022-04-16,1.195847832151402,極度恐懼,2.83,0.547945205479452,-5.242335690012569,1.2861736334405145,119.9375,,,1.7534246575342394,119.66000366210938
2022-04-17,1.2689071928819955,極度恐懼,2.83,0.7671232876712328,-5.172942020592147,1.2861736334405145,119.9375,,,1.7534246575342394,119.66000366210938
2022-04-18,0.7123287671232852,極度恐懼,2.85,0.3835616438356164,-5.337870983566348,0.0,119.640625,,,1.7534246575342394,122.31999969482422
2022-04-19,0.6027397260273953,極度恐懼,2.93,0.1095890410958904,-5.686289065399752,0.0,119.109375,,,1.6986301369862955,122.73999786376952
2022-04-20,1.4948477773714774,極度恐懼,2.85,0.6027397260273972,-5.30340551142104,2.5667351129363447,119.5,,,1.3150684931506902,125.12000274658205
2022-04-21,0.2922374429223713,極度恐懼,2.9,0.0547945205479452,-5.819651572365698,0.0,118.75,,,0.8219178082191689,130.69000244140625
2022-04-22,0.8212949350334108,極度恐懼,2.9,0.273972602739726,-5.5937325747759195,1.2036108324974923,118.9375,,,0.986301369863014,128.1199951171875
2022-04-23,0.8578246153987076,極度恐懼,2.9,0.3835616438356164,-5.516392881010235,1.2036108324974923,118.9375,,,0.986301369863014,128.1199951171875
2022-04-24,0.8943542957640044,極度恐懼,2.9,0.4931506849315068,-5.43892636658888,1.2036108324974923,118.9375,,,0.986301369863014,128.1199951171875
2022-04-25,2.5511786501055647,極度恐懼,2.81,1.315068493150685,-4.8344828615046485,5.516549648946841,119.609375,,,0.8219178082191689,131.6300048828125
2022-04-26,3.615174289993267,極度恐懼,2.77,1.4794520547945205,-4.421372988283256,8.324974924774322,120.046875,,,1.0410958904109575,129.27000427246094
2022-04-27,3.02544162166866,極度恐懼,2.82,1.4246575342465753,-4.555065017582688,6.720160481444333,119.796875,,,0.9315068493150704,130.11000061035156
2022-04-28,2.1350491213504896,極度恐懼,2.85,1.315068493150685,-4.835772879528247,3.939393939393939,119.359375,,,1.150684931506845,128.74000549316406
2022-04-29,1.7156035238227,極度恐懼,2.89,1.315068493150685,-4.9286503608372865,2.6262626262626263,119.15625,,,1.205479452054789,128.39999389648438
2022-04-30,1.7338683640053485,極度恐懼,2.89,1.36986301369863,-4.859477473179501,2.6262626262626263,119.15625,,,1.205479452054789,128.39999389648438
2022-05-01,1.7886628845532937,極度恐懼,2.89,1.5342465753424657,-4.790108758510955,2.6262626262626263,119.15625,,,1.205479452054789,128.39999389648438
2022-05-02,0.3470319634703202,極度恐懼,2.99,0.6027397260273972,-5.365125186920743,0.0,118.34375,,,0.4383561643835634,135.1699981689453
2022-05-03,1.3292844771352128,極度恐懼,2.97,1.26027397260274,-5.15667591967389,1.083743842364532,118.515625,,,1.6438356164383665,126.45999908447266
2022-05-04,3.1689047843984057,極度恐懼,2.93,1.7534246575342465,-4.575281168821423,5.123152709359606,119.15625,,,2.630136986301366,121.98999786376952
2022-05-05,1.0228310502283102,極度恐懼,3.05,0.547945205479452,-5.375986439061429,0.0,118.0625,,,2.520547945205479,122.72000122070312
2022-05-06,1.059360730593605,極度恐懼,3.12,0.4383561643835616,-5.512107083771998,0.0,117.796875,,,2.7397260273972535,121.41999816894533
2022-05-07,1.1141552511415502,極度恐懼,3.12,0.6027397260273972,-5.43521126619229,0.0,117.796875,,,2.7397260273972535,121.41999816894533
2022-05-08,1.1872146118721438,極度恐懼,3.12,0.821917808219178,-5.364462931088155,0.0,117.796875,,,2.7397260273972535,121.41999816894533
2022-05-09,1.9626005653402927,極度恐懼,3.05,1.643835616438356,-4.982895916324647,2.380952380952381,118.1875,,,1.8630136986301409,125.22000122070312
2022-05-10,3.2785388127853916,極度恐懼,2.99,2.191780821917808,-4.44370701098106,6.0,118.78125,,,1.6438356164383665,126.76000213623048
2022-05-11,5.011524244400954,極度恐懼,2.91,2.7945205479452055,-3.996792262792963,8.952380952380953,119.265625,,,3.287671232876704,118.0500030517578
2022-05-12,6.63144161774299,極度恐懼,2.84,3.232876712328767,-3.354018258036721,13.428571428571429,120.0,,,3.2328767123287747,118.7300033569336
2022-05-13,4.967166775385952,極度恐懼,2.93,2.8493150684931505,-3.964514088394448,8.380952380952381,119.171875,,,3.671232876712324,114.61000061035156
2022-05-14,5.003696455751249,極度恐懼,2.93,2.958904109589041,-3.907985502162986,8.380952380952381,119.171875,,,3.671232876712324,114.61000061035156
2022-05-15,5.021961295933897,極度恐懼,2.93,3.0136986301369864,-3.8523599852355903,8.380952380952381,119.171875,,,3.671232876712324,114.61000061035156
2022-05-16,6.0378343118069155,極度恐懼,2.88,3.287671232876712,-3.394597059986918,11.428571428571429,119.671875,,,3.3972602739726057,117.9499969482422
2022-05-17,4.1861274190041335,極度恐懼,2.98,2.8493150684931505,-3.9902301508288622,6.476190476190475,118.859375,,,3.2328767123287747,119.45999908447266
2022-05-18,5.689497716894979,極度恐懼,2.89,3.287671232876712,-3.465346534653461,10.0,119.4375,,,3.7808219178082254,114.86000061035156
2022-05-19,6.503152859317244,極度恐懼,2.84,4.10958904109589,-3.1975512935465655,11.61904761904762,119.703125,,,3.7808219178082254,115.0500030517578
2022-05-20,7.9265057621222,極度恐懼,2.78,5.424657534246576,-2.805689255325711,14.19047619047619,120.125,,,4.164383561643831,111.0999984741211
2022-05-21,8.090889323766033,極度恐懼,2.78,5.917808219178082,-2.7549394115712538,14.19047619047619,120.125,,,4.164383561643831,111.0999984741211
2022-05-22,8.237008045227222,極度恐懼,2.78,6.3561643835616435,-2.704136542240675,14.19047619047619,120.125,,,4.164383561643831,111.0999984741211
2022-05-23,6.632746249184605,極度恐懼,2.86,4.547945205479452,-3.0981250189929233,10.857142857142858,119.578125,,,4.493150684931507,110.19000244140624
2022-05-24,9.46814441024557,極度恐懼,2.76,8.32876712328767,-2.4061989798762244,15.911282545805207,120.375,,,4.164383561643831,111.1500015258789
2022-05-25,10.86351118454951,極度恐懼,2.75,10.027397260273972,-2.1837434907450977,17.412451361867703,120.59375,,,5.150684931506859,105.69000244140624
2022-05-26,11.137483787289234,極度恐懼,2.75,10.52054794520548,-2.134725916367921,17.412451361867703,120.59375,,,5.479452054794521,102.48999786376952
2022-05-27,10.965300357123818,極度恐懼,2.74,10.136986301369864,-2.173769629947641,16.731517509727624,120.484375,,,6.027397260273972,98.4800033569336
2022-05-28,11.166213599132952,極度恐懼,2.74,10.73972602739726,-2.124001819673599,16.731517509727624,120.484375,,,6.027397260273972,98.4800033569336
2022-05-29,11.330597160776788,極度恐懼,2.74,11.232876712328768,-2.072889976205911,16.731517509727624,120.484375,,,6.027397260273972,98.4800033569336
2022-05-30,11.440186201872676,極度恐懼,2.74,11.561643835616438,-2.024214541939378,16.731517509727624,120.484375,,,6.027397260273972,98.4800033569336
2022-05-31,8.711633500573123,極度恐懼,2.85,7.616438356164383,-2.496496484280452,13.477366255144032,119.84375,,,5.041095890410958,107.12000274658205
2022-06-01,6.0179809814659855,極度恐懼,2.94,4.657534246575342,-3.0905207545787428,8.57449088960343,119.046875,,,4.821917808219183,109.37999725341795
2022-06-02,7.204586063132818,極度恐懼,2.92,5.315068493150685,-2.8448612898496433,10.326086956521738,119.28125,,,5.972602739726028,99.2699966430664
2022-06-03,6.69763748262855,極度恐懼,2.96,4.986301369863014,-2.9794564506500425,8.695652173913043,119.046875,,,6.410958904109592,97.7300033569336
2022-06-04,6.807226523724441,極度恐懼,2.96,5.315068493150685,-2.923086645763937,8.695652173913043,119.046875,,,6.410958904109592,97.7300033569336
2022-06-05,6.843756204089736,極度恐懼,2.96,5.424657534246576,-2.8665522330366415,8.695652173913043,119.046875,,,6.410958904109592,97.7300033569336
2022-06-06,4.718086162398255,極度恐懼,3.04,3.890410958904109,-3.2915322111528216,4.565217391304348,118.453125,,,5.69863013698631,102.26000213623048
2022-06-07,6.443716497915425,極度恐懼,2.98,5.698630136986301,-2.8251051015479622,8.043478260869565,118.953125,,,5.589041095890408,102.61000061035156
2022-06-08,5.299583085169744,極度恐懼,3.03,4.821917808219178,-3.04869762637259,5.6521739130434785,118.609375,,,5.4246575342465775,105.29000091552734
2022-06-09,4.700416914830257,極度恐懼,3.04,4.328767123287671,-3.1491168794259514,4.3478260869565215,118.421875,,,5.4246575342465775,105.29000091552734
2022-06-10,2.28310502283105,極度恐懼,3.15,2.7945205479452055,-3.997037564419671,0.0,117.3125,,,4.054794520547944,114.2300033569336
2022-06-11,2.3744292237442917,極度恐懼,3.15,3.0684931506849313,-3.9375865559705634,0.0,117.3125,,,4.054794520547944,114.2300033569336
2022-06-12,2.4109589041095885,極度恐懼,3.15,3.1780821917808217,-3.877175822318728,0.0,117.3125,,,4.054794520547944,114.2300033569336
2022-06-13,0.6027397260273999,極度恐懼,3.43,1.5890410958904109,-5.051938933957861,0.0,115.796875,,,0.2191780821917888,139.2100067138672
2022-06-14,0.1095890410958893,極度恐懼,3.49,0.2191780821917808,-5.6580549403996825,0.0,114.96875,,,0.1095890410958873,144.08999633789062
2022-06-15,2.12707205296471,極度恐懼,3.33,1.6986301369863015,-5.0052141924570765,4.189435336976321,115.6875,,,0.493150684931507,135.92999267578125
2022-06-16,3.6578253528624063,極度恐懼,3.28,2.4657534246575343,-4.403253422019449,8.014571948998178,116.34375,,,0.493150684931507,138.10000610351562
2022-06-17,4.563149270986682,極度恐懼,3.25,2.958904109589041,-4.059609455292908,10.018214936247723,116.6875,,,0.7123287671232816,133.75
2022-06-18,4.5996789513519785,極度恐懼,3.25,3.0684931506849313,-3.99833809656523,10.018214936247723,116.6875,,,0.7123287671232816,133.75
2022-06-19,4.709267992447869,極度恐懼,3.25,3.397260273972603,-3.939558585035357,10.018214936247723,116.6875,,,0.7123287671232816,133.75
2022-06-20,4.764062512995815,極度恐懼,3.25,3.5616438356164384,-3.882290556576628,10.018214936247723,116.6875,,,0.7123287671232816,133.75
2022-06-21,3.767414393958298,極度恐懼,3.31,2.958904109589041,-4.105609010518252,8.014571948998178,116.34375,,,0.3287671232876761,138.91000366210938
2022-06-22,5.663714017183588,極度恐懼,3.16,3.890410958904109,-3.5431183524004863,11.56648451730419,116.953125,,,1.5342465753424648,129.94000244140625
2022-06-23,8.070930126173783,極度恐懼,3.09,6.2465753424657535,-2.905460607210945,15.664845173041892,117.65625,,,2.3013698630137043,125.9800033569336
2022-06-24,7.134998461295343,極度恐懼,3.13,5.36986301369863,-3.103675712387965,13.84335154826958,117.34375,,,2.191780821917817,127.0
2022-06-25,7.244587502391234,極度恐懼,3.13,5.698630136986301,-3.043930007787468,13.84335154826958,117.34375,,,2.191780821917817,127.0
2022-06-26,7.335911703304475,極度恐懼,3.13,5.972602739726027,-2.98411058002842,13.84335154826958,117.34375,,,2.191780821917817,127.0
2022-06-27,5.408754813650387,極度恐懼,3.2,4.273972602739726,-3.3616095850391927,10.746812386156648,116.8125,,,1.205479452054789,133.22000122070312
2022-06-28,4.995333982084485,極度恐懼,3.2,4.164383561643835,-3.3908530061237965,10.10928961748634,116.703125,,,0.7123287671232816,135.22000122070312
2022-06-29,8.327386447754739,極度恐懼,3.1,8.547945205479452,-2.6605344054436615,14.845173041894352,117.515625,,,1.5890410958904084,130.42999267578125
2022-06-30,12.72989495221698,極度恐懼,2.98,16.767123287671232,-1.769037849350531,20.76502732240437,118.53125,,,0.657534246575338,135.5
2022-07-01,17.49919737837995,極度恐懼,2.88,27.342465753424655,-1.114646380897106,25.045537340619305,119.265625,,,0.1095890410958873,144.1699981689453
2022-07-02,17.882759022215566,極度恐懼,2.88,28.493150684931507,-1.0688145262553224,25.045537340619305,119.265625,,,0.1095890410958873,144.1699981689453
2022-07-03,18.21152614550324,極度恐懼,2.88,29.47945205479452,-1.0150335768210477,25.045537340619305,119.265625,,,0.1095890410958873,144.1699981689453
2022-07-04,18.97864943317447,極度恐懼,2.88,31.780821917808225,-0.9528663848587752,25.045537340619305,119.265625,,,0.1095890410958873,144.1699981689453
2022-07-05,25.824471226222855,恐懼,2.82,48.54794520547945,-0.3589414964827698,28.87067395264117,119.921875,,,0.0547945205479436,156.16000366210938
2022-07-06,17.73171644584175,極度恐懼,2.93,29.26027397260274,-1.0299432808956948,23.770491803278688,119.046875,,,0.1643835616438309,151.13999938964844
2022-07-07,12.853074498257522,極度恐懼,3.01,19.123287671232877,-1.6122641892039469,19.216757741347905,118.265625,,,0.2191780821917888,149.7100067138672
2022-07-08,9.544460247357168,極度恐懼,3.09,12.876712328767123,-2.074134355120195,15.482695810564662,117.625,,,0.2739726027397182,145.25
2022-07-09,9.7453734893663,極度恐懼,3.09,13.47945205479452,-2.0029513670119594,15.482695810564662,117.625,,,0.2739726027397182,145.25
2022-07-10,10.055875772471325,極度恐懼,3.09,14.410958904109588,-1.9346286438424083,15.482695810564662,117.625,,,0.2739726027397182,145.25
2022-07-11,14.910330946261778,極度恐懼,2.99,24.6027397260274,-1.2514064114635934,19.854280510018217,118.375,,,0.2739726027397182,147.72000122070312
2022-07-12,17.73988405652452,極度恐懼,2.96,31.452054794520546,-0.9643262913761552,21.493624772313296,118.65625,,,0.2739726027397182,148.11000061035156
2022-07-13,21.470585789022795,極度恐懼,2.91,40.10958904109589,-0.6950692772907843,23.041894353369763,118.921875,,,1.2602739726027463,136.10000610351562
2022-07-14,17.32671274463325,極度恐懼,2.96,30.136986301369863,-0.9976471276263555,20.58287795992714,118.5,,,1.2602739726027463,137.75999450683594
2022-07-15,20.15701441391987,極度恐懼,2.93,36.43835616438356,-0.8312776034630315,21.402550091074684,118.640625,,,2.630136986301366,129.85000610351562
2022-07-16,20.759754139947265,極度恐懼,2.93,38.24657534246575,-0.7823468104523412,21.402550091074684,118.640625,,,2.630136986301366,129.85000610351562
2022-07-17,21.14331578378288,極度恐懼,2.93,39.3972602739726,-0.7404270004863016,21.402550091074684,118.640625,,,2.630136986301366,129.85000610351562
2022-07-18,20.00572231787143,極度恐懼,2.96,36.273972602739725,-0.8421226638655176,20.40072859744991,118.46875,,,3.342465753424662,127.69000244140624
2022-07-19,15.728322978266831,極度恐懼,3.01,25.36986301369863,-1.217730252966348,17.48633879781421,117.96875,,,4.328767123287662,124.6999969482422
2022-07-20,14.870873568380864,極度恐懼,3.04,23.616438356164384,-1.330222534512167,16.39344262295082,117.78125,,,4.602739726027394,122.9000015258789
2022-07-21,25.823789205778876,恐懼,2.91,49.42465753424658,-0.3483225519210167,22.950819672131143,118.90625,,,5.095890410958901,121.1500015258789
2022-07-22,33.87334381315967,恐懼,2.77,68.32876712328768,0.5098191268627009,28.688524590163933,119.890625,,,4.602739726027394,123.6999969482422
2022-07-23,34.1107867355341,恐懼,2.77,69.04109589041096,0.5430082447101195,28.688524590163933,119.890625,,,4.602739726027394,123.6999969482422
2022-07-24,34.32996481772588,恐懼,2.77,69.69863013698631,0.5669390742336875,28.688524590163933,119.890625,,,4.602739726027394,123.6999969482422
2022-07-25,31.810664470893528,恐懼,2.81,64.98630136986301,0.3923402925404989,27.322404371584703,119.65625,,,3.123287671232873,128.27000427246094
2022-07-26,33.812627359000594,恐懼,2.81,69.97260273972603,0.584916170057875,28.506375227686704,119.859375,,,2.9589041095890423,128.5500030517578
2022-07-27,38.467167369480414,恐懼,2.78,77.58904109589041,1.073925209229713,31.785063752276866,120.421875,,,6.027397260273972,117.27999877929688
2022-07-28,41.89796308772281,恐懼,2.68,85.2054794520548,1.549884954721583,35.063752276867035,120.984375,,,5.4246575342465775,119.93000030517578
2022-07-29,42.85907960509352,恐懼,2.67,86.41095890410959,1.6838093879088472,35.974499089253186,121.140625,,,6.191780821917803,116.36000061035156
2022-07-30,42.85907960509352,恐懼,2.67,86.41095890410959,1.686583404245938,35.974499089253186,121.140625,,,6.191780821917803,116.36000061035156
2022-07-31,42.87734444527617,恐懼,2.67,86.46575342465754,1.6904245998226697,35.974499089253186,121.140625,,,6.191780821917803,116.36000061035156
2022-08-01,43.503272866398845,恐懼,2.6,87.83561643835617,1.880680369336161,37.2495446265938,121.359375,,,5.4246575342465775,120.5
2022-08-02,36.009082516156404,恐懼,2.75,75.06849315068493,0.8613623315872381,30.05464480874317,120.125,,,2.9041095890410986,129.22999572753906
2022-08-03,36.697224509485906,恐懼,2.73,75.01369863013699,0.853965138067319,29.87249544626594,120.09375,,,5.205479452054789,122.04000091552734
2022-08-04,40.73643236769219,恐懼,2.68,83.06849315068493,1.4021767544794377,33.60655737704918,120.734375,,,5.534246575342465,120.56999969482422
2022-08-05,31.045038301270058,恐懼,2.83,62.3013698630137,0.2797332034071995,25.683060109289617,119.375,,,5.150684931506859,122.58000183105467
2022-08-06,31.118097662000658,恐懼,2.83,62.520547945205486,0.2990065672218625,25.683060109289617,119.375,,,5.150684931506859,122.58000183105467
2022-08-07,31.191157022731247,恐懼,2.83,62.73972602739726,0.3173389328966246,25.683060109289617,119.375,,,5.150684931506859,122.58000183105467
2022-08-08,35.419933295073655,恐懼,2.77,73.0958904109589,0.7315809986437867,28.506375227686704,119.859375,,,4.657534246575352,124.12000274658205
2022-08-09,31.87855045703687,恐懼,2.8,65.04109589041096,0.4245488183864049,26.320582877959925,119.484375,,,4.2739726027397325,125.12000274658205
2022-08-10,35.499663148439254,恐懼,2.78,71.72602739726027,0.6531951085489007,27.86885245901639,119.75,,,6.904109589041099,115.26000213623048
2022-08-11,29.98717468872421,恐懼,2.87,58.3013698630137,0.1085406691274838,24.043715846994537,119.09375,,,7.61643835616438,111.11000061035156
2022-08-12,31.837096921758945,恐懼,2.84,61.80821917808219,0.2588103759528031,25.045537340619305,119.265625,,,8.657534246575338,106.27999877929688
2022-08-13,31.910156282489535,恐懼,2.84,62.02739726027397,0.2646050312786717,25.045537340619305,119.265625,,,8.657534246575338,106.27999877929688
2022-08-14,32.093694059695046,恐懼,2.84,62.136986301369866,0.2678714049114288,25.486561631139946,119.265625,,,8.657534246575338,106.27999877929688
2022-08-15,35.62535918172162,恐懼,2.79,71.34246575342466,0.6410761672052782,28.081556997219646,119.703125,,,7.452054794520549,113.81999969482422
2022-08-16,32.432160676425404,恐懼,2.82,64.43835616438356,0.3878352173296184,26.22798887859129,119.390625,,,6.630136986301366,116.83000183105467
2022-08-17,27.525215720627504,恐懼,2.89,53.47945205479452,-0.1298141607803579,22.520852641334567,118.765625,,,6.5753424657534225,117.6999969482422
2022-08-18,28.04497653416617,恐懼,2.88,55.232876712328775,-0.0567650243353723,22.984244670991657,118.84375,,,5.9178082191780845,120.26000213623048
2022-08-19,21.478859590099074,極度恐懼,2.98,40.986301369863014,-0.6621298123474911,18.628359592215013,118.109375,,,4.821917808219183,123.80999755859376
2022-08-20,21.606713471377606,極度恐懼,2.98,41.369863013698634,-0.6499091536145127,18.628359592215013,118.109375,,,4.821917808219183,123.80999755859376
2022-08-21,21.734567352656143,極度恐懼,2.98,41.75342465753425,-0.639670732040739,18.628359592215013,118.109375,,,4.821917808219183,123.80999755859376
2022-08-22,16.523891138844103,極度恐懼,3.03,31.83561643835616,-0.959017488213416,16.311399443929563,117.71875,,,1.4246575342465777,135.88999938964844
2022-08-23,15.71752976077122,極度恐懼,3.05,29.698630136986303,-1.0254020777302972,15.755329008341056,117.625,,,1.6986301369862955,133.85000610351562
2022-08-24,13.131353654872385,極度恐懼,3.11,23.616438356164384,-1.3309798633150076,13.531047265987024,117.25,,,2.2465753424657464,133.1300048828125
2022-08-25,18.711389287391928,極度恐懼,3.03,35.45205479452055,-0.8762028195447145,16.682113067655237,117.78125,,,4.0,126.33000183105467
2022-08-26,16.77553628634665,極度恐懼,3.04,29.424657534246577,-1.0380939555514368,15.477293790546804,117.578125,,,5.4246575342465775,122.9499969482422
2022-08-27,16.90339016762519,極度恐懼,3.04,29.80821917808219,-1.029034990346218,15.477293790546804,117.578125,,,5.4246575342465775,122.9499969482422
2022-08-28,17.01297920872108,極度恐懼,3.04,30.136986301369863,-1.0154955144563391,15.477293790546804,117.578125,,,5.4246575342465775,122.9499969482422
2022-08-29,12.376887952230415,極度恐懼,3.12,21.80821917808219,-1.4558743350573944,12.692307692307692,117.03125,,,2.630136986301366,130.13999938964844
2022-08-30,12.787831887442248,極度恐懼,3.11,21.753424657534246,-1.46362312783516,12.884043607532211,117.0,,,3.7260273972602818,127.69000244140624
2022-08-31,12.464430546622324,極度恐懼,3.15,20.328767123287673,-1.5524183358884107,12.187812187812188,116.875,,,4.876712328767113,124.83999633789062
2022-09-01,7.187333214730475,極度恐懼,3.26,11.013698630136986,-2.281734016751257,6.493506493506493,115.984375,,,4.054794520547944,126.58000183105467
2022-09-02,11.833846518778024,極度恐懼,3.2,18.136986301369863,-1.6991071024172564,10.789210789210788,116.65625,,,6.5753424657534225,120.72000122070312
2022-09-03,11.943435559873912,極度恐懼,3.2,18.465753424657535,-1.6825375755487926,10.789210789210788,116.65625,,,6.5753424657534225,120.72000122070312
2022-09-04,11.99823008042186,極度恐懼,3.2,18.63013698630137,-1.671349986777133,10.789210789210788,116.65625,,,6.5753424657534225,120.72000122070312
2022-09-05,12.089554281335102,極度恐懼,3.2,18.904109589041095,-1.659019972729019,10.789210789210788,116.65625,,,6.5753424657534225,120.72000122070312
2022-09-06,5.04892104875534,極度恐懼,3.33,9.04109589041096,-2.518215747385823,4.133064516129032,115.609375,,,1.972602739726028,133.5399932861328
2022-09-07,7.811109883635294,極度恐懼,3.27,13.315068493150688,-2.03142162619143,7.762096774193548,116.171875,,,2.356164383561648,133.1199951171875
2022-09-08,7.812638091029605,極度恐懼,3.29,11.78082191780822,-2.190655214548,6.451612903225806,115.96875,,,5.205479452054789,124.13999938964844
2022-09-09,7.235546472234496,極度恐懼,3.33,10.246575342465754,-2.374743909987067,4.939516129032258,115.734375,,,6.520547945205479,121.54000091552734
2022-09-10,7.2720761525997935,極度恐懼,3.33,10.356164383561644,-2.36115431867674,4.939516129032258,115.734375,,,6.520547945205479,121.54000091552734
2022-09-11,7.462489028274998,極度恐懼,3.33,10.575342465753424,-2.3449860142515355,5.291576673866091,115.734375,,,6.520547945205479,121.54000091552734
2022-09-12,6.624553847380912,極度恐懼,3.37,9.6986301369863,-2.442652420498278,4.366812227074235,115.59375,,,5.808219178082197,123.06999969482422
2022-09-13,3.1415525114155223,極度恐懼,3.42,6.136986301369863,-2.981239434122742,0.0,114.921875,,,3.287671232876704,128.8699951171875
2022-09-14,3.746733065462801,極度恐懼,3.41,6.575342465753424,-2.9217684310088745,0.2265005662514156,114.953125,,,4.438356164383563,125.3499984741211
2022-09-15,3.415525114155251,極度恐懼,3.45,4.767123287671233,-3.2870012027417066,0.0,114.484375,,,5.479452054794521,124.06999969482422
2022-09-16,4.2932599531850695,極度恐懼,3.45,6.027397260273973,-3.0336319080615204,1.8660812294182216,114.75,,,4.986301369863014,124.9499969482422
2022-09-17,4.329789633550366,極度恐懼,3.45,6.136986301369863,-3.0046373926632213,1.8660812294182216,114.75,,,4.986301369863014,124.9499969482422
2022-09-18,4.439378674646257,極度恐懼,3.45,6.465753424657534,-2.9723439471865105,1.8660812294182216,114.75,,,4.986301369863014,124.9499969482422
2022-09-19,2.2283105022831027,極度恐懼,3.49,4.931506849315069,-3.273195930787004,0.0,114.359375,,,1.7534246575342394,133.7899932861328
2022-09-20,1.8447488584474867,極度恐懼,3.57,3.8356164383561646,-3.67285896204663,0.0,113.84375,,,1.6986301369862955,134.66000366210938
2022-09-21,2.1917808219178054,極度恐懼,3.51,3.780821917808219,-3.818378625459877,0.0,113.625,,,2.794520547945197,130.5399932861328
2022-09-22,1.6073059360730593,極度恐懼,3.7,2.3013698630136985,-4.511361771727106,0.0,112.75,,,2.520547945205479,131.92999267578125
2022-09-23,1.1872146118721478,極度恐懼,3.69,2.246575342465753,-4.56873222579398,0.0,112.625,,,1.3150684931506902,137.27999877929688
2022-09-24,1.2237442922374446,極度恐懼,3.69,2.356164383561644,-4.520190111852316,0.0,112.625,,,1.3150684931506902,137.27999877929688
2022-09-25,1.2602739726027414,極度恐懼,3.69,2.4657534246575343,-4.475143393305842,0.0,112.625,,,1.3150684931506902,137.27999877929688
2022-09-26,0.2191780821917797,極度恐懼,3.88,0.547945205479452,-5.490790159054482,0.0,111.359375,,,0.1095890410958873,153.61000061035156
2022-09-27,0.0365296803652962,極度恐懼,3.97,0.0547945205479452,-5.826571211407068,0.0,110.890625,,,0.0547945205479436,158.1199951171875
2022-09-28,4.813401686416225,極度恐懼,3.72,3.3424657534246576,-4.104227539173488,11.042944785276074,112.859375,,,0.0547945205479436,158.99000549316406
2022-09-29,4.035569215500303,極度恐懼,3.76,2.904109589041096,-4.397222963157401,8.76424189307625,112.453125,,,0.4383561643835634,148.13999938964844
2022-09-30,3.305215724410614,極度恐懼,3.83,2.3013698630136985,-4.67471375831505,6.573181419807186,112.0625,,,1.0410958904109575,141.88999938964844
2022-10-01,3.323480564593263,極度恐懼,3.83,2.356164383561644,-4.620049472032338,6.573181419807186,112.0625,,,1.0410958904109575,141.88999938964844
2022-10-02,3.378275085141208,極度恐懼,3.83,2.52054794520548,-4.565322455305909,6.573181419807186,112.0625,,,1.0410958904109575,141.88999938964844
2022-10-03,5.949263443506655,極度恐懼,3.67,4.602739726027397,-3.550307201257562,12.971078001752849,113.203125,,,0.2739726027397182,152.94000244140625
2022-10-04,6.924423420935734,極度恐懼,3.62,5.7534246575342465,-3.2607931336471316,14.636283961437336,113.5,,,0.3835616438356197,151.2100067138672
2022-10-05,4.41908283609267,極度恐懼,3.76,3.6712328767123297,-4.042320507709655,9.202453987730062,112.53125,,,0.3835616438356197,152.00999450683594
2022-10-06,2.9619135661660216,極度恐懼,3.83,2.73972602739726,-4.502308260790285,5.872042068361086,111.9375,,,0.2739726027397182,153.2899932861328
2022-10-07,2.0233793155887434,極度恐懼,3.89,2.0821917808219177,-4.839768041099619,3.3304119193689745,111.484375,,,0.657534246575338,148.4600067138672
2022-10-08,2.0781738361366884,極度恐懼,3.89,2.246575342465753,-4.790600703922385,3.3304119193689745,111.484375,,,0.657534246575338,148.4600067138672
2022-10-09,2.132968356684634,極度恐懼,3.89,2.410958904109589,-4.7452486102285,3.3304119193689745,111.484375,,,0.657534246575338,148.4600067138672
2022-10-10,1.0191012450025798,極度恐懼,3.89,1.6986301369863015,-5.094267239582946,0.7011393514461,111.015625,,,0.657534246575338,148.4600067138672
2022-10-11,1.2162846817859871,極度恐懼,3.93,2.0273972602739727,-4.938849740035214,1.4022787028922,111.140625,,,0.2191780821917888,155.57000732421875
2022-10-12,2.0233793155887443,極度恐懼,3.91,2.684931506849315,-4.599545393769221,3.3304119193689745,111.484375,,,0.0547945205479436,160.72000122070312
2022-10-13,1.019101245002583,極度恐懼,3.97,2.0273972602739727,-4.959699167016239,0.7011393514461,111.015625,,,0.3287671232876761,155.0800018310547
2022-10-14,0.6392694063926936,極度恐懼,4.0,1.36986301369863,-5.277278751919082,0.0,110.59375,,,0.5479452054794507,152.88999938964844
2022-10-15,0.6757990867579903,極度恐懼,4.0,1.4794520547945205,-5.233651666859463,0.0,110.59375,,,0.5479452054794507,152.88999938964844
2022-10-16,0.7305936073059356,極度恐懼,4.0,1.643835616438356,-5.199838419165116,0.0,110.59375,,,0.5479452054794507,152.88999938964844
2022-10-17,1.150921114785074,極度恐懼,4.02,1.9178082191780823,-5.078316752518202,0.603448275862069,110.703125,,,0.9315068493150704,150.4199981689453
2022-10-18,1.8532514564635496,極度恐懼,4.01,2.410958904109589,-4.872949501447415,1.7241379310344829,110.90625,,,1.4246575342465777,145.7899932861328
2022-10-19,0.58447488584475,極度恐懼,4.14,0.3835616438356164,-5.609174788210584,0.0,110.0,,,1.3698630136986338,147.72999572753906
2022-10-20,0.1095890410958878,極度恐懼,4.24,0.0547945205479452,-6.111662597590754,0.0,109.359375,,,0.2739726027397182,155.61000061035156
2022-10-21,0.917679230193744,極度恐懼,4.21,0.273972602739726,-5.691422657035123,2.2598870056497176,109.796875,,,0.2191780821917888,156.9499969482422
2022-10-22,0.9724737507416892,極度恐懼,4.21,0.4383561643835616,-5.646747437813055,2.2598870056497176,109.796875,,,0.2191780821917888,156.9499969482422
2022-10-23,1.0272682712896346,極度恐懼,4.21,0.6027397260273972,-5.602029872047557,2.2598870056497176,109.796875,,,0.2191780821917888,156.9499969482422
2022-10-24,1.0292436454498253,極度恐懼,4.25,0.547945205479452,-5.612856542293714,1.937046004842615,109.734375,,,0.6027397260274086,154.02000427246094
2022-10-25,3.5692799834894138,極度恐懼,4.1,2.8493150684931505,-4.8587133068723265,6.214689265536723,110.5625,,,1.6438356164383665,147.77999877929688
2022-10-26,5.232854599931451,極度恐懼,4.04,4.219178082191781,-4.358353510895883,8.958837772397095,111.09375,,,2.520547945205479,140.1999969482422
2022-10-27,6.657010919838876,極度恐懼,3.96,5.6438356164383565,-3.8097165643220743,12.025827280064568,111.6875,,,2.3013698630137043,142.77999877929688
2022-10-28,4.907050537884064,極度恐懼,4.02,4.219178082191781,-4.360019903455314,8.47457627118644,111.0,,,2.027397260273972,144.60000610351562
2022-10-29,4.998374738797306,極度恐懼,4.02,4.493150684931506,-4.3181808386382174,8.47457627118644,111.0,,,2.027397260273972,144.60000610351562
2022-10-30,5.034904419162603,極度恐懼,4.02,4.602739726027397,-4.279813388753304,8.47457627118644,111.0,,,2.027397260273972,144.60000610351562
2022-10-31,3.824000058966397,極度恐懼,4.1,3.4520547945205484,-4.5899281041029285,6.376109765940274,110.59375,,,1.6438356164383665,147.9199981689453
2022-11-01,3.8336263225977647,極度恐懼,4.07,3.6712328767123297,-4.557709881331669,6.2953995157385,110.578125,,,1.5342465753424648,148.4199981689453
2022-11-02,4.46228177827899,極度恐懼,4.1,4.054794520547945,-4.465096295944468,6.5375302663438255,110.625,,,2.794520547945197,141.1699981689453
2022-11-03,3.2573035405633495,極度恐懼,4.14,2.73972602739726,-4.917193434236513,3.470540758676352,110.03125,,,3.5616438356164366,136.27999877929688
2022-11-04,4.160919286064399,極度恐懼,4.17,2.958904109589041,-4.843047097760226,3.5512510088781277,110.046875,,,5.972602739726028,128.44000244140625
2022-11-05,4.2705083271602895,極度恐懼,4.17,3.287671232876712,-4.782325609566164,3.5512510088781277,110.046875,,,5.972602739726028,128.44000244140625
2022-11-06,4.325302847708235,極度恐懼,4.17,3.4520547945205484,-4.7215265767822965,3.5512510088781277,110.046875,,,5.972602739726028,128.44000244140625
2022-11-07,3.3883710902517468,極度恐懼,4.22,2.410958904109589,-5.005610043494087,1.452784503631961,109.640625,,,6.30136986301369,128.3300018310547
2022-11-08,5.511501118293495,極度恐懼,4.14,4.657534246575342,-4.3924736368138575,4.808475957620212,110.28125,,,7.06849315068493,126.33000183105467
2022-11-09,6.122681076092334,極度恐懼,4.12,5.0410958904109595,-4.299151554579705,5.052974735126324,110.328125,,,8.273972602739718,124.4000015258789
2022-11-10,14.126908634863222,極度恐懼,3.82,13.589041095890412,-2.3670532394451724,16.462917685411576,112.515625,,,12.328767123287676,111.69000244140624
2022-11-11,13.335387569637495,極度恐懼,3.82,12.273972602739724,-2.507356706973024,15.403422982885084,112.3125,,,12.328767123287676,111.69000244140624
2022-11-12,13.49977113128133,極度恐懼,3.82,12.767123287671234,-2.4713764072995077,15.403422982885084,112.3125,,,12.328767123287676,111.69000244140624
2022-11-13,13.77018013279362,極度恐懼,3.82,13.205479452054794,-2.43028407610112,15.776293823038396,112.3125,,,12.328767123287676,111.69000244140624
2022-11-14,12.68228791155972,極度恐懼,3.88,12.0,-2.5489373814454033,15.526315789473683,112.125,,,10.52054794520548,119.98999786376952
2022-11-15,13.574220577337854,極度恐懼,3.8,16.21917808219178,-2.1254164153229915,18.5856754306437,112.5625,,,5.9178082191780845,128.6199951171875
2022-11-16,17.647263471598684,極度恐懼,3.67,24.876712328767123,-1.532103388437301,22.969187675070028,113.203125,,,5.095890410958901,130.8300018310547
2022-11-17,13.98738937863562,極度恐懼,3.77,17.534246575342465,-1.9939499483863827,19.606003752345217,112.625,,,4.821917808219183,132.17999267578125
2022-11-18,12.837578280946138,極度恐懼,3.82,15.123287671232877,-2.2363087303098683,17.636022514071296,112.296875,,,5.753424657534239,129.3300018310547
2022-11-19,12.965432162224678,極度恐懼,3.82,15.506849315068491,-2.1930956245869715,17.636022514071296,112.296875,,,5.753424657534239,129.3300018310547
2022-11-20,13.512101829229232,極度恐懼,3.82,15.945205479452056,-2.1510166382754425,18.837675350701403,112.296875,,,5.753424657534239,129.3300018310547
2022-11-21,13.548152970345024,極度恐懼,3.83,16.65753424657534,-2.098801214258157,19.11021233569262,112.3125,,,4.876712328767113,132.1300048828125
2022-11-22,15.37574506789294,極度恐懼,3.76,20.65753424657534,-1.8046043789669235,21.03134479271992,112.609375,,,4.438356164383563,133.52999877929688
2022-11-23,17.742805564404797,極度恐懼,3.71,26.35616438356164,-1.4639332642713,23.25581395348837,112.953125,,,3.61643835616438,136.1999969482422
2022-11-24,17.925453966231284,極度恐懼,3.71,26.9041095890411,-1.4162028177864856,23.25581395348837,112.953125,,,3.61643835616438,136.1999969482422
2022-11-25,19.50036705126252,極度恐懼,3.68,28.767123287671232,-1.3007453881224742,23.761375126390295,113.03125,,,5.972602739726028,129.60000610351562
2022-11-26,19.7195451334543,極度恐懼,3.68,29.424657534246577,-1.2534289658064353,23.761375126390295,113.03125,,,5.972602739726028,129.60000610351562
2022-11-27,20.840162376659116,極度恐懼,3.68,30.46575342465753,-1.2076861895064344,26.082130965593787,113.03125,,,5.972602739726028,129.60000610351562
2022-11-28,20.19668872115056,極度恐懼,3.69,29.424657534246577,-1.255383337341234,25.850340136054424,112.921875,,,5.31506849315069,131.72999572753906
2022-11-29,19.084376520775734,極度恐懼,3.75,27.452054794520546,-1.3798616966710262,24.37641723356009,112.71875,,,5.4246575342465775,131.22999572753906
2022-11-30,24.95572670075542,極度恐懼,3.68,38.84931506849315,-0.8885290030310663,28.456221198156683,113.21875,,,7.561643835616437,127.2699966430664
2022-12-01,35.9580858869797,恐懼,3.53,59.83561643835616,0.1032370225698227,36.531791907514446,114.296875,,,11.506849315068491,119.7699966430664
2022-12-02,36.861086916356534,恐懼,3.51,61.698630136986296,0.205586430638397,36.99421965317919,114.359375,,,11.890410958904113,118.62000274658205
2022-12-03,37.33597276110539,恐懼,3.51,63.12328767123287,0.2532425123059901,36.99421965317919,114.359375,,,11.890410958904113,118.62000274658205
2022-12-04,37.664739884393065,恐懼,3.51,64.10958904109589,0.3024834560516442,36.99421965317919,114.359375,,,11.890410958904113,118.62000274658205
2022-12-05,30.13265763982369,恐懼,3.6,51.178082191780824,-0.3233526891580303,31.32947976878613,113.59375,,,7.890410958904113,126.5
2022-12-06,34.10552432232692,恐懼,3.51,60.71232876712329,0.1575746669095433,35.028901734104046,114.09375,,,6.5753424657534225,129.08999633789062
2022-12-07,40.541716155937394,恐懼,3.42,75.45205479452055,0.8712996932831886,40.69364161849711,114.859375,,,5.479452054794521,131.10000610351562
2022-12-08,36.00684931506849,恐懼,3.48,64.21917808219179,0.3178103372918699,37.5,114.1875,,,6.30136986301369,129.5399932861328
2022-12-09,32.53761581770625,恐懼,3.57,57.91780821917808,0.0410875681542809,34.70873786407767,113.828125,,,4.986301369863014,132.7899932861328
2022-12-10,32.82985326062863,恐懼,3.57,58.7945205479452,0.0801190465723601,34.70873786407767,113.828125,,,4.986301369863014,132.7899932861328
2022-12-11,33.35944196991344,恐懼,3.57,60.0,0.1225934844036909,35.0920245398773,113.828125,,,4.986301369863014,132.7899932861328
2022-12-12,31.4699153348554,恐懼,3.61,56.49315068493151,-0.0421280494713136,35.28645833333333,113.59375,,,2.630136986301366,141.92999267578125
2022-12-13,40.72248382800608,恐懼,3.51,74.9041095890411,0.8198732613042072,43.09895833333333,114.53125,,,4.164383561643831,135.0800018310547
2022-12-14,42.898164003044144,恐懼,3.49,74.41095890410959,0.7840378997514642,42.44791666666667,114.453125,,,11.835616438356167,120.26000213623048
2022-12-15,45.21817922374429,中性,3.44,76.87671232876713,1.036654518228159,44.53125,114.703125,,,14.246575342465746,111.26000213623048
2022-12-16,45.02178462709285,中性,3.48,76.87671232876713,1.0418364694531153,44.27083333333333,114.671875,,,13.917808219178085,113.6500015258789
2022-12-17,45.240962709284624,中性,3.48,77.53424657534246,1.0745662842020185,44.27083333333333,114.671875,,,13.917808219178085,113.6500015258789
2022-12-18,45.38708143074581,中性,3.48,77.97260273972603,1.1104375619971396,44.27083333333333,114.671875,,,13.917808219178085,113.6500015258789
2022-12-19,40.72859589041096,恐懼,3.57,70.52054794520548,0.5972713179662157,39.0625,114.046875,,,12.602739726027394,118.31999969482422
2022-12-20,35.134084855403344,恐懼,3.69,59.23287671232876,0.1110721384309541,34.11458333333333,113.453125,,,12.054794520547944,119.91999816894533
2022-12-21,36.953886035007606,恐懼,3.68,62.246575342465746,0.2449574083064866,35.02604166666667,113.5625,,,13.589041095890408,115.0
2022-12-22,37.36710426179604,恐懼,3.67,62.84931506849315,0.2634692733237022,34.89583333333333,113.546875,,,14.356164383561648,112.0500030517578
2022-12-23,33.21570585996955,恐懼,3.75,54.410958904109584,-0.1149430363953216,30.989583333333332,113.078125,,,14.246575342465746,113.16999816894533
2022-12-24,33.54447298325723,恐懼,3.75,55.397260273972606,-0.0794173264527131,30.989583333333332,113.078125,,,14.246575342465746,113.16999816894533
2022-12-25,33.67232686453577,恐懼,3.75,55.78082191780822,-0.0466274127200052,30.989583333333332,113.078125,,,14.246575342465746,113.16999816894533
2022-12-26,33.94629946727549,恐懼,3.75,56.602739726027394,-0.0144790418632174,30.989583333333332,113.078125,,,14.246575342465746,113.16999816894533
2022-12-27,25.689450152207,恐懼,3.84,43.013698630136986,-0.6430491320052972,24.739583333333336,112.328125,,,9.315068493150676,124.88999938964844
2022-12-28,25.737181316590565,恐懼,3.88,41.64383561643836,-0.7281411109378199,23.567708333333336,112.1875,,,12.0,120.06999969482422
2022-12-29,28.02066685692542,恐懼,3.83,46.41095890410959,-0.4707033108567175,25.651041666666668,112.4375,,,12.0,120.25
2022-12-30,26.73506468797565,恐懼,3.88,44.54794520547945,-0.5579932168569135,24.479166666666664,112.296875,,,11.178082191780833,121.61000061035156
2022-12-31,26.954242770167426,恐懼,3.88,45.20547945205479,-0.5207745067424935,24.479166666666664,112.296875,,,11.178082191780833,121.61000061035156
2023-01-01,27.08209665144597,恐懼,3.88,45.58904109589041,-0.4873861150341976,24.479166666666664,112.296875,,,11.178082191780833,121.61000061035156
2023-01-02,27.52045281582953,恐懼,3.88,46.9041095890411,-0.4541959103531012,24.479166666666664,112.296875,,,11.178082191780833,121.61000061035156
2023-01-03,29.187642694063925,恐懼,3.79,54.08219178082192,-0.1194853043051258,27.34375,112.640625,,,6.136986301369859,129.97000122070312
2023-01-04,35.2912148021309,恐懼,3.69,65.31506849315069,0.3853556002944488,31.901041666666668,113.1875,,,8.657534246575338,125.77999877929688
2023-01-05,35.30693493150685,恐懼,3.71,62.57534246575342,0.2588182849462843,30.46875,113.015625,,,12.876712328767129,119.52999877929688
2023-01-06,45.64438261035008,中性,3.55,81.86301369863014,1.343670110410533,40.49479166666667,114.21875,,,14.575342465753424,113.87000274658205
2023-01-07,45.80876617199391,中性,3.55,82.35616438356165,1.3612075267421602,40.49479166666667,114.21875,,,14.575342465753424,113.87000274658205
2023-01-08,45.9183552130898,中性,3.55,82.68493150684931,1.3787510137875123,40.49479166666667,114.21875,,,14.575342465753424,113.87000274658205
2023-01-09,48.087923325722976,中性,3.53,86.68493150684931,1.7464438674744256,43.88020833333333,114.625,,,13.698630136986296,116.66999816894533
2023-01-10,43.63035102739726,恐懼,3.61,79.2876712328767,1.2072740508766324,38.671875,114.0,,,12.93150684931507,119.5199966430664
2023-01-11,47.31138222983257,中性,3.54,85.42465753424658,1.606729239986102,42.31770833333333,114.4375,,,14.191780821917805,115.16999816894533
2023-01-12,51.6619101978691,中性,3.43,90.57534246575342,2.3178921876023195,48.95833333333333,115.234375,,,15.45205479452055,112.33999633789062
2023-01-13,49.410055175038046,中性,3.49,88.05479452054794,1.9086964677571736,45.05208333333333,114.765625,,,15.123287671232871,113.5500030517578
2023-01-14,49.410055175038046,中性,3.49,88.05479452054794,1.9157100881706224,45.05208333333333,114.765625,,,15.123287671232871,113.5500030517578
2023-01-15,49.42832001522069,中性,3.49,88.10958904109589,1.9217063677962416,45.05208333333333,114.765625,,,15.123287671232871,113.5500030517578
2023-01-16,49.42832001522069,中性,3.49,88.10958904109589,1.922837820435969,45.05208333333333,114.765625,,,15.123287671232871,113.5500030517578
2023-01-17,47.57886225266363,中性,3.53,87.2876712328767,1.8416138794341892,44.27083333333333,114.671875,,,11.178082191780833,122.2699966430664
2023-01-18,54.770238774733635,中性,3.37,94.02739726027396,2.927480666062076,54.557291666666664,115.90625,,,15.726027397260282,112.61000061035156
2023-01-19,53.19220890410958,中性,3.39,92.6027397260274,2.685102349339689,52.34375,115.640625,,,14.630136986301366,114.52999877929688
2023-01-20,50.52694539573821,中性,3.48,89.58904109589041,2.169478130958967,47.52604166666667,115.0625,,,14.465753424657535,114.76000213623048
2023-01-21,50.50868055555557,中性,3.48,89.53424657534246,2.1672101525682153,47.52604166666667,115.0625,,,14.465753424657535,114.76000213623048
2023-01-22,50.49041571537291,中性,3.48,89.47945205479452,2.1621075693187377,47.52604166666667,115.0625,,,14.465753424657535,114.76000213623048
2023-01-23,48.6085664003044,中性,3.52,86.79452054794521,1.8230487429986273,44.40104166666667,114.6875,,,14.630136986301366,114.69000244140624
2023-01-24,50.823701484018265,中性,3.46,89.20547945205479,2.118040798390523,47.265625,115.03125,,,16.0,112.76000213623048
2023-01-25,51.82158485540335,中性,3.46,89.8082191780822,2.1977863479623094,48.17708333333333,115.140625,,,17.47945205479452,107.73999786376952
2023-01-26,50.60197869101978,中性,3.49,87.72602739726028,1.9319791582312733,45.83333333333333,114.859375,,,18.24657534246576,104.27999877929688
2023-01-27,49.37785388127855,中性,3.52,85.64383561643835,1.6957894199776824,43.75,114.609375,,,18.739726027397268,100.6999969482422
2023-01-28,49.25000000000001,中性,3.52,85.26027397260275,1.68146627585496,43.75,114.609375,,,18.739726027397268,100.6999969482422
2023-01-29,49.12214611872147,中性,3.52,84.87671232876713,1.658016611210954,43.75,114.609375,,,18.739726027397268,100.6999969482422
2023-01-30,46.62164668949771,中性,3.55,80.54794520547945,1.3425883844821929,41.015625,114.28125,,,18.30136986301369,103.7699966430664
2023-01-31,48.53296232876712,中性,3.52,83.56164383561644,1.538497346615768,42.96875,114.515625,,,19.06849315068493,99.54000091552734
2023-02-01,53.87233637747337,中性,3.39,90.84931506849315,2.3754540478127044,51.041666666666664,115.484375,,,19.726027397260268,97.33000183105467
2023-02-02,54.04594748858447,中性,3.4,91.013698630137,2.405554244616756,51.5625,115.546875,,,19.561643835616437,97.76000213623048
2023-02-03,47.6880707762557,中性,3.53,81.53424657534246,1.3915410960421426,42.1875,114.421875,,,19.342465753424648,98.98999786376952
2023-02-04,47.61501141552511,中性,3.53,81.31506849315069,1.374585669623233,42.1875,114.421875,,,19.342465753424648,98.98999786376952
2023-02-05,47.50542237442922,中性,3.53,80.98630136986301,1.3658294584631203,42.1875,114.421875,,,19.342465753424648,98.98999786376952
2023-02-06,40.03141647640791,恐懼,3.63,67.67123287671232,0.5491445017446546,34.50520833333333,113.5,,,17.917808219178085,105.62999725341795
2023-02-07,37.503614916286146,恐懼,3.67,61.80821917808219,0.3088299453208207,32.29166666666667,113.234375,,,18.41095890410959,103.1500015258789
2023-02-08,39.076935882800605,恐懼,3.63,64.65753424657534,0.4506299962355289,33.72395833333333,113.40625,,,18.849315068493155,100.75
2023-02-09,35.38686738964992,恐懼,3.67,56.93150684931507,0.1074972406089374,30.598958333333332,113.03125,,,18.63013698630137,102.4499969482422
2023-02-10,31.92972317351598,恐懼,3.74,50.84931506849315,-0.2054560992565494,27.734375,112.6875,,,17.20547945205479,109.62999725341795
2023-02-11,31.856663812785385,恐懼,3.74,50.630136986301366,-0.2139616330153971,27.734375,112.6875,,,17.20547945205479,109.62999725341795
2023-02-12,31.783604452054792,恐懼,3.74,50.41095890410959,-0.2257786041569785,27.734375,112.6875,,,17.20547945205479,109.62999725341795
2023-02-13,32.29972888127853,恐懼,3.72,51.50684931506849,-0.1543747821323619,28.515625,112.78125,,,16.876712328767113,110.66999816894533
2023-02-14,27.881230974124815,恐懼,3.77,41.97260273972603,-0.5614701355207825,24.739583333333336,112.328125,,,16.93150684931507,110.58999633789062
2023-02-15,25.60226407914764,恐懼,3.81,36.87671232876713,-0.8176904394394545,22.395833333333336,112.046875,,,17.534246575342465,108.63999938964844
2023-02-16,23.52440068493151,極度恐懼,3.86,32.657534246575345,-0.965095901080708,21.09375,111.890625,,,16.821917808219183,111.01000213623048
2023-02-17,24.887580859969564,極度恐懼,3.82,35.50684931506849,-0.8781575727538823,22.005208333333336,112.0,,,17.15068493150686,110.11000061035156
2023-02-18,24.74146213850837,極度恐懼,3.82,35.06849315068493,-0.8880255921276796,22.005208333333336,112.0,,,17.15068493150686,110.11000061035156
2023-02-19,24.558813736681895,極度恐懼,3.82,34.52054794520548,-0.897124357518047,22.005208333333336,112.0,,,17.15068493150686,110.11000061035156
2023-02-20,24.504019216133944,極度恐懼,3.82,34.35616438356164,-0.904796716586617,22.005208333333336,112.0,,,17.15068493150686,110.11000061035156
2023-02-21,15.67154204718417,極度恐懼,3.95,19.89041095890411,-1.7416662888208916,14.192708333333334,111.0625,,,12.93150684931507,119.62000274658205
2023-02-22,16.792760654490106,極度恐懼,3.93,21.53424657534247,-1.630090438947901,15.364583333333334,111.203125,,,13.47945205479452,118.20999908447266
2023-02-23,18.375309170471844,極度恐懼,3.88,24.0,-1.4342069185115711,17.317708333333336,111.4375,,,13.808219178082195,117.4499969482422
2023-02-24,13.746670471841709,極度恐懼,3.95,17.424657534246577,-1.8980834542045475,13.020833333333334,110.921875,,,10.794520547945211,122.83999633789062
2023-02-25,13.71014079147641,極度恐懼,3.95,17.315068493150683,-1.9058915606179845,13.020833333333334,110.921875,,,10.794520547945211,122.83999633789062
2023-02-26,13.673611111111114,極度恐懼,3.95,17.205479452054796,-1.9141321024171771,13.020833333333334,110.921875,,,10.794520547945211,122.83999633789062
2023-02-27,15.833761415525112,極度恐懼,3.92,20.0,-1.724715356753242,14.84375,111.140625,,,12.657534246575338,120.02999877929688
2023-02-28,15.372621765601217,極度恐懼,3.92,20.493150684931507,-1.6976260425716327,15.104166666666666,111.171875,,,10.52054794520548,123.5999984741211
2023-03-01,12.10913717656012,極度恐懼,4.01,14.136986301369864,-2.228677671881878,10.026041666666668,110.5625,,,12.164383561643833,121.08000183105467
2023-03-02,9.199747907153728,極度恐懼,4.08,11.506849315068491,-2.636954954875286,6.119791666666666,110.09375,,,9.972602739726028,124.12000274658205
2023-03-03,12.33302416286149,極度恐懼,3.97,14.794520547945206,-2.137119686219712,10.807291666666668,110.65625,,,11.397260273972591,122.5199966430664
2023-03-04,12.369553843226784,極度恐懼,3.97,14.904109589041097,-2.1347395418767077,10.807291666666668,110.65625,,,11.397260273972591,122.5199966430664
2023-03-05,12.369553843226784,極度恐懼,3.97,14.904109589041097,-2.1351723040050197,10.807291666666668,110.65625,,,11.397260273972591,122.5199966430664
2023-03-06,10.666214802130895,極度恐懼,3.98,14.246575342465754,-2.217977078434558,10.026041666666668,110.5625,,,7.7260273972602675,128.19000244140625
2023-03-07,9.531440258751903,極度恐懼,3.97,14.027397260273972,-2.25867718527101,9.635416666666668,110.515625,,,4.93150684931507,133.3300018310547
2023-03-08,9.741390791476409,極度恐懼,3.98,13.589041095890412,-2.3168686566075163,9.114583333333332,110.453125,,,6.520547945205479,129.75999450683594
2023-03-09,13.075580289193304,極度恐懼,3.93,18.465753424657535,-1.8261306921499572,13.802083333333334,111.015625,,,6.958904109589042,129.27999877929688
2023-03-10,25.23556411719939,恐懼,3.7,45.47945205479452,-0.4210828792785165,27.213541666666668,112.625,,,3.013698630136986,140.05999755859375
2023-03-11,25.10771023592085,恐懼,3.7,45.09589041095891,-0.4392386530014666,27.213541666666668,112.625,,,3.013698630136986,140.05999755859375
2023-03-12,24.870267313546425,極度恐懼,3.7,44.38356164383562,-0.4602470707030593,27.213541666666668,112.625,,,3.013698630136986,140.05999755859375
2023-03-13,37.71960616438355,恐懼,3.55,73.31506849315068,0.8517659896643839,39.84375,114.140625,,,0.0,173.58999633789062
2023-03-14,30.2640553652968,恐懼,3.64,57.534246575342465,0.1263242513852608,33.203125,113.34375,,,0.0547945205479436,169.64999389648438
2023-03-15,40.13800894216134,恐懼,3.51,77.26027397260275,1.1609355937443055,43.09895833333333,114.53125,,,0.0547945205479436,169.64999389648438
2023-03-16,33.06818398021309,恐懼,3.56,63.23287671232877,0.3785516122942583,35.80729166666667,113.65625,,,0.1643835616438309,167.9600067138672
2023-03-17,44.253067922374434,恐懼,3.39,84.7123287671233,1.6555169365155251,48.046875,115.125,,,0.0,180.11000061035156
2023-03-18,44.18000856164383,恐懼,3.39,84.4931506849315,1.635324510224774,48.046875,115.125,,,0.0,180.11000061035156
2023-03-19,44.12521404109589,恐懼,3.39,84.32876712328768,1.6137947622005455,48.046875,115.125,,,0.0,180.11000061035156
2023-03-20,39.94632324961949,恐懼,3.47,76.21917808219179,1.1303878751642251,43.61979166666667,114.59375,,,0.0,182.63999938964844
2023-03-21,32.440306316590565,恐懼,3.59,61.15068493150685,0.2861457578395059,35.67708333333333,113.640625,,,0.493150684931507,162.30999755859375
2023-03-22,33.78974029680365,恐懼,3.48,61.97260273972602,0.3473413331774397,36.328125,113.71875,,,3.0684931506849296,142.83999633789062
2023-03-23,49.05117960426179,中性,3.38,90.35616438356163,2.31993180692892,55.208333333333336,115.984375,,,1.5890410958904084,151.39999389648438
2023-03-24,49.142694063926946,中性,3.38,90.95890410958904,2.402652023358441,56.25,116.109375,,,0.2191780821917888,173.66000366210938
2023-03-25,49.05136986301371,中性,3.38,90.68493150684932,2.3751136582812062,56.25,116.109375,,,0.2191780821917888,173.66000366210938
2023-03-26,48.9783105022831,中性,3.38,90.46575342465754,2.3477028718509265,56.25,116.109375,,,0.2191780821917888,173.66000366210938
2023-03-27,42.4560502283105,恐懼,3.53,79.78082191780823,1.3390693165293233,46.875,114.984375,,,0.7123287671232816,161.6699981689453
2023-03-28,39.82082382039574,恐懼,3.55,74.3013698630137,1.024092669536523,44.01041666666667,114.640625,,,1.150684931506845,155.9600067138672
2023-03-29,39.4439450152207,恐懼,3.57,73.20547945205479,0.916481354819598,43.09895833333333,114.53125,,,2.027397260273972,150.5800018310547
2023-03-30,40.323011796042614,恐懼,3.55,73.6986301369863,0.9467769716352338,43.48958333333333,114.578125,,,3.7808219178082254,141.24000549316406
2023-03-31,43.031297564687975,恐懼,3.48,77.75342465753424,1.2361407654470795,46.35416666666667,114.921875,,,4.986301369863014,135.92999267578125
2023-04-01,42.93997336377473,恐懼,3.48,77.47945205479452,1.2226540566131237,46.35416666666667,114.921875,,,4.986301369863014,135.92999267578125
2023-04-02,42.88517884322679,恐懼,3.48,77.31506849315069,1.2083910356473675,46.35416666666667,114.921875,,,4.986301369863014,135.92999267578125
2023-04-03,46.589183789954326,中性,3.43,84.4931506849315,1.6566638013676416,50.78125,115.453125,,,4.493150684931507,138.1699981689453
2023-04-04,50.13605878995434,中性,3.35,90.3013698630137,2.3364624815821817,57.421875,116.25,,,2.684931506849324,147.75
2023-04-05,51.2849600456621,中性,3.3,92.27397260273972,2.608830548138269,60.15625,116.578125,,,1.4246575342465777,153.89999389648438
2023-04-06,51.56345129375952,中性,3.3,92.0,2.5655269824751694,59.895833333333336,116.546875,,,2.794520547945197,147.72999572753906
2023-04-07,51.49039193302893,中性,3.39,91.78082191780824,2.5497336649094327,59.895833333333336,116.546875,,,2.794520547945197,147.72999572753906
2023-04-08,51.435597412480966,中性,3.39,91.61643835616438,2.5339452103904767,59.895833333333336,116.546875,,,2.794520547945197,147.72999572753906
2023-04-09,51.417332572298314,中性,3.39,91.56164383561644,2.5126385068200605,59.895833333333336,116.546875,,,2.794520547945197,147.72999572753906
2023-04-10,47.11791861106929,中性,3.41,83.45205479452055,1.5954037596208437,54.12087912087912,115.515625,,,3.7808219178082254,143.0
2023-04-11,46.486652616789605,中性,3.43,81.97260273972603,1.4680436125701697,52.88461538461539,115.375,,,4.602739726027394,139.77999877929688
2023-04-12,49.767825781524415,中性,3.41,85.15068493150685,1.745767760785183,55.769230769230774,115.703125,,,8.38356164383562,129.67999267578125
2023-04-13,51.856653620352255,中性,3.45,82.35616438356165,1.5143205396072108,58.03571428571429,115.453125,,,15.178082191780817,119.9499969482422
2023-04-14,47.14068275712111,中性,3.52,73.20547945205479,0.9849293284083191,52.38095238095239,114.859375,,,15.835616438356157,118.83999633789062
2023-04-15,47.12241791693847,中性,3.52,73.15068493150685,0.9776049776972828,52.38095238095239,114.859375,,,15.835616438356157,118.83999633789062
2023-04-16,47.06762339639052,中性,3.52,72.98630136986301,0.9686174537942616,52.38095238095239,114.859375,,,15.835616438356157,118.83999633789062
2023-04-17,42.26841075290967,恐懼,3.6,65.42465753424658,0.5303011156542144,48.1203007518797,114.359375,,,13.260273972602748,122.69000244140624
2023-04-18,43.5278607477598,恐懼,3.58,68.10958904109589,0.6399641338782064,49.32330827067669,114.484375,,,13.150684931506843,122.77999877929688
2023-04-19,40.16165211273435,恐懼,3.6,61.58904109589041,0.3826297941359369,46.67673716012085,114.1875,,,12.219178082191789,124.0199966430664
2023-04-20,45.690490971043886,中性,3.54,70.95890410958904,0.7948203165435312,51.20845921450151,114.65625,,,14.9041095890411,120.61000061035156
2023-04-21,43.953841272468935,恐懼,3.57,67.78082191780823,0.6314257959305652,49.39577039274924,114.46875,,,14.684931506849324,120.83999633789062
2023-04-22,43.97210611265157,恐懼,3.57,67.83561643835615,0.6328634019457351,49.39577039274924,114.46875,,,14.684931506849324,120.83999633789062
2023-04-23,43.91731159210363,恐懼,3.57,67.67123287671232,0.6298776507717397,49.39577039274924,114.46875,,,14.684931506849324,120.83999633789062
2023-04-24,46.25508186460689,中性,3.52,73.0958904109589,0.9769159518255464,54.98442367601246,114.875,,,10.68493150684931,126.27999877929688
2023-04-25,52.83497701849805,中性,3.4,85.36986301369863,1.771267736846505,67.87479406919276,115.796875,,,5.260273972602732,137.1300048828125
2023-04-26,51.88327954683939,中性,3.43,82.46575342465754,1.5372701509259874,65.23887973640856,115.546875,,,7.945205479452056,130.38999938964844
2023-04-27,48.80495759947814,中性,3.53,71.01369863013699,0.811544603651238,61.42857142857143,114.734375,,,13.972602739726028,122.43000030517578
2023-04-28,52.43542074363992,中性,3.44,76.54794520547945,1.2082949895785566,66.78571428571428,115.203125,,,13.972602739726028,122.45999908447266
2023-04-29,52.30756686236138,中性,3.44,76.16438356164383,1.1931819429530084,66.78571428571428,115.203125,,,13.972602739726028,122.45999908447266
2023-04-30,53.120119280588945,中性,3.44,76.0,1.1780734092001917,69.38775510204081,115.203125,,,13.972602739726028,122.45999908447266
2023-05-01,45.387416236731305,中性,3.59,65.20547945205479,0.5452052779646823,61.038961038961034,114.5,,,9.917808219178085,128.17999267578125
2023-05-02,53.391821485754946,中性,3.44,81.42465753424658,1.4541579743846056,73.65491651205936,115.5625,,,5.095890410958901,137.5500030517578
2023-05-03,56.304877118967134,貪婪,3.38,84.98630136986301,1.731157656140458,77.73654916512059,115.90625,,,6.191780821917803,134.5
2023-05-04,60.50186641665365,貪婪,3.37,89.53424657534246,2.2765162150779132,87.6425855513308,116.5625,,,4.328767123287662,140.7100067138672
2023-05-05,55.85606889247705,中性,3.44,82.02739726027397,1.511793789879637,77.3764258555133,115.71875,,,8.164383561643845,130.2100067138672
2023-05-06,55.78300953174644,中性,3.44,81.80821917808218,1.4874224661306608,77.3764258555133,115.71875,,,8.164383561643845,130.2100067138672
2023-05-07,57.45716969375703,貪婪,3.44,81.31506849315069,1.4630628418864124,82.89205702647658,115.71875,,,8.164383561643845,130.2100067138672
2023-05-08,51.51312435218646,中性,3.52,72.27397260273972,0.9656319618481148,76.07361963190185,115.171875,,,6.191780821917803,135.07000732421875
2023-05-09,52.040706670843655,中性,3.53,72.21917808219177,0.9651678388414008,77.54677754677755,115.1875,,,6.356164383561648,133.92999267578125
2023-05-10,61.35926393085174,貪婪,3.43,82.9041095890411,1.5745840618002909,89.72162740899357,115.90625,,,11.45205479452055,125.5999984741211
2023-05-11,62.12951609906818,貪婪,3.39,84.43835616438356,1.684788382824397,91.64882226980728,116.046875,,,10.301369863013704,128.2100067138672
2023-05-12,58.06725137621854,貪婪,3.46,74.73972602739725,1.1421893806724748,83.29764453961455,115.4375,,,16.16438356164383,120.5199966430664
2023-05-13,57.957662335122656,貪婪,3.46,74.41095890410959,1.1335499463942904,83.29764453961455,115.4375,,,16.16438356164383,120.5199966430664
2023-05-14,57.90286781457471,貪婪,3.46,74.24657534246575,1.1277911434612948,83.29764453961455,115.4375,,,16.16438356164383,120.5199966430664
2023-05-15,54.50742256221708,中性,3.5,71.5068493150685,0.941113349684656,81.38528138528139,115.234375,,,10.63013698630138,127.88999938964844
2023-05-16,50.92743481784578,中性,3.54,67.45205479452055,0.6639578413048747,77.05627705627705,114.921875,,,8.273972602739718,130.3000030517578
2023-05-17,49.2670738698136,中性,3.57,59.56164383561644,0.3674711393904747,72.2943722943723,114.578125,,,15.945205479452056,120.77999877929688
2023-05-18,41.70709047421376,恐懼,3.65,47.23287671232877,-0.2014859589472393,63.20346320346321,113.921875,,,14.684931506849324,122.5
2023-05-19,36.06590365494475,恐懼,3.7,39.06849315068493,-0.5079188468774746,58.22510822510822,113.5625,,,10.9041095890411,127.51000213623048
2023-05-20,36.102433335310046,恐懼,3.7,39.178082191780824,-0.4995285090481398,58.22510822510822,113.5625,,,10.9041095890411,127.51000213623048
2023-05-21,36.138963015675344,恐懼,3.7,39.28767123287671,-0.4911367559562968,58.22510822510822,113.5625,,,10.9041095890411,127.51000213623048
2023-05-22,34.080491806519206,恐懼,3.72,37.86301369863014,-0.5648987246236515,56.926406926406926,113.46875,,,7.452054794520549,132.2899932861328
2023-05-23,36.13623514993378,恐懼,3.7,41.64383561643836,-0.4256321486480554,58.87445887445888,113.609375,,,7.890410958904113,131.6999969482422
2023-05-24,33.80924706952104,恐懼,3.73,37.6986301369863,-0.5745010508230225,56.27705627705628,113.421875,,,7.452054794520549,132.2899932861328
2023-05-25,24.72320069580343,極度恐懼,3.83,24.21917808219178,-1.2561619004407842,45.23809523809524,112.625,,,4.712328767123282,139.5399932861328
2023-05-26,22.617209274743516,極度恐懼,3.8,22.465753424657535,-1.4295861412793305,42.2077922077922,112.40625,,,3.178082191780817,145.3699951171875
2023-05-27,22.690268635474112,極度恐懼,3.8,22.684931506849317,-1.4112147278543832,42.2077922077922,112.40625,,,3.178082191780817,145.3699951171875
2023-05-28,22.745063156022056,極度恐懼,3.8,22.84931506849315,-1.3954314587225978,42.2077922077922,112.40625,,,3.178082191780817,145.3699951171875
2023-05-29,22.799857676570003,極度恐懼,3.8,23.013698630136982,-1.377263634449357,42.2077922077922,112.40625,,,3.178082191780817,145.3699951171875
2023-05-30,30.992745458498884,恐懼,3.69,35.78082191780822,-0.6917982366658568,52.81385281385281,113.171875,,,4.38356164383562,141.36000061035156
2023-05-31,36.71980074719801,恐懼,3.64,45.09589041095891,-0.2855409646523708,59.09090909090909,113.625,,,5.972602739726028,136.02000427246094
2023-06-01,42.474213761885,恐懼,3.61,50.79452054794521,-0.0201851992026812,63.20346320346321,113.921875,,,13.424657534246576,124.62999725341795
2023-06-02,34.03198323746269,恐懼,3.69,34.41095890410959,-0.7772154315224213,51.08225108225109,113.046875,,,16.602739726027394,120.9499969482422
2023-06-03,34.05024807764534,恐懼,3.69,34.465753424657535,-0.7663280880531204,51.08225108225109,113.046875,,,16.602739726027394,120.9499969482422
2023-06-04,34.14157227855858,恐懼,3.69,34.73972602739726,-0.7577253972434348,51.08225108225109,113.046875,,,16.602739726027394,120.9499969482422
2023-06-05,35.47126845756982,恐懼,3.69,35.94520547945205,-0.6930497481315702,51.94805194805194,113.109375,,,18.52054794520548,119.08000183105467
2023-06-06,35.54887426120303,恐懼,3.7,35.12328767123288,-0.7445394403934891,50.86580086580087,113.03125,,,20.657534246575334,114.41999816894533
2023-06-07,29.039158710391582,恐懼,3.79,25.6986301369863,-1.1626630363181274,43.93939393939394,112.53125,,,17.47945205479452,120.5
2023-06-08,35.58540394156832,恐懼,3.73,35.78082191780822,-0.7138065179176281,50.86580086580087,113.03125,,,20.109589041095887,115.11000061035156
2023-06-09,31.187135543299927,恐懼,3.75,27.945205479452056,-1.030925570863508,45.67099567099567,112.65625,,,19.945205479452056,115.7699966430664
2023-06-10,31.314989424578467,恐懼,3.75,28.328767123287673,-1.0186430905246948,45.67099567099567,112.65625,,,19.945205479452056,115.7699966430664
2023-06-11,31.388048785309064,恐懼,3.75,28.54794520547945,-1.0127725100524896,45.67099567099567,112.65625,,,19.945205479452056,115.7699966430664
2023-06-12,31.293996718654256,恐懼,3.73,29.47945205479452,-0.9678868499412931,46.32034632034632,112.703125,,,18.082191780821915,119.8000030517578
2023-06-13,25.708434639941487,恐懼,3.84,21.47945205479452,-1.5623695553788175,36.79653679653679,112.015625,,,18.849315068493155,118.8000030517578
2023-06-14,27.816244638162445,恐懼,3.83,22.95890410958904,-1.3918564860841771,39.39393939393939,112.203125,,,21.0958904109589,114.37000274658205
2023-06-15,35.21366304927949,恐懼,3.72,33.205479452054796,-0.8435643477343803,48.05194805194805,112.828125,,,24.38356164383562,107.33999633789062
2023-06-16,30.90944671766589,恐懼,3.77,25.315068493150683,-1.2123662233627612,42.2077922077922,112.40625,,,25.20547945205479,104.43000030517578
2023-06-17,30.92771155784854,恐懼,3.77,25.36986301369863,-1.210412757561513,42.2077922077922,112.40625,,,25.20547945205479,104.43000030517578
2023-06-18,30.94597639803119,恐懼,3.77,25.424657534246577,-1.2078080163121128,42.2077922077922,112.40625,,,25.20547945205479,104.43000030517578
2023-06-19,30.94597639803119,恐懼,3.77,25.424657534246577,-1.2083506820661185,42.2077922077922,112.40625,,,25.20547945205479,104.43000030517578
2023-06-20,33.50586095791575,恐懼,3.74,29.424657534246577,-0.979249447153595,45.887445887445885,112.671875,,,25.20547945205479,104.43000030517578
2023-06-21,30.777955682065272,恐懼,3.72,26.082191780821915,-1.161781603513469,43.073593073593074,112.46875,,,23.17808219178083,110.83999633789062
2023-06-22,34.050169009073116,恐懼,3.8,30.95890410958904,-0.933463536374656,46.75324675324675,112.734375,,,24.438356164383563,107.6999969482422
2023-06-23,38.06669434066694,恐懼,3.74,37.86301369863014,-0.6389204364473527,51.51515151515152,113.078125,,,24.82191780821917,105.73999786376952
2023-06-24,37.95710529957105,恐懼,3.74,37.534246575342465,-0.6464501801735473,51.51515151515152,113.078125,,,24.82191780821917,105.73999786376952
2023-06-25,37.92057561920576,恐懼,3.74,37.42465753424658,-0.6539787827538537,51.51515151515152,113.078125,,,24.82191780821917,105.73999786376952
2023-06-26,39.33614026764712,恐懼,3.72,40.21917808219178,-0.5318874427787331,53.67965367965368,113.234375,,,24.109589041095887,109.0199966430664
2023-06-27,34.33695072051237,恐懼,3.77,31.780821917808225,-0.9000651059536242,48.05194805194805,112.828125,,,23.17808219178083,110.8499984741211
2023-06-28,39.49961454071043,恐懼,3.71,40.10958904109589,-0.5421877864489241,53.896103896103895,113.25,,,24.493150684931507,108.3000030517578
2023-06-29,26.475749722325062,恐懼,3.85,21.698630136986303,-1.5385020680207553,35.810810810810814,112.125,,,21.917808219178085,113.4499969482422
2023-06-30,27.955078366037267,恐懼,3.81,22.63013698630137,-1.4243191212399902,37.83783783783784,112.265625,,,23.39726027397259,110.63999938964844
2023-07-01,27.936813525854618,恐懼,3.81,22.575342465753423,-1.433622918651254,37.83783783783784,112.265625,,,23.39726027397259,110.63999938964844
2023-07-02,27.91854868567197,恐懼,3.81,22.52054794520548,-1.4414107938458829,37.83783783783784,112.265625,,,23.39726027397259,110.63999938964844
2023-07-03,25.282611378501787,恐懼,3.86,19.3972602739726,-1.734757365503904,33.108108108108105,111.9375,,,23.342465753424666,110.7699966430664
2023-07-04,25.246081698136493,恐懼,3.86,19.28767123287671,-1.7442453727629177,33.108108108108105,111.9375,,,23.342465753424666,110.7699966430664
2023-07-05,20.860997984285653,極度恐懼,3.95,14.082191780821915,-2.2603946557130232,24.774774774774773,111.359375,,,23.726027397260268,110.52999877929688
2023-07-06,10.115841869266523,極度恐懼,4.05,9.6986301369863,-2.918346635947231,13.963963963963964,110.609375,,,6.68493150684931,134.6300048828125
2023-07-07,11.20153029742071,極度恐懼,4.06,9.917808219178085,-2.863597066735712,14.864864864864863,110.671875,,,8.821917808219183,130.41000366210938
2023-07-08,11.20153029742071,極度恐懼,4.06,9.917808219178085,-2.863703637063796,14.864864864864863,110.671875,,,8.821917808219183,130.41000366210938
2023-07-09,11.20153029742071,極度恐懼,4.06,9.917808219178085,-2.864449622812911,14.864864864864863,110.671875,,,8.821917808219183,130.41000366210938
2023-07-10,14.1843761569789,極度恐懼,4.01,12.602739726027398,-2.4573132468261942,21.62162162162162,111.140625,,,8.328767123287676,131.72999572753906
2023-07-11,16.264428812374017,極度恐懼,3.99,13.424657534246576,-2.353177354384058,23.423423423423426,111.265625,,,11.945205479452056,127.06999969482422
2023-07-12,27.37060348019252,恐懼,3.86,22.63013698630137,-1.4842221188693927,37.83783783783784,112.265625,,,21.643835616438352,114.06999969482422
2023-07-13,35.80015632070427,恐懼,3.76,35.397260273972606,-0.8015944138477951,49.0990990990991,113.046875,,,22.9041095890411,111.75
2023-07-14,30.258217121230818,恐懼,3.83,25.863013698630137,-1.2261991336863056,42.11711711711711,112.5625,,,22.79452054794521,112.4800033569336
2023-07-15,30.27648196141347,恐懼,3.83,25.917808219178085,-1.2257657608248504,42.11711711711711,112.5625,,,22.79452054794521,112.4800033569336
2023-07-16,30.367806162326712,恐懼,3.83,26.19178082191781,-1.214821835638133,42.11711711711711,112.5625,,,22.79452054794521,112.4800033569336
2023-07-17,30.480277273477473,恐懼,3.81,28.657534246575345,-1.0733554645246357,40.48192771084337,112.71875,,,22.301369863013704,113.5
2023-07-18,31.097540848324808,恐懼,3.8,29.315068493150687,-1.0335520396743498,40.963855421686745,112.75,,,23.013698630136982,112.4499969482422
2023-07-19,35.3598503603455,恐懼,3.75,35.45205479452055,-0.8095433508379666,44.81927710843374,113.0,,,25.808219178082197,107.19000244140624
2023-07-20,25.499257303185345,恐懼,3.85,22.19178082191781,-1.5432617014948646,31.56626506024096,112.140625,,,22.739726027397253,112.8499984741211
2023-07-21,27.40584254827529,恐懼,3.84,23.17808219178082,-1.4409408541364292,33.01204819277108,112.234375,,,26.027397260273972,106.66000366210938
2023-07-22,27.51543158937118,恐懼,3.84,23.506849315068493,-1.4209220952178108,33.01204819277108,112.234375,,,26.027397260273972,106.66000366210938
2023-07-23,27.606755790284424,恐懼,3.84,23.780821917808225,-1.4045764308758704,33.01204819277108,112.234375,,,26.027397260273972,106.66000366210938
2023-07-24,25.80997964460582,恐懼,3.86,22.19178082191781,-1.544645357552734,30.361445783132528,112.0625,,,24.876712328767127,109.9499969482422
2023-07-25,21.14276283215052,極度恐懼,3.91,17.36986301369863,-1.928209747042601,23.373493975903617,111.609375,,,22.68493150684931,113.0199966430664
2023-07-26,27.34400616163283,恐懼,3.86,23.34246575342466,-1.4347648387578742,31.56626506024096,112.140625,,,27.123287671232873,104.87999725341795
2023-07-27,16.976398745667602,極度恐懼,4.01,13.095890410958903,-2.388614487095783,14.21686746987952,111.015625,,,23.61643835616438,111.1500015258789
2023-07-28,20.25218682950982,極度恐懼,3.96,16.383561643835616,-2.0672792019816324,19.27710843373494,111.34375,,,25.0958904109589,109.76000213623048
2023-07-29,20.288716509875115,極度恐懼,3.96,16.493150684931507,-2.034428450763713,19.27710843373494,111.34375,,,25.0958904109589,109.76000213623048
2023-07-30,20.38004071078836,極度恐懼,3.96,16.767123287671232,-2.009317778034464,19.27710843373494,111.34375,,,25.0958904109589,109.76000213623048
2023-07-31,20.372558728062938,極度恐懼,3.97,17.589041095890412,-1.931981232559572,20.24096385542169,111.40625,,,23.28767123287672,112.02999877929688
2023-08-01,15.139351928260988,極度恐懼,4.05,13.26027397260274,-2.374490135090808,12.048192771084338,110.875,,,20.109589041095887,116.37999725341795
2023-08-02,14.847334543654066,極度恐懼,4.08,12.931506849315069,-2.4172879519823143,10.843373493975903,110.796875,,,20.767123287671225,115.1500015258789
2023-08-03,8.613302525169173,極度恐懼,4.2,9.863013698630136,-2.880625352410492,2.1686746987951806,110.234375,,,13.808219178082195,124.5999984741211
2023-08-04,17.746822908070637,極度恐懼,4.05,16.602739726027398,-2.0560922680355547,16.14457831325301,111.140625,,,20.493150684931507,115.91000366210938
2023-08-05,17.83814710898388,極度恐懼,4.05,16.876712328767123,-2.0299752740350927,16.14457831325301,111.140625,,,20.493150684931507,115.91000366210938
2023-08-06,17.947736150079773,極度恐懼,4.05,17.205479452054796,-2.000171944025612,16.14457831325301,111.140625,,,20.493150684931507,115.91000366210938
2023-08-07,16.86284865489355,極度恐懼,4.09,17.534246575342465,-1.9785124550137565,15.903614457831324,111.125,,,17.15068493150686,120.94000244140624
2023-08-08,20.281234527149692,極度恐懼,4.02,21.26027397260274,-1.6945488317507091,20.24096385542169,111.40625,,,19.342465753424648,118.73999786376952
2023-08-09,21.662100456621,極度恐懼,4.0,21.58904109589041,-1.6725459928079878,20.0,111.390625,,,23.39726027397259,112.5500030517578
2023-08-10,18.03619959289211,極度恐懼,4.09,16.054794520547947,-2.1021746977378757,11.80722891566265,110.859375,,,26.246575342465743,108.63999938964844
2023-08-11,12.299279309016889,極度恐懼,4.16,11.726027397260276,-2.6517594465893266,1.4457831325301205,110.1875,,,23.726027397260268,112.12999725341795
2023-08-12,12.37233866974748,極度恐懼,4.16,11.945205479452056,-2.607984708956421,1.4457831325301205,110.1875,,,23.726027397260268,112.12999725341795
2023-08-13,12.427133190295429,極度恐懼,4.16,12.10958904109589,-2.571278255987198,1.4457831325301205,110.1875,,,23.726027397260268,112.12999725341795
2023-08-14,9.881278538812786,極度恐懼,4.19,11.232876712328768,-2.7000729749452645,0.0,110.0,,,18.41095890410959,119.94000244140624
2023-08-15,8.748858447488582,極度恐懼,4.21,9.917808219178085,-2.866576700146007,0.0,109.765625,,,16.328767123287662,121.8000030517578
2023-08-16,9.753424657534248,極度恐懼,4.28,8.986301369863012,-3.0058771909439703,0.0,109.5625,,,20.273972602739732,117.23999786376952
2023-08-17,8.292237442922374,極度恐懼,4.3,7.890410958904109,-3.216628695038009,0.0,109.28125,,,16.986301369863014,121.13999938964844
2023-08-18,11.084606885492748,極度恐懼,4.26,10.3013698630137,-2.862436487510131,4.925053533190578,109.640625,,,18.027397260273972,120.51000213623048
2023-08-19,11.157666246223345,極度恐懼,4.26,10.52054794520548,-2.8264930127027705,4.925053533190578,109.640625,,,18.027397260273972,120.51000213623048
2023-08-20,11.267255287319236,極度恐懼,4.26,10.849315068493151,-2.793970317043763,4.925053533190578,109.640625,,,18.027397260273972,120.51000213623048
2023-08-21,5.497716894977171,極度恐懼,4.34,7.780821917808218,-3.2555793301477856,0.0,109.078125,,,8.712328767123296,130.69000244140625
2023-08-22,6.721461187214609,極度恐懼,4.34,7.890410958904109,-3.23424964121811,0.0,109.0625,,,12.273972602739718,126.6500015258789
2023-08-23,14.883756253619268,極度恐懼,4.19,13.36986301369863,-2.452743526989271,11.226611226611228,109.90625,,,20.054794520547944,118.4000015258789
2023-08-24,13.114193223782266,極度恐懼,4.23,11.726027397260276,-2.696421714318697,7.0686070686070686,109.59375,,,20.54794520547945,117.55999755859376
2023-08-25,13.973703946306683,極度恐懼,4.25,10.95890410958904,-2.800413889271302,4.98960498960499,109.4375,,,25.972602739726028,110.37000274658205
2023-08-26,14.065028147219929,極度恐懼,4.25,11.232876712328768,-2.765653563630472,4.98960498960499,109.4375,,,25.972602739726028,110.37000274658205
2023-08-27,14.17461718831582,極度恐懼,4.25,11.561643835616438,-2.728058538709897,4.98960498960499,109.4375,,,25.972602739726028,110.37000274658205
2023-08-28,15.62346329469617,極度恐懼,4.2,13.205479452054794,-2.5048351599493106,7.6923076923076925,109.640625,,,25.972602739726028,110.4499969482422
2023-08-29,20.827917485451735,極度恐懼,4.12,20.0,-1.8570573963167996,16.839916839916842,110.328125,,,25.643835616438366,110.68000030517578
2023-08-30,21.55099250989662,極度恐懼,4.12,20.712328767123285,-1.7986843832240005,17.255717255717258,110.359375,,,26.684931506849324,109.83999633789062
2023-08-31,23.8400212646788,極度恐懼,4.09,23.83561643835616,-1.5854259643126194,19.95841995841996,110.5625,,,27.72602739726028,107.93000030517578
2023-09-01,21.19803681447517,極度恐懼,4.18,19.3972602739726,-1.9117879491466236,14.553014553014554,110.15625,,,29.643835616438352,102.91999816894533
2023-09-02,21.362420376119005,極度恐懼,4.18,19.89041095890411,-1.8765108233688064,14.553014553014554,110.15625,,,29.643835616438352,102.91999816894533
2023-09-03,21.490274257397544,極度恐懼,4.18,20.273972602739725,-1.846128143012285,14.553014553014554,110.15625,,,29.643835616438352,102.91999816894533
2023-09-04,21.672922659224028,極度恐懼,4.18,20.82191780821918,-1.808287436251995,14.553014553014554,110.15625,,,29.643835616438352,102.91999816894533
2023-09-05,16.26702360948936,極度恐懼,4.27,15.287671232876711,-2.3071726684145757,6.4449064449064455,109.546875,,,27.06849315068493,109.63999938964844
2023-09-06,13.737324257872205,極度恐懼,4.3,13.424657534246576,-2.4934028993783217,2.9106029106029108,109.28125,,,24.876712328767127,111.30999755859376
2023-09-07,17.640114297648545,極度恐懼,4.27,16.547945205479454,-2.157964327756178,7.276507276507277,109.609375,,,29.0958904109589,105.1999969482422
2023-09-08,17.38493815206144,極度恐懼,4.26,16.328767123287673,-2.184481463331316,6.237006237006238,109.53125,,,29.58904109589041,104.33999633789062
2023-09-09,17.512792033339977,極度恐懼,4.26,16.71232876712329,-2.1412226400259993,6.237006237006238,109.53125,,,29.58904109589041,104.33999633789062
2023-09-10,17.750234955714408,極度恐懼,4.26,17.424657534246577,-2.1017538449850415,6.237006237006238,109.53125,,,29.58904109589041,104.33999633789062
2023-09-11,16.392181433277326,極度恐懼,4.29,16.547945205479454,-2.17303831933224,4.5738045738045745,109.40625,,,28.054794520547944,107.2300033569336
2023-09-12,17.84531844805817,極度恐懼,4.27,18.301369863013697,-2.03045344706318,6.029106029106029,109.515625,,,29.20547945205479,105.11000061035156
2023-09-13,19.605198454513523,極度恐懼,4.25,20.493150684931507,-1.873644242526628,7.6923076923076925,109.640625,,,30.63013698630137,101.86000061035156
2023-09-14,17.919441042728714,極度恐懼,4.29,17.753424657534246,-2.0827457458667458,3.9501039501039505,109.359375,,,32.054794520547944,97.11000061035156
2023-09-15,16.57642468601373,極度恐懼,4.33,16.10958904109589,-2.206737783610255,1.4553014553014554,109.171875,,,32.164383561643845,96.61000061035156
2023-09-16,16.759073087840214,極度恐懼,4.33,16.65753424657534,-2.1628082564675903,1.4553014553014554,109.171875,,,32.164383561643845,96.61000061035156
2023-09-17,16.996516010214645,極度恐懼,4.33,17.36986301369863,-2.120265293726057,1.4553014553014554,109.171875,,,32.164383561643845,96.61000061035156
2023-09-18,17.11685130863213,極度恐懼,4.32,18.301369863013697,-2.052071467652097,1.8711018711018712,109.203125,,,31.178082191780817,99.31999969482422
2023-09-19,15.159817351598171,極度恐懼,4.37,14.794520547945206,-2.3481313652474256,0.0,108.828125,,,30.68493150684931,101.30999755859376
2023-09-20,18.67811901605538,極度恐懼,4.35,19.17808219178082,-1.9923546182526424,4.637096774193548,109.1875,,,32.219178082191775,97.04000091552734
2023-09-21,13.6986301369863,極度恐懼,4.49,12.493150684931509,-2.6436479715532566,0.0,108.421875,,,28.60273972602739,106.0
2023-09-22,16.19059115799786,極度恐懼,4.44,14.52054794520548,-2.370943257251159,3.256704980842912,108.6875,,,30.794520547945197,101.11000061035156
2023-09-23,16.373239559824345,極度恐懼,4.44,15.068493150684931,-2.336729925957872,3.256704980842912,108.6875,,,30.794520547945197,101.11000061035156
2023-09-24,16.55588796165083,極度恐懼,4.44,15.616438356164384,-2.303151243036506,3.256704980842912,108.6875,,,30.794520547945197,101.11000061035156
2023-09-25,10.73972602739726,極度恐懼,4.55,11.561643835616438,-2.728601135277916,0.0,108.171875,,,20.657534246575334,117.33000183105467
2023-09-26,10.64840182648402,極度恐懼,4.56,11.452054794520548,-2.7476358075361738,0.0,108.109375,,,20.493150684931507,117.72000122070312
2023-09-27,8.146118721461184,極度恐懼,4.61,8.10958904109589,-3.190372862595287,0.0,107.578125,,,16.328767123287662,122.08999633789062
2023-09-28,11.63527397260274,極度恐懼,4.59,10.027397260273972,-2.9054929919792625,3.125,107.859375,,,21.753424657534257,115.23999786376952
2023-09-29,13.647862760020296,極度恐懼,4.59,12.219178082191782,-2.6922011935823007,5.381944444444445,108.0625,,,23.342465753424666,113.5500030517578
2023-09-30,13.793981481481485,極度恐懼,4.59,12.657534246575342,-2.661742518071474,5.381944444444445,108.0625,,,23.342465753424666,113.5500030517578
2023-10-01,13.92183536276002,極度恐懼,4.59,13.041095890410958,-2.631264768623949,5.381944444444445,108.0625,,,23.342465753424666,113.5500030517578
2023-10-02,6.538812785388125,極度恐懼,4.69,7.835616438356165,-3.252212987668572,0.0,107.328125,,,11.780821917808211,127.58999633789062
2023-10-03,3.5616438356164397,極度恐懼,4.81,6.301369863013699,-3.8234985756013593,0.0,106.640625,,,4.38356164383562,141.6699981689453
2023-10-04,7.745843025760319,極度恐懼,4.73,7.232876712328768,-3.3532407329081177,4.716981132075472,107.109375,,,11.287671232876718,128.22999572753906
2023-10-05,8.26280118319405,極度恐懼,4.72,8.602739726027398,-3.12985902206857,6.761006289308176,107.3125,,,9.424657534246576,130.17999267578125
2023-10-06,7.128830303552454,極度恐懼,4.78,6.794520547945206,-3.509772069705512,2.044025157232704,106.84375,,,12.54794520547945,126.63999938964844
2023-10-07,7.147095143735101,極度恐懼,4.78,6.8493150684931505,-3.4665094574021573,2.044025157232704,106.84375,,,12.54794520547945,126.63999938964844
2023-10-08,7.201889664283047,極度恐懼,4.78,7.013698630136986,-3.4227715489529893,2.044025157232704,106.84375,,,12.54794520547945,126.63999938964844
2023-10-09,12.98541110249562,極度恐懼,4.78,14.3013698630137,-2.4822795240479674,12.10691823899371,107.84375,,,12.54794520547945,126.63999938964844
2023-10-10,10.173429826828638,極度恐懼,4.66,13.6986301369863,-2.5613888691015316,10.849056603773583,107.71875,,,5.972602739726028,136.1699981689453
2023-10-11,13.811292036414804,極度恐懼,4.58,16.10958904109589,-2.327512196335839,13.050314465408803,107.9375,,,12.273972602739718,127.18000030517578
2023-10-12,9.75417133339077,極度恐懼,4.7,10.246575342465754,-2.925667341835178,5.9748427672955975,107.234375,,,13.041095890410958,126.37000274658205
2023-10-13,12.292151288015852,極度恐懼,4.63,14.73972602739726,-2.4523043556022417,10.849056603773583,107.71875,,,11.287671232876718,128.3300018310547
2023-10-14,12.401740329111746,極度恐懼,4.63,15.068493150684931,-2.4173987484967645,10.849056603773583,107.71875,,,11.287671232876718,128.3300018310547
2023-10-15,12.511329370207635,極度恐懼,4.63,15.397260273972602,-2.3821364123976663,10.849056603773583,107.71875,,,11.287671232876718,128.3300018310547
2023-10-16,8.82743172223658,極度恐懼,4.71,11.287671232876711,-2.815503285660379,5.660377358490567,107.203125,,,9.534246575342465,130.16000366210938
2023-10-17,5.369863013698629,極度恐懼,4.83,6.575342465753424,-3.666074133193056,0.0,106.21875,,,9.534246575342465,130.1699981689453
2023-10-18,5.625570776255709,極度恐懼,4.91,6.082191780821917,-3.929368236349637,0.0,105.875,,,10.794520547945211,129.1699981689453
2023-10-19,4.000000000000001,極度恐懼,4.98,5.1506849315068495,-4.292007680470636,0.0,105.421875,,,6.849315068493155,134.6199951171875
2023-10-20,6.092654413363519,極度恐懼,4.93,6.63013698630137,-3.722357076520283,5.182072829131653,106.0,,,6.465753424657535,135.4499969482422
2023-10-21,6.110919253546168,極度恐懼,4.93,6.684931506849315,-3.677519605259568,5.182072829131653,106.0,,,6.465753424657535,135.4499969482422
2023-10-22,6.165713774094113,極度恐懼,4.93,6.8493150684931505,-3.6326403520136017,5.182072829131653,106.0,,,6.465753424657535,135.4499969482422
2023-10-23,9.001087192868015,極度恐懼,4.86,8.986301369863012,-3.1486976590834215,9.523809523809524,106.484375,,,8.493150684931507,131.8300018310547
2023-10-24,9.760024557768316,極度恐懼,4.83,8.657534246575342,-3.219367159588659,8.403361344537815,106.359375,,,12.219178082191789,128.1300048828125
2023-10-25,5.9341800647199525,極度恐懼,4.95,6.575342465753424,-3.7954905220847857,2.2408963585434174,105.671875,,,8.986301369863014,131.2100067138672
2023-10-26,8.85489172838085,極度恐懼,4.86,9.205479452054794,-3.13630029056264,8.26330532212885,106.34375,,,9.0958904109589,130.94000244140625
2023-10-27,10.111149482624098,極度恐懼,4.84,10.136986301369864,-3.0181006299338176,8.96358543417367,106.421875,,,11.23287671232876,129.16000366210938
2023-10-28,10.275533044267933,極度恐懼,4.84,10.63013698630137,-2.971015814114629,8.96358543417367,106.421875,,,11.23287671232876,129.16000366210938
2023-10-29,10.403386925546473,極度恐懼,4.84,11.013698630136986,-2.922778355499612,8.96358543417367,106.421875,,,11.23287671232876,129.16000366210938
2023-10-30,8.481409001956948,極度恐懼,4.88,9.808219178082192,-3.061311795205261,7.142857142857142,106.21875,,,8.493150684931507,131.89999389648438
2023-10-31,10.039983116534286,極度恐懼,4.88,9.863013698630136,-3.0539918642396295,6.722689075630252,106.171875,,,13.534246575342465,126.86000061035156
2023-11-01,16.258521673509584,極度恐懼,4.77,16.21917808219178,-2.388686850233212,12.885154061624648,106.859375,,,19.671232876712324,120.5500030517578
2023-11-02,21.46840105905376,極度恐懼,4.67,24.273972602739725,-1.7834604432494336,18.487394957983195,107.484375,,,21.643835616438352,118.63999938964844
2023-11-03,27.77227786091606,恐懼,4.57,35.45205479452055,-0.9556246922269268,26.330532212885156,108.359375,,,21.534246575342465,118.73999786376952
2023-11-04,28.009720783290486,恐懼,4.57,36.16438356164384,-0.9273259435261508,26.330532212885156,108.359375,,,21.534246575342465,118.73999786376952
2023-11-05,28.17410434493432,恐懼,4.57,36.65753424657534,-0.9013900955690692,26.330532212885156,108.359375,,,21.534246575342465,118.73999786376952
2023-11-06,21.576020362482893,極度恐懼,4.67,27.06849315068493,-1.5703010467911254,19.46778711484594,107.59375,,,18.191780821917817,121.73999786376952
2023-11-07,25.921312817364385,恐懼,4.58,33.15068493150685,-1.0608790140402022,24.2296918767507,108.125,,,20.38356164383561,120.08999633789062
2023-11-08,29.030505352826065,恐懼,4.49,38.082191780821915,-0.8584545301666022,26.05042016806723,108.328125,,,22.95890410958904,117.0999984741211
2023-11-09,23.014849775526653,極度恐懼,4.62,27.123287671232877,-1.565117492516546,18.907563025210084,107.53125,,,23.013698630136982,117.0500030517578
2023-11-10,22.450609467531304,極度恐懼,4.61,26.301369863013697,-1.6418303346609926,17.92717086834734,107.421875,,,23.123287671232873,116.79000091552734
2023-11-11,22.541933668444543,極度恐懼,4.61,26.575342465753423,-1.618409363580574,17.92717086834734,107.421875,,,23.123287671232873,116.79000091552734
2023-11-12,22.669787549723083,極度恐懼,4.61,26.95890410958904,-1.5915966809958846,17.92717086834734,107.421875,,,23.123287671232873,116.79000091552734
2023-11-13,20.415103027512373,極度恐懼,4.63,27.506849315068493,-1.5496621532618042,18.067226890756302,107.4375,,,15.671232876712324,124.47000122070312
2023-11-14,32.85831958354118,恐懼,4.44,51.34246575342466,-0.1791905262747807,31.23249299719888,108.90625,,,16.0,124.11000061035156
2023-11-15,27.80873079825537,恐懼,4.53,40.273972602739725,-0.7742075976641962,25.07002801120448,108.21875,,,18.082191780821915,122.19000244140624
2023-11-16,35.42145990816418,恐懼,4.45,51.61643835616439,-0.1596986247346032,30.81232492997199,108.859375,,,23.83561643835617,116.08000183105467
2023-11-17,35.64260772802272,恐懼,4.44,50.465753424657535,-0.2321037035677918,29.831932773109244,108.75,,,26.63013698630137,113.11000061035156
2023-11-18,35.8252561298492,恐懼,4.44,51.013698630136986,-0.2041799536580298,29.831932773109244,108.75,,,26.63013698630137,113.11000061035156
2023-11-19,36.02616937185833,恐懼,4.44,51.61643835616439,-0.1750951778833854,29.831932773109244,108.75,,,26.63013698630137,113.11000061035156
2023-11-20,36.17842753539773,恐懼,4.42,53.31506849315068,-0.0603712256506495,30.672268907563023,108.84375,,,24.54794520547945,115.08999633789062
2023-11-21,37.75534323318369,恐懼,4.41,54.73972602739726,0.0555672915308142,31.512605042016805,108.9375,,,27.013698630136982,112.79000091552734
2023-11-22,37.36359566657713,恐懼,4.42,53.64383561643835,-0.0347954703876763,30.392156862745097,108.8125,,,28.054794520547944,111.56999969482422
2023-11-23,35.79675888620288,恐懼,4.42,50.90410958904109,-0.2090584329806965,28.431372549019606,108.59375,,,28.054794520547944,111.56999969482422
2023-11-24,35.48208689868642,恐懼,4.47,48.54794520547945,-0.3675642634237313,26.610644257703083,108.390625,,,31.28767123287672,107.43000030517578
2023-11-25,35.60994077996496,恐懼,4.47,48.93150684931507,-0.3393948588517322,26.610644257703083,108.390625,,,31.28767123287672,107.43000030517578
2023-11-26,35.719529821060846,恐懼,4.47,49.26027397260274,-0.3124701814005471,26.610644257703083,108.390625,,,31.28767123287672,107.43000030517578
2023-11-27,40.55395674251436,恐懼,4.39,58.9041095890411,0.2672259554132752,32.07282913165266,109.0,,,30.68493150684931,109.30999755859376
2023-11-28,45.37413504214471,中性,4.34,69.36986301369863,0.7752651208900638,36.83473389355743,109.53125,,,29.91780821917807,110.05999755859376
2023-11-29,46.916721026310064,中性,4.27,75.12328767123287,1.157066617592927,40.476190476190474,109.9375,,,25.150684931506845,114.58999633789062
2023-11-30,43.0504073775629,恐懼,4.37,68.65753424657535,0.7396585837206034,36.27450980392157,109.46875,,,24.21917808219179,115.31999969482422
2023-12-01,51.673918882621535,中性,4.22,82.63013698630137,1.552362019934292,44.11764705882353,110.34375,,,28.273972602739732,111.51000213623048
2023-12-02,51.69218372280418,中性,4.22,82.68493150684931,1.5598394831061484,44.11764705882353,110.34375,,,28.273972602739732,111.51000213623048
2023-12-03,51.69218372280418,中性,4.22,82.68493150684931,1.5677854943598353,44.11764705882353,110.34375,,,28.273972602739732,111.51000213623048
2023-12-04,45.826893314403385,中性,4.28,74.95890410958904,1.158031484556316,40.056022408963585,109.890625,,,22.465753424657535,118.25
2023-12-05,48.642108898353875,中性,4.18,86.02739726027397,1.835337437431684,46.63865546218487,110.625,,,13.260273972602748,127.1999969482422
2023-12-06,50.33475307931391,中性,4.12,87.61643835616438,2.003596878103114,48.31932773109243,110.8125,,,15.06849315068493,124.9800033569336
2023-12-07,48.96693654630801,中性,4.14,87.72602739726028,2.034593380494969,48.59943977591036,110.84375,,,10.575342465753424,129.74000549316406
2023-12-08,45.27493189056444,中性,4.23,76.4931506849315,1.2378695800771635,40.7563025210084,109.96875,,,18.575342465753423,121.6500015258789
2023-12-09,45.36625609147768,中性,4.23,76.76712328767124,1.24660785022292,40.7563025210084,109.96875,,,18.575342465753423,121.6500015258789
2023-12-10,45.384520931660326,中性,4.23,76.82191780821917,1.2552310886649327,40.7563025210084,109.96875,,,18.575342465753423,121.6500015258789
2023-12-11,44.42057736336543,恐懼,4.23,78.19178082191782,1.3230412221613466,41.31652661064425,110.03125,,,13.75342465753424,126.66000366210938
2023-12-12,49.18376117570316,中性,4.2,81.75342465753424,1.5330103156157089,43.27731092436975,110.25,,,22.52054794520548,118.62000274658205
2023-12-13,58.31241074116057,貪婪,4.04,93.04109589041096,2.779226250703613,55.53997194950912,111.609375,,,26.356164383561648,113.7699966430664
2023-12-14,60.03632474527208,貪婪,3.92,95.8904109589041,3.3391954073259087,61.150070126227206,112.234375,,,23.06849315068493,118.04000091552734
2023-12-15,60.06414468417581,貪婪,3.91,95.3972602739726,3.209491533225543,60.02805049088359,112.109375,,,24.76712328767124,115.75
2023-12-16,60.04587984399316,貪婪,3.91,95.34246575342463,3.1948848704648967,60.02805049088359,112.109375,,,24.76712328767124,115.75
2023-12-17,59.97282048326257,貪婪,3.91,95.12328767123287,3.1788579258044005,60.02805049088359,112.109375,,,24.76712328767124,115.75
2023-12-18,58.61033513291962,貪婪,3.95,94.46575342465754,3.0184625188208143,58.62552594670407,111.953125,,,22.739726027397253,118.45999908447266
2023-12-19,60.55360653742948,貪婪,3.93,95.45205479452056,3.2141875519664693,60.72931276297335,112.1875,,,25.47945205479452,115.02999877929688
2023-12-20,63.88264904224865,貪婪,3.86,96.82191780821918,3.7337242390273375,66.05890603085554,112.78125,,,28.76712328767124,111.87000274658205
2023-12-21,63.46406911436019,貪婪,3.89,96.54794520547944,3.610013690142976,65.07713884992987,112.671875,,,28.76712328767124,111.93000030517578
2023-12-22,63.37643374512479,貪婪,3.9,96.32876712328768,3.515683358654403,64.3758765778401,112.59375,,,29.424657534246577,111.37999725341795
2023-12-23,63.33990406475948,貪婪,3.9,96.21917808219176,3.4932044345531175,64.3758765778401,112.59375,,,29.424657534246577,111.37999725341795
2023-12-24,63.32163922457685,貪婪,3.9,96.16438356164385,3.466456536621899,64.3758765778401,112.59375,,,29.424657534246577,111.37999725341795
2023-12-25,63.26684470402889,貪婪,3.9,96.0,3.4396036738715523,64.3758765778401,112.59375,,,29.424657534246577,111.37999725341795
2023-12-26,62.12486951398362,貪婪,3.89,96.38356164383562,3.533039870123017,65.49789621318372,112.71875,,,24.493150684931507,116.0
2023-12-27,64.80659891000147,貪婪,3.79,97.31506849315068,4.064199849176499,70.96774193548387,113.328125,,,26.13698630136986,114.52999877929688
2023-12-28,63.46104632173529,貪婪,3.84,96.54794520547944,3.6361737725460688,67.04067321178121,112.890625,,,26.79452054794521,113.77999877929688
2023-12-29,63.11401435826497,貪婪,3.88,96.38356164383562,3.609897907323852,67.04067321178121,112.890625,,,25.917808219178085,114.62000274658205
2023-12-30,63.07748467789967,貪婪,3.88,96.27397260273972,3.5836353626645874,67.04067321178121,112.890625,,,25.917808219178085,114.62000274658205
2023-12-31,63.04095499753438,貪婪,3.88,96.16438356164385,3.558929832769174,67.04067321178121,112.890625,,,25.917808219178085,114.62000274658205
2024-01-01,63.022690157351725,貪婪,3.88,96.10958904109587,3.539458780260756,67.04067321178121,112.890625,,,25.917808219178085,114.62000274658205
2024-01-02,56.241592858012005,貪婪,3.95,93.53424657534246,2.9802516346162693,61.711079943899016,112.296875,,,13.47945205479452,127.0199966430664
2024-01-03,57.95546504255606,貪婪,3.91,94.30136986301368,3.166070869832817,63.67461430575035,112.515625,,,15.890410958904113,124.56999969482422
2024-01-04,56.62164498837634,貪婪,3.99,91.3972602739726,2.665198288369017,58.90603085553997,111.984375,,,19.561643835616437,121.12000274658205
2024-01-05,56.95930117133213,貪婪,4.05,89.75342465753424,2.4099422723033146,56.52173913043478,111.71875,,,24.60273972602739,116.19000244140624
2024-01-06,56.88624181060154,貪婪,4.05,89.53424657534246,2.398209019520681,56.52173913043478,111.71875,,,24.60273972602739,116.19000244140624
2024-01-07,56.84971213023624,貪婪,4.05,89.42465753424658,2.386478455020975,56.52173913043478,111.71875,,,24.60273972602739,116.19000244140624
2024-01-08,58.123716754084285,貪婪,4.01,91.3972602739726,2.6683755632371935,59.46704067321178,112.046875,,,23.506849315068493,117.72000122070312
2024-01-09,58.1778452355793,貪婪,4.02,90.3013698630137,2.5197939641292395,58.2047685834502,111.90625,,,26.027397260273972,114.91999816894533
2024-01-10,60.257859581035824,貪婪,4.04,90.02739726027397,2.4741496076785814,57.92426367461431,111.875,,,32.82191780821918,109.62999725341795
2024-01-11,64.51020682245502,貪婪,3.98,92.43835616438356,2.882307219447529,65.14705882352942,112.34375,,,35.945205479452056,103.4499969482422
2024-01-12,65.2945205479452,貪婪,3.96,94.02739726027396,3.0881230350882953,67.5,112.59375,,,34.35616438356165,106.51000213623048
2024-01-13,65.22146118721462,貪婪,3.96,93.8082191780822,3.0650038960459467,67.5,112.59375,,,34.35616438356165,106.51000213623048
2024-01-14,65.18493150684931,貪婪,3.96,93.69863013698632,3.040952129284218,67.5,112.59375,,,34.35616438356165,106.51000213623048
2024-01-15,65.11187214611873,貪婪,3.96,93.47945205479452,3.0177363203425536,67.5,112.59375,,,34.35616438356165,106.51000213623048
2024-01-16,58.94157937147461,貪婪,4.07,88.16438356164383,2.3150239278220255,60.44117647058823,111.84375,,,28.219178082191775,113.44000244140624
2024-01-17,58.98791297340853,貪婪,4.1,85.64383561643835,1.913708201230917,56.47058823529411,111.421875,,,34.84931506849314,105.86000061035156
2024-01-18,58.58323538420989,貪婪,4.14,83.94520547945206,1.698509431654366,57.72230889235569,111.203125,,,34.082191780821915,107.22000122070312
2024-01-19,58.359754664159176,貪婪,4.15,82.46575342465754,1.6125418908848117,56.94227769110765,111.125,,,35.67123287671234,104.97000122070312
2024-01-20,58.28669530342859,貪婪,4.15,82.24657534246576,1.5980260954929957,56.94227769110765,111.125,,,35.67123287671234,104.97000122070312
2024-01-21,58.58828490823954,貪婪,4.15,81.97260273972603,1.5837466005439147,58.12101910828026,111.125,,,35.67123287671234,104.97000122070312
2024-01-22,61.27195986541697,貪婪,4.11,85.53424657534246,1.9066366125868368,63.98026315789473,111.5,,,34.301369863013704,106.87000274658205
2024-01-23,59.89804728287126,貪婪,4.14,82.63013698630137,1.6344905025010217,63.310580204778155,111.21875,,,33.753424657534254,107.6999969482422
2024-01-24,59.81637792103143,貪婪,4.18,79.12328767123287,1.387156751225435,65.25735294117648,110.96875,,,35.06849315068493,105.77999877929688
2024-01-25,62.57080983078163,貪婪,4.14,83.3972602739726,1.6817162457808597,69.30147058823529,111.3125,,,35.013698630136986,105.88999938964844
2024-01-26,61.21216089175396,貪婪,4.15,79.5068493150685,1.407431255294418,65.99264705882352,111.03125,,,38.136986301369866,100.2300033569336
2024-01-27,61.08430701047541,貪婪,4.15,79.12328767123287,1.390068396204878,65.99264705882352,111.03125,,,38.136986301369866,100.2300033569336
2024-01-28,60.91992344883158,貪婪,4.15,78.63013698630137,1.368893758095532,65.99264705882352,111.03125,,,38.136986301369866,100.2300033569336
2024-01-29,63.677880741337624,貪婪,4.08,84.54794520547945,1.785793743789032,71.69117647058823,111.515625,,,34.79452054794521,106.33999633789062
2024-01-30,64.96524979854955,貪婪,4.06,85.2054794520548,1.8555271166103244,72.97794117647058,111.625,,,36.712328767123296,104.26000213623048
2024-01-31,68.34360730593608,貪婪,3.99,89.6986301369863,2.463689456772834,81.25,112.328125,,,34.082191780821915,107.27999877929688
2024-02-01,69.30748052645716,貪婪,3.87,92.82191780821918,2.9405227469347235,87.86764705882352,112.890625,,,27.232876712328775,113.91999816894533
2024-02-02,64.10149744829438,貪婪,4.03,84.43835616438356,1.7882599079034165,73.34558823529412,111.65625,,,34.52054794520548,106.72000122070312
2024-02-03,63.97364356701585,貪婪,4.03,84.05479452054794,1.761589087101992,73.34558823529412,111.65625,,,34.52054794520548,106.72000122070312
2024-02-04,63.86405452591995,貪婪,4.03,83.72602739726027,1.7294866888973963,73.34558823529412,111.65625,,,34.52054794520548,106.72000122070312
2024-02-05,55.702088369594414,中性,4.17,70.73972602739727,0.9018260811153964,63.05147058823529,110.78125,,,33.31506849315069,108.68000030517578
2024-02-06,59.48935670158475,貪婪,4.09,77.86301369863014,1.3264344476869911,68.93382352941177,111.28125,,,31.671232876712324,110.5999984741211
2024-02-07,59.176504163309154,貪婪,4.09,75.83561643835617,1.212501877466302,67.83088235294117,111.1875,,,33.86301369863014,107.86000061035156
2024-02-08,56.801667659321026,貪婪,4.15,69.47945205479452,0.7855815191549422,67.3913043478261,110.75,,,33.534246575342465,108.5999984741211
2024-02-09,55.456025411951565,中性,4.17,65.64383561643835,0.601819788407808,65.21739130434783,110.578125,,,35.50684931506849,106.20999908447266
2024-02-10,55.291641850307734,中性,4.17,65.15068493150686,0.5744839535592308,65.21739130434783,110.578125,,,35.50684931506849,106.20999908447266
2024-02-11,55.163787969029194,中性,4.17,64.76712328767124,0.5544775941264981,65.21739130434783,110.578125,,,35.50684931506849,106.20999908447266
2024-02-12,55.68361398379267,中性,4.17,67.45205479452055,0.6603866858952764,66.99604743083005,110.71875,,,32.602739726027394,109.77999877929688
2024-02-13,43.4741097695237,恐懼,4.31,48.93150684931507,-0.3462315080899117,53.16205533596838,109.625,,,28.328767123287665,113.22000122070312
2024-02-14,47.42238345335426,中性,4.27,54.410958904109584,-0.0113607316311196,58.10276679841897,110.015625,,,29.75342465753424,111.97000122070312
2024-02-15,48.66561986752576,中性,4.24,56.27397260273973,0.1127919471320463,60.0790513833992,110.171875,,,29.643835616438352,112.08999633789062
2024-02-16,46.04678109264173,中性,4.3,49.86301369863014,-0.2852885593836249,54.74308300395256,109.75,,,33.534246575342465,109.1999969482422
2024-02-17,45.91892721136318,中性,4.3,49.47945205479452,-0.3000084029605733,54.74308300395256,109.75,,,33.534246575342465,109.1999969482422
2024-02-18,45.80933817026729,中性,4.3,49.15068493150685,-0.3184586826823133,54.74308300395256,109.75,,,33.534246575342465,109.1999969482422
2024-02-19,45.754543649719345,中性,4.3,48.986301369863014,-0.3440287572173907,54.74308300395256,109.75,,,33.534246575342465,109.1999969482422
2024-02-20,46.65464652480733,中性,4.27,51.61643835616439,-0.2032245875652938,57.11462450592886,109.9375,,,31.232876712328775,111.0199966430664
2024-02-21,41.79374447272005,恐懼,4.32,45.20547945205479,-0.5172648486773386,53.16205533596838,109.625,,,27.013698630136982,114.2699966430664
2024-02-22,39.732488674716194,恐懼,4.33,42.19178082191781,-0.6559429520154586,51.581027667984195,109.5,,,25.424657534246577,115.58999633789062
2024-02-23,46.628584835851065,中性,4.26,49.15068493150685,-0.3437517006185761,56.32411067193676,109.875,,,34.41095890410959,108.30999755859376
2024-02-24,46.44593643402459,中性,4.26,48.6027397260274,-0.3717640658294388,56.32411067193676,109.875,,,34.41095890410959,108.30999755859376
2024-02-25,46.336347392928694,中性,4.26,48.273972602739725,-0.3962619702956448,56.32411067193676,109.875,,,34.41095890410959,108.30999755859376
2024-02-26,42.25754868518418,恐懼,4.28,42.19178082191781,-0.6604698058807915,52.96442687747036,109.609375,,,31.61643835616438,110.7699966430664
2024-02-27,41.398487555724,恐懼,4.31,40.6027397260274,-0.7590446592793264,51.976284584980235,109.53125,,,31.61643835616438,110.8000030517578
2024-02-28,44.940422690273785,恐懼,4.27,45.20547945205479,-0.5292275361367045,55.533596837944664,109.8125,,,34.082191780821915,108.70999908447266
2024-02-29,45.93123612539932,中性,4.25,46.849315068493155,-0.4554006235015275,56.916996047430835,109.921875,,,34.02739726027397,109.0999984741211
2024-03-01,52.0033569765553,中性,4.19,55.50684931506849,0.0385895464200566,64.2292490118577,110.5,,,36.273972602739725,106.4800033569336
2024-03-02,51.94856245600736,中性,4.19,55.342465753424655,0.0090505928138339,64.2292490118577,110.5,,,36.273972602739725,106.4800033569336
2024-03-03,51.74764921399822,中性,4.19,54.73972602739726,-0.0219408862760842,64.2292490118577,110.5,,,36.273972602739725,106.4800033569336
2024-03-04,48.13265471871785,中性,4.22,50.02739726027398,-0.3056126215864466,60.67193675889329,110.21875,,,33.698630136986296,109.56999969482422
2024-03-05,52.52769505658131,中性,4.13,57.69863013698631,0.1467160693657301,67.3913043478261,110.75,,,32.49315068493151,110.33000183105467
2024-03-06,55.80941036331151,中性,4.11,60.32876712328768,0.2771995723916881,69.56521739130434,110.921875,,,37.534246575342465,105.33000183105467
2024-03-07,57.19876549894417,貪婪,4.09,62.57534246575342,0.3987138118350999,71.54150197628458,111.078125,,,37.479452054794514,105.4499969482422
2024-03-08,58.39377695958995,貪婪,4.09,62.95890410958904,0.4350065629398355,72.33201581027669,111.140625,,,39.89041095890411,100.87999725341795
2024-03-09,58.32071759885935,貪婪,4.09,62.73972602739726,0.4148163875625106,72.33201581027669,111.140625,,,39.89041095890411,100.87999725341795
2024-03-10,58.19286371758081,貪婪,4.09,62.35616438356164,0.3890800165748568,72.33201581027669,111.140625,,,39.89041095890411,100.87999725341795
2024-03-11,55.474073673001605,中性,4.1,59.506849315068486,0.2552310512674594,70.7509881422925,111.015625,,,36.16438356164383,106.62999725341795
2024-03-12,52.82978685003699,中性,4.16,53.2054794520548,-0.128102391620861,65.61264822134387,110.609375,,,39.67123287671232,101.36000061035156
2024-03-13,51.498511018463375,中性,4.19,49.64383561643836,-0.3322071690848686,63.04347826086957,110.40625,,,41.8082191780822,97.02999877929688
2024-03-14,43.77085927770859,恐懼,4.29,35.561643835616444,-0.955274600549222,54.54545454545454,109.734375,,,41.2054794520548,98.66999816894533
2024-03-15,42.54978612810656,恐懼,4.31,33.205479452054796,-1.083721948104978,52.96442687747036,109.609375,,,41.47945205479452,97.81999969482422
2024-03-16,42.476726767375965,恐懼,4.31,32.986301369863014,-1.0993410946265667,52.96442687747036,109.609375,,,41.47945205479452,97.81999969482422
2024-03-17,42.44019708701067,恐懼,4.31,32.87671232876712,-1.1148437966938067,52.96442687747036,109.609375,,,41.47945205479452,97.81999969482422
2024-03-18,39.724078185066865,恐懼,4.34,30.082191780821915,-1.3436100993470792,49.80237154150198,109.359375,,,39.28767123287671,102.87000274658205
2024-03-19,42.68543685815872,恐懼,4.3,33.534246575342465,-1.0720692582899929,53.75494071146245,109.671875,,,40.76712328767124,99.98999786376952
2024-03-20,51.904235926868445,中性,4.27,49.04109589041096,-0.3927917527260962,63.43873517786561,110.4375,,,43.232876712328775,92.72000122070312
2024-03-21,51.3595755049001,中性,4.27,47.50684931506849,-0.4468548251641104,62.845849802371546,110.390625,,,43.72602739726027,90.81999969482422
2024-03-22,54.88385944014294,中性,4.22,53.53424657534247,-0.1371705005652489,67.3913043478261,110.75,,,43.72602739726027,91.04000091552734
2024-03-23,54.865594599960296,中性,4.22,53.47945205479452,-0.15157576816233,67.3913043478261,110.75,,,43.72602739726027,91.04000091552734
2024-03-24,54.7925352392297,中性,4.22,53.26027397260275,-0.1653019210855147,67.3913043478261,110.75,,,43.72602739726027,91.04000091552734
2024-03-25,52.32494089194506,中性,4.25,49.2054794520548,-0.387913940115009,64.42687747035573,110.515625,,,43.342465753424655,92.23999786376952
2024-03-26,53.69213276300828,中性,4.24,51.013698630136986,-0.2883905890039761,66.00790513833992,110.640625,,,44.054794520547944,90.62999725341795
2024-03-27,56.63461295504178,貪婪,4.2,54.7945205479452,-0.0935988943841809,68.97233201581028,110.875,,,46.136986301369866,86.27999877929688
2024-03-28,55.7755518255816,中性,4.2,53.2054794520548,-0.1813093689645673,67.98418972332016,110.796875,,,46.136986301369866,86.37999725341797
2024-03-29,55.665962784485714,中性,4.2,52.87671232876713,-0.1986175587379914,67.98418972332016,110.796875,,,46.136986301369866,86.37999725341797
2024-03-30,55.48331438265922,中性,4.2,52.32876712328767,-0.2159197472005302,67.98418972332016,110.796875,,,46.136986301369866,86.37999725341797
2024-03-31,55.42851986211128,中性,4.2,52.16438356164383,-0.228836300438539,67.98418972332016,110.796875,,,46.136986301369866,86.37999725341797
2024-04-01,44.68922699297923,恐懼,4.33,34.35616438356164,-1.0195479006295345,56.916996047430835,109.921875,,,42.7945205479452,94.1999969482422
2024-04-02,42.86480047647408,恐懼,4.36,31.83561643835616,-1.2008973243480816,54.34782608695651,109.71875,,,42.410958904109584,96.56999969482422
2024-04-03,43.21244608082011,恐懼,4.36,32.71232876712329,-1.132884606726403,55.33596837944664,109.796875,,,41.58904109589041,97.87999725341795
2024-04-04,47.116393235511765,中性,4.31,39.28767123287671,-0.8358602742378143,59.48616600790514,110.125,,,42.57534246575343,96.12999725341795
2024-04-05,42.47344198386485,恐懼,4.39,30.904109589041095,-1.2530645600653716,53.55731225296443,109.65625,,,42.958904109589035,94.30999755859376
2024-04-06,42.5282365044128,恐懼,4.39,31.068493150684933,-1.2481735555610551,53.55731225296443,109.65625,,,42.958904109589035,94.30999755859376
2024-04-07,42.54650134459545,恐懼,4.39,31.123287671232873,-1.2465060569184834,53.55731225296443,109.65625,,,42.958904109589035,94.30999755859376
2024-04-08,38.83567058313932,恐懼,4.42,27.013698630136982,-1.5886543666322903,48.61660079051384,109.265625,,,40.87671232876713,99.37000274658205
2024-04-09,42.00573934701391,恐懼,4.36,31.28767123287671,-1.2425675074676714,53.359683794466406,109.640625,,,41.36986301369863,98.7300033569336
2024-04-10,27.945133286407856,恐懼,4.55,14.904109589041097,-2.5188289984594414,35.177865612648226,108.203125,,,33.753424657534254,109.58999633789062
2024-04-11,27.604670889959753,恐懼,4.56,14.52054794520548,-2.5902353151858484,33.99209486166008,108.109375,,,34.301369863013704,108.86000061035156
2024-04-12,30.37085566805638,恐懼,4.5,20.712328767123285,-2.0602822060597656,41.30434782608695,108.6875,,,29.0958904109589,112.81999969482422
2024-04-13,30.42565018860433,恐懼,4.5,20.876712328767123,-2.0512352584011144,41.30434782608695,108.6875,,,29.0958904109589,112.81999969482422
2024-04-14,30.462179868969624,恐懼,4.5,20.986301369863018,-2.0417452003835015,41.30434782608695,108.6875,,,29.0958904109589,112.81999969482422
2024-04-15,21.202952695507783,極度恐懼,4.63,12.931506849315069,-2.74341049633115,31.225296442687743,107.890625,,,19.45205479452055,121.1500015258789
2024-04-16,20.57292399877272,極度恐懼,4.67,11.287671232876711,-2.913031717048762,28.458498023715418,107.671875,,,21.972602739726028,119.58999633789062
2024-04-17,26.35937697402855,恐懼,4.59,15.945205479452056,-2.4475764945166514,34.58498023715415,108.15625,,,28.54794520547945,113.29000091552734
2024-04-18,25.25262150991752,恐懼,4.64,12.10958904109589,-2.8253806064666187,28.85375494071146,107.703125,,,34.79452054794521,108.66000366210938
2024-04-19,25.743714693089327,恐懼,4.62,14.575342465753424,-2.61256667358598,31.422924901185773,107.90625,,,31.232876712328775,111.26000213623048
2024-04-20,25.835038894002565,恐懼,4.62,14.849315068493151,-2.5830033437192146,31.422924901185773,107.90625,,,31.232876712328775,111.26000213623048
2024-04-21,25.88983341455051,恐懼,4.62,15.013698630136988,-2.554522057163498,31.422924901185773,107.90625,,,31.232876712328775,111.26000213623048
2024-04-22,26.989008609020516,恐懼,4.62,14.95890410958904,-2.566386970233835,30.8300395256917,107.859375,,,35.17808219178082,108.55999755859376
2024-04-23,29.28113776237659,恐懼,4.61,17.698630136986303,-2.335587178160675,33.59683794466403,108.078125,,,36.54794520547945,106.8499984741211
2024-04-24,25.65834641832259,恐懼,4.65,14.63013698630137,-2.6114537405111484,29.249011857707508,107.734375,,,33.0958904109589,110.20999908447266
2024-04-25,23.69375710650279,極度恐懼,4.7,11.287671232876711,-2.9136913879032473,24.50592885375494,107.359375,,,35.28767123287672,108.5500030517578
2024-04-26,26.89912826899128,恐懼,4.67,13.972602739726028,-2.68056042427601,27.27272727272727,107.578125,,,39.45205479452055,104.4000015258789
2024-04-27,27.04524699045247,恐懼,4.67,14.410958904109588,-2.645221937785703,27.27272727272727,107.578125,,,39.45205479452055,104.4000015258789
2024-04-28,27.191365711913654,恐懼,4.67,14.849315068493151,-2.6098577778582475,27.27272727272727,107.578125,,,39.45205479452055,104.4000015258789
2024-04-29,29.86828379085675,恐懼,4.63,19.123287671232877,-2.236628959352856,32.015810276679844,107.953125,,,38.465753424657535,105.41999816894533
2024-04-30,25.265147003086255,恐懼,4.69,14.246575342465754,-2.662043066525026,25.494071146245066,107.4375,,,36.05479452054795,107.45999908447266
2024-05-01,32.64576678037071,恐懼,4.63,22.301369863013697,-2.0193723801971273,33.99209486166008,108.109375,,,41.64383561643835,100.63999938964844
2024-05-02,34.8322053170177,恐懼,4.58,25.863013698630137,-1.760519486406542,37.15415019762846,108.359375,,,41.47945205479452,100.6999969482422
2024-05-03,39.82608695652174,恐懼,4.5,32.0,-1.2783511231624531,43.47826086956522,108.859375,,,43.99999999999999,95.95999908447266
2024-05-04,39.97220567798292,恐懼,4.5,32.43835616438356,-1.2494698909392743,43.47826086956522,108.859375,,,43.99999999999999,95.95999908447266
2024-05-05,40.15485407980941,恐懼,4.5,32.986301369863014,-1.2205717552368516,43.47826086956522,108.859375,,,43.99999999999999,95.95999908447266
2024-05-06,40.65190318912773,恐懼,4.49,33.8082191780822,-1.167777376908573,43.873517786561266,108.890625,,,44.27397260273973,94.5
2024-05-07,41.47114985471149,恐懼,4.47,36.0,-1.029171782831018,45.45454545454545,109.015625,,,42.958904109589035,98.04000091552734
2024-05-08,40.35186889743173,恐懼,4.48,33.75342465753425,-1.1767416730231333,43.08300395256917,108.828125,,,44.21917808219178,95.58000183105467
2024-05-09,43.444366235313225,恐懼,4.45,38.7945205479452,-0.9166416900538537,46.44268774703557,109.09375,,,45.09589041095891,93.8499984741211
2024-05-10,39.58741675239591,恐懼,4.5,32.43835616438356,-1.2497856650515338,41.50197628458498,108.703125,,,44.82191780821918,94.2300033569336
2024-05-11,39.75180031403974,恐懼,4.5,32.93150684931507,-1.2281387218634348,41.50197628458498,108.703125,,,44.82191780821918,94.2300033569336
2024-05-12,39.989243236414175,恐懼,4.5,33.64383561643835,-1.2041253135565544,41.50197628458498,108.703125,,,44.82191780821918,94.2300033569336
2024-05-13,39.14638944537693,恐懼,4.48,35.726027397260275,-1.0683763111813662,43.08300395256917,108.828125,,,38.630136986301366,105.3499984741211
2024-05-14,41.91011965997075,恐懼,4.45,42.13698630136986,-0.8068429923771063,46.44268774703557,109.09375,,,37.15068493150685,106.5500030517578
2024-05-15,51.522334723049426,中性,4.36,54.7945205479452,-0.2195113910610823,54.34782608695651,109.71875,,,45.42465753424657,93.77999877929688
2024-05-16,49.36524265886982,中性,4.38,50.84931506849315,-0.4101277797612652,51.38339920948617,109.484375,,,45.86301369863014,91.83000183105467
2024-05-17,46.670673380619775,中性,4.42,45.15068493150685,-0.6555482767405477,47.62845849802372,109.1875,,,47.23287671232876,89.3499984741211
2024-05-18,46.926381143176854,中性,4.42,45.91780821917808,-0.6309112378646907,47.62845849802372,109.1875,,,47.23287671232876,89.3499984741211
2024-05-19,47.14555922536863,中性,4.42,46.57534246575342,-0.6062619761773606,47.62845849802372,109.1875,,,47.23287671232876,89.3499984741211
2024-05-20,46.31194614398902,中性,4.44,44.71232876712329,-0.6717107569322147,46.44268774703557,109.09375,,,47.78082191780821,88.12999725341797
2024-05-21,48.676521017199995,中性,4.41,48.21917808219178,-0.5278243211248047,48.22134387351779,109.234375,,,49.58904109589041,85.33999633789062
2024-05-22,47.07127258288664,中性,4.43,44.43835616438356,-0.697084268300602,45.65217391304348,109.03125,,,51.12328767123287,82.48999786376953
2024-05-23,42.88616961755735,恐懼,4.47,37.80821917808219,-0.9643380523536896,41.699604743083,108.71875,,,49.15068493150685,86.1500015258789
2024-05-24,43.313444149656185,恐懼,4.46,37.917808219178085,-0.961091674410973,41.50197628458498,108.703125,,,50.52054794520548,83.56999969482422
2024-05-25,43.53262223184796,恐懼,4.46,38.57534246575342,-0.9436057723522588,41.50197628458498,108.703125,,,50.52054794520548,83.56999969482422
2024-05-26,43.71527063367443,恐懼,4.46,39.12328767123287,-0.9234046916477752,41.50197628458498,108.703125,,,50.52054794520548,83.56999969482422
2024-05-27,43.84312451495299,恐懼,4.46,39.50684931506849,-0.9052279649805268,41.50197628458498,108.703125,,,50.52054794520548,83.56999969482422
2024-05-28,38.40431714404317,恐懼,4.54,32.109589041095894,-1.2563283709331483,36.36363636363637,108.296875,,,46.73972602739725,89.66999816894531
2024-05-29,33.917952605266485,恐懼,4.61,26.630136986301373,-1.7152869850918515,29.64426877470356,107.765625,,,45.47945205479452,93.4499969482422
2024-05-30,38.01295865143394,恐懼,4.55,32.109589041095894,-1.2676284390279458,35.573122529644266,108.234375,,,46.35616438356165,91.08999633789062
2024-05-31,40.601223672099195,恐懼,4.51,36.71232876712329,-1.021179728316462,38.73517786561265,108.484375,,,46.35616438356165,91.13999938964844
2024-06-01,40.74734239356038,恐懼,4.51,37.15068493150685,-1.0027764279668716,38.73517786561265,108.484375,,,46.35616438356165,91.13999938964844
2024-06-02,40.85693143465627,恐懼,4.51,37.47945205479452,-0.9808641918966016,38.73517786561265,108.484375,,,46.35616438356165,91.13999938964844
2024-06-03,49.5460501380692,中性,4.41,54.849315068493155,-0.2647434727040407,48.418972332015805,109.25,,,45.369863013698634,93.91999816894533
2024-06-04,53.02723482592452,中性,4.33,62.79452054794521,0.1681215131620947,54.1501976284585,109.703125,,,42.13698630136986,100.11000061035156
2024-06-05,55.47327954951541,中性,4.29,67.94520547945206,0.4462501969254505,57.70750988142292,109.984375,,,40.76712328767124,102.43000030517578
2024-06-06,56.69763748262855,貪婪,4.28,70.02739726027397,0.5293059196404883,58.69565217391305,110.0625,,,41.36986301369863,100.98999786376952
2024-06-07,48.251303986860854,中性,4.43,52.71232876712328,-0.3793549595350906,45.8498023715415,109.046875,,,46.1917808219178,91.81999969482422
2024-06-08,48.36089302795675,中性,4.43,53.04109589041096,-0.3603531575160157,45.8498023715415,109.046875,,,46.1917808219178,91.81999969482422
2024-06-09,48.47048206905264,中性,4.43,53.36986301369863,-0.3477192064599903,45.8498023715415,109.046875,,,46.1917808219178,91.81999969482422
2024-06-10,45.739996751313015,中性,4.47,48.821917808219176,-0.5297842246093105,43.08300395256917,108.828125,,,45.31506849315069,94.16000366210938
2024-06-11,50.39013121085784,中性,4.39,58.57534246575342,-0.101698014032039,48.81422924901186,109.28125,,,43.78082191780822,97.2699966430664
2024-06-12,58.92204956052484,貪婪,4.31,71.61643835616438,0.5891938466039018,58.30039525691699,110.03125,,,46.84931506849315,91.7300033569336
2024-06-13,62.06667027631888,貪婪,4.24,76.71232876712328,0.9474519017602944,63.24110671936759,110.421875,,,46.24657534246575,91.93000030517578
2024-06-14,61.113613803310045,貪婪,4.2,77.26027397260275,0.9911127820751776,63.83399209486166,110.46875,,,42.24657534246575,100.16000366210938
2024-06-15,61.13187864349269,貪婪,4.2,77.31506849315069,0.9919206463482864,63.83399209486166,110.46875,,,42.24657534246575,100.16000366210938
2024-06-16,61.15014348367534,貪婪,4.2,77.36986301369862,0.993767241793081,63.83399209486166,110.46875,,,42.24657534246575,100.16000366210938
2024-06-17,57.97617629541394,貪婪,4.28,72.4931506849315,0.6191419775518187,58.69565217391305,110.0625,,,42.73972602739726,99.06999969482422
2024-06-18,61.69090548125689,貪婪,4.22,77.53424657534246,1.0013575405205315,64.03162055335969,110.484375,,,43.50684931506849,97.98999786376952
2024-06-19,61.69090548125689,貪婪,4.22,77.53424657534246,0.9990492862791044,64.03162055335969,110.484375,,,43.50684931506849,97.98999786376952
2024-06-20,62.867652101720005,貪婪,4.25,78.02739726027397,1.0502946240957614,64.82213438735178,110.546875,,,45.75342465753425,94.13999938964844
2024-06-21,62.56043460212609,貪婪,4.25,77.64383561643837,1.0019069251431914,64.2292490118577,110.5,,,45.80821917808219,94.08999633789062
2024-06-22,62.50564008157814,貪婪,4.25,77.47945205479452,0.9963680152271452,64.2292490118577,110.5,,,45.80821917808219,94.08999633789062
2024-06-23,62.4508455610302,貪婪,4.25,77.31506849315069,0.9908297127816236,64.2292490118577,110.5,,,45.80821917808219,94.08999633789062
2024-06-24,62.473008825599656,貪婪,4.25,77.8082191780822,1.0150051692722457,64.62450592885376,110.53125,,,44.986301369863014,95.1999969482422
2024-06-25,62.68171891638241,貪婪,4.23,78.3013698630137,1.0649660108724062,65.41501976284584,110.59375,,,44.32876712328767,96.97000122070312
2024-06-26,57.921381774866,貪婪,4.32,71.45205479452055,0.5753526990860875,58.69565217391305,110.0625,,,43.61643835616439,97.91000366210938
2024-06-27,59.78585406765446,貪婪,4.29,74.57534246575342,0.7439288076236464,59.795918367346935,110.25,,,44.986301369863014,95.69000244140624
2024-06-28,56.43761066070264,貪婪,4.36,69.75342465753425,0.500403200935697,56.326530612244895,109.984375,,,43.232876712328775,98.58999633789062
2024-06-29,56.43761066070264,貪婪,4.36,69.75342465753425,0.4995996577959389,56.326530612244895,109.984375,,,43.232876712328775,98.58999633789062
2024-06-30,56.41934582051999,貪婪,4.36,69.69863013698631,0.4968447502926841,56.326530612244895,109.984375,,,43.232876712328775,98.58999633789062
2024-07-01,46.324853228962816,中性,4.48,55.45205479452054,-0.2429463325040894,45.714285714285715,109.171875,,,37.80821917808219,106.2300033569336
2024-07-02,48.73152548690709,中性,4.43,60.54794520547945,0.0308402247909697,49.59183673469388,109.46875,,,36.05479452054795,107.51000213623048
2024-07-03,55.437618392454795,中性,4.36,71.45205479452055,0.5582029679447283,54.14847161572053,110.046875,,,40.71232876712328,102.83000183105467
2024-07-04,55.47414807282009,中性,4.36,71.56164383561644,0.5615340067324744,54.14847161572053,110.046875,,,40.71232876712328,102.83000183105467
2024-07-05,61.473230842854576,貪婪,4.28,79.06849315068493,1.0747419088805266,62.00873362445415,110.609375,,,43.342465753424655,98.77999877929688
2024-07-06,61.45496600267193,貪婪,4.28,79.01369863013699,1.0739337478140438,62.00873362445415,110.609375,,,43.342465753424655,98.77999877929688
2024-07-07,61.43670116248928,貪婪,4.28,78.95890410958904,1.071047563786548,62.00873362445415,110.609375,,,43.342465753424655,98.77999877929688
2024-07-08,61.58309904089649,貪婪,4.28,78.7945205479452,1.0579242662377946,61.79039301310044,110.59375,,,44.16438356164384,97.95999908447266
2024-07-09,59.04409591246995,貪婪,4.3,76.65753424657534,0.8903941379054272,54.830917874396135,110.40625,,,45.64383561643835,95.62000274658205
2024-07-10,59.29269167324105,貪婪,4.28,77.8082191780822,0.9803316815509842,52.617801047120416,110.5,,,47.45205479452055,92.97000122070312
2024-07-11,65.97131176934663,貪婪,4.2,85.2054794520548,1.5799291539251512,63.61256544502618,111.15625,,,49.09589041095891,89.66999816894531
2024-07-12,67.02254416792177,貪婪,4.18,85.64383561643835,1.6081387033910477,64.13612565445025,111.1875,,,51.28767123287671,86.79000091552734
2024-07-13,67.02254416792177,貪婪,4.18,85.64383561643835,1.607790501756295,64.13612565445025,111.1875,,,51.28767123287671,86.79000091552734
2024-07-14,66.98601448755647,貪婪,4.18,85.53424657534246,1.606513782846486,64.13612565445025,111.1875,,,51.28767123287671,86.79000091552734
2024-07-15,63.47720481006001,貪婪,4.23,83.78082191780823,1.418111621319074,60.73298429319372,110.984375,,,45.91780821917808,94.5
2024-07-16,66.91290731310814,貪婪,4.17,87.06849315068493,1.725376605190749,66.49214659685863,111.328125,,,47.178082191780824,93.87000274658205
2024-07-17,68.3821750460207,貪婪,4.16,87.89041095890411,1.8126418981576604,68.32460732984293,111.4375,,,48.93150684931506,91.0
2024-07-18,66.02811446604031,貪婪,4.2,85.58904109589041,1.6008340460712256,64.65968586387434,111.21875,,,47.83561643835617,91.97000122070312
2024-07-19,62.02012957517511,貪婪,4.25,81.53424657534246,1.2349724654576546,58.1151832460733,110.828125,,,46.41095890410959,94.29000091552734
2024-07-20,61.98359989480982,貪婪,4.25,81.42465753424658,1.225957229642643,58.1151832460733,110.828125,,,46.41095890410959,94.29000091552734
2024-07-21,61.96533505462717,貪婪,4.25,81.36986301369863,1.215094847947616,58.1151832460733,110.828125,,,46.41095890410959,94.29000091552734
2024-07-22,60.58739152262783,貪婪,4.26,79.45205479452055,1.107473563092433,56.282722513089,110.71875,,,46.02739726027397,94.4499969482422
2024-07-23,62.28190967988716,貪婪,4.25,82.02739726027397,1.2469237828681503,58.90052356020943,110.875,,,45.91780821917808,95.04000091552734
2024-07-24,60.14296301608932,貪婪,4.28,78.95890410958904,1.059361210098454,55.49738219895288,110.671875,,,45.97260273972603,94.80999755859376
2024-07-25,60.457481651485814,貪婪,4.27,80.82191780821918,1.1731577667769688,57.59162303664922,110.796875,,,42.958904109589035,99.08000183105467
2024-07-26,64.6623156183509,貪婪,4.2,85.04109589041096,1.540760118978323,64.3979057591623,111.203125,,,44.54794520547946,97.76000213623048
2024-07-27,64.62578593798561,貪婪,4.2,84.93150684931507,1.5373992044786626,64.3979057591623,111.203125,,,44.54794520547946,97.76000213623048
2024-07-28,64.57099141743767,貪婪,4.2,84.76712328767123,1.532300310774156,64.3979057591623,111.203125,,,44.54794520547946,97.76000213623048
2024-07-29,65.61203949413087,貪婪,4.17,86.41095890410959,1.6554749590296736,66.75392670157068,111.34375,,,43.67123287671233,98.6500015258789
2024-07-30,66.97979870424824,貪婪,4.15,88.27397260273972,1.850076687116563,70.41884816753927,111.5625,,,42.24657534246575,100.41999816894533
2024-07-31,68.90563962800927,貪婪,4.09,89.26027397260275,2.0707409000710957,74.60732984293193,111.8125,,,42.849315068493155,99.41000366210938
2024-08-01,74.71151593392143,貪婪,3.99,92.82191780821918,2.8977371910500818,90.0523560209424,112.734375,,,41.26027397260273,101.81999969482422
2024-08-02,75.87214611872146,貪婪,3.8,97.6986301369863,4.155854229141164,100.0,114.140625,,,29.91780821917807,112.26000213623048
2024-08-03,75.78082191780823,貪婪,3.8,97.42465753424658,4.130436022146074,100.0,114.140625,,,29.91780821917807,112.26000213623048
2024-08-04,75.7442922374429,貪婪,3.8,97.31506849315068,4.098384016872352,100.0,114.140625,,,29.91780821917807,112.26000213623048
2024-08-05,71.87542873976811,貪婪,3.78,97.0958904109589,4.008301289868193,99.07834101382488,114.078125,,,19.45205479452055,121.22000122070312
2024-08-06,68.73345537950046,貪婪,3.9,95.013698630137,3.354396343102988,88.94009216589862,113.390625,,,22.24657534246576,119.23999786376952
2024-08-07,67.93779853965448,貪婪,3.96,92.6027397260274,2.877904360713144,81.5668202764977,112.890625,,,29.643835616438352,112.69000244140624
2024-08-08,67.7354964964333,貪婪,3.99,91.94520547945206,2.6418678599127845,78.11059907834101,112.65625,,,33.150684931506845,110.41999816894533
2024-08-09,70.47332870399596,貪婪,3.94,92.76712328767124,2.887628321324794,82.48847926267281,112.953125,,,36.16438356164383,108.26000213623048
2024-08-10,70.40026934326536,貪婪,3.94,92.54794520547944,2.862915848487433,82.48847926267281,112.953125,,,36.16438356164383,108.26000213623048
2024-08-11,70.38200450308271,貪婪,3.94,92.4931506849315,2.83528941825014,82.48847926267281,112.953125,,,36.16438356164383,108.26000213623048
2024-08-12,67.96540622435452,貪婪,3.9,93.97260273972604,3.0643695083060147,86.63594470046083,113.234375,,,23.28767123287672,118.26000213623048
2024-08-13,70.30562043642027,貪婪,3.85,95.34246575342463,3.3790976335398626,92.3963133640553,113.625,,,23.17808219178083,118.44000244140624
2024-08-14,76.1292847673758,極度貪婪,3.83,95.61643835616438,3.4644460865116833,94.47004608294932,113.765625,,,38.301369863013704,106.33999633789062
2024-08-15,71.91625107842519,貪婪,3.92,92.27397260273972,2.693644784827763,82.48847926267281,112.953125,,,40.98630136986301,103.73999786376952
2024-08-16,72.9400079961282,貪婪,3.89,92.43835616438356,2.8026393821446325,84.7926267281106,113.109375,,,41.58904109589041,102.80999755859376
2024-08-17,72.92174315594555,貪婪,3.89,92.38356164383562,2.769597348745977,84.7926267281106,113.109375,,,41.58904109589041,102.80999755859376
2024-08-18,72.92174315594555,貪婪,3.89,92.38356164383562,2.730628060348109,84.7926267281106,113.109375,,,41.58904109589041,102.80999755859376
2024-08-19,70.88403509879426,貪婪,3.86,92.54794520547944,2.78853988637937,86.40552995391705,113.21875,,,33.698630136986296,110.12999725341795
2024-08-20,72.24497611682764,貪婪,3.82,94.13698630136986,3.0601549135361035,91.4746543778802,113.5625,,,31.123287671232873,111.56999969482422
2024-08-21,74.29623550701767,貪婪,3.79,95.12328767123287,3.3115248548621237,96.31336405529954,113.890625,,,31.45205479452055,111.37999725341795
2024-08-22,71.99865328367316,貪婪,3.86,92.43835616438356,2.732739029656624,87.55760368663594,113.296875,,,36.0,108.5
2024-08-23,75.74900574458684,貪婪,3.81,94.1917808219178,3.057772399947434,93.5483870967742,113.703125,,,39.50684931506849,105.62999725341795
2024-08-24,75.63941670349095,貪婪,3.81,93.86301369863014,3.014472138952472,93.5483870967742,113.703125,,,39.50684931506849,105.62999725341795
2024-08-25,75.54809250257769,貪婪,3.81,93.5890410958904,2.970858553670503,93.5483870967742,113.703125,,,39.50684931506849,105.62999725341795
2024-08-26,74.18854028575637,貪婪,3.82,92.76712328767124,2.8307160299366054,91.93548387096774,113.59375,,,37.863013698630134,106.66000366210938
2024-08-27,72.7816846579551,貪婪,3.83,92.38356164383562,2.71698804665514,90.78341013824884,113.515625,,,35.17808219178082,109.22000122070312
2024-08-28,72.93154893420028,貪婪,3.84,92.16438356164385,2.685248937534127,91.01382488479264,113.53125,,,35.61643835616438,108.76000213623048
2024-08-29,72.40422532247544,貪婪,3.87,91.45205479452056,2.44488996073982,87.78801843317973,113.3125,,,37.97260273972603,106.6999969482422
2024-08-30,70.13050522904699,貪婪,3.91,89.64383561643837,2.1643305136825353,83.87096774193549,113.046875,,,36.87671232876713,107.7699966430664
2024-08-31,70.0939755486817,貪婪,3.91,89.53424657534246,2.123952364928189,83.87096774193549,113.046875,,,36.87671232876713,107.7699966430664
2024-09-01,70.03918102813374,貪婪,3.91,89.36986301369862,2.086371702193941,83.87096774193549,113.046875,,,36.87671232876713,107.7699966430664
2024-09-02,70.00265134776846,貪婪,3.91,89.26027397260275,2.0450188490619503,83.87096774193549,113.046875,,,36.87671232876713,107.7699966430664
2024-09-03,69.72396523788483,貪婪,3.84,91.23287671232876,2.4001940006429057,90.32258064516128,113.484375,,,27.61643835616438,114.1999969482422
2024-09-04,71.29798202975401,貪婪,3.77,93.2054794520548,2.8515442670340683,98.38709677419357,114.03125,,,22.301369863013704,119.1500015258789
2024-09-05,73.53424657534246,貪婪,3.73,94.02739726027396,2.9948089827364277,100.0,114.234375,,,26.575342465753423,114.80999755859376
2024-09-06,77.58904109589041,極度貪婪,3.72,94.95890410958904,3.206280754880227,100.0,114.515625,,,37.80821917808219,107.23999786376952
2024-09-07,77.51598173515983,極度貪婪,3.72,94.73972602739728,3.1642091560382295,100.0,114.515625,,,37.80821917808219,107.23999786376952
2024-09-08,77.47945205479452,極度貪婪,3.72,94.63013698630137,3.1224040000630393,100.0,114.515625,,,37.80821917808219,107.23999786376952
2024-09-09,78.61187214611871,極度貪婪,3.7,94.46575342465754,3.0815605949109797,100.0,114.515625,,,41.36986301369863,104.61000061035156
2024-09-10,77.29680365296804,極度貪婪,3.65,95.5068493150685,3.401872396325383,100.0,114.921875,,,36.38356164383561,108.36000061035156
2024-09-11,78.44865843994113,極度貪婪,3.65,95.013698630137,3.233081354301111,98.1404958677686,114.78125,,,42.19178082191781,103.79000091552734
2024-09-12,79.295709272048,極度貪婪,3.68,94.4109589041096,3.104368591094255,96.900826446281,114.6875,,,46.57534246575342,98.02999877929688
2024-09-13,79.85388127853882,極度貪婪,3.66,95.06849315068492,3.2688849375416273,100.0,114.921875,,,44.49315068493151,100.5999984741211
2024-09-14,79.79908675799088,極度貪婪,3.66,94.9041095890411,3.222738811525238,100.0,114.921875,,,44.49315068493151,100.5999984741211
2024-09-15,79.68949771689496,極度貪婪,3.66,94.57534246575342,3.1775602343722777,100.0,114.921875,,,44.49315068493151,100.5999984741211
2024-09-16,79.57990867579909,極度貪婪,3.63,95.06849315068492,3.2734529594680137,100.0,115.078125,,,43.67123287671233,101.22000122070312
2024-09-17,78.5581128796702,極度貪婪,3.65,94.13698630136986,3.094719868307879,97.97570850202428,114.921875,,,43.56164383561644,101.58000183105467
2024-09-18,77.67230510417244,極度貪婪,3.7,92.27397260273972,2.804372121281419,94.33198380566802,114.640625,,,46.41095890410959,98.61000061035156
2024-09-19,77.4551975301795,極度貪婪,3.73,90.95890410958904,2.486340757208356,90.2834008097166,114.328125,,,51.12328767123287,92.63999938964844
2024-09-20,80.72301406836374,極度貪婪,3.73,92.93150684931508,2.9068165475281083,96.96356275303644,114.84375,,,52.273972602739725,91.0
2024-09-21,80.5951601870852,極度貪婪,3.73,92.54794520547944,2.865108155313721,96.96356275303644,114.84375,,,52.273972602739725,91.0
2024-09-22,80.46730630580667,極度貪婪,3.73,92.16438356164385,2.8227431037415704,96.96356275303644,114.84375,,,52.273972602739725,91.0
2024-09-23,79.39933078217143,極度貪婪,3.75,91.67123287671232,2.71210293976163,95.95141700404858,114.765625,,,50.57534246575342,93.87000274658205
2024-09-24,79.93762594050986,極度貪婪,3.74,91.83561643835615,2.739266472389274,96.96356275303644,114.84375,,,51.013698630136986,93.3000030517578
2024-09-25,78.52772077718004,極度貪婪,3.79,90.46575342465754,2.4309572592823656,93.1174089068826,114.546875,,,52.0,91.63999938964844
2024-09-26,77.73778492596084,極度貪婪,3.79,89.0958904109589,2.2634839194093397,91.29554655870446,114.40625,,,52.821917808219176,90.13999938964844
2024-09-27,79.20958349509179,極度貪婪,3.75,90.73972602739728,2.5125701100540727,95.54655870445345,114.734375,,,51.34246575342466,92.52999877929688
2024-09-28,79.1365241343612,極度貪婪,3.75,90.52054794520548,2.468395693508557,95.54655870445345,114.734375,,,51.34246575342466,92.52999877929688
2024-09-29,79.04519993344796,極度貪婪,3.75,90.24657534246576,2.424259331585117,95.54655870445345,114.734375,,,51.34246575342466,92.52999877929688
2024-09-30,75.48107888266505,貪婪,3.81,87.67123287671232,1.9761681945896008,89.67611336032388,114.28125,,,49.09589041095891,94.61000061035156
2024-10-01,75.39071598912983,貪婪,3.74,89.04109589041096,2.288132569879239,94.93927125506072,114.6875,,,42.19178082191781,104.13999938964844
2024-10-02,74.28014715397556,貪婪,3.79,87.89041095890411,2.006191412257129,91.49797570850204,114.421875,,,43.45205479452054,102.16999816894533
2024-10-03,70.7383580130516,貪婪,3.85,83.5068493150685,1.5072645226401522,84.81781376518218,113.90625,,,43.89041095890411,101.16000366210938
2024-10-04,62.25955299206921,貪婪,3.98,70.30136986301369,0.5291771251160863,71.05263157894737,112.84375,,,45.42465753424657,100.1500015258789
2024-10-05,62.022110069694776,貪婪,3.98,69.58904109589041,0.4979533039363087,71.05263157894737,112.84375,,,45.42465753424657,100.1500015258789
2024-10-06,61.78466714732035,貪婪,3.98,68.87671232876713,0.4722278179246296,71.05263157894737,112.84375,,,45.42465753424657,100.1500015258789
2024-10-07,48.305769692936245,中性,4.03,62.41095890410959,0.13241569626733,66.39676113360325,112.484375,,,16.1095890410959,124.2300033569336
2024-10-08,48.22002846948774,中性,4.04,61.698630136986296,0.1007961337006142,66.19433198380567,112.46875,,,16.76712328767124,123.7699966430664
2024-10-09,46.287541826114285,中性,4.06,57.69863013698631,-0.1508374481774358,62.75303643724697,112.203125,,,18.41095890410959,122.38999938964844
2024-10-10,46.97147505222487,中性,4.09,54.90410958904109,-0.2835932938526933,61.1336032388664,112.078125,,,24.876712328767127,116.55999755859376
2024-10-11,48.13380659235022,中性,4.08,57.69863013698631,-0.1534390357802036,63.36032388663968,112.25,,,23.342465753424666,118.47000122070312
2024-10-12,48.02421755125433,中性,4.08,57.36986301369863,-0.1761923553638662,63.36032388663968,112.25,,,23.342465753424666,118.47000122070312
2024-10-13,47.84156914942784,中性,4.08,56.82191780821918,-0.2004881062987021,63.36032388663968,112.25,,,23.342465753424666,118.47000122070312
2024-10-14,43.21402029837501,恐懼,4.08,48.0,-0.5660194962270979,58.2995951417004,111.859375,,,23.342465753424666,118.47000122070312
2024-10-15,46.22206200432589,中性,4.03,59.56164383561644,-0.0692127631445977,65.78947368421053,112.4375,,,13.31506849315069,127.2300033569336
2024-10-16,48.87349564638678,中性,4.02,60.76712328767123,-0.0008886341471042,67.00404858299595,112.53125,,,18.849315068493155,121.86000061035156
2024-10-17,43.494056532268495,恐懼,4.09,51.06849315068494,-0.4424901622575036,60.72874493927125,112.046875,,,18.68493150684931,122.13999938964844
2024-10-18,44.82077163403769,恐懼,4.08,54.35616438356165,-0.3021751949812935,62.955465587044536,112.21875,,,17.15068493150686,123.12999725341795
2024-10-19,44.74771227330708,恐懼,4.08,54.13698630136986,-0.3145740037286924,62.955465587044536,112.21875,,,17.15068493150686,123.12999725341795
2024-10-20,44.67465291257648,恐懼,4.08,53.917808219178085,-0.3298468671208958,62.955465587044536,112.21875,,,17.15068493150686,123.12999725341795
2024-10-21,34.55145767474534,恐懼,4.19,38.24657534246575,-0.9616035755400592,53.84615384615385,111.515625,,,11.561643835616437,128.9499969482422
2024-10-22,32.65853252731407,恐懼,4.2,35.12328767123288,-1.1202852442492677,51.61943319838057,111.34375,,,11.23287671232876,129.25999450683594
2024-10-23,29.975671528663597,恐懼,4.24,30.739726027397264,-1.40119639505236,47.57085020242915,111.03125,,,11.61643835616438,129.0500030517578
2024-10-24,32.772188638086256,恐懼,4.21,34.082191780821915,-1.184673939948253,50.80971659919028,111.28125,,,13.424657534246576,127.4800033569336
2024-10-25,30.34806721756974,恐懼,4.25,30.95890410958904,-1.382859819370243,47.97570850202429,111.0625,,,12.109589041095887,128.39999389648438
2024-10-26,30.34806721756974,恐懼,4.25,30.95890410958904,-1.3868001487244663,47.97570850202429,111.0625,,,12.109589041095887,128.39999389648438
2024-10-27,30.329802377387093,恐懼,4.25,30.904109589041095,-1.3905212817789436,47.97570850202429,111.0625,,,12.109589041095887,128.39999389648438
2024-10-28,26.42168117871074,恐懼,4.28,26.73972602739726,-1.710364513737514,43.31983805668016,110.703125,,,9.205479452054805,130.9199981689453
2024-10-29,26.60584548832566,恐懼,4.28,27.342465753424655,-1.6735472987970037,43.92712550607287,110.75,,,8.54794520547945,131.8699951171875
2024-10-30,26.42168117871074,恐懼,4.29,26.575342465753423,-1.718327083626957,43.31983805668016,110.703125,,,9.369863013698634,130.8000030517578
2024-10-31,23.473462370362157,極度恐懼,4.28,23.3972602739726,-1.9297778369620688,40.2834008097166,110.46875,,,6.739726027397268,135.17999267578125
2024-11-01,20.43343870741131,極度恐懼,4.37,18.410958904109588,-2.318499949508572,34.61538461538461,110.03125,,,8.273972602739718,132.5800018310547
2024-11-02,20.43343870741131,極度恐懼,4.37,18.410958904109588,-2.3188251404322893,34.61538461538461,110.03125,,,8.273972602739718,132.5800018310547
2024-11-03,20.37864418686336,極度恐懼,4.37,18.246575342465754,-2.3247865903388947,34.61538461538461,110.03125,,,8.273972602739718,132.5800018310547
2024-11-04,22.27053408019522,極度恐懼,4.31,22.082191780821915,-2.0397045019295295,38.8663967611336,110.359375,,,5.863013698630141,136.25
2024-11-05,24.025474645517903,極度恐懼,4.26,22.73972602739726,-2.000596928150039,39.473684210526315,110.40625,,,9.86301369863014,130.42999267578125
2024-11-06,22.286876305621803,極度恐懼,4.42,12.876712328767123,-2.759947583853078,28.34008097165992,109.546875,,,25.643835616438366,117.63999938964844
2024-11-07,33.51002902408815,恐懼,4.31,19.945205479452056,-2.188362024007401,36.63967611336032,110.1875,,,43.945205479452056,104.08000183105467
2024-11-08,35.48566357939105,恐懼,4.3,21.15068493150685,-2.1028605161334735,37.85425101214575,110.28125,,,47.45205479452055,99.8499984741211
2024-11-09,35.55872294012165,恐懼,4.3,21.36986301369863,-2.100579240551272,37.85425101214575,110.28125,,,47.45205479452055,99.8499984741211
2024-11-10,35.59525262048694,恐懼,4.3,21.47945205479452,-2.098406498291088,37.85425101214575,110.28125,,,47.45205479452055,99.8499984741211
2024-11-11,32.42330800658126,恐懼,4.3,16.821917808219176,-2.4278459885832024,32.99595141700405,109.90625,,,47.45205479452055,99.8499984741211
2024-11-12,25.52788715730317,恐懼,4.43,11.945205479452056,-2.850423779130997,26.720647773279353,109.421875,,,37.917808219178085,108.5500030517578
2024-11-13,28.048435102508645,恐懼,4.44,12.10958904109589,-2.8384546055932174,26.720647773279353,109.421875,,,45.31506849315069,102.08000183105467
2024-11-14,29.921579501968836,恐懼,4.43,13.589041095890412,-2.716122565197261,28.34008097165992,109.546875,,,47.83561643835617,99.43000030517578
2024-11-15,28.922596269387903,恐懼,4.43,13.589041095890412,-2.718551586090054,28.13765182186235,109.53125,,,45.04109589041095,102.47000122070312
2024-11-16,28.995655630118495,恐懼,4.43,13.808219178082194,-2.7071020206943768,28.13765182186235,109.53125,,,45.04109589041095,102.47000122070312
2024-11-17,29.05045015066644,恐懼,4.43,13.972602739726028,-2.6970544274644723,28.13765182186235,109.53125,,,45.04109589041095,102.47000122070312
2024-11-18,30.112842696836925,恐懼,4.42,15.452054794520548,-2.6019819441621688,29.352226720647774,109.625,,,45.534246575342465,102.01000213623048
2024-11-19,30.856598820549795,恐懼,4.39,17.589041095890412,-2.3965736893373184,32.18623481781376,109.84375,,,42.7945205479452,105.12000274658205
2024-11-20,28.866766494740546,恐懼,4.41,16.054794520547947,-2.524802022596477,30.16194331983806,109.6875,,,40.38356164383562,106.69000244140624
2024-11-21,29.280794187787695,恐懼,4.43,14.356164383561644,-2.6822375086652808,27.732793522267208,109.5,,,45.75342465753425,101.9000015258789
2024-11-22,31.331004011609636,恐懼,4.41,15.945205479452056,-2.5490296288724834,29.554655870445345,109.640625,,,48.49315068493151,99.13999938964844
2024-11-23,31.36753369197493,恐懼,4.41,16.054794520547947,-2.540800362669886,29.554655870445345,109.640625,,,48.49315068493151,99.13999938964844
2024-11-24,31.40406337234023,恐懼,4.41,16.164383561643834,-2.533327851382841,29.554655870445345,109.640625,,,48.49315068493151,99.13999938964844
2024-11-25,38.90318525502376,恐懼,4.27,27.671232876712327,-1.73919131104421,41.093117408906885,110.53125,,,47.945205479452056,99.95999908447266
2024-11-26,37.31366350544433,恐懼,4.3,24.93150684931507,-1.9173688907064192,38.46153846153847,110.328125,,,48.54794520547945,99.18000030517578
2024-11-27,41.64339193611003,恐懼,4.25,30.46575342465753,-1.5557716349492985,43.7246963562753,110.734375,,,50.73972602739726,97.73999786376952
2024-11-28,41.66165677629268,恐懼,4.25,30.52054794520548,-1.552489595430327,43.7246963562753,110.734375,,,50.73972602739726,97.73999786376952
2024-11-29,44.42874309060321,恐懼,4.18,33.8082191780822,-1.3011303208484208,47.368421052631575,111.015625,,,52.10958904109589,95.22000122070312
2024-11-30,44.46527277096851,恐懼,4.18,33.91780821917808,-1.2998140741325248,47.368421052631575,111.015625,,,52.10958904109589,95.22000122070312
2024-12-01,44.48353761115116,恐懼,4.18,33.97260273972603,-1.297510557901751,47.368421052631575,111.015625,,,52.10958904109589,95.22000122070312
2024-12-02,43.464773630599154,恐懼,4.19,33.31506849315068,-1.3488026264752493,46.558704453441294,110.953125,,,50.52054794520548,97.80999755859376
2024-12-03,42.74789714011055,恐懼,4.23,31.452054794520546,-1.4668271651455993,44.73684210526316,110.8125,,,52.05479452054795,95.5999984741211
2024-12-04,46.623555728097905,中性,4.19,36.21917808219178,-1.1914276789614815,48.58299595141701,111.109375,,,55.06849315068493,92.25
2024-12-05,46.530715619396226,中性,4.17,35.78082191780822,-1.2114797041570071,47.97570850202429,111.0625,,,55.83561643835617,91.4800033569336
2024-12-06,50.72804244541808,中性,4.15,41.04109589041096,-0.9553878044874656,51.41700404858299,111.328125,,,59.726027397260275,83.19999694824219
2024-12-07,50.94722052760986,中性,4.15,41.6986301369863,-0.9355576417407028,51.41700404858299,111.328125,,,59.726027397260275,83.19999694824219
2024-12-08,51.111604089253696,中性,4.15,42.19178082191781,-0.9161604699285776,51.41700404858299,111.328125,,,59.726027397260275,83.19999694824219
2024-12-09,47.9553731536428,中性,4.2,37.15068493150685,-1.136182821841505,47.97570850202429,111.0625,,,58.73972602739726,85.62999725341797
2024-12-10,45.50182093801416,中性,4.22,34.24657534246575,-1.2889196534094822,45.546558704453446,110.875,,,56.71232876712329,90.0999984741211
2024-12-11,44.61043018505168,恐懼,4.26,31.28767123287671,-1.5110451209915756,42.10526315789473,110.609375,,,60.43835616438356,82.4000015258789
2024-12-12,41.99504556966705,恐懼,4.32,27.3972602739726,-1.7569093001974925,38.25910931174089,110.3125,,,60.32876712328767,82.66000366210938
2024-12-13,37.27314070212413,恐懼,4.4,21.04109589041096,-2.166505953799318,31.983805668016196,109.828125,,,58.7945205479452,85.66000366210938
2024-12-14,37.364464903037366,恐懼,4.4,21.315068493150687,-2.1447138933623737,31.983805668016196,109.828125,,,58.7945205479452,85.66000366210938
2024-12-15,37.54711330486384,恐懼,4.4,21.863013698630137,-2.120949486667616,31.983805668016196,109.828125,,,58.7945205479452,85.66000366210938
2024-12-16,36.78557299465735,恐懼,4.39,22.082191780821915,-2.1082659178533976,31.781376518218625,109.8125,,,56.49315068493151,90.87999725341795
2024-12-17,37.78048915756198,恐懼,4.4,23.83561643835616,-2.0115429371402613,32.79352226720648,109.890625,,,56.71232876712329,90.41999816894533
2024-12-18,31.263601575065167,恐懼,4.5,13.589041095890412,-2.7229762198092815,22.06477732793522,109.0625,,,58.136986301369866,87.20999908447266
2024-12-19,28.159133344425346,恐懼,4.57,10.3013698630137,-3.013023049358658,17.408906882591094,108.703125,,,56.76712328767123,90.41000366210938
2024-12-20,29.96376610652025,恐懼,4.52,13.315068493150688,-2.7472846216319913,20.850202429149796,108.96875,,,55.726027397260275,91.75
2024-12-21,30.128149668164088,恐懼,4.52,13.808219178082194,-2.718524825607541,20.850202429149796,108.96875,,,55.726027397260275,91.75
2024-12-22,30.329062910173217,恐懼,4.52,14.410958904109588,-2.6889876417525977,20.850202429149796,108.96875,,,55.726027397260275,91.75
2024-12-23,25.302238736989995,恐懼,4.59,9.58904109589041,-3.100234167454859,14.37246963562753,108.46875,,,51.945205479452056,95.8499984741211
2024-12-24,25.908010278594276,恐懼,4.59,10.684931506849315,-2.979539127676025,15.587044534412955,108.5625,,,51.45205479452055,96.9499969482422
2024-12-25,26.054129000055458,恐懼,4.59,11.123287671232877,-2.946688286218433,15.587044534412955,108.5625,,,51.45205479452055,96.9499969482422
2024-12-26,27.262640267687132,恐懼,4.58,12.438356164383562,-2.82780315377857,16.801619433198383,108.65625,,,52.54794520547945,95.1999969482422
2024-12-27,25.78829053666833,恐懼,4.62,10.575342465753424,-2.986885616226178,13.96761133603239,108.4375,,,52.821917808219176,94.8000030517578
2024-12-28,25.989203778677464,恐懼,4.62,11.178082191780822,-2.950310559006206,13.96761133603239,108.4375,,,52.821917808219176,94.8000030517578
2024-12-29,26.135322500138653,恐懼,4.62,11.616438356164384,-2.9144684860924306,13.96761133603239,108.4375,,,52.821917808219176,94.8000030517578
2024-12-30,29.342761540310203,恐懼,4.55,18.410958904109588,-2.4070502020148843,20.850202429149796,108.96875,,,48.76712328767123,99.08000183105467
2024-12-31,27.904941489656704,恐懼,4.58,16.43835616438356,-2.5695871526241874,18.016194331983808,108.75,,,49.26027397260274,98.8000030517578
2025-01-01,28.05106021111789,恐懼,4.58,16.876712328767123,-2.537716223437329,18.016194331983808,108.75,,,49.26027397260274,98.8000030517578
2025-01-02,29.231513385812065,恐懼,4.57,17.972602739726025,-2.4520889036309503,17.995910020449898,108.8125,,,51.726027397260275,96.66999816894533
2025-01-03,29.04789384728875,恐懼,4.6,16.383561643835616,-2.575383925568885,15.74642126789366,108.640625,,,55.013698630136986,93.3499984741211
2025-01-04,29.19401256874994,恐懼,4.6,16.821917808219176,-2.54457748105555,15.74642126789366,108.640625,,,55.013698630136986,93.3499984741211
2025-01-05,29.376660970576424,恐懼,4.6,17.36986301369863,-2.513751547890376,15.74642126789366,108.640625,,,55.013698630136986,93.3499984741211
2025-01-06,27.054747831283674,恐懼,4.62,16.383561643835616,-2.5772565441266453,14.314928425357872,108.53125,,,50.465753424657535,97.88999938964844
2025-01-07,20.975139523084724,極度恐懼,4.67,12.32876712328767,-2.8589741862772886,5.555555555555555,108.171875,,,45.04109589041095,102.77999877929688
2025-01-08,21.435429106661985,極度恐懼,4.67,12.493150684931509,-2.844504039512423,5.128205128205128,108.140625,,,46.68493150684932,100.76000213623048
2025-01-09,22.302969987901495,極度恐懼,4.68,14.027397260273972,-2.730292983211079,6.196581196581197,108.21875,,,46.68493150684932,100.76000213623048
2025-01-10,19.85388127853881,極度恐懼,4.77,7.397260273972603,-3.425154143177516,0.0,107.390625,,,52.16438356164383,96.56999969482422
2025-01-11,19.945205479452053,極度恐懼,4.77,7.671232876712329,-3.375625183464004,0.0,107.390625,,,52.16438356164383,96.56999969482422
2025-01-12,20.09132420091324,極度恐懼,4.77,8.10958904109589,-3.3260453952646776,0.0,107.390625,,,52.16438356164383,96.56999969482422
2025-01-13,17.27853881278539,極度恐懼,4.79,7.506849315068494,-3.413229812056194,0.0,107.234375,,,44.32876712328767,103.51000213623048
2025-01-14,18.722989321253795,極度恐懼,4.78,8.767123287671232,-3.24889942278837,1.593625498007968,107.359375,,,45.80821917808219,101.98999786376952
2025-01-15,30.09099674361913,恐懼,4.66,20.43835616438356,-2.3310932268240228,13.94422310756972,108.328125,,,55.890410958904106,93.0999984741211
2025-01-16,32.89352180319816,恐懼,4.61,25.095890410958905,-2.0329122059296063,17.52988047808765,108.609375,,,56.054794520547944,92.72000122070312
2025-01-17,31.513762302388617,恐懼,4.61,24.876712328767123,-2.0442257559811208,16.733067729083665,108.546875,,,52.93150684931507,95.5999984741211
2025-01-18,31.84252942567629,恐懼,4.61,25.863013698630137,-1.9991219843604937,16.733067729083665,108.546875,,,52.93150684931507,95.5999984741211
2025-01-19,32.06170750786807,恐懼,4.61,26.52054794520548,-1.952869632177191,16.733067729083665,108.546875,,,52.93150684931507,95.5999984741211
2025-01-20,32.31741527042515,恐懼,4.61,27.287671232876715,-1.9076816720003016,16.733067729083665,108.546875,,,52.93150684931507,95.5999984741211
2025-01-21,33.972675508013616,恐懼,4.57,30.739726027397264,-1.696265616436033,19.12350597609562,108.734375,,,52.05479452054795,96.77999877929688
2025-01-22,34.81304007713438,恐懼,4.6,28.767123287671232,-1.8107077769084972,16.93227091633466,108.5625,,,58.73972602739726,89.9000015258789
2025-01-23,33.55960632356419,恐懼,4.65,26.73972602739726,-1.9343921855170532,14.54183266932271,108.375,,,59.3972602739726,88.51000213623047
2025-01-24,35.07216794920774,恐懼,4.63,28.986301369863018,-1.8042444556599864,15.737051792828684,108.46875,,,60.49315068493151,86.75
2025-01-25,35.309610871582166,恐懼,4.63,29.698630136986303,-1.758886702608209,15.737051792828684,108.46875,,,60.49315068493151,86.75
2025-01-26,35.62011315468718,恐懼,4.63,30.63013698630137,-1.7140436501778873,15.737051792828684,108.46875,,,60.49315068493151,86.75
2025-01-27,39.65591515217668,恐懼,4.53,40.76712328767123,-1.0502890022764388,24.50199203187251,109.15625,,,53.6986301369863,95.0500030517578
2025-01-28,39.70918153868544,恐懼,4.55,39.89041095890411,-1.1240514823740717,22.90836653386454,109.03125,,,56.32876712328767,92.83000183105467
2025-01-29,39.9251214320799,恐懼,4.55,39.34246575342466,-1.155795363437086,21.91235059760956,108.953125,,,58.52054794520548,90.7300033569336
2025-01-30,43.36691589805162,恐懼,4.52,45.91780821917808,-0.8610665199412377,25.49800796812749,109.234375,,,58.68493150684932,90.54000091552734
2025-01-31,39.0036929905947,恐懼,4.58,39.06849315068493,-1.1733220745260369,20.51792828685259,108.84375,,,57.42465753424658,91.76000213623048
2025-02-01,39.277665593334426,恐懼,4.58,39.89041095890411,-1.131018007042039,20.51792828685259,108.84375,,,57.42465753424658,91.76000213623048
2025-02-02,39.51510851570885,恐懼,4.58,40.6027397260274,-1.0919359400610946,20.51792828685259,108.84375,,,57.42465753424658,91.76000213623048
2025-02-03,40.23562371518492,恐懼,4.54,43.726027397260275,-0.9512543238832882,21.91235059760956,108.953125,,,55.06849315068493,94.1500015258789
2025-02-04,44.53091742618566,恐懼,4.52,49.42465753424658,-0.6862863236106634,25.099601593625497,109.203125,,,59.06849315068493,90.27999877929688
2025-02-05,48.699703469228105,中性,4.43,60.0,-0.1587453206518972,32.07171314741036,109.75,,,54.02739726027397,94.68000030517578
2025-02-06,47.8049082209973,中性,4.45,57.86301369863014,-0.2914055826576157,29.880478087649404,109.578125,,,55.67123287671233,93.9000015258789
2025-02-07,44.55413050992377,恐懼,4.49,51.78082191780822,-0.5780721674350043,25.49800796812749,109.234375,,,56.38356164383562,93.12999725341795
2025-02-08,44.736778911750264,恐懼,4.49,52.32876712328767,-0.5519360436996811,25.49800796812749,109.234375,,,56.38356164383562,93.12999725341795
2025-02-09,44.95595699394204,恐懼,4.49,52.98630136986301,-0.5283904580104941,25.49800796812749,109.234375,,,56.38356164383562,93.12999725341795
2025-02-10,46.38727282650222,中性,4.51,53.26027397260275,-0.5190656135824601,25.298804780876495,109.21875,,,60.6027397260274,87.68000030517578
2025-02-11,44.290418235732865,恐懼,4.54,48.76712328767123,-0.7375005836458447,21.91235059760956,108.953125,,,62.19178082191781,85.58000183105469
2025-02-12,36.948680165184015,恐懼,4.62,36.21917808219178,-1.3364363444160006,13.147410358565736,108.265625,,,61.47945205479452,86.58000183105469
2025-02-13,44.83170514289873,恐懼,4.52,49.64383561643836,-0.6719102327017638,22.11155378486056,108.96875,,,62.73972602739726,84.56999969482422
2025-02-14,48.84960614164347,中性,4.47,57.36986301369863,-0.3372237335305634,26.49402390438247,109.3125,,,62.68493150684932,84.66999816894531
2025-02-15,48.97746002292201,中性,4.47,57.75342465753425,-0.3158659068862368,26.49402390438247,109.3125,,,62.68493150684932,84.66999816894531
2025-02-16,49.16010842474849,中性,4.47,58.3013698630137,-0.2973408063773158,26.49402390438247,109.3125,,,62.68493150684932,84.66999816894531
2025-02-17,49.32449198639233,中性,4.47,58.7945205479452,-0.2746012124418999,26.49402390438247,109.3125,,,62.68493150684932,84.66999816894531
2025-02-18,44.41008568465863,恐懼,4.55,49.64383561643836,-0.6755091984231304,20.51792828685259,108.84375,,,63.06849315068493,84.51000213623047
2025-02-19,45.91598901198858,中性,4.53,52.54794520547945,-0.5532394571886954,21.91235059760956,108.953125,,,63.28767123287671,83.86000061035156
2025-02-20,48.032818497698706,中性,4.5,57.589041095890416,-0.3314013002708038,24.701195219123505,109.171875,,,61.80821917808219,86.26000213623047
2025-02-21,51.411268169331805,中性,4.42,65.58904109589041,0.1578556288714907,31.274900398406373,109.6875,,,57.36986301369863,91.83000183105467
2025-02-22,51.52085721042769,中性,4.42,65.91780821917808,0.1763789235748364,31.274900398406373,109.6875,,,57.36986301369863,91.83000183105467
2025-02-23,51.55738689079299,中性,4.42,66.02739726027397,0.1897611202071655,31.274900398406373,109.6875,,,57.36986301369863,91.83000183105467
2025-02-24,54.58251014208008,中性,4.4,69.64383561643835,0.3717981510578401,33.66533864541832,109.875,,,60.43835616438356,88.44000244140625
2025-02-25,57.57892630391675,貪婪,4.3,78.73972602739727,0.9608192657166562,41.832669322709165,110.515625,,,52.16438356164383,96.61000061035156
2025-02-26,60.08750386581528,貪婪,4.25,82.73972602739727,1.2638135032882911,46.01593625498008,110.84375,,,51.50684931506849,97.5199966430664
2025-02-27,58.598337244628794,貪婪,4.29,80.21917808219177,1.0530414981259726,43.02788844621514,110.609375,,,52.54794520547945,96.2699966430664
2025-02-28,58.75227855700485,貪婪,4.24,84.27397260273972,1.4670177946997334,48.80478087649402,111.0625,,,43.17808219178082,104.45999908447266
2025-03-01,58.75227855700485,貪婪,4.24,84.32876712328768,1.4670177946997334,48.80478087649402,111.0625,,,43.12328767123288,104.45999908447266
2025-03-02,58.73401371682221,貪婪,4.24,84.27397260273972,1.4643527236640883,48.80478087649402,111.0625,,,43.12328767123288,104.45999908447266
2025-03-03,60.64650985100693,貪婪,4.16,87.17808219178083,1.745198505910016,52.788844621513945,111.375,,,41.97260273972603,105.6500015258789
2025-03-04,57.90030744601503,貪婪,4.22,85.64383561643835,1.5986297459320582,50.79681274900398,111.21875,,,37.26027397260274,108.87000274658205
2025-03-05,57.54869108042715,貪婪,4.28,82.68493150684931,1.2532913742586556,46.01593625498008,110.84375,,,43.945205479452056,104.31999969482422
2025-03-06,54.726009205188376,中性,4.29,81.80821917808218,1.1906528952230016,45.21912350597609,110.78125,,,37.15068493150685,108.9499969482422
2025-03-07,54.935472720988194,中性,4.32,79.01369863013699,0.9727637565578756,42.23107569721115,110.546875,,,43.56164383561644,104.41000366210938
2025-03-08,54.91720788080554,中性,4.32,79.01369863013699,0.9689595016714428,42.23107569721115,110.546875,,,43.50684931506849,104.41000366210938
2025-03-09,54.88067820044025,中性,4.32,78.95890410958904,0.9675762073296064,42.23107569721115,110.546875,,,43.45205479452054,104.41000366210938
2025-03-10,56.50381123906201,貪婪,4.22,86.46575342465754,1.6318171232344982,51.59362549800797,111.28125,,,31.45205479452055,112.5
2025-03-11,52.082555622259825,中性,4.28,82.08219178082192,1.1943559461529554,45.61752988047809,110.8125,,,28.54794520547945,114.5999984741211
2025-03-12,55.76062871800469,中性,4.32,79.94520547945206,1.019901491327692,43.22709163346614,110.625,,,44.10958904109589,104.11000061035156
2025-03-13,57.08370172278921,貪婪,4.27,83.23287671232876,1.2721077952985067,46.81274900398406,110.90625,,,41.2054794520548,106.19000244140624
2025-03-14,56.54601684585858,貪婪,4.31,79.89041095890411,1.0127527173571924,43.22709163346614,110.625,,,46.52054794520548,101.01000213623048
2025-03-15,56.52775200567592,貪婪,4.31,79.89041095890411,1.0102162988258845,43.22709163346614,110.625,,,46.46575342465753,101.01000213623048
2025-03-16,56.50948716549328,貪婪,4.31,79.89041095890411,1.0049132898498565,43.22709163346614,110.625,,,46.41095890410959,101.01000213623048
2025-03-17,56.760246684494895,貪婪,4.31,79.01369863013699,0.967738254191062,42.82868525896414,110.59375,,,48.43835616438356,99.77999877929688
2025-03-18,59.54792701340756,貪婪,4.29,81.36986301369863,1.1288778431620936,45.21912350597609,110.78125,,,52.05479452054795,96.68000030517578
2025-03-19,63.351780094234925,貪婪,4.25,83.78082191780823,1.303669694414626,47.80876494023904,110.984375,,,58.465753424657535,91.4000015258789
2025-03-20,62.6027397260274,貪婪,4.24,84.93150684931507,1.4485148074332077,50.0,111.15625,,,52.87671232876712,95.73999786376952
2025-03-21,62.64763775946442,貪婪,4.25,84.6027397260274,1.3799074434240206,49.20318725099602,111.09375,,,54.13698630136986,94.54000091552734
2025-03-22,62.55631355855118,貪婪,4.25,84.38356164383562,1.3683443341511186,49.20318725099602,111.09375,,,54.08219178082192,94.54000091552734
2025-03-23,62.50151903800324,貪婪,4.25,84.27397260273972,1.3574774162425167,49.20318725099602,111.09375,,,54.02739726027397,94.54000091552734
2025-03-24,57.7665229492987,貪婪,4.34,77.8082191780822,0.8533548031000336,42.23107569721115,110.546875,,,53.26027397260274,95.22000122070312
2025-03-25,60.41969109861922,貪婪,4.31,80.38356164383562,1.030833789454475,44.820717131474105,110.75,,,56.054794520547944,93.56999969482422
2025-03-26,59.60461350943259,貪婪,4.35,77.8082191780822,0.8519682381862358,42.430278884462155,110.5625,,,58.57534246575343,91.41000366210938
2025-03-27,58.64170714402663,貪婪,4.38,76.21917808219179,0.717952109162472,40.63745019920319,110.421875,,,59.06849315068493,91.02999877929688
2025-03-28,62.54623515072131,貪婪,4.27,85.31506849315068,1.418982236216595,50.59760956175299,111.203125,,,51.726027397260275,96.83000183105467
2025-03-29,62.50970547035602,貪婪,4.27,85.2054794520548,1.4074215926992333,50.59760956175299,111.203125,,,51.726027397260275,96.83000183105467
2025-03-30,62.50970547035602,貪婪,4.27,85.2054794520548,1.4024513262534437,50.59760956175299,111.203125,,,51.726027397260275,96.83000183105467
2025-03-31,60.60350379304699,貪婪,4.23,85.36986301369863,1.410110579476572,50.79681274900398,111.21875,,,45.64383561643835,101.3499984741211
2025-04-01,63.340974003529254,貪婪,4.17,89.6986301369863,1.915219757363704,57.96812749003985,111.78125,,,42.35616438356165,104.7300033569336
2025-04-02,60.812421546689954,貪婪,4.2,87.89041095890411,1.6531167164675735,54.38247011952191,111.5,,,40.16438356164384,106.38999938964844
2025-04-03,64.6916625734505,貪婪,4.06,93.42465753424658,2.6808402024617246,68.92430278884463,112.640625,,,31.726027397260268,112.0
2025-04-04,61.577907547890625,貪婪,4.01,95.67123287671234,3.03590634000511,74.10358565737052,113.046875,,,14.958904109589042,125.70999908447266
2025-04-05,61.55964270770798,貪婪,4.01,95.61643835616438,3.020647986348596,74.10358565737052,113.046875,,,14.958904109589042,125.70999908447266
2025-04-06,61.48658334697739,貪婪,4.01,95.3972602739726,3.0049248740307473,74.10358565737052,113.046875,,,14.958904109589042,125.70999908447266
2025-04-07,52.48139860648729,中性,4.15,90.63013698630137,2.0986889457812112,61.55378486055777,112.0625,,,5.260273972602732,137.3000030517578
2025-04-08,48.478706179846824,中性,4.26,86.63013698630137,1.5550709205723725,53.98406374501992,111.46875,,,4.821917808219183,139.8800048828125
2025-04-09,41.38485328094017,恐懼,4.34,72.87671232876713,0.5212699077954734,39.44223107569721,110.328125,,,11.835616438356167,128.8300018310547
2025-04-10,44.1209772781022,恐懼,4.4,76.98630136986301,0.7686779400023489,42.82868525896414,110.59375,,,12.54794520547945,128.35000610351562
2025-04-11,33.619603776674126,恐懼,4.48,63.45205479452055,-0.0027337996739944,31.872509960159363,109.734375,,,5.534246575342465,137.25999450683594
2025-04-12,33.674398297222076,恐懼,4.48,63.61643835616439,0.0088858813598103,31.872509960159363,109.734375,,,5.534246575342465,137.25999450683594
2025-04-13,33.71092797758737,恐懼,4.48,63.726027397260275,0.018571011903678,31.872509960159363,109.734375,,,5.534246575342465,137.25999450683594
2025-04-14,43.99959977441831,恐懼,4.38,78.95890410958904,0.9451933681514554,44.820717131474105,110.75,,,8.219178082191775,132.4600067138672
2025-04-15,50.471647655951536,中性,4.35,83.67123287671234,1.2408087188145795,49.00398406374502,111.078125,,,18.739726027397268,122.55999755859376
2025-04-16,54.54434317524423,中性,4.29,86.9041095890411,1.545901424576079,53.38645418326693,111.421875,,,23.342465753424666,119.4000015258789
2025-04-17,54.32210882497407,中性,4.34,84.43835616438356,1.3081350646036969,50.199203187250994,111.171875,,,28.328767123287665,114.63999938964844
2025-04-18,54.28557914460878,中性,4.34,84.32876712328768,1.298211684360755,50.199203187250994,111.171875,,,28.328767123287665,114.63999938964844
2025-04-19,54.26731430442612,中性,4.34,84.27397260273972,1.2882902479662637,50.199203187250994,111.171875,,,28.328767123287665,114.63999938964844
2025-04-20,54.24904946424348,中性,4.34,84.21917808219177,1.2782554233331462,50.199203187250994,111.171875,,,28.328767123287665,114.63999938964844
2025-04-21,45.59853735741964,中性,4.42,78.95890410958904,0.9440805093092935,45.61752988047809,110.8125,,,12.219178082191789,128.55999755859375
2025-04-22,49.62346049591588,中性,4.41,78.68493150684932,0.9170917205574222,45.41832669322709,110.796875,,,24.76712328767124,118.3499984741211
2025-04-23,49.06238061452819,中性,4.4,77.31506849315069,0.774664321613755,43.625498007968126,110.65625,,,26.246575342465743,116.5999984741211
2025-04-24,57.93683712638032,貪婪,4.32,84.27397260273972,1.2703323169308909,50.79681274900398,111.21875,,,38.73972602739726,108.27999877929688
2025-04-25,61.244119412759915,貪婪,4.29,87.01369863013699,1.5218173045409908,54.581673306772906,111.515625,,,42.13698630136986,105.79000091552734
2025-04-26,61.18932489221197,貪婪,4.29,86.84931506849315,1.5029894813491678,54.581673306772906,111.515625,,,42.13698630136986,105.79000091552734
2025-04-27,61.171060052029326,貪婪,4.29,86.79452054794521,1.4804745708728129,54.581673306772906,111.515625,,,42.13698630136986,105.79000091552734
2025-04-28,62.02743364441776,貪婪,4.23,90.24657534246576,1.8111640305507464,59.561752988047814,111.90625,,,36.273972602739725,110.01000213623048
2025-04-29,62.17660863395732,貪婪,4.19,91.45205479452056,2.011928772991769,62.74900398406375,112.15625,,,32.328767123287676,112.2699966430664
2025-04-30,62.387418363077366,貪婪,4.17,91.56164383561644,2.042324121202748,63.54581673306773,112.21875,,,32.054794520547944,112.4800033569336
2025-05-01,62.81453182702978,貪婪,4.25,89.53424657534246,1.690225352016648,58.964143426294825,111.859375,,,39.94520547945205,107.33000183105467
2025-05-02,59.44292237442922,貪婪,4.33,81.04109589041096,1.0310449626494784,50.0,111.15625,,,47.28767123287672,101.4000015258789
2025-05-03,59.333333333333336,貪婪,4.33,80.71232876712328,1.011076289062628,50.0,111.15625,,,47.28767123287672,101.4000015258789
2025-05-04,59.22374429223745,貪婪,4.33,80.38356164383562,0.995015269923868,50.0,111.15625,,,47.28767123287672,101.4000015258789
2025-05-05,57.21803198166239,貪婪,4.36,78.57534246575342,0.8928764065102939,48.80478087649402,111.0625,,,44.27397260273973,104.4499969482422
2025-05-06,58.77359966526587,貪婪,4.3,82.13698630136986,1.1011567879691275,51.992031872509955,111.3125,,,42.19178082191781,106.18000030517578
2025-05-07,63.2582000764067,貪婪,4.26,84.87671232876713,1.2939058498755929,54.980079681274894,111.546875,,,49.917808219178085,99.87000274658205
2025-05-08,57.25816369226291,貪婪,4.37,74.68493150684932,0.5970850536933889,45.41832669322709,110.796875,,,51.67123287671233,98.66000366210938
2025-05-09,56.502646946460736,貪婪,4.37,74.68493150684932,0.5954022284179409,45.61752988047809,110.8125,,,49.20547945205479,100.4000015258789
2025-05-10,56.41132274554749,貪婪,4.37,74.41095890410959,0.5795378219906633,45.61752988047809,110.8125,,,49.20547945205479,100.4000015258789
2025-05-11,56.319998544634245,貪婪,4.37,74.13698630136987,0.5628798758533369,45.61752988047809,110.8125,,,49.20547945205479,100.4000015258789
2025-05-12,48.65444159435318,中性,4.45,62.68493150684932,-0.0470700322684878,37.25099601593625,110.15625,,,46.02739726027397,102.9000015258789
2025-05-13,48.11333660790627,中性,4.49,59.506849315068486,-0.2304424449580552,34.8605577689243,109.96875,,,49.97260273972602,100.12999725341795
2025-05-14,44.98699266859503,恐懼,4.53,54.57534246575343,-0.4680919582980914,31.673306772908365,109.71875,,,48.71232876712329,100.7300033569336
2025-05-15,51.37248267205152,中性,4.45,63.61643835616439,-0.006915621481965,38.44621513944223,110.25,,,52.05479452054795,98.6500015258789
2025-05-16,52.74558387454747,中性,4.43,64.32876712328766,0.0426183537754054,39.44223107569721,110.328125,,,54.465753424657535,96.6999969482422
2025-05-17,52.63599483345158,中性,4.43,64.0,0.0213046370449095,39.44223107569721,110.328125,,,54.465753424657535,96.6999969482422
2025-05-18,52.562935472720994,中性,4.43,63.78082191780822,-0.001132971160218,39.44223107569721,110.328125,,,54.465753424657535,96.6999969482422
2025-05-19,47.65653368262112,中性,4.46,60.43835616438356,-0.1912069713518025,37.05179282868526,110.140625,,,45.47945205479452,103.80999755859376
2025-05-20,48.92670414233478,中性,4.48,61.26027397260274,-0.1481426110474965,37.84860557768924,110.203125,,,47.67123287671233,101.37000274658205
2025-05-21,41.24459240662919,恐懼,4.58,47.78082191780822,-0.791628444263243,28.884462151394423,109.5,,,47.06849315068493,102.0999984741211
2025-05-22,45.89015626989758,中性,4.54,53.8082191780822,-0.5035829468038849,33.067729083665334,109.828125,,,50.7945205479452,99.47000122070312
2025-05-23,47.865815277701984,中性,4.51,58.84931506849315,-0.2881664911625122,36.254980079681275,110.078125,,,48.49315068493151,100.91000366210938
2025-05-24,47.792755916971394,中性,4.51,58.63013698630137,-0.2992296788743653,36.254980079681275,110.078125,,,48.49315068493151,100.91000366210938
2025-05-25,47.701431716058146,中性,4.51,58.35616438356165,-0.3102904119017469,36.254980079681275,110.078125,,,48.49315068493151,100.91000366210938
2025-05-26,47.80094294093626,中性,4.51,57.91780821917808,-0.3199947478753795,36.99186991869919,110.078125,,,48.49315068493151,100.91000366210938
2025-05-27,53.82577142696408,中性,4.43,65.04109589041096,0.0620206275174661,43.12114989733059,110.515625,,,53.31506849315068,97.93000030517578
2025-05-28,53.073237508555785,中性,4.47,60.10958904109589,-0.2200985634183796,39.21971252566735,110.21875,,,59.89041095890411,93.1999969482422
2025-05-29,57.204391812701,貪婪,4.43,66.41095890410959,0.1460681530694738,44.76386036960985,110.640625,,,60.43835616438356,92.66999816894533
2025-05-30,57.984979325476075,貪婪,4.41,67.34246575342466,0.2004574774485392,45.790554414784395,110.71875,,,60.821917808219176,92.11000061035156
2025-05-31,57.93018480492813,貪婪,4.41,67.17808219178082,0.1841374832885102,45.790554414784395,110.71875,,,60.821917808219176,92.11000061035156
2025-06-01,57.893655124562834,貪婪,4.41,67.06849315068493,0.1728072814293265,45.790554414784395,110.71875,,,60.821917808219176,92.11000061035156
2025-06-02,53.8578755403036,中性,4.46,63.013698630136986,-0.0637782507118472,42.50513347022588,110.46875,,,56.054794520547944,95.76000213623048
2025-06-03,52.04071537290715,中性,4.46,62.68493150684932,-0.0887597381305014,42.916666666666664,110.453125,,,50.52054794520548,100.0
2025-06-04,59.6915905631659,貪婪,4.37,72.98630136986301,0.4772031216613592,51.45833333333333,111.09375,,,54.630136986301366,96.9800033569336
2025-06-05,57.37119482496195,貪婪,4.4,67.2876712328767,0.1805227586409563,47.291666666666664,110.78125,,,57.534246575342465,94.6500015258789
2025-06-06,50.60749619482496,中性,4.51,51.89041095890411,-0.5903542690763048,36.041666666666664,109.9375,,,63.89041095890411,89.6500015258789
2025-06-07,50.55270167427702,中性,4.51,51.726027397260275,-0.5982190184596856,36.041666666666664,109.9375,,,63.89041095890411,89.6500015258789
2025-06-08,50.591731043527375,中性,4.51,51.61643835616439,-0.6052962289909312,36.268343815513624,109.9375,,,63.89041095890411,89.6500015258789
2025-06-09,52.24268879890488,中性,4.49,56.54794520547946,-0.4003760800435753,39.41299790356394,110.171875,,,60.76712328767123,92.62000274658205
2025-06-10,53.78578518959697,中性,4.47,57.26027397260274,-0.3613771656639689,41.52173913043478,110.21875,,,62.57534246575342,91.22000122070312
2025-06-11,60.52155315303755,貪婪,4.41,65.42465753424658,0.0543491156687025,51.75644028103045,110.6875,,,64.38356164383562,89.36000061035156
2025-06-12,67.1788677763048,貪婪,4.36,71.34246575342466,0.3660458574115823,65.59139784946237,111.046875,,,64.6027397260274,88.98999786376953
2025-06-13,59.66362252663623,貪婪,4.41,63.89041095890411,-0.0253043297515709,58.333333333333336,110.625,,,56.76712328767123,95.30999755859376
2025-06-14,59.645357686453586,貪婪,4.41,63.83561643835617,-0.0353547276499936,58.333333333333336,110.625,,,56.76712328767123,95.30999755859376
2025-06-15,59.627092846270926,貪婪,4.41,63.78082191780822,-0.0455159966704449,58.333333333333336,110.625,,,56.76712328767123,95.30999755859376
2025-06-16,59.1659547306918,貪婪,4.46,61.47945205479453,-0.1696212995566303,56.18279569892473,110.5,,,59.83561643835616,93.4800033569336
2025-06-17,61.1190160553837,貪婪,4.39,66.7945205479452,0.1222807217611099,62.096774193548384,110.84375,,,54.465753424657535,97.18000030517578
2025-06-18,65.441989492807,貪婪,4.38,70.63013698630137,0.3046959757326934,65.86021505376344,111.0625,,,59.83561643835616,93.63999938964844
2025-06-19,65.40545981244169,貪婪,4.38,70.52054794520548,0.2920151301538626,65.86021505376344,111.0625,,,59.83561643835616,93.63999938964844
2025-06-20,65.6880247459125,貪婪,4.38,68.38356164383562,0.2093632197918803,64.51612903225806,110.984375,,,64.16438356164383,90.0999984741211
2025-06-21,65.63323022536456,貪婪,4.38,68.21917808219177,0.1972629205520255,64.51612903225806,110.984375,,,64.16438356164383,90.0999984741211
2025-06-22,65.57843570481661,貪婪,4.38,68.05479452054794,0.1851655431861069,64.51612903225806,110.984375,,,64.16438356164383,90.0999984741211
2025-06-23,68.94240683458537,貪婪,4.34,76.76712328767124,0.5893495156255517,72.58064516129032,111.453125,,,57.47945205479452,95.02999877929688
2025-06-24,72.11641380664801,貪婪,4.3,79.06849315068493,0.753011028972206,76.0752688172043,111.65625,,,61.2054794520548,92.62000274658205
2025-06-25,72.9896892031227,貪婪,4.29,79.2876712328767,0.7629111290295281,76.61290322580645,111.6875,,,63.06849315068493,91.23999786376952
2025-06-26,76.8257475327736,極度貪婪,4.26,83.34246575342465,1.0419626467497425,82.25806451612904,112.015625,,,64.87671232876713,89.47000122070312
2025-06-27,74.87548485294839,貪婪,4.29,80.16438356164383,0.8432729814434871,78.76344086021506,111.8125,,,65.69863013698631,87.93000030517578
2025-06-28,74.85722001276575,貪婪,4.29,80.10958904109589,0.8278138230480379,78.76344086021506,111.8125,,,65.69863013698631,87.93000030517578
2025-06-29,74.80242549221781,貪婪,4.29,79.94520547945206,0.8137228383373938,78.76344086021506,111.8125,,,65.69863013698631,87.93000030517578
2025-06-30,77.43472283596013,極度貪婪,4.24,83.8904109589041,1.0837485054367686,84.13978494623656,112.125,,,64.27397260273972,90.26000213623048
2025-07-01,73.22649383807139,貪婪,4.26,80.05479452054794,0.8368941053447663,79.56989247311827,111.859375,,,60.054794520547944,93.4800033569336
2025-07-02,71.90067265674865,貪婪,4.3,77.04109589041096,0.6182444651514926,75.53763440860214,111.625,,,63.12328767123287,91.37000274658205
2025-07-03,68.36544410075122,貪婪,4.35,69.36986301369863,0.2509230746696114,68.54838709677419,111.21875,,,67.17808219178082,86.08999633789062
2025-07-04,70.10340256296952,貪婪,4.35,72.16438356164385,0.3755315241419527,70.96774193548387,111.359375,,,67.17808219178082,86.08999633789062
2025-07-05,70.08513772278685,貪婪,4.35,72.10958904109589,0.3733827872112412,70.96774193548387,111.359375,,,67.17808219178082,86.08999633789062
2025-07-06,70.10340256296952,貪婪,4.35,72.16438356164385,0.3734958763351272,70.96774193548387,111.359375,,,67.17808219178082,86.08999633789062
2025-07-07,64.45288947807728,貪婪,4.4,64.32876712328766,-0.0187033613095117,63.44086021505376,110.921875,,,65.58904109589041,88.52999877929688
2025-07-08,62.98890361859872,貪婪,4.42,62.02739726027397,-0.1450080391014723,61.02150537634409,110.78125,,,65.91780821917808,88.05000305175781
2025-07-09,69.6570923552806,貪婪,4.34,70.84931506849314,0.2880906026355182,69.35483870967742,111.265625,,,68.76712328767124,84.30999755859375
2025-07-10,69.27868610988362,貪婪,4.35,69.26027397260273,0.2409839445432751,68.54838709677419,111.21875,,,70.02739726027397,81.58000183105469
2025-07-11,62.849658761722395,貪婪,4.43,60.65753424657534,-0.2109005860602776,59.946236559139784,110.71875,,,67.94520547945206,85.4800033569336
2025-07-12,62.849658761722395,貪婪,4.43,60.65753424657534,-0.2121372233794865,59.946236559139784,110.71875,,,67.94520547945206,85.4800033569336
2025-07-13,62.90445328227034,貪婪,4.43,60.82191780821918,-0.2080899327059442,59.946236559139784,110.71875,,,67.94520547945206,85.4800033569336
2025-07-14,62.16870427652575,貪婪,4.43,61.698630136986296,-0.1655035973654678,60.752688172043015,110.765625,,,64.05479452054794,90.7300033569336
2025-07-15,56.59640595080277,貪婪,4.5,51.726027397260275,-0.5996133271441644,52.41935483870967,110.28125,,,65.64383561643837,88.94999694824219
2025-07-16,60.94216133942161,貪婪,4.46,59.397260273972606,-0.2877571392839166,58.333333333333336,110.625,,,65.0958904109589,89.5199966430664
2025-07-17,60.55236411842687,貪婪,4.47,57.0958904109589,-0.3855570465564106,56.451612903225815,110.515625,,,68.10958904109589,85.56999969482422
2025-07-18,64.35876663229733,貪婪,4.44,62.41095890410959,-0.1472581479274025,61.02150537634409,110.78125,,,69.64383561643835,83.29000091552734
2025-07-19,64.3405017921147,貪婪,4.44,62.35616438356164,-0.1483831643132301,61.02150537634409,110.78125,,,69.64383561643835,83.29000091552734
2025-07-20,64.3405017921147,貪婪,4.44,62.35616438356164,-0.1497331505139205,61.02150537634409,110.78125,,,69.64383561643835,83.29000091552734
2025-07-21,68.09490843030392,貪婪,4.38,69.26027397260273,0.2134958680944769,68.01075268817203,111.1875,,,67.01369863013699,86.62000274658203
2025-07-22,70.07998232434821,貪婪,4.35,73.64383561643835,0.4076013483065113,71.7741935483871,111.40625,,,64.82191780821918,89.88999938964844
2025-07-23,66.415181420926,貪婪,4.4,66.41095890410959,0.0565555421614753,65.05376344086021,111.015625,,,67.78082191780823,85.94999694824219
2025-07-24,65.15726420189522,貪婪,4.43,63.287671232876704,-0.1105220108922195,61.82795698924731,110.828125,,,70.35616438356163,82.75
2025-07-25,67.05788775961112,貪婪,4.4,65.97260273972603,0.0310951229102278,64.51612903225806,110.984375,,,70.68493150684931,82.08999633789062
2025-07-26,67.07615259979377,貪婪,4.4,66.02739726027397,0.0318840187834067,64.51612903225806,110.984375,,,70.68493150684931,82.08999633789062
2025-07-27,67.03962291942848,貪婪,4.4,65.91780821917808,0.0287285099479501,64.51612903225806,110.984375,,,70.68493150684931,82.08999633789062
2025-07-28,64.06824765552119,貪婪,4.42,61.863013698630134,-0.1685404018156376,60.752688172043015,110.765625,,,69.58904109589041,83.7300033569336
2025-07-29,70.90705553100604,貪婪,4.34,72.93150684931507,0.3608314782937813,70.96774193548387,111.359375,,,68.82191780821918,85.06999969482422
2025-07-30,67.311877056022,貪婪,4.38,66.19178082191782,0.0327810126967343,64.78494623655914,111.0,,,70.95890410958904,81.87999725341797
2025-07-31,68.27303972111748,貪婪,4.37,67.23287671232877,0.0901205362171853,65.86021505376344,111.0625,,,71.72602739726027,79.83999633789062
2025-08-01,79.7092355280601,極度貪婪,4.23,84.05479452054794,1.1107681771281546,85.48387096774194,112.203125,,,69.58904109589041,83.83000183105469
2025-08-02,79.65444100751215,極度貪婪,4.23,83.8904109589041,1.1034795027865787,85.48387096774194,112.203125,,,69.58904109589041,83.83000183105469
2025-08-03,79.61791132714687,極度貪婪,4.23,83.78082191780823,1.0963057402316316,85.48387096774194,112.203125,,,69.58904109589041,83.83000183105469
2025-08-04,80.16521824520056,極度貪婪,4.22,85.86301369863014,1.2468339247845297,88.44086021505376,112.375,,,66.1917808219178,87.94999694824219
2025-08-05,79.18750920606864,極度貪婪,4.22,84.76712328767123,1.1706344737494063,87.09677419354838,112.296875,,,65.69863013698631,89.19999694824219
2025-08-06,79.87018215741149,極度貪婪,4.22,83.94520547945206,1.1172876072409212,86.02150537634408,112.234375,,,69.64383561643835,83.88999938964844
2025-08-07,79.20984926596947,極度貪婪,4.23,82.08219178082192,0.997530107794517,83.60215053763442,112.09375,,,71.94520547945206,80.1500015258789
2025-08-08,76.71851524524966,極度貪婪,4.27,78.7945205479452,0.7670516943282041,79.03225806451613,111.828125,,,72.32876712328768,79.19999694824219
2025-08-09,76.80983944616291,極度貪婪,4.27,79.06849315068493,0.7759054765093755,79.03225806451613,111.828125,,,72.32876712328768,79.19999694824219
2025-08-10,76.80983944616291,極度貪婪,4.27,79.06849315068493,0.7776083053027885,79.03225806451613,111.828125,,,72.32876712328768,79.19999694824219
2025-08-11,77.04040850395246,極度貪婪,4.27,79.67123287671232,0.8308654811213503,80.10752688172043,111.890625,,,71.34246575342465,81.76000213623047
2025-08-12,76.90288211322236,極度貪婪,4.29,78.46575342465754,0.7496812503097333,78.76344086021506,111.8125,,,73.47945205479452,77.41999816894531
2025-08-13,80.55285510875437,極度貪婪,4.24,83.17808219178082,1.0620027141320634,84.94623655913979,112.171875,,,73.53424657534246,77.30999755859375
2025-08-14,76.84980605882065,極度貪婪,4.29,77.97260273972603,0.7091727406519932,78.49462365591397,111.796875,,,74.08219178082192,76.7699966430664
2025-08-15,74.7716894977169,貪婪,4.33,75.17808219178083,0.5127246688793885,75.0,111.59375,,,74.13698630136986,76.66000366210938
2025-08-16,74.64383561643835,貪婪,4.33,74.79452054794521,0.4992598346307272,75.0,111.59375,,,74.13698630136986,76.66000366210938
2025-08-17,74.57077625570776,貪婪,4.33,74.57534246575342,0.4931509316511462,75.0,111.59375,,,74.13698630136986,76.66000366210938
2025-08-18,72.89900328963519,貪婪,4.34,73.6986301369863,0.4196322139764037,73.65591397849462,111.515625,,,71.34246575342465,81.81999969482422
2025-08-19,75.44685029704915,貪婪,4.3,77.26027397260275,0.6422645170803436,77.95698924731182,111.765625,,,71.12328767123287,82.1500015258789
2025-08-20,76.5506947513134,極度貪婪,4.29,78.08219178082192,0.7216957824917902,79.56989247311827,111.859375,,,72.0,80.75
2025-08-21,73.37045220209161,貪婪,4.33,73.8082191780822,0.4375978489274501,74.19354838709677,111.546875,,,72.10958904109589,80.5199966430664
2025-08-22,79.64305003191437,極度貪婪,4.26,81.0958904109589,0.9651690565179885,84.40860215053763,112.140625,,,73.42465753424658,78.0999984741211
2025-08-23,79.56999067118379,極度貪婪,4.26,80.87671232876713,0.9581245336823436,84.40860215053763,112.140625,,,73.42465753424658,78.0999984741211
2025-08-24,79.55172583100114,極度貪婪,4.26,80.82191780821918,0.9484683176249216,84.40860215053763,112.140625,,,73.42465753424658,78.0999984741211
2025-08-25,78.0546472234497,極度貪婪,4.28,78.9041095890411,0.7852416426728643,81.45161290322581,111.96875,,,73.8082191780822,77.55999755859375
2025-08-26,79.89188392988659,極度貪婪,4.26,81.64383561643835,0.9849584303666448,85.48387096774194,112.203125,,,72.54794520547945,79.36000061035156
2025-08-27,82.46315117592184,極度貪婪,4.24,84.6027397260274,1.1591255261849396,88.97849462365592,112.40625,,,73.8082191780822,77.66000366210938
2025-08-28,83.76447193990278,極度貪婪,4.22,86.1917808219178,1.2642138286252962,91.12903225806453,112.53125,,,73.97260273972603,77.55000305175781
2025-08-29,82.38493641675258,極度貪婪,4.23,84.82191780821918,1.1870817966169152,89.78494623655914,112.453125,,,72.54794520547945,79.38999938964844
2025-08-30,82.36667157656994,極度貪婪,4.23,84.76712328767123,1.180253528445193,89.78494623655914,112.453125,,,72.54794520547945,79.38999938964844
2025-08-31,82.33014189620464,極度貪婪,4.23,84.65753424657534,1.176270797578849,89.78494623655914,112.453125,,,72.54794520547945,79.38999938964844
2025-09-01,82.311877056022,極度貪婪,4.23,84.6027397260274,1.1741088749810282,89.78494623655914,112.453125,,,72.54794520547945,79.38999938964844
2025-09-02,77.63391761182304,極度貪婪,4.28,79.67123287671232,0.8935198722418466,84.40860215053763,112.140625,,,68.82191780821918,85.27999877929688
2025-09-03,81.20052044974715,極度貪婪,4.22,86.52054794520548,1.2958445931128977,92.20430107526882,112.59375,,,64.87671232876713,89.66999816894531
2025-09-04,83.65876172239406,極度貪婪,4.17,88.60273972602741,1.4944891345658722,96.23655913978494,112.828125,,,66.13698630136986,88.26000213623047
2025-09-05,87.19634703196347,極度貪婪,4.1,92.82191780821918,1.9562101239495184,100.0,113.359375,,,68.76712328767124,85.29000091552734
2025-09-06,87.17808219178083,極度貪婪,4.1,92.76712328767124,1.9400505386593785,100.0,113.359375,,,68.76712328767124,85.29000091552734
2025-09-07,87.14155251141553,極度貪婪,4.1,92.65753424657537,1.923208764581126,100.0,113.359375,,,68.76712328767124,85.29000091552734
2025-09-08,87.67123287671234,極度貪婪,4.05,93.04109589041096,2.03359242524185,100.0,113.5,,,69.97260273972603,84.0
2025-09-09,86.85637504412485,極度貪婪,4.08,92.05479452054794,1.8521015352533032,97.0074812967581,113.3125,,,71.5068493150685,82.19999694824219
2025-09-10,88.62100456621005,極度貪婪,4.04,92.986301369863,2.014738426628017,100.0,113.515625,,,72.87671232876713,79.58000183105469
2025-09-11,89.80821917808218,極度貪婪,4.01,93.2054794520548,2.064539606095451,100.0,113.59375,,,76.21917808219177,75.06999969482422
2025-09-12,87.58632605207947,極度貪婪,4.06,91.17808219178082,1.7378532190036426,94.5945945945946,113.25,,,76.98630136986301,73.37000274658203
2025-09-13,87.51326669134887,極度貪婪,4.06,90.95890410958904,1.720034131225586,94.5945945945946,113.25,,,76.98630136986301,73.37000274658203
2025-09-14,87.47673701098358,極度貪婪,4.06,90.84931506849315,1.6974265836624047,94.5945945945946,113.25,,,76.98630136986301,73.37000274658203
2025-09-15,88.00350038706203,極度貪婪,4.05,91.61643835616438,1.812595247660756,97.05159705159704,113.40625,,,75.34246575342466,76.87999725341797
2025-09-16,88.70465484164113,極度貪婪,4.04,92.05479452054794,1.8830054939691985,98.77149877149876,113.515625,,,75.2876712328767,77.08999633789062
2025-09-17,85.32440285864944,極度貪婪,4.06,87.83561643835617,1.483640915601726,92.13759213759214,113.09375,,,76.0,75.94999694824219
2025-09-18,84.74226156417937,極度貪婪,4.11,86.24657534246576,1.352260646052672,90.17199017199016,112.96875,,,77.8082191780822,71.91000366210938
2025-09-19,83.20150785904211,極度貪婪,4.14,84.21917808219177,1.2079358458578358,87.96068796068795,112.828125,,,77.42465753424658,72.51000213623047
2025-09-20,83.11018365812886,極度貪婪,4.14,83.94520547945206,1.1897822002394651,87.96068796068795,112.828125,,,77.42465753424658,72.51000213623047
2025-09-21,82.94580009648503,極度貪婪,4.14,83.45205479452055,1.170274293195129,87.96068796068795,112.828125,,,77.42465753424658,72.51000213623047
2025-09-22,81.06457925636008,極度貪婪,4.15,81.42465753424658,1.040069748886074,85.71428571428571,112.703125,,,76.05479452054794,75.80000305175781
2025-09-23,82.00570441489576,極度貪婪,4.12,83.3972602739726,1.1696692659317085,86.51026392961877,112.875,,,76.10958904109589,75.66000366210938
2025-09-24,79.15130090119042,極度貪婪,4.16,78.84931506849315,0.939243228711606,82.11143695014663,112.640625,,,76.4931506849315,75.12999725341797
2025-09-25,76.0273169164022,極度貪婪,4.18,75.34246575342466,0.6429726593824041,76.24633431085044,112.328125,,,76.4931506849315,75.44000244140625
2025-09-26,75.36233747104272,貪婪,4.2,74.08219178082192,0.571205253162289,75.0733137829912,112.265625,,,76.93150684931507,74.37999725341797
2025-09-27,75.2344835897642,貪婪,4.2,73.6986301369863,0.5554411060006912,75.0733137829912,112.265625,,,76.93150684931507,74.37999725341797
2025-09-28,75.14315938885095,貪婪,4.2,73.42465753424658,0.5396819000026897,75.0733137829912,112.265625,,,76.93150684931507,74.37999725341797
2025-09-29,77.52910456754911,極度貪婪,4.15,76.4931506849315,0.7491336777729009,79.76539589442815,112.515625,,,76.32876712328768,75.51000213623047
2025-09-30,76.66422956922294,極度貪婪,4.16,76.10958904109589,0.7186837634767222,79.47214076246334,112.5,,,74.41095890410959,77.93000030517578
2025-10-01,81.40837450956762,極度貪婪,4.12,80.82191780821918,1.010496587853671,85.92375366568915,112.84375,,,77.47945205479452,73.5
2025-10-02,82.62772667014823,極度貪婪,4.1,81.75342465753424,1.064484371154318,87.3900293255132,112.921875,,,78.73972602739727,71.20999908447266
2025-10-03,79.89474952797976,極度貪婪,4.13,77.58904109589041,0.8266357936654404,82.69794721407625,112.671875,,,79.3972602739726,69.52999877929688
2025-10-04,79.82169016724917,極度貪婪,4.13,77.36986301369862,0.8125398440907703,82.69794721407625,112.671875,,,79.3972602739726,69.52999877929688
2025-10-05,79.76689564670123,極度貪婪,4.13,77.20547945205479,0.7966443425839081,82.69794721407625,112.671875,,,79.3972602739726,69.52999877929688
2025-10-06,76.08955663573427,極度貪婪,4.18,72.93150684931507,0.5310971348707197,77.41935483870968,112.390625,,,77.91780821917808,72.98999786376953
2025-10-07,78.63447555537702,極度貪婪,4.14,76.54794520547945,0.7712895594739267,82.69794721407625,112.671875,,,76.65753424657534,75.43000030517578
2025-10-08,77.95123126983489,極度貪婪,4.13,75.5068493150685,0.7022187743476687,81.52492668621701,112.609375,,,76.82191780821918,74.87000274658203
2025-10-09,76.76739110057713,極度貪婪,4.14,73.58904109589041,0.5721112794996657,79.17888563049853,112.484375,,,77.53424657534246,74.12000274658203
2025-10-10,82.07844240013925,極度貪婪,4.05,82.73972602739727,1.1356919463529682,91.49560117302052,113.140625,,,72.0,81.6500015258789
2025-10-11,81.96885335904337,極度貪婪,4.05,82.41095890410959,1.112531083620239,91.49560117302052,113.140625,,,72.0,81.6500015258789
2025-10-12,81.84099947776484,極度貪婪,4.05,82.02739726027397,1.0910743882880112,91.49560117302052,113.140625,,,72.0,81.6500015258789
2025-10-13,81.92048634823712,極度貪婪,4.05,81.97260273972603,1.0838105107063436,91.78885630498532,113.15625,,,72.0,81.6500015258789
2025-10-14,85.01876029405857,極度貪婪,4.03,85.53424657534246,1.2874587760880143,96.48093841642228,113.40625,,,73.04109589041096,79.94999694824219
2025-10-15,84.23572891977663,極度貪婪,4.05,82.41095890410959,1.1181459561671665,93.25513196480938,113.234375,,,77.04109589041096,75.11000061035156
2025-10-16,87.06849315068494,極度貪婪,3.99,88.76712328767124,1.5559260672858235,100.0,113.75,,,72.43835616438356,81.2300033569336
2025-10-17,84.81114623580378,極度貪婪,4.02,85.42465753424658,1.2842542176202791,94.87179487179486,113.46875,,,74.13698630136986,78.62000274658203
2025-10-18,84.66502751434258,極度貪婪,4.02,84.98630136986301,1.2636905386079296,94.87179487179486,113.46875,,,74.13698630136986,78.62000274658203
2025-10-19,84.53717363306403,極度貪婪,4.02,84.6027397260274,1.2422318684113125,94.87179487179486,113.46875,,,74.13698630136986,78.62000274658203
2025-10-20,86.26494425581184,極度貪婪,4.0,85.97260273972603,1.3338715504667755,97.15099715099716,113.59375,,,75.67123287671234,77.22000122070312
2025-10-21,87.67123287671234,極度貪婪,3.98,87.2876712328767,1.4537995005351367,100.0,113.75,,,75.72602739726028,77.18000030517578
2025-10-22,88.21917808219177,極度貪婪,3.97,87.61643835616438,1.4758091034236775,100.0,113.796875,,,77.04109589041096,75.48999786376953
2025-10-23,85.11156245048471,極度貪婪,4.01,83.28767123287672,1.1790994043207688,93.69085173501576,113.484375,,,78.35616438356165,74.05000305175781
2025-10-24,85.23446120161906,極度貪婪,4.02,81.97260273972603,1.1196141966367006,92.74447949526814,113.4375,,,80.98630136986301,68.94000244140625
2025-10-25,85.08834248015788,極度貪婪,4.02,81.53424657534246,1.1019274539359525,92.74447949526814,113.4375,,,80.98630136986301,68.94000244140625
2025-10-26,85.01528311942728,極度貪婪,4.02,81.31506849315069,1.0876248696721542,92.74447949526814,113.4375,,,80.98630136986301,68.94000244140625
2025-10-27,85.00145484925746,極度貪婪,4.01,80.71232876712328,1.060980187091588,92.42902208201892,113.421875,,,81.86301369863014,66.87000274658203
2025-10-28,85.4131683605833,極度貪婪,3.99,81.31506849315069,1.089911276967986,93.2258064516129,113.46875,,,81.69863013698631,67.30000305175781
2025-10-29,78.58564729112673,極度貪婪,4.08,72.76712328767123,0.5823923743346494,80.74324324324324,112.90625,,,82.24657534246575,65.75
2025-10-30,75.35076795350768,貪婪,4.11,69.58904109589041,0.3950663473176578,74.54545454545455,112.703125,,,81.91780821917808,66.87999725341797
2025-10-31,74.9074304690743,貪婪,4.11,68.76712328767123,0.3610827807048465,73.81818181818181,112.671875,,,82.13698630136986,66.61000061035156
2025-11-01,74.85263594852636,貪婪,4.11,68.6027397260274,0.3549372235403082,73.81818181818181,112.671875,,,82.13698630136986,66.61000061035156
2025-11-02,74.81610626816105,貪婪,4.11,68.4931506849315,0.3510268062906519,73.81818181818181,112.671875,,,82.13698630136986,66.61000061035156
2025-11-03,74.61519302615193,貪婪,4.13,68.27397260273973,0.3452176062092412,73.81818181818181,112.671875,,,81.75342465753425,67.2300033569336
2025-11-04,75.920298879203,貪婪,4.1,69.91780821917808,0.4343528343136562,76.36363636363637,112.78125,,,81.47945205479452,68.0199966430664
2025-11-05,69.59236197592362,貪婪,4.17,63.67123287671232,0.0229291677936483,65.81818181818181,112.328125,,,79.28767123287672,72.41999816894531
2025-11-06,75.64466583644666,貪婪,4.11,70.1917808219178,0.4576450201610846,77.45454545454545,112.828125,,,79.28767123287672,72.44000244140625
2025-11-07,75.46699875466999,貪婪,4.11,70.35616438356165,0.4747337273497107,78.18181818181819,112.859375,,,77.86301369863014,74.41000366210938
2025-11-08,75.39393939393939,貪婪,4.11,70.13698630136986,0.464000979186714,78.18181818181819,112.859375,,,77.86301369863014,74.41000366210938
2025-11-09,75.33914487339145,貪婪,4.11,69.97260273972603,0.4501412393236143,78.18181818181819,112.859375,,,77.86301369863014,74.41000366210938
2025-11-10,71.83229555832297,貪婪,4.13,67.23287671232877,0.283552718668757,74.18181818181819,112.6875,,,74.08219178082192,78.86000061035156
2025-11-11,76.30718140307181,極度貪婪,4.13,72.65753424657534,0.5768221172241392,82.18181818181817,113.03125,,,74.08219178082192,78.86000061035156
2025-11-12,75.20630967206309,貪婪,4.08,71.67123287671234,0.5362675688239706,81.45454545454545,113.0,,,72.4931506849315,81.12000274658203
2025-11-13,72.54794520547945,貪婪,4.11,67.56164383561644,0.3131293026090065,76.0,112.765625,,,74.08219178082192,79.0999984741211
2025-11-14,69.30510585305106,貪婪,4.14,64.10958904109589,0.0917252689218162,70.54545454545455,112.53125,,,73.26027397260273,79.70999908447266
2025-11-15,69.21378165213783,貪婪,4.14,63.83561643835617,0.0788179749449937,70.54545454545455,112.53125,,,73.26027397260273,79.70999908447266
2025-11-16,69.19551681195516,貪婪,4.14,63.78082191780822,0.0662476907788998,70.54545454545455,112.53125,,,73.26027397260273,79.70999908447266
2025-11-17,69.75176421751765,貪婪,4.13,64.82191780821918,0.1466984513311273,73.0909090909091,112.640625,,,71.34246575342465,82.58000183105469
2025-11-18,71.26276463262765,貪婪,4.12,66.46575342465754,0.2563495688060262,76.36363636363637,112.78125,,,70.95890410958904,83.18000030517578
2025-11-19,69.60398505603986,貪婪,4.13,64.82191780821918,0.1575412018016143,74.18181818181819,112.6875,,,69.8082191780822,84.31999969482422
2025-11-20,73.87131589871315,貪婪,4.1,67.5068493150685,0.3092591111466572,78.54545454545455,112.875,,,75.56164383561644,77.80999755859375
2025-11-21,78.44250726442506,極度貪婪,4.06,73.42465753424658,0.6248514506194066,87.27272727272727,113.25,,,74.63013698630137,78.80999755859375
2025-11-22,78.36944790369448,極度貪婪,4.06,73.20547945205479,0.6071966348780455,87.27272727272727,113.25,,,74.63013698630137,78.80999755859375
2025-11-23,78.25985886259859,極度貪婪,4.06,72.87671232876713,0.5924517911229952,87.27272727272727,113.25,,,74.63013698630137,78.80999755859375
2025-11-24,80.48982980489829,極度貪婪,4.04,74.35616438356163,0.689394864507825,90.1818181818182,113.375,,,76.93150684931507,76.81999969482422
2025-11-25,84.55956828559569,極度貪婪,4.01,77.42465753424658,0.9064795473262938,96.36363636363636,113.640625,,,79.89041095890411,72.81999969482422
2025-11-26,84.58447488584476,極度貪婪,4.0,77.04109589041096,0.872564327066812,96.0,113.625,,,80.7123287671233,71.9000015258789
2025-11-27,84.51141552511415,極度貪婪,4.0,76.82191780821917,0.8536501476745922,96.0,113.625,,,80.7123287671233,71.9000015258789
2025-11-28,82.40597758405977,極度貪婪,4.02,73.6986301369863,0.6559344708928397,91.27272727272728,113.421875,,,82.24657534246575,68.94999694824219
2025-11-29,82.27812370278123,極度貪婪,4.02,73.31506849315068,0.6385187518439015,91.27272727272728,113.421875,,,82.24657534246575,68.94999694824219
2025-11-30,82.186799501868,極度貪婪,4.02,73.04109589041096,0.6195469445146741,91.27272727272728,113.421875,,,82.24657534246575,68.94999694824219
2025-12-01,75.15981735159818,貪婪,4.09,64.60273972602741,0.1786250857921529,80.0,112.9375,,,80.87671232876713,71.3499984741211
2025-12-02,76.13781652137817,極度貪婪,4.09,65.26027397260275,0.2198406460188607,81.45454545454545,113.0,,,81.69863013698631,69.91000366210938
2025-12-03,79.73432959734329,極度貪婪,4.06,68.65753424657535,0.3984902816034969,86.54545454545455,113.21875,,,84.0,66.45999908447266
2025-12-04,74.9439601494396,貪婪,4.11,62.73972602739726,0.0614057255851249,77.81818181818181,112.84375,,,84.27397260273973,65.69000244140625
2025-12-05,71.99833955998339,貪婪,4.14,59.56164383561644,-0.1218101048076804,73.0909090909091,112.640625,,,83.34246575342466,67.27999877929688
2025-12-06,71.98007471980075,貪婪,4.14,59.506849315068486,-0.1249096704689989,73.0909090909091,112.640625,,,83.34246575342466,67.27999877929688
2025-12-07,71.94354503943545,貪婪,4.14,59.397260273972606,-0.1267914557631931,73.0909090909091,112.640625,,,83.34246575342466,67.27999877929688
2025-12-08,67.46533831465338,貪婪,4.17,54.68493150684931,-0.3491175085201272,67.27272727272727,112.390625,,,80.43835616438356,72.30000305175781
2025-12-09,64.6459111664591,貪婪,4.18,52.109589041095894,-0.4876562023773214,63.63636363636363,112.234375,,,78.1917808219178,75.37999725341797
2025-12-10,67.97177251971773,貪婪,4.13,54.35616438356165,-0.3787022382997998,66.54545454545455,112.359375,,,83.01369863013699,68.62000274658203
2025-12-11,71.06185139061851,貪婪,4.14,58.52054794520548,-0.1625769386773512,72.36363636363636,112.609375,,,82.30136986301369,69.23999786376953
2025-12-12,67.46699875466999,貪婪,4.19,53.917808219178085,-0.4017176894306691,66.18181818181819,112.34375,,,82.30136986301369,69.25
2025-12-13,67.46699875466999,貪婪,4.19,53.917808219178085,-0.4053598815613354,66.18181818181819,112.34375,,,82.30136986301369,69.25
2025-12-14,67.44873391448733,貪婪,4.19,53.863013698630134,-0.4085603759597636,66.18181818181819,112.34375,,,82.30136986301369,69.25
2025-12-15,68.05977584059777,貪婪,4.18,55.61643835616439,-0.316129589862573,68.72727272727272,112.453125,,,79.83561643835617,73.30999755859375
2025-12-16,72.65421336654214,貪婪,4.15,59.780821917808225,-0.1120207953144025,74.18181818181819,112.6875,,,84.0,67.13999938964844
2025-12-17,73.09921129099212,貪婪,4.16,59.178082191780824,-0.1320677578506645,73.81818181818181,112.671875,,,86.3013698630137,62.7400016784668
2025-12-18,77.58904109589041,極度貪婪,4.12,63.178082191780824,0.0938345078341267,80.0,112.9375,,,89.58904109589041,60.0099983215332
2025-12-19,74.85761726857618,貪婪,4.16,59.45205479452055,-0.1217426367306116,74.54545454545455,112.703125,,,90.57534246575342,59.40999984741211
2025-12-20,74.74802822748028,貪婪,4.16,59.12328767123287,-0.129597527677929,74.54545454545455,112.703125,,,90.57534246575342,59.40999984741211
2025-12-21,74.65670402656703,貪婪,4.16,58.84931506849315,-0.1380042110113162,74.54545454545455,112.703125,,,90.57534246575342,59.40999984741211
2025-12-22,68.74553756745537,貪婪,4.17,52.54794520547945,-0.4605120344486941,66.18181818181819,112.34375,,,87.5068493150685,61.70000076293945
2025-12-23,68.34537152345372,貪婪,4.18,51.726027397260275,-0.5051299316895146,65.0909090909091,112.296875,,,88.21917808219177,61.16999816894531
2025-12-24,72.03320880033209,貪婪,4.15,55.232876712328775,-0.3181623879565677,70.18181818181817,112.515625,,,90.68493150684932,59.47999954223633
2025-12-25,71.97841427978413,貪婪,4.15,55.06849315068493,-0.3208116745771474,70.18181818181817,112.515625,,,90.68493150684932,59.47999954223633
2025-12-26,73.12079701120797,貪婪,4.14,56.27397260273973,-0.2685344111621676,71.63636363636363,112.578125,,,91.45205479452056,58.5
2025-12-27,73.10253217102532,貪婪,4.14,56.21917808219178,-0.2716265926088305,71.63636363636363,112.578125,,,91.45205479452056,58.5
2025-12-28,73.06600249066003,貪婪,4.14,56.10958904109589,-0.2759332401006693,71.63636363636363,112.578125,,,91.45205479452056,58.5
2025-12-29,74.77791614777917,貪婪,4.12,58.3013698630137,-0.1550130100204813,74.90909090909092,112.71875,,,91.12328767123287,59.209999084472656
2025-12-30,71.85222083852221,貪婪,4.14,56.657534246575345,-0.2258723489063419,73.0909090909091,112.640625,,,85.8082191780822,63.97999954223633
2025-12-31,69.16230801162308,貪婪,4.18,53.26027397260275,-0.4051335368412419,68.36363636363636,112.4375,,,85.86301369863014,63.959999084472656
2026-01-01,69.16230801162308,貪婪,4.18,53.26027397260275,-0.4050232628178032,68.36363636363636,112.4375,,,85.86301369863014,63.959999084472656
2026-01-02,66.55873806558738,貪婪,4.19,49.47945205479452,-0.6108673940532111,62.909090909090914,112.203125,,,87.28767123287672,62.36000061035156
2026-01-03,66.57700290577003,貪婪,4.19,49.534246575342465,-0.6091065919926983,62.909090909090914,112.203125,,,87.28767123287672,62.36000061035156
2026-01-04,66.61353258613532,貪婪,4.19,49.64383561643836,-0.6073457275414971,62.909090909090914,112.203125,,,87.28767123287672,62.36000061035156
2026-01-05,68.84018264840182,貪婪,4.17,52.93150684931507,-0.4155557130329302,68.0,112.421875,,,85.58904109589041,64.70999908447266
2026-01-06,67.4005811540058,貪婪,4.18,51.56164383561644,-0.4967274233178413,65.81818181818181,112.328125,,,84.82191780821918,65.81999969482422
2026-01-07,70.80116230801161,貪婪,4.15,56.054794520547944,-0.2735038949390737,71.63636363636363,112.578125,,,84.71232876712328,66.1500015258789
2026-01-08,66.15525114155251,貪婪,4.19,50.41095890410959,-0.5563528765569908,64.0,112.25,,,84.05479452054794,66.94000244140625
2026-01-09,67.11830635118305,貪婪,4.18,49.917808219178085,-0.5760002480754793,63.272727272727266,112.21875,,,88.16438356164383,61.54999923706055
2026-01-10,67.173100871731,貪婪,4.18,50.082191780821915,-0.5679615629132665,63.272727272727266,112.21875,,,88.16438356164383,61.54999923706055
2026-01-11,67.2461602324616,貪婪,4.18,50.301369863013704,-0.5589302566692862,63.272727272727266,112.21875,,,88.16438356164383,61.54999923706055
2026-01-12,65.67206309672063,貪婪,4.19,48.93150684931507,-0.6199036025527271,61.45454545454545,112.140625,,,86.63013698630137,62.900001525878906
2026-01-13,68.35865504358655,貪婪,4.18,51.3972602739726,-0.5003096469138852,64.36363636363637,112.265625,,,89.31506849315069,60.790000915527344
2026-01-14,72.43669572436696,貪婪,4.15,55.17808219178082,-0.3123306916147086,69.0909090909091,112.46875,,,93.04109589041096,58.11000061035156
2026-01-15,69.60232461602324,貪婪,4.17,50.90410958904109,-0.5266464488206735,63.272727272727266,112.21875,,,94.63013698630137,56.13999938964844
2026-01-16,62.98879202988792,貪婪,4.24,43.45205479452055,-0.9316195463909344,52.36363636363637,111.75,,,93.15068493150685,58.04999923706055
2026-01-17,63.098381070983805,貪婪,4.24,43.78082191780822,-0.9210793174415512,52.36363636363637,111.75,,,93.15068493150685,58.04999923706055
2026-01-18,63.15317559153176,貪婪,4.24,43.945205479452056,-0.9094385422381877,52.36363636363637,111.75,,,93.15068493150685,58.04999923706055
2026-01-19,63.281029472810296,貪婪,4.24,44.32876712328767,-0.8970260239532093,52.36363636363637,111.75,,,93.15068493150685,58.04999923706055
2026-01-20,55.913657119136566,中性,4.3,38.52054794520548,-1.176294506006199,44.72727272727273,111.421875,,,84.4931506849315,66.66999816894531
2026-01-21,61.29348277293483,貪婪,4.26,42.24657534246575,-0.9591961867211538,50.18181818181818,111.65625,,,91.45205479452056,59.560001373291016
2026-01-22,61.61228725612288,貪婪,4.26,41.2054794520548,-1.0059634828158996,48.72727272727273,111.59375,,,94.9041095890411,56.5
2026-01-23,63.02200083022001,貪婪,4.24,43.50684931506849,-0.9285299218850552,50.54545454545455,111.671875,,,95.013698630137,56.25
2026-01-24,63.14985471149854,貪婪,4.24,43.890410958904106,-0.920399168657406,50.54545454545455,111.671875,,,95.013698630137,56.25
2026-01-25,63.204649232046485,貪婪,4.24,44.054794520547944,-0.913146289740103,50.54545454545455,111.671875,,,95.013698630137,56.25
2026-01-26,65.51266085512661,貪婪,4.22,46.73972602739726,-0.7671309457917114,54.18181818181819,111.828125,,,95.61643835616438,55.77000045776367
2026-01-27,65.05105853051059,貪婪,4.24,46.465753424657535,-0.7889187531267746,53.45454545454545,111.796875,,,95.23287671232876,56.119998931884766
2026-01-28,61.140905332038976,貪婪,4.26,43.83561643835616,-0.9227427580002266,45.66929133858268,111.640625,,,93.91780821917808,57.43000030517578
2026-01-29,62.26129074002182,貪婪,4.24,47.45205479452055,-0.7257462417504917,49.797570850202426,111.859375,,,89.53424657534246,60.72999954223633
2026-01-30,62.758508494629616,貪婪,4.26,47.12328767123288,-0.750397442169808,48.987854251012145,111.828125,,,92.16438356164385,59.20000076293945
2026-01-31,62.795038174994914,貪婪,4.26,47.23287671232877,-0.7473143390938802,48.987854251012145,111.828125,,,92.16438356164385,59.20000076293945
2026-02-01,62.81330301517756,貪婪,4.26,47.28767123287671,-0.7424690758079574,48.987854251012145,111.828125,,,92.16438356164385,59.20000076293945
2026-02-02,59.364353982955286,貪婪,4.29,43.06849315068494,-0.9441237202624344,42.91497975708502,111.59375,,,92.10958904109587,59.29999923706055
2026-02-03,60.14974211080917,貪婪,4.28,43.397260273972606,-0.9353302728980564,42.91497975708502,111.59375,,,94.13698630136986,57.540000915527344
2026-02-04,60.613462000628545,貪婪,4.29,44.273972602739725,-0.9122234614552324,43.31983805668016,111.609375,,,94.24657534246576,57.5099983215332
2026-02-05,65.61484850165455,貪婪,4.21,52.273972602739725,-0.450580427496498,56.68016194331984,112.125,,,87.89041095890411,62.15999984741211
2026-02-06,64.8954208492781,貪婪,4.22,52.054794520547944,-0.4604760805483539,56.2753036437247,112.109375,,,86.35616438356165,63.619998931884766
2026-02-07,64.91368568946075,貪婪,4.22,52.109589041095894,-0.4564988656896713,56.2753036437247,112.109375,,,86.35616438356165,63.619998931884766
2026-02-08,64.9319505296434,貪婪,4.22,52.16438356164383,-0.4545101390723362,56.2753036437247,112.109375,,,86.35616438356165,63.619998931884766
2026-02-09,66.26424860887731,貪婪,4.22,53.53424657534247,-0.3817128573632582,58.2995951417004,112.1875,,,86.95890410958904,62.7400016784668
2026-02-10,70.94300556449078,貪婪,4.16,60.10958904109589,-0.0896848045304137,66.80161943319838,112.515625,,,85.91780821917808,64.55000305175781
2026-02-11,68.37076886103561,貪婪,4.18,55.45205479452054,-0.2963637170891932,60.72874493927125,112.28125,,,88.93150684931507,61.349998474121094
2026-02-12,73.8835708871758,貪婪,4.09,64.21917808219179,0.1639475279110371,74.08906882591093,112.796875,,,83.34246575342466,68.56999969482422
2026-02-13,78.54709481818351,極度貪婪,4.04,70.08219178082193,0.4967254967254992,83.80566801619433,113.171875,,,81.75342465753425,70.0999984741211
2026-02-14,78.52882997800084,極度貪婪,4.04,70.02739726027397,0.4965023942670741,83.80566801619433,113.171875,,,81.75342465753425,70.0999984741211
2026-02-15,78.16154936230515,極度貪婪,4.04,69.97260273972603,0.4963908434093326,82.75862068965517,113.171875,,,81.75342465753425,70.0999984741211
2026-02-16,78.17758369723435,極度貪婪,4.04,70.24657534246576,0.4980641322783704,82.53275109170306,113.171875,,,81.75342465753425,70.0999984741211
2026-02-17,77.77574835109081,極度貪婪,4.05,69.15068493150685,0.4572190999699215,80.88888888888889,113.125,,,83.2876712328767,68.83999633789062
2026-02-18,76.36529680365295,極度貪婪,4.09,66.63013698630137,0.310269418203208,76.0,112.953125,,,86.46575342465754,64.19000244140625
2026-02-19,75.70979198376459,貪婪,4.08,66.9041095890411,0.3277094309712053,76.44444444444444,112.96875,,,83.78082191780823,68.02999877929688
2026-02-20,76.14408929477423,極度貪婪,4.08,66.35616438356165,0.3037421566581246,75.55555555555556,112.9375,,,86.52054794520548,64.2699966430664
2026-02-21,76.16235413495689,極度貪婪,4.08,66.41095890410959,0.3075283381257404,75.55555555555556,112.9375,,,86.52054794520548,64.2699966430664
2026-02-22,76.21714865550483,極度貪婪,4.08,66.57534246575342,0.312205780470042,75.55555555555556,112.9375,,,86.52054794520548,64.2699966430664
2026-02-23,82.02739726027397,極度貪婪,4.03,74.3013698630137,0.7034809873604377,88.0,113.375,,,83.78082191780823,68.02999877929688
2026-02-24,81.63368848300355,極度貪婪,4.04,73.20547945205479,0.6376633297506697,85.77777777777777,113.296875,,,85.91780821917808,65.2699966430664
2026-02-25,80.43023845763571,極度貪婪,4.05,70.68493150684931,0.5288625956571791,82.22222222222221,113.171875,,,88.38356164383562,62.43000030517578
2026-02-26,83.75038051750381,極度貪婪,4.02,75.01369863013699,0.7510456789890431,89.33333333333333,113.421875,,,86.9041095890411,63.93000030517578
2026-02-27,87.25114155251141,極度貪婪,3.97,82.30136986301369,1.1366386939036512,100.0,113.859375,,,79.45205479452055,73.37999725341797
2026-02-28,87.19634703196347,極度貪婪,3.97,82.13698630136986,1.1336068349497357,100.0,113.859375,,,79.45205479452055,73.37999725341797
2026-03-01,87.15981735159818,極度貪婪,3.97,82.02739726027397,1.1304628769181082,100.0,113.859375,,,79.45205479452055,73.37999725341797
2026-03-02,76.75571773244802,極度貪婪,4.05,70.08219178082193,0.5081755531696851,80.34934497816593,113.15625,,,79.83561643835617,73.20999908447266
2026-03-03,74.54734701202369,貪婪,4.06,68.82191780821918,0.4650899425548931,79.03930131004367,113.109375,,,75.78082191780823,77.75
2026-03-04,73.60483340312258,貪婪,4.09,65.31506849315069,0.2832244734367468,73.36244541484717,112.90625,,,82.13698630136986,70.02999877929688
2026-03-05,65.31163885067097,貪婪,4.13,57.534246575342465,-0.1452231251172713,59.82532751091703,112.421875,,,78.57534246575342,74.52999877929688
2026-03-06,65.5075272676517,貪婪,4.15,60.16438356164383,-0.019540878184835,63.75545851528385,112.5625,,,72.6027397260274,81.26000213623047
2026-03-07,65.5075272676517,貪婪,4.15,60.16438356164383,-0.0187638299974777,63.75545851528385,112.5625,,,72.6027397260274,81.26000213623047
2026-03-08,65.52579210783433,貪婪,4.15,60.21917808219178,-0.0179867697316012,63.75545851528385,112.5625,,,72.6027397260274,81.26000213623047
2026-03-09,64.67013618871009,貪婪,4.12,58.84931506849315,-0.085272410933081,61.57205240174672,112.484375,,,73.58904109589041,79.73999786376953
2026-03-10,67.44304201312038,貪婪,4.15,60.38356164383561,-0.0037750136289085,64.19213973799127,112.578125,,,77.75342465753425,76.33000183105469
2026-03-11,59.51402763653766,貪婪,4.21,51.61643835616439,-0.4012817921995475,51.52838427947598,112.125,,,75.3972602739726,78.58999633789062
2026-03-12,45.25102191382026,中性,4.27,42.95890410958904,-0.891807167104736,35.80786026200873,111.5625,,,56.986301369863014,95.3000030517578
2026-03-13,47.44280273573807,中性,4.28,43.17808219178082,-0.8826717367354895,35.80786026200873,111.5625,,,63.34246575342466,91.16999816894533
2026-03-14,47.49759725628602,中性,4.28,43.342465753424655,-0.8735346220699393,35.80786026200873,111.5625,,,63.34246575342466,91.16999816894533
2026-03-15,47.55239177683397,中性,4.28,43.50684931506849,-0.865607085693214,35.80786026200873,111.5625,,,63.34246575342466,91.16999816894533
2026-03-16,56.321030487926464,貪婪,4.23,50.68493150684932,-0.4419986470109318,48.90829694323144,112.03125,,,69.36986301369863,85.25
2026-03-17,59.75091224502004,貪婪,4.2,52.76712328767124,-0.3387122934010511,51.96506550218341,112.140625,,,74.52054794520548,79.2300033569336
2026-03-18,52.58902115610855,中性,4.26,45.42465753424658,-0.7338032785063985,39.30131004366812,111.6875,,,73.04109589041096,81.25
2026-03-19,46.29937588482782,中性,4.25,39.178082191780824,-1.0171883159450212,30.131004366812224,111.359375,,,69.58904109589041,84.87999725341797
2026-03-20,28.09116468265837,恐懼,4.39,32.054794520547944,-1.505024341079584,14.41048034934498,110.796875,,,37.80821917808219,108.83999633789062
2026-03-21,28.09116468265837,恐懼,4.39,32.054794520547944,-1.4928740353497627,14.41048034934498,110.796875,,,37.80821917808219,108.83999633789062
2026-03-22,28.109429522841022,恐懼,4.39,32.109589041095894,-1.479954206448894,14.41048034934498,110.796875,,,37.80821917808219,108.83999633789062
2026-03-23,34.97254292038045,恐懼,4.34,33.75342465753425,-1.355757355450545,17.903930131004365,110.921875,,,53.26027397260274,98.1500015258789
2026-03-24,24.547945205479454,極度恐懼,4.39,27.616438356164387,-1.7845826115767218,0.0,110.421875,,,46.02739726027397,103.01000213623048
2026-03-25,33.98837691988377,恐懼,4.33,33.75342465753425,-1.3537210649628186,13.636363636363637,110.890625,,,54.57534246575342,97.58999633789062
2026-03-26,17.57077625570776,極度恐懼,4.42,24.65753424657534,-1.9716339191771317,0.0,110.171875,,,28.054794520547944,115.0199966430664
2026-03-27,19.251141552511413,極度恐懼,4.44,24.65753424657534,-1.9639472068207504,0.0,110.15625,,,33.0958904109589,111.9499969482422
2026-03-28,19.360730593607304,極度恐懼,4.44,24.986301369863018,-1.9423482206639344,0.0,110.15625,,,33.0958904109589,111.9499969482422
2026-03-29,19.470319634703195,極度恐懼,4.44,25.315068493150683,-1.9198664440734556,0.0,110.15625,,,33.0958904109589,111.9499969482422
2026-03-30,30.363794000346804,恐懼,4.35,34.3013698630137,-1.3156796193779672,17.72151898734177,110.8125,,,39.06849315068494,108.33000183105467
2026-03-31,39.57852147274724,恐懼,4.3,38.082191780821915,-1.0887887823246345,24.050632911392405,111.046875,,,56.602739726027394,96.0500030517578
2026-04-01,41.75565959578445,恐懼,4.33,37.534246575342465,-1.1258539953339994,22.362869198312236,110.984375,,,65.36986301369863,90.19000244140624
2026-04-02,44.06435080823845,恐懼,4.31,38.136986301369866,-1.081049774400752,23.20675105485232,111.015625,,,70.84931506849315,84.41000366210938
2026-04-03,44.155675009151686,恐懼,4.35,38.410958904109584,-1.064079841635691,23.20675105485232,111.015625,,,70.84931506849315,84.41000366210938
2026-04-04,44.192204689516984,恐懼,4.35,38.52054794520548,-1.0471040853549185,23.20675105485232,111.015625,,,70.84931506849315,84.41000366210938
2026-04-05,44.24699921006493,恐懼,4.35,38.68493150684931,-1.0335413416536636,23.20675105485232,111.015625,,,70.84931506849315,84.41000366210938
2026-04-06,42.418588520894744,恐懼,4.34,36.10958904109589,-1.1992064730401435,17.72151898734177,110.8125,,,73.42465753424658,81.68000030517578
2026-04-07,42.71267556788624,恐懼,4.33,36.821917808219176,-1.1407755356372566,18.9873417721519,110.859375,,,72.32876712328768,83.1500015258789
2026-04-08,49.96034911276805,中性,4.29,44.273972602739725,-0.7949779600136422,29.11392405063291,111.234375,,,76.4931506849315,78.73999786376953
2026-04-09,51.56765504884111,中性,4.29,44.38356164383562,-0.7850233466679213,29.11392405063291,111.234375,,,81.20547945205479,74.01000213623047
2026-04-10,50.0826541818392,中性,4.31,42.3013698630137,-0.8995146166943765,25.31645569620253,111.09375,,,82.63013698630137,72.1500015258789
2026-04-11,50.1557135425698,中性,4.31,42.52054794520548,-0.8885736652994544,25.31645569620253,111.09375,,,82.63013698630137,72.1500015258789
2026-04-12,50.24703774348304,中性,4.31,42.7945205479452,-0.8793990865848412,25.31645569620253,111.09375,,,82.63013698630137,72.1500015258789
2026-04-13,51.6041847292064,中性,4.3,45.15068493150685,-0.7468454812836938,29.11392405063291,111.234375,,,80.54794520547945,74.41999816894531
2026-04-14,56.02990193245092,貪婪,4.26,49.86301369863014,-0.4760640611789199,37.130801687763714,111.53125,,,81.0958904109589,74.3499984741211
2026-04-15,54.902876519661675,中性,4.29,46.7945205479452,-0.6205671780982052,32.48945147679325,111.359375,,,85.42465753424658,67.94000244140625
2026-04-16,53.509199853573,中性,4.32,45.20547945205479,-0.7380913600024973,28.691983122362867,111.21875,,,86.63013698630137,65.88999938964844
2026-04-17,61.07839623913839,貪婪,4.26,54.19178082191781,-0.2873954342504872,42.19409282700422,111.71875,,,86.84931506849315,65.69999694824219
2026-04-18,61.133190759686336,貪婪,4.26,54.35616438356165,-0.2829453991248267,42.19409282700422,111.71875,,,86.84931506849315,65.69999694824219
2026-04-19,61.133190759686336,貪婪,4.26,54.35616438356165,-0.2777161002812902,42.19409282700422,111.71875,,,86.84931506849315,65.69999694824219
2026-04-20,59.60256632564591,貪婪,4.26,52.821917808219176,-0.3261647025741683,40.50632911392405,111.65625,,,85.47945205479452,67.9000015258789
2026-04-21,53.59143016781303,中性,4.3,46.41095890410959,-0.6372163355038903,30.801687763713083,111.296875,,,83.56164383561644,70.77999877929688
2026-04-22,53.596901913184205,中性,4.3,46.3013698630137,-0.6394123076545367,30.37974683544304,111.28125,,,84.10958904109589,69.87999725341797
2026-04-23,50.957516906537194,中性,4.34,43.17808219178082,-0.8369489871890377,24.050632911392405,111.046875,,,85.64383561643835,67.69999694824219
2026-04-24,53.41787565265977,中性,4.31,45.47945205479452,-0.6729345887038998,28.691983122362867,111.21875,,,86.08219178082192,66.97000122070312
2026-04-25,53.47267017320771,中性,4.31,45.64383561643835,-0.6623995319772724,28.691983122362867,111.21875,,,86.08219178082192,66.97000122070312
2026-04-26,53.563994374120945,中性,4.31,45.91780821917808,-0.6544135791096793,28.691983122362867,111.21875,,,86.08219178082192,66.97000122070312
2026-04-27,50.725545729533934,中性,4.35,43.23287671232877,-0.8129264234587309,23.62869198312236,111.03125,,,85.31506849315068,68.41999816894531
2026-04-28,47.99121438067163,中性,4.36,39.78082191780822,-0.9547432277892908,18.9873417721519,110.859375,,,85.20547945205479,68.68000030517578
2026-04-29,39.43571662524324,恐懼,4.42,31.67123287671233,-1.386260926675939,5.485232067510549,110.359375,,,81.15068493150685,74.33000183105469
2026-04-30,43.35364044467565,恐懼,4.4,35.28767123287671,-1.1628101823251504,11.81434599156118,110.59375,,,82.95890410958904,72.06999969482422
2026-05-01,44.43311561952103,恐懼,4.39,36.43835616438356,-1.1072192707547714,13.080168776371307,110.640625,,,83.78082191780823,70.41000366210938
2026-05-02,44.487910140068976,恐懼,4.39,36.602739726027394,-1.093516561982135,13.080168776371307,110.640625,,,83.78082191780823,70.41000366210938
2026-05-03,44.560969500799565,恐懼,4.39,36.821917808219176,-1.0788150803886574,13.080168776371307,110.640625,,,83.78082191780823,70.41000366210938
2026-05-04,36.01279309481148,恐懼,4.45,30.136986301369863,-1.4805168674968148,0.4219409282700421,110.171875,,,77.47945205479452,77.86000061035156
2026-05-05,38.83844864458702,恐懼,4.43,32.54794520547945,-1.312038422065856,5.063291139240507,110.34375,,,78.9041095890411,76.77999877929688
2026-05-06,47.57474519777278,中性,4.36,41.534246575342465,-0.8951442394236876,17.29957805907173,110.796875,,,83.89041095890411,70.62999725341797
2026-05-07,42.77825944550411,恐懼,4.41,35.726027397260275,-1.1347765167907369,9.70464135021097,110.515625,,,82.9041095890411,72.23999786376953
2026-05-08,47.828603356260714,中性,4.38,40.87671232876712,-0.9148046254669028,16.033755274261605,110.75,,,86.57534246575342,67.25
2026-05-09,47.91992755717395,中性,4.38,41.150684931506845,-0.9044981081259418,16.033755274261605,110.75,,,86.57534246575342,67.25
2026-05-10,48.047781438452496,中性,4.38,41.534246575342465,-0.8926374191816392,16.033755274261605,110.75,,,86.57534246575342,67.25
2026-05-11,41.793730612874015,恐懼,4.42,34.68493150684932,-1.1866551361123727,6.751054852320674,110.40625,,,83.94520547945206,70.73999786376953
2026-05-12,37.84474885844749,恐懼,4.46,29.972602739726028,-1.5043180327942185,0.0,110.03125,,,83.56164383561644,71.68000030517578
2026-05-13,38.045662100456624,恐懼,4.46,29.863013698630137,-1.5164232555536854,0.0,110.0,,,84.27397260273973,70.23999786376953
2026-05-14,39.64786571275396,恐懼,4.47,31.28767123287671,-1.4036030288275845,2.834008097165992,110.109375,,,84.82191780821918,69.62999725341797
2026-05-15,31.433789954337897,恐懼,4.59,19.342465753424655,-2.221737086048233,0.0,109.171875,,,74.95890410958904,79.87000274658203
2026-05-16,31.488584474885844,恐懼,4.59,19.506849315068493,-2.200386327370452,0.0,109.171875,,,74.95890410958904,79.87000274658203
2026-05-17,31.634703196347033,恐懼,4.59,19.945205479452056,-2.179574053436529,0.0,109.171875,,,74.95890410958904,79.87000274658203
2026-05-18,29.205479452054792,恐懼,4.61,18.684931506849313,-2.2968160272991915,0.0,109.015625,,,68.93150684931507,86.06999969482422
2026-05-19,28.219178082191785,恐懼,4.67,14.904109589041097,-2.5505778889404325,0.0,108.703125,,,69.75342465753425,85.31999969482422
2026-05-20,37.531755915317554,恐懼,4.57,24.876712328767123,-1.900457965985436,13.636363636363637,109.40625,,,74.08219178082192,81.52999877929688
2026-05-21,36.05534800055349,恐懼,4.57,22.465753424657535,-2.036892757652356,10.303030303030305,109.234375,,,75.3972602739726,79.72000122070312
2026-05-22,37.05133527051336,恐懼,4.56,23.17808219178082,-2.005303374313952,10.606060606060606,109.25,,,77.36986301369863,78.43000030517578
2026-05-23,37.19745399197454,恐懼,4.56,23.616438356164384,-1.9877204295046145,10.606060606060606,109.25,,,77.36986301369863,78.43000030517578
2026-05-24,37.28877819288778,恐懼,4.56,23.89041095890411,-1.9701311738347795,10.606060606060606,109.25,,,77.36986301369863,78.43000030517578
2026-05-25,37.36183755361838,恐懼,4.56,24.10958904109589,-1.9548453825668135,10.606060606060606,109.25,,,77.36986301369863,78.43000030517578
2026-05-26,44.75217932752179,恐懼,4.5,31.561643835616437,-1.4230754990693428,21.818181818181817,109.828125,,,80.87671232876713,74.94999694824219
2026-05-27,46.919330289193304,中性,4.48,32.87671232876712,-1.340999392954005,23.333333333333332,109.90625,,,84.54794520547945,70.9000015258789
2026-05-28,48.96084128960842,中性,4.45,35.28767123287671,-1.2032360113433196,26.060606060606062,110.046875,,,85.53424657534246,69.73999786376953
2026-05-29,49.181126331811264,中性,4.45,35.83561643835617,-1.1638673617697075,26.666666666666668,110.078125,,,85.04109589041096,70.22000122070312
2026-05-30,49.2724505327245,中性,4.45,36.10958904109589,-1.1525514287349916,26.666666666666668,110.078125,,,85.04109589041096,70.22000122070312
2026-05-31,49.3089802130898,中性,4.45,36.21917808219178,-1.140123105454646,26.666666666666668,110.078125,,,85.04109589041096,70.22000122070312
2026-06-01,46.1231493012315,中性,4.47,33.205479452054796,-1.3228436985281695,22.424242424242426,109.859375,,,82.73972602739727,73.33000183105469
2026-06-02,47.05797703057976,中性,4.46,34.68493150684932,-1.2266590608714374,24.24242424242424,109.953125,,,82.24657534246575,73.43000030517578
2026-06-03,44.5017296250173,恐懼,4.49,31.616438356164384,-1.4220383373090248,19.696969696969695,109.71875,,,82.1917808219178,73.58000183105469
2026-06-04,46.807527328075274,中性,4.47,33.6986301369863,-1.2956525157674192,22.12121212121212,109.84375,,,84.6027397260274,71.16000366210938
2026-06-05,40.214473502144735,恐懼,4.55,27.506849315068493,-1.7273958967606806,12.424242424242424,109.34375,,,80.7123287671233,75.19999694824219
2026-06-06,40.37885706378858,恐懼,4.55,28.000000000000004,-1.7098386794117066,12.424242424242424,109.34375,,,80.7123287671233,75.19999694824219
2026-06-07,40.52497578524976,恐懼,4.55,28.43835616438356,-1.6939323888009166,12.424242424242424,109.34375,,,80.7123287671233,75.19999694824219
2026-06-08,39.509616715096165,恐懼,4.56,27.671232876712327,-1.7198395820500996,11.515151515151516,109.296875,,,79.34246575342466,76.9800033569336
2026-06-09,41.616715096167155,恐懼,4.53,30.41095890410959,-1.5361872428446122,15.151515151515152,109.484375,,,79.28767123287672,77.02999877929688
2026-06-10,41.91531755915317,恐懼,4.55,29.64383561643836,-1.5871980714351557,13.636363636363637,109.40625,,,82.46575342465754,73.94999694824219
2026-06-11,49.36792583367926,中性,4.45,37.64383561643835,-1.0938714186591247,23.939393939393938,109.9375,,,86.52054794520548,69.44999694824219
2026-06-12,47.627231216272314,中性,4.48,35.342465753424655,-1.2178908937123598,20.909090909090907,109.78125,,,86.63013698630137,69.36000061035156
2026-06-13,47.82814445828144,中性,4.48,35.94520547945205,-1.201333289835293,20.909090909090907,109.78125,,,86.63013698630137,69.36000061035156
2026-06-14,47.93773349937734,中性,4.48,36.273972602739725,-1.1842142274478893,20.909090909090907,109.78125,,,86.63013698630137,69.36000061035156
2026-06-15,49.49467275494673,中性,4.47,38.52054794520548,-1.0531077820591248,23.333333333333332,109.90625,,,86.63013698630137,69.37999725341797
2026-06-16,54.070845440708446,中性,4.43,45.04109589041096,-0.7849413713850992,28.78787878787879,110.1875,,,88.38356164383562,67.27999877929688
2026-06-17,48.194548221945475,中性,4.49,37.75342465753425,-1.1013381996503384,21.515151515151516,109.8125,,,85.31506849315068,70.66000366210938
2026-06-18,51.34910751349108,中性,4.46,40.0,-0.9796469892745596,23.636363636363637,109.921875,,,90.4109589041096,65.38999938964844
2026-06-19,51.6230801162308,中性,4.46,40.821917808219176,-0.9564495583234832,23.636363636363637,109.921875,,,90.4109589041096,65.38999938964844
2026-06-20,51.91531755915317,中性,4.46,41.6986301369863,-0.933241255932739,23.636363636363637,109.921875,,,90.4109589041096,65.38999938964844
2026-06-21,52.17102532171026,中性,4.46,42.465753424657535,-0.9100220744581978,23.636363636363637,109.921875,,,90.4109589041096,65.38999938964844
2026-06-22,42.50283658502837,恐懼,4.51,31.013698630136982,-1.5021381827362876,10.303030303030305,109.234375,,,86.1917808219178,70.0199966430664
2026-06-23,44.65393662653937,恐懼,4.5,33.15068493150685,-1.3498719803195764,13.030303030303031,109.375,,,87.78082191780823,68.77999877929688
2026-06-24,52.749135187491355,中性,4.41,45.80821917808219,-0.7648996428664077,25.151515151515152,110.0,,,87.28767123287672,69.05999755859375
2026-06-25,54.54241040542411,中性,4.4,47.56164383561645,-0.6599360930113997,26.969696969696972,110.09375,,,89.0958904109589,67.0999984741211
2026-06-26,56.95032516950325,貪婪,4.38,50.90410958904109,-0.4856559457599528,30.303030303030305,110.265625,,,89.64383561643835,66.79000091552734
2026-06-27,57.041649370416486,貪婪,4.38,51.178082191780824,-0.4664550656185172,30.303030303030305,110.265625,,,89.64383561643835,66.79000091552734
2026-06-28,57.22429777224298,貪婪,4.38,51.726027397260275,-0.4441008509581682,30.303030303030305,110.265625,,,89.64383561643835,66.79000091552734
2026-06-29,55.897329458973296,中性,4.38,50.73972602739726,-0.4922894223811625,28.78787878787879,110.1875,,,88.16438356164383,68.13999938964844
2026-06-30,51.36626539366265,中性,4.44,46.57534246575342,-0.7368591013841743,23.03030303030303,109.890625,,,84.4931506849315,71.95999908447266
2026-07-01,48.359762003597616,中性,4.48,40.0,-0.991636595682199,16.969696969696972,109.578125,,,88.10958904109589,68.55999755859375
2026-07-02,49.583506295835065,中性,4.49,40.821917808219176,-0.9609876956066358,16.969696969696972,109.578125,,,90.95890410958904,65.4000015258789
2026-07-03,49.98533277985333,中性,4.49,42.02739726027397,-0.9303198143880844,16.969696969696972,109.578125,,,90.95890410958904,65.4000015258789
2026-07-04,50.350629583506304,中性,4.49,43.12328767123288,-0.8996329343882904,16.969696969696972,109.578125,,,90.95890410958904,65.4000015258789
2026-07-05,50.679396706793966,中性,4.49,44.109589041095894,-0.8739712829930142,16.969696969696972,109.578125,,,90.95890410958904,65.4000015258789
2026-07-06,51.41220423412204,中性,4.48,45.534246575342465,-0.792528717431328,18.181818181818183,109.640625,,,90.52054794520548,65.76000213623047
2026-07-07,45.51985609519856,中性,4.55,38.7945205479452,-1.049662689231739,12.12121212121212,109.328125,,,85.64383561643835,70.25
2026-07-08,41.17033347170334,恐懼,4.56,33.75342465753425,-1.3221920958170534,5.757575757575758,109.0,,,84.0,72.41000366210938
2026-07-09,45.86467413864674,中性,4.54,38.73972602739726,-1.0580968518562488,10.909090909090908,109.265625,,,87.94520547945206,68.88999938964844
2026-07-10,42.70568700705687,恐懼,4.56,35.12328767123288,-1.2450650837194983,6.363636363636363,109.03125,,,86.63013698630137,69.55000305175781
2026-07-11,42.85180572851806,恐懼,4.56,35.561643835616444,-1.2197897898237935,6.363636363636363,109.03125,,,86.63013698630137,69.55000305175781
2026-07-12,43.12577833125778,恐懼,4.56,36.38356164383561,-1.1950611690076975,6.363636363636363,109.03125,,,86.63013698630137,69.55000305175781
2026-07-13,36.054794520547944,恐懼,4.62,29.91780821917808,-1.5630931000685473,0.0,108.59375,,,78.24657534246575,77.77459716796875
2026-07-14,36.25570776255707,恐懼,4.62,30.52054794520548,-1.5378791570849049,0.0,108.59375,,,78.24657534246575,77.77459716796875
