date,UST_10Yr,fwd_5d_bp,fwd_20d_bp,fwd_60d_bp,fwd_5d_excess_bp,fwd_20d_excess_bp,fwd_60d_excess_bp,momentum,strength,duration,move,curve,inflation,cand_copper_gold,cand_credit_spread,cand_swap_spread,cand_sofr_ted_spread,cand_inflation_1y
2020-01-01,1.92,-10.999999999999988,-13.99999999999999,-79.0,-11.601331668747386,-16.365159128978213,-86.4186541737649,21.260273972602732,97.12786523059928,15.452054794520548,22.24657534246576,30.356164383561644,,64.32876712328766,82.79452054794521,44.38356164383561,,36.87671232876713
2020-01-02,1.88,-4.999999999999982,-10.999999999999988,-77.99999999999999,-5.601331668747381,-13.365159128978211,-85.41865417376489,26.958904109589042,100.0,22.684931506849317,20.219178082191775,28.657534246575345,,71.72602739726027,82.30136986301369,40.602739726027394,,36.986301369863014
2020-01-03,1.8,7.000000000000006,-6.000000000000005,-78.0,6.398668331252607,-8.36515912897823,-85.4186541737649,41.917808219178085,95.69283456269758,37.31506849315068,19.013698630136986,25.315068493150683,,52.657534246575345,80.05479452054794,24.602739726027394,,37.09589041095891
2020-01-04,1.8,5.000000000000004,-10.000000000000009,-78.0,4.398668331252606,-12.365159128978233,-85.4186541737649,42.08219178082192,95.69283456269758,33.97260273972603,17.20547945205479,25.36986301369863,,49.75342465753425,79.67123287671232,24.54794520547945,,37.15068493150685
2020-01-05,1.8,3.0000000000000027,-10.000000000000009,-88.0,2.398668331252604,-12.365159128978233,-95.4186541737649,42.57534246575343,95.69283456269758,28.10958904109589,15.835616438356155,25.424657534246574,,44.16438356164383,79.12328767123287,24.493150684931507,,37.369863013698634
2020-01-06,1.81,2.0000000000000018,-11.00000000000001,-107.0,1.3986683312526027,-13.365159128978235,-114.4186541737649,41.42465753424658,97.6685985247629,25.47945205479452,14.356164383561648,25.47945205479452,,36.16438356164384,70.68493150684931,25.753424657534254,,37.6986301369863
2020-01-07,1.83,0.0,-21.999999999999996,-109.00000000000001,-0.6013316687473991,-24.36515912897822,-116.41865417376492,38.35616438356164,97.95837723919915,21.205479452054796,12.876712328767127,28.21917808219178,,34.630136986301366,68.43835616438356,29.041095890410958,,38.082191780821915
2020-01-08,1.87,-2.0000000000000018,-22.00000000000002,-113.00000000000001,-2.6013316687474006,-24.365159128978245,-120.41865417376492,31.83561643835617,100.0,19.28767123287671,10.958904109589042,28.27397260273973,,56.767123287671225,64.6027397260274,39.89041095890411,,38.52054794520547
2020-01-09,1.85,-3.0000000000000027,-25.0,-131.0,-3.6013316687474015,-27.365159128978224,-138.4186541737649,35.56164383561644,100.0,21.15068493150685,9.698630136986296,25.53424657534247,,57.150684931506845,67.89041095890411,34.52054794520548,,38.84931506849315
2020-01-10,1.83,-4.0000000000000036,-26.0,-107.0,-4.601331668747402,-28.365159128978224,-114.4186541737649,39.94520547945205,98.47413472273911,28.93150684931507,9.479452054794521,25.589041095890412,,56.49315068493151,76.7123287671233,28.876712328767113,,39.17808219178082
2020-01-11,1.83,-2.0000000000000018,-32.00000000000001,-101.00000000000003,-2.6013316687474006,-34.365159128978235,-108.41865417376493,40.32876712328767,98.47413472273911,45.47945205479452,9.205479452054803,25.643835616438356,,57.36986301369863,76.0,28.821917808219183,,39.56164383561644
2020-01-12,1.83,1.0000000000000009,-32.00000000000001,-95.0,0.3986683312526018,-34.365159128978235,-102.4186541737649,40.54794520547945,98.47413472273911,23.56164383561644,9.315068493150676,25.6986301369863,,71.17808219178082,75.23287671232876,28.76712328767124,,39.83561643835617
2020-01-13,1.85,-1.0000000000000009,-34.00000000000001,-91.00000000000001,-1.6013316687474,-36.365159128978235,-98.41865417376492,37.64383561643836,100.0,29.534246575342465,9.753424657534254,25.753424657534246,,73.8082191780822,74.84931506849315,34.465753424657535,,40.0
2020-01-14,1.82,2.0000000000000018,-28.000000000000004,-88.00000000000001,1.3986683312526027,-30.365159128978227,-95.41865417376492,42.57534246575343,98.7705896395321,40.93150684931507,9.917808219178085,20.986301369863014,,78.73972602739727,74.3013698630137,26.958904109589042,,40.109589041095894
2020-01-15,1.79,5.000000000000004,-17.999999999999993,-85.00000000000001,4.398668331252606,-20.365159128978217,-92.41865417376492,47.726027397260275,98.65122941036046,57.91780821917808,11.23287671232876,19.616438356164384,,50.136986301369866,69.20547945205479,21.972602739726028,,40.219178082191775
2020-01-16,1.81,-3.0000000000000027,-15.000000000000014,-108.0,-3.6013316687474015,-17.365159128978238,-115.4186541737649,44.87671232876712,100.0,53.36986301369863,14.301369863013704,19.67123287671233,,47.45205479452055,70.46575342465754,25.260273972602747,,40.32876712328767
2020-01-17,1.84,-7.000000000000006,-19.000000000000018,-82.0,-7.601331668747405,-21.36515912897824,-89.4186541737649,38.90410958904109,100.0,39.89041095890411,19.561643835616437,23.89041095890411,,42.41095890410959,75.56164383561644,31.232876712328775,,40.493150684931514
2020-01-18,1.84,-10.000000000000009,-25.0,-66.00000000000001,-10.601331668747408,-27.365159128978224,-73.41865417376492,38.79452054794521,100.0,36.54794520547945,26.739726027397253,23.945205479452056,,35.50684931506849,74.9041095890411,31.178082191780817,,40.602739726027394
2020-01-19,1.84,-14.000000000000012,-25.0,-72.0,-14.601331668747411,-27.365159128978224,-79.4186541737649,38.79452054794521,100.0,35.94520547945205,51.23287671232877,24.0,,34.95890410958904,74.57534246575342,31.123287671232873,,40.657534246575345
2020-01-20,1.84,-14.000000000000012,-25.0,-92.0,-14.601331668747411,-27.365159128978224,-99.4186541737649,39.013698630136986,100.0,28.164383561643834,73.15068493150685,24.054794520547944,,31.780821917808222,73.97260273972603,31.06849315068493,,40.76712328767124
2020-01-21,1.78,-8.000000000000007,-21.999999999999996,-86.0,-8.601331668747406,-24.36515912897822,-93.4186541737649,48.87671232876713,99.78218502808667,64.0,78.1917808219178,23.17808219178082,,20.164383561643838,76.65753424657534,20.383561643835606,,40.87671232876713
2020-01-22,1.77,-15.999999999999993,-17.999999999999993,-85.0,-16.60133166874739,-20.365159128978217,-92.4186541737649,50.19178082191781,100.0,53.8082191780822,78.35616438356165,21.15068493150685,,19.726027397260275,76.0,19.178082191780817,,40.93150684931507
2020-01-23,1.74,-9.000000000000007,-11.99999999999999,-98.0,-9.601331668747406,-14.365159128978213,-105.4186541737649,56.16438356164384,100.0,63.561643835616444,76.7123287671233,19.726027397260275,,10.904109589041095,71.94520547945206,16.986301369863014,,41.04109589041096
2020-01-24,1.7,-9.999999999999986,-8.999999999999986,-86.0,-10.601331668747385,-11.36515912897821,-93.4186541737649,64.32876712328766,95.39809270348194,72.43835616438356,76.54794520547945,17.15068493150685,,6.575342465753424,71.3972602739726,15.06849315068493,,41.0958904109589
2020-01-25,1.7,-12.99999999999999,-10.999999999999988,-82.0,-13.601331668747388,-13.365159128978211,-89.4186541737649,64.32876712328766,95.39809270348194,80.71232876712328,76.7123287671233,17.205479452054796,,3.9452054794520546,71.01369863013699,15.013698630136986,,41.36986301369863
2020-01-26,1.7,-18.999999999999993,-10.999999999999988,-87.0,-19.60133166874739,-13.365159128978211,-94.4186541737649,64.32876712328766,95.39809270348194,82.1917808219178,77.20547945205479,17.26027397260274,,3.9452054794520546,70.68493150684931,14.958904109589042,,41.64383561643835
2020-01-27,1.61,-10.000000000000009,-2.0000000000000018,-89.00000000000001,-10.601331668747408,-4.365159128978226,-96.41865417376492,79.61643835616438,86.9705034375693,93.53424657534246,78.13698630136986,11.287671232876713,,1.0410958904109588,57.58904109589041,6.191780821917803,,41.8082191780822
2020-01-28,1.65,-13.99999999999999,-5.999999999999983,-93.0,-14.601331668747388,-8.365159128978208,-100.4186541737649,73.0958904109589,93.6571301840763,89.53424657534246,77.8082191780822,15.123287671232877,,0.8767123287671232,57.205479452054796,10.63013698630138,,42.08219178082192
2020-01-29,1.6,-6.000000000000005,-5.000000000000004,-88.00000000000001,-6.601331668747404,-7.365159128978229,-95.41865417376492,81.47945205479452,93.3577289864715,92.6027397260274,77.36986301369863,13.095890410958905,,0.7671232876712328,54.3013698630137,4.328767123287662,,42.30136986301369
2020-01-30,1.57,4.0000000000000036,-1.0000000000000009,-87.00000000000001,3.3986683312526047,-3.3651591289782252,-94.41865417376492,85.8082191780822,98.58061654468841,92.71232876712328,73.20547945205479,8.931506849315069,,0.32876712328767127,47.945205479452056,2.630136986301366,,42.57534246575343
2020-01-31,1.51,14.999999999999991,1.0000000000000009,-81.0,14.398668331252592,-1.3651591289782234,-88.4186541737649,90.63013698630137,88.88888888888889,95.67123287671234,67.06849315068493,12.383561643835616,,0.273972602739726,33.534246575342465,0.49315068493150704,,42.849315068493155
2020-02-01,1.51,13.99999999999999,-5.000000000000004,-89.0,13.39866833125259,-7.365159128978229,-96.4186541737649,90.52054794520548,88.88888888888889,95.94520547945206,62.68493150684932,12.438356164383562,,0.4383561643835616,33.31506849315069,0.49315068493150704,,63.178082191780824
2020-02-02,1.51,8.000000000000007,-5.000000000000004,-88.0,7.398668331252608,-7.365159128978229,-95.4186541737649,90.52054794520548,88.88888888888889,95.34246575342465,58.02739726027397,12.493150684931507,,0.547945205479452,33.04109589041096,0.49315068493150704,,63.23287671232877
2020-02-03,1.54,5.000000000000004,-8.000000000000007,-92.0,4.398668331252606,-10.365159128978231,-99.4186541737649,88.32876712328768,94.05633178088267,95.23287671232876,54.35616438356165,12.547945205479452,,0.6027397260273972,40.38356164383562,1.2054794520547887,,63.12328767123287
2020-02-04,1.61,-2.0000000000000018,-23.00000000000002,-99.00000000000001,-2.6013316687474006,-25.365159128978245,-106.41865417376492,78.13698630136986,100.0,88.98630136986301,55.83561643835617,16.0,,1.643835616438356,42.958904109589035,6.136986301369859,,63.013698630136986
2020-02-05,1.66,-9.999999999999986,-32.999999999999986,-104.0,-10.601331668747385,-35.36515912897821,-111.4186541737649,70.08219178082192,100.0,83.67123287671234,55.17808219178082,19.068493150684933,,2.7945205479452055,49.369863013698634,12.712328767123296,,62.95890410958904
2020-02-06,1.65,-5.999999999999983,-31.999999999999986,-97.99999999999999,-6.601331668747382,-34.36515912897821,-105.41865417376489,72.43835616438356,100.0,85.86301369863014,53.80821917808219,17.80821917808219,,2.8493150684931505,52.71232876712329,10.520547945205479,,62.84931506849315
2020-02-07,1.59,3.0000000000000027,-29.000000000000004,-84.00000000000001,2.398668331252604,-31.365159128978227,-91.41865417376492,82.79452054794521,98.13141058190313,91.06849315068493,53.863013698630134,13.424657534246576,,1.808219178082192,52.438356164383556,3.506849315068493,,62.794520547945204
2020-02-08,1.59,2.0000000000000018,-46.00000000000002,-82.0,1.3986683312526027,-48.36515912897825,-89.4186541737649,82.9041095890411,98.13141058190313,92.93150684931507,53.97260273972603,13.479452054794521,,1.9726027397260273,52.0,3.506849315068493,,62.68493150684932
2020-02-09,1.59,0.0,-46.00000000000002,-86.00000000000001,-0.6013316687473991,-48.36515912897825,-93.41865417376492,82.95890410958904,98.13141058190313,96.21917808219177,54.41095890410959,13.534246575342465,,2.958904109589041,51.78082191780822,3.506849315068493,,62.52054794520548
2020-02-10,1.56,3.0000000000000027,-43.000000000000014,-83.0,2.398668331252604,-45.36515912897824,-90.4186541737649,86.79452054794521,100.0,96.6027397260274,55.61643835616438,14.904109589041095,,2.63013698630137,49.20547945205479,2.027397260273972,,62.52054794520548
2020-02-11,1.59,0.0,-49.0,-86.00000000000001,-0.6013316687473991,-51.36515912897823,-93.41865417376492,82.9041095890411,99.98912570682906,91.17808219178082,55.397260273972606,13.589041095890412,,3.780821917808219,50.63013698630137,3.506849315068493,,62.35616438356165
2020-02-12,1.62,-3.0000000000000027,-60.00000000000001,-89.00000000000001,-3.6013316687474015,-62.365159128978235,-96.41865417376492,76.6027397260274,100.0,81.69863013698631,55.06849315068493,13.643835616438357,,10.575342465753424,48.05479452054795,6.849315068493155,,62.35616438356165
2020-02-13,1.61,-6.000000000000005,-59.00000000000001,-85.00000000000001,-6.601331668747404,-61.365159128978235,-92.41865417376492,78.41095890410959,99.43093059584915,84.10958904109589,56.054794520547944,11.397260273972602,,10.465753424657533,50.13698630136986,5.9178082191780845,,62.3013698630137
2020-02-14,1.59,-3.0000000000000027,-67.0,-83.0,-3.6013316687474015,-69.36515912897822,-90.4186541737649,82.30136986301369,100.0,85.97260273972603,56.38356164383562,11.452054794520548,,8.164383561643836,51.945205479452056,3.342465753424662,,62.082191780821915
2020-02-15,1.59,-7.000000000000006,-85.00000000000001,-96.00000000000001,-7.601331668747405,-87.36515912897823,-103.41865417376492,82.02739726027397,100.0,88.65753424657534,56.71232876712329,11.506849315068493,,10.73972602739726,51.726027397260275,3.287671232876704,,62.082191780821915
2020-02-16,1.59,-13.00000000000001,-85.00000000000001,-98.00000000000001,-13.60133166874741,-87.36515912897823,-105.41865417376492,81.75342465753425,100.0,90.68493150684932,56.0,11.561643835616438,,11.287671232876713,51.013698630136986,3.287671232876704,,61.97260273972603
2020-02-17,1.59,-13.00000000000001,-85.00000000000001,-94.0,-13.60133166874741,-87.36515912897823,-101.4186541737649,81.26027397260273,100.0,93.86301369863014,56.0,11.616438356164384,,7.9452054794520555,50.68493150684932,3.2328767123287747,,61.97260273972603
2020-02-18,1.55,-9.000000000000007,-101.0,-90.0,-9.601331668747406,-103.36515912897822,-97.4186541737649,86.9041095890411,100.0,94.84931506849314,56.0,5.47945205479452,,5.424657534246576,48.10958904109589,1.3698630136986338,,61.917808219178085
2020-02-19,1.56,-18.000000000000014,-80.0,-91.0,-18.601331668747413,-82.36515912897822,-98.4186541737649,85.47945205479452,100.0,90.63013698630137,56.93150684931506,5.534246575342466,,5.095890410958904,47.78082191780821,2.027397260273972,,61.698630136986296
2020-02-20,1.52,-18.999999999999993,-70.0,-89.0,-19.60133166874739,-72.36515912897822,-96.4186541737649,89.20547945205479,95.34759927605664,94.63013698630137,57.205479452054796,4.547945205479452,,2.8493150684931505,47.23287671232876,0.7671232876712395,,61.698630136986296
2020-02-21,1.46,-12.99999999999999,-57.99999999999999,-88.0,-13.601331668747388,-60.36515912897822,-95.4186541737649,92.82191780821918,88.26785904396891,96.54794520547945,51.945205479452056,3.3424657534246576,,2.191780821917808,34.79452054794521,0.0,,61.534246575342465
2020-02-22,1.46,-15.999999999999993,-52.0,-83.0,-16.60133166874739,-54.36515912897823,-90.4186541737649,92.54794520547945,88.26785904396891,96.82191780821918,49.20547945205479,3.397260273972603,,1.2602739726027399,34.57534246575342,0.0,,61.534246575342465
2020-02-23,1.46,-33.00000000000001,-52.0,-85.0,-33.601331668747406,-54.36515912897823,-92.4186541737649,92.4931506849315,88.26785904396891,96.05479452054794,48.0,3.4520547945205484,,0.8767123287671232,34.1917808219178,0.0,,61.47945205479452
2020-02-24,1.38,-25.0,-43.99999999999999,-77.99999999999999,-25.6013316687474,-46.36515912897822,-85.41865417376489,95.72602739726027,72.63919940381135,97.0958904109589,20.438356164383563,3.506849315068493,,0.32876712328767127,26.575342465753423,0.0,,61.31506849315069
2020-02-25,1.33,-20.000000000000018,-60.00000000000001,-73.00000000000001,-20.601331668747417,-62.365159128978235,-80.41865417376492,97.75342465753425,62.55722346428191,97.53424657534246,11.45205479452055,4.821917808219178,,0.9863013698630136,18.191780821917817,0.0,,61.31506849315069
2020-02-26,1.33,-23.0,-31.000000000000007,-73.00000000000001,-23.6013316687474,-33.365159128978235,-80.41865417376492,97.58904109589041,62.38688384967529,97.6986301369863,8.602739726027394,12.10958904109589,,1.36986301369863,17.369863013698634,0.0,,61.15068493150685
2020-02-27,1.3,-28.000000000000004,-12.00000000000001,-63.0,-28.601331668747402,-14.365159128978235,-70.4186541737649,98.08219178082192,42.47844139252635,98.35616438356163,5.589041095890408,15.835616438356166,,1.1506849315068493,10.958904109589042,0.0,,61.04109589041096
2020-02-28,1.13,-10.999999999999988,-0.9999999999999787,-50.99999999999999,-11.601331668747386,-3.365159128978203,-58.4186541737649,99.83561643835617,45.512615777706806,99.72602739726028,0.38356164383561975,26.9041095890411,,4.602739726027397,2.5753424657534225,0.0,,60.93150684931507
2020-02-29,1.13,-20.999999999999986,-20.999999999999986,-49.999999999999986,-21.601331668747385,-23.36515912897821,-57.41865417376489,99.72602739726027,45.512615777706806,99.72602739726028,0.27397260273971824,26.958904109589042,,4.657534246575342,2.794520547945197,0.0,,60.87671232876713
2020-03-01,1.13,-38.99999999999999,-20.999999999999986,-48.999999999999986,-39.60133166874739,-23.36515912897821,-56.41865417376489,99.67123287671232,45.512615777706806,98.95890410958904,0.27397260273971824,27.013698630136986,,7.780821917808218,2.9589041095890423,0.0,,99.89041095890411
2020-03-02,1.1,-36.00000000000001,-18.000000000000004,-46.00000000000001,-36.601331668747406,-20.365159128978227,-53.418654173764914,99.89041095890411,59.87437453422761,97.97260273972603,0.4383561643835634,26.19178082191781,,10.356164383561643,0.7671232876712395,0.0,,99.78082191780823
2020-03-03,1.02,-28.000000000000004,-26.0,-38.0,-28.601331668747402,-28.365159128978224,-45.41865417376491,99.94520547945206,50.984775896944534,98.52054794520548,0.5479452054794507,32.54794520547945,,5.917808219178082,0.05479452054794365,0.0,,99.72602739726027
2020-03-04,1.02,-48.0,-18.000000000000004,-38.0,-48.6013316687474,-20.365159128978227,-45.41865417376491,99.89041095890411,64.35643564356435,96.98630136986301,0.8767123287671268,33.863013698630134,,12.054794520547945,0.38356164383561975,0.0,,99.61643835616438
2020-03-05,0.92,-16.000000000000004,-4.0000000000000036,-28.000000000000004,-16.601331668747402,-6.365159128978227,-35.41865417376491,99.94520547945206,53.80602576386671,98.84931506849315,1.150684931506845,33.47945205479452,,7.123287671232877,0.0,0.0,,99.5068493150685
2020-03-06,0.74,7.9999999999999964,8.999999999999996,-7.9999999999999964,7.398668331252598,6.634840871021773,-15.418654173764903,99.94520547945206,47.60992228255084,100.0,0.8219178082191689,25.260273972602736,,5.6438356164383565,0.0,0.0,,99.45205479452055
2020-03-07,0.74,14.000000000000002,-2.0000000000000018,-2.0000000000000018,13.398668331252603,-4.365159128978226,-9.418654173764908,99.89041095890411,47.60992228255084,99.94520547945206,0.7671232876712395,25.315068493150683,,15.945205479452055,0.05479452054794365,0.0,,99.34246575342466
2020-03-08,0.74,19.999999999999996,-2.0000000000000018,-10.999999999999998,19.398668331252598,-4.365159128978226,-18.418654173764907,99.83561643835617,47.60992228255084,99.94520547945206,0.9863013698630141,25.36986301369863,,16.493150684931507,0.1095890410958873,0.0,,99.23287671232876
2020-03-09,0.54,39.99999999999999,17.999999999999993,14.999999999999991,39.398668331252594,15.634840871021769,7.581345826235085,99.94520547945206,24.11370169274992,100.0,0.2191780821917888,7.890410958904109,,12.273972602739725,0.0,0.0,,99.17808219178082
2020-03-10,0.76,17.999999999999993,-6.000000000000005,-7.000000000000006,17.398668331252594,-8.36515912897823,-14.418654173764914,99.72602739726027,40.295965080379005,99.01369863013699,0.38356164383561975,26.410958904109588,,28.602739726027398,0.05479452054794365,0.2191780821917888,,99.06849315068493
2020-03-11,0.82,-8.999999999999996,-12.0,-13.0,-9.601331668747395,-14.365159128978224,-20.418654173764907,99.67123287671232,26.328116682636004,94.57534246575342,0.657534246575338,33.205479452054796,,31.506849315068493,0.0,0.27397260273971824,,98.95890410958904
2020-03-12,0.88,14.000000000000002,-26.0,-15.000000000000002,13.398668331252603,-28.365159128978224,-22.418654173764907,99.56164383561644,0.0,95.78082191780823,0.7123287671232816,34.794520547945204,,42.63013698630137,0.0,0.3287671232876761,,98.84931506849315
2020-03-13,0.94,24.0,-30.999999999999993,-25.0,23.3986683312526,-33.36515912897822,-32.41865417376491,99.45205479452055,27.81693636453887,86.68493150684931,1.150684931506845,36.49315068493151,,70.35616438356165,0.0,0.4383561643835634,,98.79452054794521
2020-03-14,0.94,18.000000000000014,-31.999999999999996,-29.999999999999993,17.398668331252615,-34.36515912897822,-37.4186541737649,99.34246575342466,27.81693636453887,86.9041095890411,1.5342465753424648,36.54794520547945,,69.80821917808218,0.05479452054794365,0.4383561643835634,,98.68493150684931
2020-03-15,0.94,-1.9999999999999907,-31.999999999999996,-30.999999999999993,-2.60133166874739,-34.36515912897822,-38.4186541737649,99.28767123287672,27.81693636453887,93.04109589041096,1.8630136986301409,36.602739726027394,,50.57534246575342,0.1095890410958873,0.4383561643835634,,98.57534246575342
2020-03-16,0.73,19.000000000000007,-10.999999999999998,-8.999999999999996,18.39866833125261,-13.365159128978222,-16.418654173764903,99.67123287671232,0.0,99.78082191780821,2.5753424657534225,34.73972602739726,,40.10958904109589,0.0,0.05479452054794365,,98.52054794520548
2020-03-17,1.02,-9.999999999999998,-35.0,-38.0,-10.601331668747397,-37.36515912897823,-45.41865417376491,98.57534246575342,12.995142002989537,93.15068493150685,3.671232876712324,41.534246575342465,,10.794520547945204,0.0,0.657534246575338,,98.41095890410959
2020-03-18,1.18,-41.99999999999999,-42.99999999999999,-53.99999999999999,-42.60133166874739,-45.36515912897822,-61.4186541737649,96.43835616438356,6.268684603886397,25.47945205479452,4.821917808219183,45.58904109589041,,7.616438356164383,0.0,1.0410958904109577,,98.3013698630137
2020-03-19,1.12,-28.000000000000014,-35.00000000000001,-39.000000000000014,-28.601331668747413,-37.365159128978235,-46.41865417376492,97.31506849315069,8.819133034379671,59.67123287671233,5.589041095890408,46.19178082191781,,11.068493150684931,0.0,0.8767123287671268,,98.1917808219178
2020-03-20,0.92,-4.0000000000000036,-19.000000000000007,-22.000000000000007,-4.601331668747402,-21.36515912897823,-29.418654173764914,99.17808219178082,13.470851288069879,97.0958904109589,6.739726027397268,41.58904109589041,,9.479452054794521,0.0,0.4383561643835634,,98.13698630136986
2020-03-21,0.92,-9.000000000000007,-19.000000000000007,-24.0,-9.601331668747406,-21.36515912897823,-31.418654173764907,99.12328767123287,13.470851288069879,96.93150684931507,7.61643835616438,41.64383561643836,,10.301369863013699,0.05479452054794365,0.4383561643835634,,98.02739726027397
2020-03-22,0.92,-20.000000000000007,-19.000000000000007,-24.0,-20.601331668747406,-21.36515912897823,-31.418654173764907,99.06849315068493,13.470851288069879,97.26027397260275,8.876712328767127,41.6986301369863,,6.465753424657534,0.1095890410958873,0.4383561643835634,,97.91780821917808
2020-03-23,0.76,-4.0000000000000036,-3.0000000000000027,-9.999999999999998,-4.601331668747402,-5.365159128978227,-17.418654173764907,99.56164383561644,0.0,99.78082191780821,10.63013698630138,38.301369863013704,,0.16438356164383564,0.0,0.27397260273971824,,97.86301369863014
2020-03-24,0.84,-12.0,-7.9999999999999964,-17.999999999999993,-12.601331668747399,-10.36515912897822,-25.4186541737649,99.3972602739726,20.743906875227356,99.23287671232876,12.164383561643831,37.31506849315068,,0.1095890410958904,0.2191780821917888,0.4383561643835634,,97.75342465753425
2020-03-25,0.88,-18.000000000000004,-12.0,-21.999999999999996,-18.601331668747402,-14.365159128978224,-29.418654173764903,99.06849315068493,17.579119679883597,98.57534246575342,12.76712328767124,41.47945205479452,,0.547945205479452,0.27397260273971824,0.49315068493150704,,97.64383561643835
2020-03-26,0.83,-13.0,-19.999999999999996,-16.999999999999993,-13.601331668747399,-22.36515912897822,-24.4186541737649,99.34246575342466,31.2659148781375,98.84931506849315,13.31506849315069,40.6027397260274,,0.2191780821917808,0.38356164383561975,0.4383561643835634,,97.53424657534246
2020-03-27,0.72,-9.999999999999998,-10.999999999999998,-3.0000000000000027,-10.601331668747397,-13.365159128978222,-10.41865417376491,99.56164383561644,21.244088759548927,99.78082191780821,14.246575342465746,37.589041095890416,,0.32876712328767127,0.4383561643835634,0.05479452054794365,,97.47945205479452
2020-03-28,0.72,-8.999999999999996,-6.999999999999995,-3.9999999999999925,-9.601331668747395,-9.365159128978219,-11.4186541737649,99.5068493150685,21.244088759548927,99.78082191780821,14.958904109589042,37.64383561643835,,0.3835616438356164,0.49315068493150704,0.05479452054794365,,97.31506849315069
2020-03-29,0.72,-9.999999999999998,-6.999999999999995,-2.0000000000000018,-10.601331668747397,-9.365159128978219,-9.418654173764908,99.3972602739726,21.244088759548927,99.56164383561644,15.506849315068493,37.6986301369863,,0.821917808219178,0.6027397260274086,0.05479452054794365,,97.20547945205479
2020-03-30,0.7,-7.9999999999999964,-4.999999999999993,-4.999999999999993,-8.601331668747395,-7.365159128978217,-12.4186541737649,99.5068493150685,31.65696616951619,99.5068493150685,16.438356164383563,37.75342465753425,,0.4383561643835616,0.657534246575338,0.05479452054794365,,96.98630136986301
2020-03-31,0.7,-7.9999999999999964,-6.999999999999995,-4.999999999999993,-8.601331668747395,-9.365159128978219,-12.4186541737649,99.34246575342466,29.165150963986903,98.1917808219178,16.93150684931507,37.80821917808219,,3.890410958904109,0.657534246575338,0.05479452054794365,,96.76712328767124
2020-04-01,0.62,5.000000000000004,-4.0000000000000036,3.0000000000000027,4.398668331252606,-6.365159128978227,-4.418654173764904,99.61643835616438,16.524190614769008,98.63013698630137,17.424657534246577,35.06849315068493,,3.287671232876712,0.657534246575338,0.05479452054794365,,99.94520547945206
2020-04-02,0.63,12.0,0.0,3.0000000000000027,11.398668331252601,-2.3651591289782243,-4.418654173764904,99.56164383561644,23.381229538013823,99.34246575342466,17.534246575342465,35.178082191780824,,2.5205479452054798,0.8219178082191689,0.1095890410958873,,99.89041095890411
2020-04-03,0.62,15.000000000000002,-1.0000000000000009,6.000000000000005,14.398668331252603,-3.3651591289782252,-1.4186541737649012,99.56164383561644,19.57984721716988,99.45205479452055,17.47945205479452,35.12328767123288,,1.7534246575342465,0.8767123287671268,0.05479452054794365,,99.83561643835617
2020-04-04,0.62,10.999999999999998,-2.0000000000000018,15.000000000000002,10.3986683312526,-4.365159128978226,7.581345826235095,99.45205479452055,19.57984721716988,97.97260273972603,17.47945205479452,35.178082191780824,,3.3424657534246576,0.9315068493150704,0.05479452054794365,,99.78082191780823
2020-04-05,0.62,10.999999999999998,-2.0000000000000018,19.999999999999996,10.3986683312526,-4.365159128978226,12.58134582623509,99.34246575342466,19.57984721716988,97.58904109589042,17.47945205479452,35.23287671232877,,2.246575342465753,0.9863013698630141,0.05479452054794365,,99.72602739726027
2020-04-06,0.67,5.999999999999995,-7.000000000000006,24.0,5.398668331252596,-9.365159128978231,16.581345826235093,98.9041095890411,38.022917424518006,97.91780821917808,17.47945205479452,35.397260273972606,,1.4246575342465753,1.0410958904109577,0.3287671232876761,,99.67123287671232
2020-04-07,0.75,-2.0000000000000018,-7.9999999999999964,16.000000000000004,-2.6013316687474006,-10.36515912897822,8.581345826235097,98.46575342465754,37.377228082939254,95.94520547945206,17.75342465753424,38.19178082191781,,3.4520547945205484,1.150684931506845,0.8767123287671268,,99.61643835616438
2020-04-08,0.77,-1.0000000000000009,-15.000000000000002,14.000000000000002,-1.6013316687474,-17.365159128978227,6.581345826235095,98.1917808219178,43.84321571480538,90.41095890410958,17.972602739726028,39.78082191780822,,1.0410958904109588,1.2054794520547887,1.0410958904109577,,99.56164383561644
2020-04-09,0.73,3.0000000000000027,-9.999999999999998,15.000000000000002,2.398668331252604,-12.365159128978222,7.581345826235095,98.52054794520548,45.216442342670064,91.45205479452055,17.643835616438352,39.83561643835616,,0.1095890410958904,1.4794520547945211,0.657534246575338,,99.5068493150685
2020-04-10,0.73,-9.999999999999998,-8.999999999999996,10.999999999999998,-10.601331668747397,-11.36515912897822,3.5813458262350917,98.3013698630137,45.216442342670064,91.45205479452055,17.31506849315069,39.89041095890411,,0.16438356164383564,1.5342465753424648,0.657534246575338,,99.45205479452055
2020-04-11,0.73,-12.0,-8.999999999999996,2.0000000000000018,-12.601331668747399,-11.36515912897822,-5.418654173764905,98.24657534246575,45.216442342670064,93.86301369863014,17.0958904109589,39.945205479452056,,0.32876712328767127,1.6438356164383663,0.657534246575338,,99.3972602739726
2020-04-12,0.73,-7.9999999999999964,-8.999999999999996,-6.999999999999995,-8.601331668747395,-11.36515912897822,-14.418654173764901,98.08219178082192,45.216442342670064,88.76712328767124,16.71232876712328,40.0,,0.821917808219178,1.6986301369862957,0.657534246575338,,99.34246575342466
2020-04-13,0.76,-10.999999999999998,-12.0,-5.000000000000004,-11.601331668747397,-14.365159128978224,-12.41865417376491,97.8082191780822,48.8450345580211,89.26027397260275,16.54794520547945,40.54794520547945,,1.315068493150685,1.8082191780821972,1.150684931506845,,99.28767123287672
2020-04-14,0.76,-10.999999999999998,-12.0,-5.000000000000004,-11.601331668747397,-14.365159128978224,-12.41865417376491,97.6986301369863,62.131684248817756,77.20547945205479,15.890410958904113,41.64383561643836,,2.5205479452054798,1.9726027397260282,1.150684931506845,,99.23287671232876
2020-04-15,0.63,0.0,3.0000000000000027,7.9999999999999964,-0.6013316687473991,0.6348408710217783,0.5813458262350899,98.79452054794521,58.548563113859586,48.986301369863014,15.397260273972606,35.89041095890411,,3.1232876712328768,2.027397260273972,0.27397260273971824,,99.17808219178082
2020-04-16,0.61,-3.0000000000000027,10.999999999999998,9.999999999999998,-3.6013316687474015,8.634840871021774,2.5813458262350917,98.79452054794521,63.65041833393962,64.87671232876713,14.739726027397253,35.50684931506849,,3.1780821917808217,2.0821917808219155,0.05479452054794365,,99.12328767123287
2020-04-17,0.65,-2.0000000000000018,-2.0000000000000018,9.999999999999998,-2.6013316687474006,-4.365159128978226,2.5813458262350917,98.46575342465754,66.36958894143325,45.80821917808219,13.534246575342465,37.15068493150685,,9.26027397260274,2.136986301369859,0.4383561643835634,,99.06849315068493
2020-04-18,0.65,-4.0000000000000036,3.9999999999999925,8.999999999999996,-4.601331668747402,1.6348408710217681,1.58134582623509,98.24657534246575,66.36958894143325,20.876712328767123,12.76712328767124,37.205479452054796,,14.410958904109588,2.191780821917817,0.4383561643835634,,99.01369863013699
2020-04-19,0.65,-5.000000000000004,3.9999999999999925,5.999999999999995,-5.601331668747403,1.6348408710217681,-1.4186541737649119,98.02739726027397,66.36958894143325,78.19178082191782,11.945205479452056,37.26027397260274,,11.178082191780822,2.2465753424657464,0.4383561643835634,,98.95890410958904
2020-04-20,0.63,-3.0000000000000027,5.999999999999995,6.999999999999995,-3.6013316687474015,3.6348408710217703,-0.4186541737649119,98.1917808219178,62.1134958166606,95.3972602739726,11.397260273972591,36.0,,6.684931506849315,2.3013698630137043,0.3287671232876761,,98.9041095890411
2020-04-21,0.58,2.0000000000000018,15.000000000000002,12.0,1.3986683312526027,12.634840871021778,4.5813458262350935,98.68493150684931,52.64641687886504,95.8904109589041,10.68493150684931,34.849315068493155,,2.684931506849315,2.356164383561648,0.05479452054794365,,98.84931506849315
2020-04-22,0.63,4.0000000000000036,5.999999999999995,6.999999999999995,3.3986683312526047,3.6348408710217703,-0.4186541737649119,97.75342465753425,60.14914514368861,97.31506849315068,10.191780821917803,35.61643835616438,,0.3835616438356164,2.4109589041095774,0.38356164383561975,,98.79452054794521
2020-04-23,0.61,1.0000000000000009,3.0000000000000027,9.999999999999998,0.3986683312526018,0.6348408710217783,2.5813458262350917,97.86301369863014,58.72135321935249,97.86301369863014,9.86301369863014,35.342465753424655,,0.3835616438356164,2.465753424657535,0.1095890410958873,,98.73972602739725
2020-04-24,0.6,3.0000000000000027,3.0000000000000027,12.0,2.398668331252604,0.6348408710217783,4.5813458262350935,97.8082191780822,64.9145143688614,98.3013698630137,9.643835616438352,34.95890410958904,,0.547945205479452,2.520547945205479,0.1095890410958873,,98.68493150684931
2020-04-25,0.6,4.0000000000000036,4.0000000000000036,8.999999999999996,3.3986683312526047,1.6348408710217792,1.58134582623509,97.53424657534246,64.9145143688614,83.94520547945206,9.589041095890423,35.013698630136986,,0.821917808219178,2.5753424657534225,0.1095890410958873,,98.63013698630137
2020-04-26,0.6,4.0000000000000036,4.0000000000000036,8.000000000000007,3.3986683312526047,1.6348408710217792,0.5813458262351006,97.31506849315069,64.9145143688614,98.68493150684931,9.698630136986296,35.06849315068493,,5.095890410958904,2.630136986301366,0.1095890410958873,,98.57534246575342
2020-04-27,0.67,-3.0000000000000027,-3.0000000000000027,-3.0000000000000027,-3.6013316687474015,-5.365159128978227,-10.41865417376491,96.27397260273973,66.92433612222626,99.89041095890411,9.753424657534254,36.38356164383561,,24.32876712328767,2.684931506849324,0.9863013698630141,,98.52054794520548
2020-04-28,0.62,2.0000000000000018,10.999999999999998,2.0000000000000018,1.3986683312526027,8.634840871021774,-5.418654173764905,96.98630136986301,63.12295380138232,99.61643835616438,10.082191780821915,36.21917808219178,,15.123287671232877,2.7397260273972535,0.38356164383561975,,98.46575342465754
2020-04-29,0.63,1.0000000000000009,6.999999999999995,1.0000000000000009,0.3986683312526018,4.634840871021771,-6.418654173764906,96.54794520547945,74.64532557293562,91.89041095890411,10.739726027397253,36.43835616438356,,20.767123287671232,2.794520547945197,0.657534246575338,,98.41095890410959
2020-04-30,0.64,2.0000000000000018,4.0000000000000036,0.0,1.3986683312526027,1.6348408710217792,-7.4186541737649065,96.10958904109589,72.8992360858494,85.0958904109589,11.506849315068493,37.15068493150685,,22.301369863013697,2.849315068493155,0.9315068493150704,,98.35616438356165
2020-05-01,0.64,7.9999999999999964,4.0000000000000036,2.0000000000000018,7.398668331252598,1.6348408710217792,-5.418654173764905,96.0,63.059294288832305,89.26027397260275,12.54794520547945,37.205479452054796,,12.767123287671234,2.849315068493155,0.9315068493150704,,98.9041095890411
2020-05-02,0.64,-1.0000000000000009,2.0000000000000018,4.999999999999993,-1.6013316687474,-0.36515912897822256,-2.4186541737649137,95.89041095890411,63.059294288832305,60.76712328767123,13.643835616438366,37.26027397260274,,64.71232876712328,2.9589041095890423,0.9315068493150704,,98.79452054794521
2020-05-03,0.64,4.999999999999993,2.0000000000000018,4.0000000000000036,4.398668331252594,-0.36515912897822256,-3.418654173764903,95.72602739726027,63.059294288832305,78.52054794520548,14.794520547945197,37.31506849315068,,77.6986301369863,3.013698630136986,0.9315068493150704,,98.68493150684931
2020-05-04,0.64,4.999999999999993,2.0000000000000018,4.0000000000000036,4.398668331252594,-0.36515912897822256,-3.418654173764903,95.3972602739726,65.87850127319025,77.04109589041096,15.945205479452056,38.082191780821915,,53.42465753424658,2.9041095890410986,0.9315068493150704,,98.57534246575342
2020-05-05,0.66,2.9999999999999916,0.0,2.0000000000000018,2.3986683312525923,-2.3651591289782243,-5.418654173764905,95.06849315068493,70.56202255365588,67.5068493150685,16.54794520547945,39.34246575342466,,73.97260273972603,3.0684931506849296,1.3698630136986338,,98.46575342465754
2020-05-06,0.72,1.0000000000000009,-3.0000000000000027,-3.9999999999999925,0.3986683312526018,-5.365159128978227,-11.4186541737649,94.24657534246575,71.5714805383776,16.821917808219176,17.20547945205479,43.83561643835616,,77.58904109589041,2.849315068493155,1.6438356164383663,,98.35616438356165
2020-05-07,0.63,5.999999999999995,5.000000000000004,5.999999999999995,5.398668331252596,2.63484087102178,-1.4186541737649119,95.12328767123287,77.2371771553292,31.068493150684933,17.643835616438352,41.205479452054796,,72.82191780821918,2.794520547945197,0.657534246575338,,98.24657534246575
2020-05-08,0.69,-4.999999999999993,1.0000000000000009,-3.9999999999999925,-5.601331668747392,-1.3651591289782234,-11.4186541737649,94.35616438356165,81.25682066205893,18.575342465753426,17.972602739726028,42.68493150684932,,82.30136986301369,2.684931506849324,1.5890410958904084,,98.13698630136986
2020-05-09,0.69,-5.999999999999995,-3.9999999999999925,-1.9999999999999907,-6.6013316687473935,-6.365159128978217,-9.418654173764898,94.1917808219178,81.25682066205893,25.917808219178085,18.13698630136986,42.73972602739726,,89.04109589041096,2.7397260273972535,1.5890410958904084,,97.97260273972603
2020-05-10,0.69,-4.999999999999993,-3.9999999999999925,-6.999999999999995,-5.601331668747392,-6.365159128978217,-14.418654173764901,93.91780821917808,81.25682066205893,35.28767123287671,18.41095890410959,42.794520547945204,,53.917808219178085,2.9589041095890423,1.5890410958904084,,97.86301369863014
2020-05-11,0.73,-8.999999999999996,-7.9999999999999964,-7.9999999999999964,-9.601331668747395,-10.36515912897822,-15.418654173764903,91.67123287671232,83.46671516915242,15.67123287671233,18.52054794520548,44.82191780821918,,64.71232876712328,2.630136986301366,2.0821917808219155,,97.75342465753425
2020-05-12,0.69,-4.999999999999993,-2.9999999999999916,-3.9999999999999925,-5.601331668747392,-5.365159128978216,-11.4186541737649,93.26027397260273,76.16405965805747,18.410958904109588,18.68493150684931,42.3013698630137,,62.90410958904109,2.849315068493155,1.5890410958904084,,97.6986301369863
2020-05-13,0.64,8.999999999999996,4.0000000000000036,1.0000000000000009,8.398668331252598,1.6348408710217792,-6.418654173764906,94.41095890410959,73.03564932702801,22.027397260273972,19.06849315068493,40.21917808219178,,65.86301369863014,2.684931506849324,0.9863013698630141,,97.64383561643835
2020-05-14,0.63,6.999999999999995,14.000000000000002,1.0000000000000009,6.398668331252596,11.634840871021778,-6.418654173764906,94.41095890410959,76.20953073845035,32.273972602739725,19.123287671232873,39.34246575342466,,56.93150684931507,3.178082191780817,0.657534246575338,,97.58904109589041
2020-05-15,0.64,4.0000000000000036,17.999999999999993,-1.0000000000000009,3.3986683312526047,15.634840871021769,-8.418654173764907,93.86301369863014,76.82793743179339,28.821917808219176,19.342465753424648,40.328767123287676,,45.97260273972603,3.287671232876704,1.0410958904109577,,97.53424657534246
2020-05-16,0.64,4.0000000000000036,27.0,0.0,3.3986683312526047,24.634840871021776,-7.4186541737649065,93.53424657534246,76.82793743179339,31.17808219178082,20.054794520547944,40.38356164383561,,56.27397260273973,3.506849315068493,1.0410958904109577,,97.47945205479452
2020-05-17,0.64,2.0000000000000018,27.0,-2.0000000000000018,1.3986683312526027,24.634840871021776,-9.418654173764908,93.15068493150685,76.82793743179339,44.657534246575345,20.109589041095887,40.43835616438356,,37.205479452054796,3.7260273972602818,1.0410958904109577,,97.42465753424658
2020-05-18,0.73,-6.999999999999995,18.000000000000004,-8.999999999999996,-7.6013316687473935,15.63484087102178,-16.418654173764903,88.6027397260274,85.15823935976718,27.178082191780824,20.164383561643845,44.76712328767123,,67.5068493150685,4.0,2.4109589041095774,,97.36986301369863
2020-05-19,0.7,-3.9999999999999925,18.000000000000004,-5.999999999999995,-4.601331668747392,15.63484087102178,-13.418654173764901,89.64383561643835,84.25791196798836,29.26027397260274,20.383561643835606,43.17808219178082,,88.87671232876713,5.095890410958901,2.0821917808219155,,97.31506849315069
2020-05-20,0.68,-2.0000000000000018,15.999999999999993,-4.0000000000000036,-2.6013316687474006,13.634840871021769,-11.41865417376491,90.08219178082192,90.97853765005456,32.54794520547945,20.493150684931507,42.84931506849315,,92.65753424657535,8.54794520547945,1.8630136986301409,,97.26027397260275
2020-05-21,0.68,0.9999999999999898,6.999999999999995,-6.000000000000005,0.3986683312525907,4.634840871021771,-13.418654173764912,89.6986301369863,86.25863950527464,36.10958904109589,20.602739726027394,42.08219178082192,,94.79452054794521,14.410958904109592,1.8630136986301409,,97.20547945205479
2020-05-22,0.66,2.0000000000000018,0.0,-5.000000000000004,1.3986683312526027,-2.3651591289782243,-12.41865417376491,90.08219178082192,88.09567115314661,44.32876712328767,20.821917808219183,40.6027397260274,,88.60273972602741,15.123287671232873,1.6986301369862957,,97.15068493150685
2020-05-23,0.66,3.9999999999999925,4.999999999999993,-6.000000000000005,3.398668331252593,2.6348408710217686,-13.418654173764912,89.75342465753425,88.09567115314661,58.41095890410959,21.0958904109589,40.657534246575345,,82.63013698630137,16.0,1.6986301369862957,,97.0958904109589
2020-05-24,0.66,-1.0000000000000009,4.999999999999993,-7.000000000000006,-1.6013316687474,2.6348408710217686,-14.418654173764914,89.15068493150685,88.09567115314661,58.57534246575342,20.712328767123296,40.71232876712329,,80.54794520547945,16.76712328767124,1.6986301369862957,,97.04109589041096
2020-05-25,0.66,-1.0000000000000009,4.999999999999993,-7.000000000000006,-1.6013316687474,2.6348408710217686,-14.418654173764914,88.4931506849315,88.09567115314661,23.89041095890411,19.945205479452056,40.76712328767123,,79.56164383561644,17.643835616438352,1.6986301369862957,,96.98630136986301
2020-05-26,0.69,-3.9999999999999925,2.0000000000000018,-9.999999999999998,-4.601331668747392,-0.36515912897822256,-17.418654173764907,86.1917808219178,88.10476536922516,8.273972602739727,18.849315068493155,42.35616438356165,,90.57534246575342,21.589041095890423,2.191780821917817,,96.93150684931507
2020-05-27,0.68,-2.0000000000000018,6.999999999999995,-9.000000000000007,-2.6013316687474006,4.634840871021771,-16.418654173764914,86.3013698630137,89.05056384139687,13.589041095890412,17.58904109589041,40.821917808219176,,62.73972602739726,26.082191780821915,2.0821917808219155,,96.87671232876713
2020-05-28,0.7,-1.9999999999999907,4.0000000000000036,-7.9999999999999964,-2.60133166874739,1.6348408710217792,-15.418654173764903,84.6027397260274,90.06002182611859,11.178082191780822,15.780821917808225,43.67123287671233,,64.32876712328766,28.93150684931507,2.520547945205479,,96.82191780821918
2020-05-29,0.65,12.0,5.999999999999995,-6.000000000000005,11.398668331252601,3.6348408710217703,-13.418654173764912,87.01369863013699,93.6977082575482,15.780821917808218,13.75342465753424,40.821917808219176,89.42465753424658,59.397260273972606,33.917808219178085,1.5342465753424648,,96.76712328767124
2020-05-30,0.65,16.999999999999993,4.999999999999993,-7.000000000000006,16.398668331252594,2.6348408710217686,-14.418654173764914,86.57534246575342,93.6977082575482,10.904109589041095,12.054794520547944,40.87671232876712,89.42465753424658,69.0958904109589,35.56164383561644,1.5342465753424648,,96.71232876712328
2020-05-31,0.65,26.0,4.999999999999993,-9.999999999999998,25.3986683312526,2.6348408710217686,-17.418654173764907,85.86301369863014,93.6977082575482,5.863013698630137,10.68493150684931,40.93150684931507,88.54794520547945,78.57534246575342,37.15068493150685,1.5342465753424648,,96.65753424657534
2020-06-01,0.66,25.0,3.9999999999999925,-10.999999999999998,24.3986683312526,1.6348408710217681,-18.418654173764907,85.04109589041096,94.96180429246999,6.958904109589041,9.205479452054803,43.45205479452055,78.41095890410959,89.42465753424658,35.06849315068493,1.8630136986301409,,62.63013698630137
2020-06-02,0.68,23.0,2.9999999999999916,-13.0,22.3986683312526,0.6348408710217672,-20.418654173764907,82.52054794520548,96.88068388504911,4.547945205479452,8.602739726027394,42.63013698630137,78.41095890410959,93.26027397260273,41.04109589041096,2.3013698630137043,,61.31506849315069
2020-06-03,0.77,10.999999999999998,-5.000000000000004,-21.999999999999996,10.3986683312526,-7.365159128978229,-29.418654173764903,68.32876712328766,98.22662786467806,2.684931506849315,7.945205479452056,47.61643835616438,79.5068493150685,93.26027397260273,57.58904109589041,4.054794520547944,,59.06849315068493
2020-06-04,0.82,2.0000000000000018,-13.0,-25.99999999999999,1.3986683312526027,-15.365159128978224,-33.41865417376489,59.78082191780822,96.09858130229173,2.0273972602739727,6.904109589041099,49.589041095890416,80.10958904109589,89.86301369863014,65.58904109589041,4.164383561643831,,56.87671232876712
2020-06-05,0.91,-16.000000000000004,-23.0,-39.0,-16.601331668747402,-25.365159128978224,-46.41865417376491,43.78082191780822,100.0,1.6986301369863015,5.808219178082197,50.84931506849315,81.47945205479452,97.36986301369863,90.73972602739727,4.493150684931507,,54.90410958904109
2020-06-06,0.91,-25.0,-27.0,-36.0,-25.6013316687474,-29.365159128978224,-43.41865417376491,43.17808219178082,100.0,2.5753424657534247,4.876712328767113,50.90410958904109,81.47945205479452,96.16438356164385,90.95890410958904,4.493150684931507,,52.821917808219176
2020-06-07,0.91,-20.000000000000007,-27.0,-36.0,-20.601331668747406,-29.365159128978224,-43.41865417376491,42.465753424657535,100.0,2.191780821917808,4.876712328767113,50.95890410958904,81.47945205479452,96.16438356164385,91.72602739726027,4.493150684931507,,52.10958904109589
2020-06-08,0.88,-17.000000000000004,-24.0,-31.000000000000007,-17.601331668747402,-26.365159128978224,-38.418654173764914,45.369863013698634,100.0,2.4657534246575343,3.7260273972602818,50.02739726027398,82.35616438356165,94.52054794520548,96.27397260273973,4.38356164383562,,51.45205479452055
2020-06-09,0.84,-13.0,-19.999999999999996,-27.0,-13.601331668747399,-22.36515912897822,-34.41865417376491,50.19178082191781,100.0,5.47945205479452,2.356164383561648,49.86301369863014,81.20547945205479,95.06849315068493,96.6027397260274,4.328767123287662,,50.95890410958904
2020-06-10,0.75,-4.0000000000000036,-8.999999999999996,-18.000000000000004,-4.601331668747402,-11.36515912897822,-25.41865417376491,64.7123287671233,100.0,7.068493150684932,2.0821917808219155,47.23287671232877,81.53424657534246,97.75342465753425,92.87671232876713,3.7808219178082254,,50.082191780821915
2020-06-11,0.66,8.999999999999996,2.9999999999999916,-7.000000000000006,8.398668331252598,0.6348408710217672,-14.418654173764914,78.46575342465754,84.8360325517686,17.205479452054796,1.7534246575342394,39.45205479452055,79.5068493150685,95.8904109589041,89.75342465753425,1.8630136986301409,,48.05479452054795
2020-06-12,0.71,3.0000000000000027,-2.9999999999999916,-6.999999999999995,2.398668331252604,-5.365159128978216,-14.418654173764901,68.87671232876713,85.74651518813955,10.794520547945204,1.4794520547945211,43.61643835616438,79.5068493150685,96.76712328767123,90.24657534246575,3.0684931506849296,,46.57534246575342
2020-06-13,0.71,0.0,-2.9999999999999916,-2.0000000000000018,-0.6013316687473991,-5.365159128978216,-9.418654173764908,68.05479452054794,85.74651518813955,13.095890410958905,1.150684931506845,43.67123287671233,79.5068493150685,96.76712328767123,90.46575342465754,3.0684931506849296,,44.93150684931507
2020-06-14,0.71,-1.0000000000000009,-2.9999999999999916,0.0,-1.6013316687474,-5.365159128978216,-7.4186541737649065,66.68493150684932,85.74651518813955,17.643835616438356,0.7123287671232816,43.726027397260275,79.5068493150685,96.27397260273972,90.84931506849315,3.0684931506849296,,43.232876712328775
2020-06-15,0.71,-1.0000000000000009,-2.9999999999999916,0.0,-1.6013316687474,-5.365159128978216,-7.4186541737649065,65.31506849315068,90.75819837241157,35.94520547945205,0.49315068493150704,43.78082191780822,80.76712328767124,90.7945205479452,90.13698630136986,3.0684931506849296,,41.58904109589041
2020-06-16,0.75,-5.000000000000004,-6.000000000000005,-4.0000000000000036,-5.601331668747403,-8.36515912897823,-11.41865417376491,57.58904109589041,96.30166787527193,9.863013698630137,0.27397260273971824,45.42465753424658,81.8082191780822,90.84931506849315,94.02739726027397,4.054794520547944,,40.219178082191775
2020-06-17,0.74,-3.0000000000000027,-8.999999999999996,-3.0000000000000027,-3.6013316687474015,-11.36515912897822,-10.41865417376491,58.3013698630137,97.0107163000564,19.89041095890411,0.2191780821917888,45.97260273972603,81.47945205479452,89.36986301369862,96.16438356164383,3.8904109589041127,,39.726027397260275
2020-06-18,0.71,1.0000000000000009,-3.9999999999999925,-2.0000000000000018,0.3986683312526018,-6.365159128978217,-9.418654173764908,62.24657534246575,97.0510031423737,31.068493150684933,0.16438356164383094,43.83561643835616,82.84931506849315,89.75342465753424,96.6027397260274,3.0684931506849296,,39.12328767123287
2020-06-19,0.7,-1.0000000000000009,-7.9999999999999964,-2.9999999999999916,-1.6013316687474,-10.36515912897822,-10.418654173764898,62.52054794520548,100.0,31.726027397260275,0.16438356164383094,42.73972602739726,83.17808219178082,89.26027397260275,96.38356164383562,2.849315068493155,,37.42465753424658
2020-06-20,0.7,-1.9999999999999907,-4.999999999999993,-1.9999999999999907,-2.60133166874739,-7.365159128978217,-9.418654173764898,61.64383561643836,100.0,41.47945205479452,0.5479452054794507,42.794520547945204,83.17808219178082,90.19178082191782,96.71232876712328,2.849315068493155,,36.21917808219178
2020-06-21,0.7,-5.999999999999995,-4.999999999999993,-4.999999999999993,-6.6013316687473935,-7.365159128978217,-12.4186541737649,60.054794520547944,100.0,28.712328767123285,6.630136986301366,42.84931506849315,83.17808219178082,93.86301369863014,96.98630136986301,2.849315068493155,,35.28767123287672
2020-06-22,0.71,-6.999999999999995,-5.999999999999995,-6.999999999999995,-7.6013316687473935,-8.365159128978219,-14.418654173764901,57.04109589041096,100.0,21.698630136986303,17.15068493150686,44.054794520547944,84.4931506849315,96.7123287671233,97.91780821917808,3.2328767123287747,,32.712328767123296
2020-06-23,0.72,-7.9999999999999964,-7.9999999999999964,-7.9999999999999964,-8.601331668747395,-10.36515912897822,-15.418654173764903,53.97260273972603,100.0,10.356164383561643,15.287671232876704,45.75342465753425,85.36986301369863,97.2054794520548,97.75342465753425,3.5616438356164366,,31.780821917808225
2020-06-24,0.69,-4.999999999999993,-5.999999999999995,-4.999999999999993,-5.601331668747392,-8.365159128978219,-12.4186541737649,58.57534246575343,94.2316674451191,18.63013698630137,14.739726027397253,41.205479452054796,83.78082191780823,97.6986301369863,96.82191780821918,2.5753424657534225,,31.232876712328775
2020-06-25,0.68,-2.0000000000000018,-4.0000000000000036,-3.0000000000000027,-2.6013316687474006,-6.365159128978227,-10.41865417376491,59.45205479452055,96.6448699984431,21.15068493150685,15.013698630136986,42.95890410958904,83.78082191780823,97.75342465753425,95.94520547945206,2.356164383561648,,30.575342465753437
2020-06-26,0.64,4.999999999999993,-2.0000000000000018,4.999999999999993,4.398668331252594,-4.365159128978226,-2.4186541737649137,64.38356164383562,89.70885878872801,32.38356164383562,16.16438356164383,39.3972602739726,83.72602739726028,97.64383561643835,96.0,1.0410958904109577,,29.69863013698631
2020-06-27,0.64,4.0000000000000036,0.0,4.999999999999993,3.3986683312526047,-2.3651591289782243,-2.4186541737649137,63.45205479452055,89.70885878872801,63.23287671232877,19.123287671232873,39.45205479452055,83.72602739726028,94.68493150684931,96.27397260273973,1.0410958904109577,,28.821917808219183
2020-06-28,0.64,4.0000000000000036,0.0,9.999999999999998,3.3986683312526047,-2.3651591289782243,2.5813458262350917,62.465753424657535,89.70885878872801,58.57534246575342,29.534246575342465,39.50684931506849,83.72602739726028,94.41095890410959,96.65753424657534,1.0410958904109577,,27.945205479452056
2020-06-29,0.64,4.0000000000000036,0.0,9.999999999999998,3.3986683312526047,-2.3651591289782243,2.5813458262350917,61.64383561643836,93.07955783901603,49.80821917808219,32.602739726027394,40.71232876712329,84.76712328767124,90.68493150684932,95.83561643835617,1.0410958904109577,,26.575342465753423
2020-06-30,0.66,2.0000000000000018,-4.0000000000000036,7.9999999999999964,1.3986683312526027,-6.365159128978227,0.5813458262350899,56.87671232876712,98.48201774871555,38.19178082191781,37.58904109589041,42.3013698630137,88.32876712328768,88.4931506849315,96.76712328767124,2.0821917808219155,,24.986301369863014
2020-07-01,0.69,0.0,-7.9999999999999964,5.000000000000004,-0.6013316687473991,-10.36515912897822,-2.418654173764902,49.917808219178085,100.0,27.89041095890411,34.35616438356165,43.83561643835616,73.91780821917808,96.4931506849315,98.79452054794521,2.9041095890410986,,0.0
2020-07-02,0.68,-3.0000000000000027,-8.000000000000007,3.9999999999999925,-3.6013316687474015,-10.365159128978231,-3.418654173764914,51.28767123287671,100.0,28.657534246575345,32.82191780821918,44.54794520547945,76.27397260273972,96.4931506849315,98.95890410958904,2.630136986301366,,0.0
2020-07-03,0.68,-1.0000000000000009,-9.000000000000007,0.0,-1.6013316687474,-11.365159128978231,-7.4186541737649065,50.301369863013704,100.0,28.657534246575345,31.28767123287672,44.602739726027394,76.27397260273972,96.4931506849315,99.01369863013699,2.630136986301366,,0.0
2020-07-04,0.68,-6.000000000000005,-9.000000000000007,-2.0000000000000018,-6.601331668747404,-11.365159128978231,-9.418654173764908,49.534246575342465,100.0,28.657534246575345,29.47945205479452,44.657534246575345,76.27397260273972,96.4931506849315,99.12328767123287,2.630136986301366,,0.16438356164383094
2020-07-05,0.68,-3.0000000000000027,-9.000000000000007,-5.000000000000004,-3.6013316687474015,-11.365159128978231,-12.41865417376491,48.76712328767123,100.0,47.178082191780824,27.287671232876704,44.71232876712329,76.27397260273972,91.17808219178082,99.17808219178082,2.630136986301366,,0.2191780821917888
2020-07-06,0.69,-3.9999999999999925,-9.999999999999998,3.0000000000000027,-4.601331668747392,-12.365159128978222,-4.418654173764904,46.73972602739725,100.0,43.12328767123288,24.876712328767127,45.20547945205479,78.35616438356165,96.27397260273972,99.89041095890411,3.123287671232873,,0.27397260273971824
2020-07-07,0.65,0.0,-3.0000000000000027,6.999999999999995,-0.6013316687473991,-5.365159128978227,-0.4186541737649119,53.917808219178085,98.16685113447703,68.10958904109589,23.506849315068493,41.26027397260274,77.53424657534246,96.16438356164385,99.94520547945206,1.7534246575342394,,0.3287671232876761
2020-07-08,0.67,-3.0000000000000027,-8.000000000000007,4.999999999999993,-3.6013316687474015,-10.365159128978231,-2.4186541737649137,49.26027397260274,100.0,53.6986301369863,22.027397260273972,43.342465753424655,77.0958904109589,97.0958904109589,99.94520547945206,2.5753424657534225,,0.38356164383561975
2020-07-09,0.62,1.0000000000000009,-4.0000000000000036,9.999999999999998,0.3986683312526018,-6.365159128978227,2.5813458262350917,59.3972602739726,100.0,73.15068493150685,20.109589041095887,38.794520547945204,75.06849315068493,97.58904109589042,99.94520547945206,0.38356164383561975,,0.4383561643835634
2020-07-10,0.65,-1.0000000000000009,-9.999999999999998,3.9999999999999925,-1.6013316687474,-12.365159128978222,-3.418654173764914,53.26027397260274,100.0,67.83561643835615,19.506849315068493,41.369863013698634,76.32876712328768,97.86301369863014,99.89041095890411,1.8082191780821972,,0.49315068493150704
2020-07-11,0.65,-3.0000000000000027,-9.999999999999998,5.999999999999995,-3.6013316687474015,-12.365159128978222,-1.4186541737649119,52.93150684931507,100.0,74.73972602739725,19.45205479452055,41.42465753424657,76.32876712328768,97.53424657534246,99.89041095890411,1.8082191780821972,,0.5479452054794507
2020-07-12,0.65,-1.0000000000000009,-9.999999999999998,3.0000000000000027,-1.6013316687474,-12.365159128978222,-4.418654173764904,53.26027397260274,100.0,78.19178082191782,22.958904109589042,41.47945205479452,76.32876712328768,96.93150684931507,99.83561643835617,1.8082191780821972,,0.6027397260274086
2020-07-13,0.64,0.0,-8.999999999999996,3.0000000000000027,-0.6013316687473991,-11.36515912897822,-4.418654173764904,54.84931506849315,93.84206086561548,86.57534246575342,19.890410958904113,40.821917808219176,77.31506849315068,96.7123287671233,99.72602739726027,1.0958904109589014,,0.657534246575338
2020-07-14,0.63,1.0000000000000009,-6.999999999999995,4.0000000000000036,0.3986683312526018,-9.365159128978219,-3.418654173764903,56.54794520547945,95.04250210888327,93.47945205479452,17.972602739726028,41.58904109589041,76.32876712328768,96.93150684931507,99.94520547945206,0.7123287671232816,,0.7123287671232816
2020-07-15,0.64,-2.0000000000000018,-12.0,3.0000000000000027,-2.6013316687474006,-14.365159128978224,-4.418654173764904,53.97260273972603,96.0028551034975,93.86301369863014,17.534246575342465,40.87671232876712,76.32876712328768,79.3972602739726,99.89041095890411,1.150684931506845,,0.7671232876712395
2020-07-16,0.62,-1.0000000000000009,-6.999999999999995,6.000000000000005,-1.6013316687474,-9.365159128978219,-1.4186541737649012,57.80821917808219,91.55148919602881,94.52054794520548,17.69863013698631,38.84931506849315,76.32876712328768,84.87671232876713,99.94520547945206,0.38356164383561975,,0.8219178082191689
2020-07-17,0.64,-4.0000000000000036,-8.999999999999996,4.0000000000000036,-4.601331668747402,-11.36515912897822,-3.418654173764903,53.205479452054796,94.4260593082863,94.1917808219178,18.52054794520548,42.84931506849315,79.28767123287672,83.01369863013699,99.94520547945206,1.2054794520547887,,0.8767123287671268
2020-07-18,0.64,-5.000000000000004,-7.000000000000006,4.999999999999993,-5.601331668747403,-9.365159128978231,-2.4186541737649137,52.438356164383556,94.4260593082863,93.31506849315069,20.219178082191775,42.9041095890411,79.28767123287672,86.1917808219178,99.89041095890411,1.2054794520547887,,0.9315068493150704
2020-07-19,0.64,-5.000000000000004,-7.000000000000006,4.999999999999993,-5.601331668747403,-9.365159128978231,-2.4186541737649137,52.21917808219178,94.4260593082863,88.76712328767124,24.054794520547944,42.95890410958904,79.28767123287672,84.98630136986301,99.78082191780823,1.2054794520547887,,0.9863013698630141
2020-07-20,0.62,-3.0000000000000027,-5.000000000000004,7.9999999999999964,-3.6013316687474015,-7.365159128978229,0.5813458262350899,55.945205479452056,100.0,83.01369863013699,33.753424657534254,38.9041095890411,79.28767123287672,73.75342465753425,99.94520547945206,0.38356164383561975,,1.0410958904109577
2020-07-21,0.61,-2.0000000000000018,-2.0000000000000018,8.999999999999996,-2.6013316687474006,-4.365159128978226,1.58134582623509,56.87671232876712,97.47888566746502,69.26027397260273,50.082191780821915,39.726027397260275,80.54794520547945,90.3013698630137,99.94520547945206,0.27397260273971824,,1.0958904109589014
2020-07-22,0.6,2.0000000000000018,4.0000000000000036,9.999999999999998,1.3986683312526027,1.6348408710217792,2.5813458262350917,58.630136986301366,96.30026471700491,80.4931506849315,55.945205479452056,38.95890410958904,80.54794520547945,78.08219178082192,99.94520547945206,0.1095890410958873,,1.150684931506845
2020-07-23,0.59,0.0,9.999999999999998,9.000000000000007,-0.6013316687473991,7.634840871021774,1.5813458262351006,59.726027397260275,89.84621202571536,86.24657534246576,60.93150684931507,36.32876712328767,80.7123287671233,73.6986301369863,99.94520547945206,0.1095890410958873,,1.2054794520547887
2020-07-24,0.59,-1.0000000000000009,12.0,9.000000000000007,-1.6013316687474,9.634840871021776,1.5813458262351006,59.28767123287671,87.5961174839279,86.13698630136987,70.52054794520548,37.97260273972603,82.02739726027397,61.369863013698634,99.89041095890411,0.1095890410958873,,1.2602739726027465
2020-07-25,0.59,-3.9999999999999925,12.0,9.000000000000007,-4.601331668747392,9.634840871021776,1.5813458262351006,58.95890410958904,87.5961174839279,85.6986301369863,77.53424657534246,38.02739726027397,82.02739726027397,66.41095890410959,99.72602739726027,0.1095890410958873,,1.3150684931506902
2020-07-26,0.59,-3.9999999999999925,12.0,8.000000000000007,-4.601331668747392,9.634840871021776,0.5813458262351006,58.68493150684932,87.5961174839279,92.82191780821918,80.05479452054794,38.082191780821915,82.02739726027397,70.95890410958904,99.67123287671232,0.1095890410958873,,1.3698630136986338
2020-07-27,0.62,-6.999999999999995,8.999999999999996,4.0000000000000036,-7.6013316687473935,6.634840871021773,-3.418654173764903,51.28767123287671,93.0480272280348,89.75342465753424,80.7123287671233,40.054794520547944,82.35616438356165,52.76712328767124,99.67123287671232,0.7123287671232816,,1.4246575342465775
2020-07-28,0.59,-3.9999999999999925,9.999999999999998,7.000000000000006,-4.601331668747392,7.634840871021774,-0.41865417376490033,57.26027397260274,89.63822009328123,87.3972602739726,82.30136986301369,38.136986301369866,82.02739726027397,50.301369863013704,99.34246575342466,0.1095890410958873,,1.4794520547945211
2020-07-29,0.58,-1.9999999999999907,9.000000000000007,8.000000000000007,-2.60133166874739,6.634840871021783,0.5813458262351006,59.23287671232877,93.02281608470943,86.41095890410959,83.2876712328767,39.28767123287671,82.84931506849315,49.42465753424658,98.84931506849315,0.05479452054794365,,1.5342465753424648
2020-07-30,0.55,-3.0000000000000027,13.0,12.0,-3.6013316687474015,10.634840871021776,4.5813458262350935,64.05479452054794,96.04185049792008,89.58904109589041,86.63013698630137,37.42465753424658,82.41095890410959,53.31506849315068,98.79452054794521,0.05479452054794365,,1.5890410958904084
2020-07-31,0.55,0.0,9.999999999999998,10.999999999999998,-0.6013316687473991,7.634840871021774,3.5813458262350917,63.67123287671233,98.47472582881633,88.93150684931507,87.45205479452055,37.47945205479452,87.01369863013699,36.49315068493151,98.73972602739725,0.05479452054794365,,1.6438356164383663
2020-08-01,0.55,0.0,8.999999999999996,13.99999999999999,-0.6013316687473991,6.634840871021773,6.581345826235083,63.50684931506849,98.47472582881633,88.71232876712328,88.43835616438356,37.534246575342465,70.08219178082192,31.34246575342466,98.63013698630137,0.05479452054794365,,0.49315068493150704
2020-08-02,0.55,1.9999999999999907,8.999999999999996,13.0,1.3986683312525916,6.634840871021773,5.5813458262350935,63.23287671232877,98.47472582881633,92.32876712328768,88.93150684931507,37.589041095890416,70.08219178082192,35.397260273972606,98.57534246575342,0.05479452054794365,,0.6027397260274086
2020-08-03,0.56,0.9999999999999898,7.9999999999999964,13.99999999999999,0.3986683312525907,5.634840871021773,6.581345826235083,61.47945205479452,100.0,84.38356164383562,88.87671232876713,38.63013698630137,70.68493150684931,44.0,98.46575342465754,0.27397260273971824,,0.7671232876712395
2020-08-04,0.52,4.999999999999993,13.0,17.999999999999993,4.398668331252594,10.634840871021776,10.581345826235086,68.32876712328766,100.0,87.5068493150685,88.32876712328768,35.89041095890411,70.41095890410959,25.36986301369863,98.41095890410959,0.0,,0.9863013698630141
2020-08-05,0.55,3.9999999999999925,13.99999999999999,14.999999999999991,3.398668331252593,11.634840871021765,7.581345826235085,62.73972602739726,100.0,77.8082191780822,87.3972602739726,37.6986301369863,71.94520547945206,23.397260273972602,98.52054794520548,0.1095890410958873,,1.2054794520547887
2020-08-06,0.55,8.999999999999996,13.99999999999999,23.0,8.398668331252598,11.634840871021765,15.581345826235093,62.52054794520548,100.0,80.76712328767123,86.1917808219178,37.75342465753425,73.36986301369862,17.041095890410958,98.52054794520548,0.1095890410958873,,1.4246575342465775
2020-08-07,0.57,12.0,17.000000000000004,19.000000000000007,11.398668331252601,14.63484087102178,11.5813458262351,59.06849315068493,96.76155959548723,76.76712328767124,84.71232876712328,37.26027397260274,71.94520547945206,11.013698630136986,98.41095890410959,0.49315068493150704,,1.5890410958904084
2020-08-08,0.57,14.000000000000002,17.000000000000004,24.00000000000001,13.398668331252603,14.63484087102178,16.581345826235104,59.013698630136986,96.76155959548723,79.56164383561644,83.17808219178082,37.31506849315068,71.94520547945206,10.575342465753424,98.3013698630137,0.49315068493150704,,1.8082191780821972
2020-08-09,0.57,14.000000000000002,17.000000000000004,21.000000000000007,13.398668331252603,14.63484087102178,13.5813458262351,58.630136986301366,96.76155959548723,81.75342465753424,82.68493150684932,37.36986301369863,71.94520547945206,10.301369863013699,98.13698630136986,0.49315068493150704,,2.027397260273972
2020-08-10,0.59,12.0,15.000000000000002,20.000000000000007,11.398668331252601,12.634840871021778,12.5813458262351,53.64383561643836,95.57491085520547,80.6027397260274,81.64383561643835,38.73972602739726,71.94520547945206,11.232876712328768,98.13698630136986,0.7671232876712395,,2.191780821917817
2020-08-11,0.64,6.999999999999995,7.9999999999999964,15.000000000000002,6.398668331252596,5.634840871021773,7.581345826235095,43.61643835616439,91.05044718536271,71.3972602739726,79.12328767123287,42.19178082191781,73.58904109589041,35.397260273972606,97.26027397260275,2.4109589041095774,,2.2465753424657464
2020-08-12,0.69,0.0,-0.9999999999999898,10.000000000000009,-0.6013316687473991,-3.365159128978214,2.5813458262351023,37.04109589041096,96.83755187934764,61.753424657534254,77.04109589041096,47.23287671232877,75.2876712328767,37.75342465753425,97.91780821917808,5.095890410958901,,2.3013698630137043
2020-08-13,0.71,-3.9999999999999925,-4.999999999999993,8.000000000000007,-4.601331668747392,-7.365159128978217,0.5813458262351006,33.150684931506845,97.98912725784767,46.465753424657535,74.84931506849315,48.65753424657534,75.2876712328767,16.876712328767123,96.76712328767124,5.972602739726028,,2.356164383561648
2020-08-14,0.71,-2.9999999999999916,-7.9999999999999964,3.0000000000000027,-3.601331668747391,-10.36515912897822,-4.418654173764904,33.150684931506845,97.01876424855323,40.0,72.6027397260274,49.97260273972603,74.41095890410959,31.123287671232873,96.27397260273973,5.972602739726028,,2.4109589041095774
2020-08-15,0.71,-5.999999999999995,1.0000000000000009,2.0000000000000018,-6.6013316687473935,-1.3651591289782234,-5.418654173764905,33.150684931506845,97.01876424855323,45.91780821917808,70.30136986301369,50.02739726027398,74.41095890410959,25.53424657534247,96.0,5.972602739726028,,2.465753424657535
2020-08-16,0.71,-6.999999999999995,1.0000000000000009,3.0000000000000027,-7.6013316687473935,-1.3651591289782234,-4.418654173764904,33.150684931506845,97.01876424855323,27.123287671232877,67.45205479452055,50.082191780821915,74.41095890410959,26.301369863013697,95.78082191780823,5.972602739726028,,2.520547945205479
2020-08-17,0.69,-4.999999999999993,3.0000000000000027,7.000000000000006,-5.601331668747392,0.6348408710217783,-0.41865417376490033,36.986301369863014,100.0,35.28767123287671,65.04109589041096,48.71232876712329,74.73972602739727,20.10958904109589,93.64383561643835,5.095890410958901,,2.5753424657534225
2020-08-18,0.67,-3.0000000000000027,4.999999999999993,8.999999999999996,-3.6013316687474015,2.6348408710217686,1.58134582623509,40.493150684931514,100.0,24.164383561643834,61.31506849315069,47.50684931506849,76.21917808219177,21.26027397260274,93.26027397260273,4.438356164383563,,2.630136986301366
2020-08-19,0.68,-3.0000000000000027,0.9999999999999898,7.9999999999999964,-3.6013316687474015,-1.3651591289782345,0.5813458262350899,38.95890410958904,98.25413865190123,23.013698630136986,58.136986301369866,48.6027397260274,75.5068493150685,29.315068493150687,92.6027397260274,4.657534246575352,,2.684931506849324
2020-08-20,0.65,3.9999999999999925,5.999999999999995,13.0,3.398668331252593,3.6348408710217703,5.5813458262350935,42.9041095890411,100.0,33.369863013698634,56.657534246575345,46.73972602739726,72.43835616438356,27.397260273972602,92.10958904109589,3.4520547945205493,,2.7397260273972535
2020-08-21,0.64,4.999999999999993,4.0000000000000036,17.000000000000004,4.398668331252594,1.6348408710217792,9.581345826235097,43.99999999999999,100.0,42.52054794520548,55.013698630136986,42.24657534246575,74.08219178082192,18.301369863013697,92.54794520547945,2.4109589041095774,,2.794520547945197
2020-08-22,0.64,9.999999999999998,3.0000000000000027,18.999999999999993,9.3986683312526,0.6348408710217783,11.581345826235086,43.99999999999999,100.0,37.75342465753425,53.150684931506845,42.3013698630137,74.08219178082192,13.917808219178083,92.0,2.4109589041095774,,2.849315068493155
2020-08-23,0.64,9.999999999999998,3.0000000000000027,23.0,9.3986683312526,0.6348408710217783,15.581345826235093,44.054794520547944,100.0,35.89041095890411,50.52054794520548,42.35616438356165,74.08219178082192,17.26027397260274,91.45205479452055,2.4109589041095774,,2.9041095890410986
2020-08-24,0.65,8.999999999999996,2.0000000000000018,19.999999999999996,8.398668331252598,-0.36515912897822256,12.58134582623509,42.958904109589035,100.0,40.49315068493151,47.23287671232876,45.42465753424658,75.72602739726028,27.72602739726027,91.89041095890411,3.6164383561643803,,2.9589041095890423
2020-08-25,0.69,5.000000000000004,-0.9999999999999898,16.000000000000004,4.398668331252606,-3.365159128978214,8.581345826235097,37.369863013698634,100.0,23.89041095890411,44.16438356164384,48.16438356164384,78.73972602739727,27.123287671232877,91.2876712328767,5.479452054794521,,3.0684931506849296
2020-08-26,0.69,3.0000000000000027,-0.9999999999999898,16.000000000000004,2.398668331252604,-3.365159128978214,8.581345826235097,37.479452054794514,100.0,22.575342465753426,43.12328767123288,47.561643835616444,79.56164383561644,26.52054794520548,88.0,5.479452054794521,,3.178082191780817
2020-08-27,0.74,-5.999999999999995,-5.000000000000004,7.000000000000006,-6.6013316687473935,-7.365159128978229,-0.41865417376490033,28.438356164383563,99.23103809856694,10.246575342465754,42.24657534246575,51.50684931506849,80.32876712328766,33.47945205479452,83.67123287671232,7.7260273972602675,,3.342465753424662
2020-08-28,0.74,-7.9999999999999964,-5.000000000000004,5.000000000000004,-8.601331668747395,-7.365159128978229,-2.418654173764902,28.602739726027394,100.0,9.972602739726028,41.26027397260273,52.71232876712328,82.13698630136986,25.808219178082194,82.57534246575342,7.7260273972602675,,3.4520547945205493
2020-08-29,0.74,-10.999999999999998,-4.0000000000000036,5.000000000000004,-11.601331668747397,-6.365159128978227,-2.418654173764902,28.821917808219183,100.0,9.150684931506849,39.56164383561644,52.76712328767124,82.13698630136986,26.136986301369863,81.64383561643835,7.7260273972602675,,3.6164383561643803
2020-08-30,0.74,-2.0000000000000018,-4.0000000000000036,10.999999999999998,-2.6013316687474006,-6.365159128978227,3.5813458262350917,28.93150684931507,100.0,8.986301369863012,36.65753424657534,52.821917808219176,82.13698630136986,26.575342465753426,80.65753424657535,7.7260273972602675,,3.7260273972602818
2020-08-31,0.72,0.0,-2.0000000000000018,16.000000000000004,-0.6013316687473991,-4.365159128978226,8.581345826235097,33.150684931506845,100.0,10.191780821917808,34.465753424657535,51.56164383561644,89.15068493150685,48.0,85.53424657534246,7.06849315068493,,3.8904109589041127
2020-09-01,0.68,3.9999999999999925,0.0,19.999999999999996,3.398668331252593,-2.3651591289782243,12.58134582623509,40.493150684931514,100.0,9.972602739726028,32.82191780821918,49.698630136986296,74.79452054794521,46.136986301369866,85.20547945205479,4.93150684931507,,4.547945205479451
2020-09-02,0.66,5.999999999999995,2.0000000000000018,21.999999999999996,5.398668331252596,-0.36515912897822256,14.58134582623509,43.06849315068493,100.0,15.506849315068493,31.232876712328775,47.013698630136986,72.4931506849315,68.32876712328768,86.79452054794521,4.2739726027397325,,4.712328767123282
2020-09-03,0.63,5.999999999999995,5.000000000000004,24.0,5.398668331252596,2.63484087102178,16.581345826235093,47.342465753424655,88.74147779620417,17.589041095890412,30.30136986301369,44.43835616438356,69.97260273972603,61.26027397260274,86.52054794520548,1.9726027397260282,,4.821917808219183
2020-09-04,0.72,-1.0000000000000009,-4.999999999999993,18.000000000000004,-1.6013316687474,-7.365159128978217,10.581345826235097,33.31506849315069,84.10263497328174,7.561643835616438,30.30136986301369,51.78082191780822,71.5068493150685,79.5068493150685,82.02739726027397,7.2328767123287605,,4.986301369863014
2020-09-05,0.72,-3.9999999999999925,-5.999999999999995,6.000000000000005,-4.601331668747392,-8.365159128978219,-1.4186541737649012,33.47945205479452,84.10263497328174,8.986301369863012,30.575342465753437,51.83561643835617,71.5068493150685,85.91780821917808,80.82191780821918,7.2328767123287605,,5.095890410958901
2020-09-06,0.72,-4.999999999999993,-5.999999999999995,7.000000000000006,-5.601331668747392,-8.365159128978219,-0.41865417376490033,33.534246575342465,84.10263497328174,6.2465753424657535,33.2054794520548,51.89041095890411,71.5068493150685,86.24657534246576,79.67123287671232,7.2328767123287605,,5.260273972602732
2020-09-07,0.72,-4.999999999999993,-5.999999999999995,10.999999999999998,-5.601331668747392,-8.365159128978219,3.5813458262350917,33.58904109589041,84.10263497328174,7.287671232876712,39.28767123287671,51.94520547945205,71.5068493150685,87.3972602739726,78.57534246575342,7.2328767123287605,,5.369863013698634
2020-09-08,0.69,-1.9999999999999907,-1.9999999999999907,14.000000000000002,-2.60133166874739,-4.365159128978215,6.581345826235095,39.28767123287671,75.10595172286715,7.287671232876712,43.945205479452056,49.36986301369863,70.52054794520548,78.9041095890411,79.67123287671232,5.643835616438352,,5.479452054794521
2020-09-09,0.71,-2.9999999999999916,-4.999999999999993,12.0,-3.601331668747391,-7.365159128978217,4.5813458262350935,35.61643835616438,81.22811866592961,6.027397260273973,43.17808219178082,50.90410958904109,71.94520547945206,90.13698630136986,74.57534246575342,6.739726027397268,,5.534246575342465
2020-09-10,0.68,0.0,0.9999999999999898,27.999999999999993,-0.6013316687473991,-1.3651591289782345,20.581345826235086,41.36986301369863,77.27565874332043,8.32876712328767,40.16438356164384,49.15068493150685,70.9041095890411,82.02739726027397,73.26027397260273,5.041095890410958,,5.753424657534239
2020-09-11,0.67,1.9999999999999907,1.0000000000000009,30.999999999999993,1.3986683312525916,-1.3651591289782234,23.581345826235086,42.465753424657535,75.12437810945273,9.315068493150685,37.04109589041096,49.205479452054796,69.97260273972603,90.46575342465754,71.83561643835617,4.821917808219183,,5.972602739726028
2020-09-12,0.67,1.9999999999999907,2.9999999999999916,30.999999999999993,1.3986683312525916,0.6348408710217672,23.581345826235086,42.465753424657535,75.12437810945273,11.835616438356164,35.013698630136986,49.26027397260274,69.97260273972603,85.0958904109589,69.91780821917808,4.821917808219183,,6.246575342465761
2020-09-13,0.67,2.9999999999999916,2.9999999999999916,20.999999999999996,2.3986683312525923,0.6348408710217672,13.58134582623509,42.410958904109584,75.12437810945273,7.616438356164383,35.50684931506849,49.31506849315068,69.97260273972603,92.38356164383562,67.94520547945206,4.821917808219183,,6.520547945205479
2020-09-14,0.68,1.9999999999999907,1.9999999999999907,20.999999999999996,1.3986683312525916,-0.36515912897823366,13.58134582623509,41.0958904109589,79.15975677169706,11.287671232876713,48.273972602739725,49.36986301369863,69.97260273972603,94.57534246575342,74.84931506849315,5.205479452054789,,6.794520547945211
2020-09-15,0.68,1.9999999999999907,9.999999999999998,20.999999999999996,1.3986683312525916,7.634840871021774,13.58134582623509,41.15068493150685,82.54560530679935,7.835616438356165,56.273972602739725,49.42465753424658,70.63013698630137,95.56164383561644,66.95890410958904,5.205479452054789,,7.342465753424648
2020-09-16,0.69,-0.9999999999999898,7.000000000000006,20.000000000000007,-1.6013316687473889,4.634840871021781,12.5813458262351,39.3972602739726,78.94324672931639,9.424657534246576,56.16438356164384,49.75342465753425,70.79452054794521,97.15068493150685,68.87671232876713,5.972602739726028,,7.835616438356169
2020-09-17,0.69,-0.9999999999999898,12.00000000000001,22.000000000000007,-1.6013316687473889,9.634840871021787,14.5813458262351,39.61643835616439,75.64953012714207,10.794520547945204,59.178082191780824,50.73972602739726,70.46575342465754,97.53424657534246,73.04109589041096,5.972602739726028,,8.493150684931507
2020-09-18,0.7,-1.9999999999999907,8.000000000000007,17.000000000000004,-2.60133166874739,5.634840871021783,9.581345826235097,37.753424657534254,76.65947245831029,9.534246575342467,66.08219178082192,50.79452054794521,70.68493150684931,97.75342465753425,67.89041095890411,6.794520547945211,,9.424657534246577
2020-09-19,0.7,-2.9999999999999916,9.000000000000007,18.000000000000004,-3.601331668747391,6.634840871021783,10.581345826235097,37.917808219178085,76.65947245831029,11.232876712328768,71.01369863013699,50.84931506849315,70.68493150684931,97.2054794520548,65.53424657534246,6.794520547945211,,10.63013698630138
2020-09-20,0.7,-3.9999999999999925,9.000000000000007,16.000000000000004,-4.601331668747392,6.634840871021783,8.581345826235097,37.917808219178085,76.65947245831029,18.73972602739726,75.94520547945206,50.90410958904109,70.68493150684931,90.08219178082192,64.16438356164383,6.794520547945211,,11.835616438356169
2020-09-21,0.68,-2.0000000000000018,10.999999999999998,14.999999999999991,-2.6013316687474006,8.634840871021774,7.581345826235085,41.863013698630134,73.78846508199743,33.64383561643835,77.91780821917808,49.47945205479452,69.6986301369863,87.78082191780821,63.34246575342466,5.205479452054789,,12.821917808219169
2020-09-22,0.68,-2.0000000000000018,10.999999999999998,14.999999999999991,-2.6013316687474006,8.634840871021774,7.581345826235085,41.917808219178085,76.7459001289847,48.054794520547944,80.21917808219177,50.35616438356164,69.6986301369863,96.93150684931507,62.24657534246575,5.205479452054789,,13.534246575342465
2020-09-23,0.68,-1.0000000000000009,5.999999999999995,14.999999999999991,-1.6013316687474,3.6348408710217703,7.581345826235085,41.863013698630134,70.84024322830294,55.89041095890411,79.83561643835617,49.534246575342465,69.26027397260273,93.64383561643835,58.082191780821915,5.205479452054789,,14.410958904109592
2020-09-24,0.67,-1.0000000000000009,5.999999999999995,18.999999999999993,-1.6013316687474,3.6348408710217703,11.581345826235086,43.12328767123288,71.99649898654874,61.42465753424658,81.04109589041096,48.0,68.65753424657534,90.24657534246575,52.273972602739725,4.821917808219183,,15.671232876712324
2020-09-25,0.66,2.9999999999999916,7.9999999999999964,21.999999999999996,2.3986683312525923,5.634840871021773,14.58134582623509,44.49315068493151,76.50635710337203,61.26027397260274,82.02739726027397,49.64383561643836,68.65753424657534,91.94520547945206,42.68493150684931,4.328767123287662,,16.986301369863014
2020-09-26,0.66,2.0000000000000018,9.999999999999998,21.999999999999996,1.3986683312526027,7.634840871021774,14.58134582623509,44.49315068493151,76.50635710337203,58.082191780821915,82.46575342465754,49.698630136986296,68.65753424657534,94.08219178082192,41.205479452054796,4.328767123287662,,18.13698630136986
2020-09-27,0.66,3.9999999999999925,9.999999999999998,21.999999999999996,3.398668331252593,7.634840871021774,14.58134582623509,44.49315068493151,76.50635710337203,47.50684931506849,84.76712328767124,49.75342465753425,68.65753424657534,88.76712328767124,40.38356164383562,4.328767123287662,,18.739726027397268
2020-09-28,0.67,2.9999999999999916,8.999999999999996,16.999999999999993,2.3986683312525923,6.634840871021773,9.581345826235086,43.12328767123288,81.26497143910079,52.54794520547945,88.54794520547945,48.054794520547944,69.86301369863014,73.75342465753425,34.35616438356165,4.986301369863014,,19.178082191780817
2020-09-29,0.66,3.9999999999999925,12.0,17.999999999999993,3.398668331252593,9.634840871021776,10.581345826235086,44.54794520547946,80.21466740372213,40.21917808219178,90.9041095890411,50.73972602739726,70.41095890410959,69.15068493150685,38.35616438356164,4.328767123287662,,19.780821917808225
2020-09-30,0.69,9.000000000000007,12.00000000000001,15.000000000000002,8.398668331252608,9.634840871021787,7.581345826235095,39.94520547945205,81.49530127142067,21.47945205479452,89.86301369863014,51.45205479452055,85.75342465753425,86.46575342465754,35.12328767123287,6.465753424657535,,21.917808219178085
2020-10-01,0.68,7.9999999999999964,14.999999999999991,15.999999999999993,7.398668331252598,12.634840871021767,8.581345826235086,41.863013698630134,84.58172102450709,22.52054794520548,89.47945205479452,49.86301369863014,78.1917808219178,51.12328767123287,34.57534246575342,5.534246575342465,,38.136986301369866
2020-10-02,0.7,11.00000000000001,17.000000000000004,22.000000000000007,10.398668331252612,14.63484087102178,14.5813458262351,37.97260273972603,78.28911000552792,19.123287671232877,88.98630136986301,52.16438356164383,79.06849315068493,76.82191780821917,31.506849315068493,7.397260273972606,,40.219178082191775
2020-10-03,0.7,8.000000000000007,15.000000000000002,25.0,7.398668331252608,12.634840871021778,17.581345826235093,38.136986301369866,78.28911000552792,20.712328767123285,88.16438356164383,52.21917808219179,79.06849315068493,73.53424657534246,30.575342465753437,7.397260273972606,,41.64383561643835
2020-10-04,0.7,9.000000000000007,15.000000000000002,22.000000000000007,8.398668331252608,12.634840871021778,14.5813458262351,38.19178082191781,78.28911000552792,28.712328767123285,89.0958904109589,52.273972602739725,79.06849315068493,67.34246575342466,30.191780821917817,7.397260273972606,,42.08219178082192
2020-10-05,0.78,1.0000000000000009,6.999999999999995,18.999999999999993,0.3986683312526018,4.634840871021771,11.581345826235086,23.23287671232876,82.6377372397273,14.794520547945206,89.04109589041096,56.32876712328767,82.1917808219178,63.726027397260275,34.301369863013704,10.575342465753423,,42.68493150684931
2020-10-06,0.76,3.0000000000000027,5.000000000000004,20.999999999999996,2.398668331252604,2.63484087102178,13.58134582623509,26.575342465753423,79.03537866224434,37.64383561643835,65.42465753424658,55.232876712328775,81.0958904109589,60.38356164383561,44.986301369863014,10.24657534246576,,44.054794520547944
2020-10-07,0.81,-2.0000000000000018,-2.0000000000000018,15.999999999999993,-2.6013316687474006,-4.365159128978226,8.581345826235086,19.397260273972606,82.65155702966648,29.972602739726028,45.97260273972603,56.49315068493151,83.45205479452055,82.84931506849314,46.41095890410959,10.68493150684931,,45.42465753424657
2020-10-08,0.78,-4.0000000000000036,1.0000000000000009,15.999999999999993,-4.601331668747402,-1.3651591289782234,8.581345826235086,23.23287671232876,83.92297770407224,36.65753424657534,33.2054794520548,56.54794520547946,84.27397260273973,82.79452054794521,47.890410958904106,10.63013698630138,,46.794520547945204
2020-10-09,0.79,-6.000000000000005,5.999999999999995,13.0,-6.601331668747404,3.6348408710217703,5.5813458262350935,21.589041095890423,87.34567901234568,36.38356164383561,26.301369863013704,56.10958904109589,84.76712328767124,81.80821917808218,49.97260273972602,10.739726027397253,,47.397260273972606
2020-10-10,0.79,-5.000000000000004,8.999999999999996,15.999999999999993,-5.601331668747403,6.634840871021773,8.581345826235086,21.47945205479452,87.34567901234568,28.27397260273973,19.726027397260268,56.16438356164384,84.76712328767124,75.06849315068493,49.369863013698634,10.739726027397253,,49.47945205479453
2020-10-11,0.79,-3.0000000000000027,8.999999999999996,13.0,-3.6013316687474015,6.634840871021773,5.5813458262350935,21.424657534246577,87.34567901234568,17.753424657534246,16.16438356164383,56.21917808219178,84.76712328767124,80.54794520547945,49.15068493150685,10.739726027397253,,50.19178082191781
2020-10-12,0.79,-3.0000000000000027,8.999999999999996,10.999999999999998,-3.6013316687474015,6.634840871021773,3.5813458262350917,21.424657534246577,94.22793440206375,13.424657534246576,13.917808219178085,56.27397260273973,84.76712328767124,69.04109589041096,48.65753424657534,10.739726027397253,,51.3972602739726
2020-10-13,0.74,2.0000000000000018,13.0,16.000000000000004,1.3986683312526027,10.634840871021776,8.581345826235097,29.58904109589041,94.14962225907499,16.493150684931507,14.520547945205479,53.47945205479452,83.2876712328767,80.82191780821918,53.64383561643836,9.643835616438352,,52.0
2020-10-14,0.73,5.000000000000004,17.000000000000004,17.000000000000004,4.398668331252606,14.63484087102178,9.581345826235097,31.83561643835617,91.94306246545052,39.013698630136986,16.273972602739732,54.35616438356165,82.41095890410959,60.54794520547945,55.83561643835617,9.260273972602732,,52.21917808219178
2020-10-15,0.74,7.000000000000006,4.0000000000000036,16.000000000000004,6.398668331252607,1.6348408710217792,8.581345826235097,29.75342465753424,90.09581721024506,36.10958904109589,18.082191780821915,54.90410958904109,82.41095890410959,67.3972602739726,52.10958904109589,9.698630136986296,,52.49315068493151
2020-10-16,0.76,6.999999999999995,3.0000000000000027,16.000000000000004,6.398668331252596,0.6348408710217783,8.581345826235097,26.027397260273972,88.6954118297402,32.49315068493151,18.739726027397268,55.45205479452054,83.61643835616438,64.32876712328766,54.24657534246575,10.410958904109592,,53.0958904109589
2020-10-17,0.76,10.999999999999998,6.999999999999995,16.000000000000004,10.3986683312526,4.634840871021771,8.581345826235097,26.246575342465746,88.6954118297402,32.54794520547945,20.109589041095887,55.50684931506849,83.61643835616438,64.32876712328766,53.6986301369863,10.410958904109592,,53.58904109589041
2020-10-18,0.76,8.999999999999996,6.999999999999995,17.999999999999993,8.398668331252598,4.634840871021771,10.581345826235086,26.52054794520548,88.6954118297402,25.041095890410958,21.86301369863014,55.56164383561644,83.61643835616438,73.53424657534246,53.26027397260274,10.410958904109592,,54.79452054794521
2020-10-19,0.78,6.999999999999995,4.999999999999993,16.999999999999993,6.398668331252596,2.6348408710217686,9.581345826235086,23.23287671232876,85.97291321171919,24.164383561643834,19.342465753424648,55.61643835616439,83.61643835616438,73.0958904109589,59.342465753424655,10.958904109589042,,57.0958904109589
2020-10-20,0.81,3.9999999999999925,14.999999999999991,13.99999999999999,3.398668331252593,12.634840871021767,6.581345826235083,19.123287671232873,86.1663902708679,12.986301369863012,19.945205479452056,57.69863013698631,84.65753424657534,90.02739726027397,51.78082191780822,11.342465753424662,,58.3013698630137
2020-10-21,0.83,-1.9999999999999907,15.000000000000002,12.0,-2.60133166874739,12.634840871021778,4.5813458262350935,16.76712328767124,86.72839506172839,10.246575342465754,23.123287671232873,58.24657534246575,86.02739726027397,85.31506849315068,54.08219178082192,11.561643835616437,,59.83561643835616
2020-10-22,0.87,-7.9999999999999964,10.999999999999998,7.9999999999999964,-8.601331668747395,8.634840871021774,0.5813458262350899,12.054794520547944,85.96370001842638,5.7534246575342465,25.47945205479452,58.9041095890411,86.95890410958904,83.8904109589041,58.41095890410959,11.780821917808211,,61.47945205479452
2020-10-23,0.85,-5.999999999999995,3.0000000000000027,8.000000000000007,-6.6013316687473935,0.6348408710217783,0.5813458262351006,14.356164383561648,86.21706283397825,8.383561643835616,28.054794520547944,57.69863013698631,86.68493150684931,80.6027397260274,59.83561643835616,11.780821917808211,,63.013698630136986
2020-10-24,0.85,0.0,4.0000000000000036,10.999999999999998,-0.6013316687473991,1.6348408710217792,3.5813458262350917,14.520547945205479,86.21706283397825,8.383561643835616,30.849315068493155,57.75342465753425,86.68493150684931,79.06849315068493,59.23287671232877,11.780821917808211,,63.78082191780822
2020-10-25,0.85,3.0000000000000027,4.0000000000000036,8.999999999999996,2.398668331252604,1.6348408710217792,1.58134582623509,14.849315068493155,86.21706283397825,9.917808219178083,33.2054794520548,57.80821917808219,86.68493150684931,80.32876712328768,59.013698630136986,11.780821917808211,,64.65753424657535
2020-10-26,0.81,6.999999999999995,7.9999999999999964,12.99999999999999,6.398668331252596,5.634840871021773,5.581345826235083,20.383561643835606,83.06154413119587,16.931506849315067,35.67123287671234,57.205479452054796,84.65753424657534,75.89041095890411,58.465753424657535,11.342465753424662,,65.36986301369863
2020-10-27,0.79,8.999999999999996,12.0,14.999999999999991,8.398668331252598,9.634840871021776,7.581345826235085,23.06849315068493,84.82587064676616,19.17808219178082,38.57534246575342,56.71232876712329,83.61643835616438,67.45205479452055,57.97260273972603,11.123287671232873,,65.8082191780822
2020-10-28,0.79,7.9999999999999964,7.9999999999999964,14.999999999999991,7.398668331252598,5.634840871021773,7.581345826235085,23.342465753424662,76.43725815367607,22.95890410958904,42.57534246575343,56.767123287671225,83.3972602739726,65.53424657534246,52.602739726027394,11.123287671232873,,66.46575342465754
2020-10-29,0.85,5.000000000000004,3.0000000000000027,8.999999999999996,4.398668331252606,0.6348408710217783,1.58134582623509,15.342465753424662,80.30679933665009,15.013698630136988,44.16438356164384,58.63013698630137,83.67123287671232,68.05479452054794,54.24657534246575,11.945205479452056,,67.06849315068493
2020-10-30,0.88,-9.999999999999998,-2.0000000000000018,5.999999999999995,-10.601331668747397,-4.365159128978226,-1.4186541737649119,12.054794520547944,74.84337571402247,9.972602739726028,46.41095890410959,59.67123287671233,83.3972602739726,62.35616438356164,53.534246575342465,12.219178082191789,,67.72602739726028
2020-10-31,0.88,-8.999999999999996,-5.000000000000004,5.000000000000004,-9.601331668747395,-7.365159128978229,-2.418654173764902,12.328767123287676,74.84337571402247,7.506849315068494,50.13698630136986,59.726027397260275,93.64383561643835,63.013698630136986,52.986301369863014,12.219178082191789,,68.27397260273972
2020-11-01,0.88,-5.000000000000004,-5.000000000000004,5.000000000000004,-5.601331668747403,-7.365159128978229,-2.418654173764902,12.602739726027394,74.84337571402247,7.835616438356165,53.205479452054796,59.780821917808225,87.34246575342466,56.16438356164384,52.38356164383562,12.219178082191789,,66.9041095890411
2020-11-02,0.87,-4.0000000000000036,-4.0000000000000036,6.000000000000005,-4.601331668747402,-6.365159128978227,-1.4186541737649012,13.863013698630127,75.15662428597753,10.63013698630137,54.68493150684932,59.342465753424655,87.94520547945206,58.95890410958904,54.19178082191781,12.164383561643831,,67.67123287671234
2020-11-03,0.9,-7.000000000000006,-4.0000000000000036,3.0000000000000027,-7.601331668747405,-6.365159128978227,-4.418654173764904,10.958904109589042,78.88796756955962,5.863013698630137,55.61643835616438,59.67123287671233,88.27397260273972,63.89041095890411,58.465753424657535,12.602739726027394,,67.56164383561644
2020-11-04,0.78,17.999999999999993,9.999999999999998,15.000000000000002,17.398668331252594,7.634840871021774,7.581345826235095,27.61643835616438,88.05048829924452,18.08219178082192,56.657534246575345,57.150684931506845,83.12328767123287,67.01369863013699,57.97260273972603,10.958904109589042,,67.3972602739726
2020-11-05,0.79,18.999999999999993,8.999999999999996,14.000000000000002,18.398668331252594,6.634840871021773,6.581345826235095,25.58904109589041,93.82716049382715,19.28767123287671,56.93150684931506,57.42465753424657,84.76712328767124,50.41095890410959,72.05479452054794,11.178082191780831,,67.34246575342465
2020-11-06,0.83,15.000000000000002,5.000000000000004,13.0,14.398668331252603,2.63484087102178,5.5813458262350935,20.0,93.79952091394877,11.452054794520548,56.986301369863014,58.136986301369866,83.72602739726028,58.52054794520548,73.91780821917808,11.835616438356169,,67.23287671232876
2020-11-07,0.83,5.000000000000004,1.0000000000000009,21.000000000000007,4.398668331252606,-1.3651591289782234,13.5813458262351,20.273972602739732,93.79952091394877,13.150684931506849,57.15068493150685,58.1917808219178,83.72602739726028,59.726027397260275,73.0958904109589,11.835616438356169,,67.06849315068493
2020-11-08,0.83,6.000000000000005,1.0000000000000009,25.00000000000001,5.3986683312526065,-1.3651591289782234,17.581345826235104,20.383561643835606,93.79952091394877,12.219178082191782,57.26027397260274,58.24657534246575,83.72602739726028,69.26027397260273,72.32876712328768,11.835616438356169,,66.9041095890411
2020-11-09,0.96,-6.999999999999995,-12.0,16.999999999999993,-7.6013316687473935,-14.365159128978224,9.581345826235086,7.671232876712324,89.11000552791599,6.684931506849315,57.0958904109589,61.917808219178085,89.15068493150685,84.93150684931507,80.6027397260274,13.479452054794521,,66.79452054794521
2020-11-10,0.98,-8.999999999999996,-14.000000000000002,14.999999999999991,-9.601331668747395,-16.365159128978227,7.581345826235085,7.06849315068493,85.38326884098029,4.876712328767123,57.64383561643835,62.57534246575342,90.41095890410959,96.82191780821918,84.82191780821918,13.534246575342465,,66.73972602739727
2020-11-11,0.98,-6.999999999999995,-5.999999999999995,14.999999999999991,-7.6013316687473935,-8.365159128978219,7.581345826235085,7.123287671232887,90.31693384927216,7.3424657534246585,57.64383561643835,62.630136986301366,90.41095890410959,88.54794520547945,84.71232876712328,13.534246575342465,,66.57534246575342
2020-11-12,0.88,-1.0000000000000009,6.999999999999995,26.99999999999999,-1.6013316687474,4.634840871021771,19.581345826235083,14.794520547945197,89.10079233462318,16.21917808219178,57.80821917808219,59.67123287671233,88.21917808219177,88.05479452054794,83.5068493150685,12.54794520547945,,66.52054794520548
2020-11-13,0.89,-1.0000000000000009,3.0000000000000027,25.99999999999999,-1.6013316687474,0.6348408710217783,18.581345826235083,13.972602739726028,91.1921872120877,15.123287671232877,57.6986301369863,59.726027397260275,88.6027397260274,89.53424657534246,84.27397260273973,12.93150684931507,,66.46575342465754
2020-11-14,0.89,-3.0000000000000027,7.9999999999999964,21.000000000000007,-3.6013316687474015,5.634840871021773,13.5813458262351,14.246575342465746,91.1921872120877,33.91780821917808,57.58904109589041,59.780821917808225,88.6027397260274,92.43835616438356,84.0,12.93150684931507,,66.30136986301369
2020-11-15,0.89,-6.000000000000005,7.9999999999999964,25.99999999999999,-6.601331668747404,5.634840871021773,18.581345826235083,14.410958904109592,91.1921872120877,27.178082191780824,57.36986301369863,59.83561643835616,88.6027397260274,91.01369863013699,83.78082191780823,12.93150684931507,,66.24657534246575
2020-11-16,0.91,-8.000000000000007,5.999999999999995,20.000000000000007,-8.601331668747406,3.6348408710217703,12.5813458262351,12.328767123287676,92.50967385295743,32.87671232876712,56.21917808219178,59.890410958904106,88.6027397260274,84.65753424657534,85.31506849315068,13.150684931506845,,66.08219178082192
2020-11-17,0.87,-4.0000000000000036,6.999999999999995,24.00000000000001,-4.601331668747402,4.634840871021771,16.581345826235104,17.917808219178085,91.95688225538971,34.41095890410959,55.890410958904106,58.95890410958904,87.61643835616438,81.53424657534246,85.0958904109589,12.438356164383563,,66.08219178082192
2020-11-18,0.88,-2.0000000000000018,4.0000000000000036,23.00000000000001,-2.6013316687474006,1.6348408710217792,15.581345826235104,16.76712328767124,90.51962410171366,39.06849315068493,55.67123287671233,60.0,87.61643835616438,85.53424657534246,87.45205479452055,12.602739726027394,,65.97260273972603
2020-11-19,0.86,2.0000000000000018,8.999999999999996,25.00000000000001,1.3986683312526027,6.634840871021773,17.581345826235104,19.61643835616438,92.18260549106321,45.6986301369863,55.342465753424655,58.35616438356165,87.61643835616438,88.27397260273972,90.9041095890411,12.438356164383563,,65.8082191780822
2020-11-20,0.83,5.000000000000004,9.000000000000007,27.000000000000014,4.398668331252606,6.634840871021783,19.581345826235108,24.438356164383563,90.68085498433757,58.84931506849315,54.73972602739726,58.3013698630137,87.23287671232876,94.35616438356165,90.57534246575342,11.835616438356169,,65.8082191780822
2020-11-21,0.83,5.000000000000004,7.000000000000006,27.000000000000014,4.398668331252606,4.634840871021781,19.581345826235108,24.876712328767127,90.68085498433757,54.465753424657535,54.24657534246575,58.35616438356165,87.23287671232876,95.3972602739726,90.24657534246575,11.835616438356169,,65.64383561643837
2020-11-22,0.83,1.0000000000000009,7.000000000000006,29.000000000000014,0.3986683312526018,4.634840871021781,21.581345826235108,24.986301369863014,90.68085498433757,43.28767123287671,53.6986301369863,58.41095890410959,87.23287671232876,93.97260273972603,89.91780821917808,11.835616438356169,,65.58904109589041
2020-11-23,0.86,-2.0000000000000018,4.0000000000000036,24.00000000000001,-2.6013316687474006,1.6348408710217792,16.581345826235104,20.93150684931507,90.67164179104478,33.6986301369863,52.438356164383556,59.506849315068486,88.54794520547945,95.45205479452055,91.83561643835617,12.602739726027394,,65.53424657534246
2020-11-24,0.88,-4.0000000000000036,2.0000000000000018,22.000000000000007,-4.601331668747402,-0.36515912897822256,14.5813458262351,18.575342465753423,93.81794730053437,23.89041095890411,50.9041095890411,60.328767123287676,90.68493150684931,96.98630136986301,93.04109589041096,12.876712328767127,,65.42465753424658
2020-11-25,0.88,-4.0000000000000036,4.0000000000000036,22.000000000000007,-4.601331668747402,1.6348408710217792,14.5813458262351,18.739726027397268,95.22295927768565,23.34246575342466,49.04109589041096,60.05479452054795,90.84931506849315,97.36986301369863,92.43835616438356,12.876712328767127,,65.20547945205479
2020-11-26,0.88,4.0000000000000036,4.0000000000000036,17.000000000000004,3.3986683312526047,1.6348408710217792,9.581345826235097,19.232876712328775,95.22295927768565,23.397260273972602,46.73972602739725,60.10958904109589,90.84931506849315,97.36986301369863,92.16438356164383,12.876712328767127,,65.15068493150685
2020-11-27,0.84,10.999999999999998,9.999999999999998,21.000000000000007,10.3986683312526,7.634840871021774,13.5813458262351,25.260273972602747,97.16233646581905,34.794520547945204,45.150684931506845,58.57534246575342,90.84931506849315,97.97260273972603,92.0,12.273972602739718,,65.04109589041096
2020-11-28,0.84,8.000000000000007,10.999999999999998,20.000000000000007,7.398668331252608,8.634840871021774,12.5813458262351,25.808219178082197,97.16233646581905,40.49315068493151,43.56164383561644,58.63013698630137,90.84931506849315,97.91780821917808,91.56164383561644,12.273972602739718,,64.93150684931507
2020-11-29,0.84,13.0,10.999999999999998,23.00000000000001,12.398668331252601,8.634840871021774,15.581345826235104,26.027397260273972,97.16233646581905,54.52054794520548,42.849315068493155,58.68493150684932,90.84931506849315,97.6986301369863,91.2876712328767,12.273972602739718,,64.7123287671233
2020-11-30,0.84,13.0,10.999999999999998,27.000000000000014,12.398668331252601,8.634840871021774,19.581345826235108,26.301369863013704,97.29525916243527,57.42465753424657,42.465753424657535,58.73972602739727,97.75342465753425,97.64383561643835,93.42465753424658,12.273972602739718,,64.6027397260274
2020-12-01,0.92,4.999999999999993,2.9999999999999916,19.000000000000007,4.398668331252594,0.6348408710217672,11.5813458262351,14.739726027397253,100.0,50.630136986301366,42.24657534246575,61.42465753424658,85.15068493150685,97.53424657534246,94.02739726027397,14.13698630136986,,32.602739726027394
2020-12-02,0.95,-1.0000000000000009,-1.9999999999999907,16.000000000000014,-1.6013316687474,-4.365159128978215,8.581345826235108,11.61643835616438,100.0,30.3013698630137,41.75342465753425,63.06849315068494,88.10958904109589,97.6986301369863,96.05479452054794,14.575342465753423,,32.65753424657534
2020-12-03,0.92,0.0,3.9999999999999925,17.000000000000004,-0.6013316687473991,1.6348408710217681,9.581345826235097,15.835616438356155,100.0,40.6027397260274,40.71232876712328,61.698630136986296,88.87671232876713,97.47945205479452,96.32876712328768,14.13698630136986,,32.712328767123296
2020-12-04,0.97,-2.0000000000000018,-3.0000000000000027,15.000000000000014,-2.6013316687474006,-5.365159128978227,7.581345826235108,10.63013698630138,100.0,22.356164383561644,39.3972602739726,65.36986301369862,90.95890410958904,97.75342465753425,96.10958904109589,14.739726027397253,,32.712328767123296
2020-12-05,0.97,-4.999999999999993,-3.0000000000000027,17.999999999999993,-5.601331668747392,-5.365159128978227,10.581345826235086,10.794520547945211,100.0,15.616438356164384,38.630136986301366,65.42465753424658,90.95890410958904,97.97260273972603,96.0,14.739726027397253,,32.712328767123296
2020-12-06,0.97,-6.999999999999995,-3.0000000000000027,17.999999999999993,-7.6013316687473935,-5.365159128978227,10.581345826235086,11.123287671232873,100.0,11.506849315068493,37.863013698630134,65.47945205479452,90.95890410958904,98.08219178082192,95.72602739726027,14.739726027397253,,32.65753424657534
2020-12-07,0.94,-3.9999999999999925,0.0,25.0,-4.601331668747392,-2.3651591289782243,17.581345826235093,14.904109589041099,100.0,16.876712328767123,37.534246575342465,64.38356164383562,90.02739726027397,97.58904109589042,96.16438356164383,14.465753424657535,,32.65753424657534
2020-12-08,0.92,-2.0000000000000018,1.9999999999999907,26.99999999999999,-2.6013316687474006,-0.36515912897823366,19.581345826235083,18.465753424657535,100.0,30.52054794520548,37.534246575342465,62.520547945205486,91.01369863013699,97.0958904109589,95.94520547945206,14.13698630136986,,32.65753424657534
2020-12-09,0.95,-4.999999999999993,-1.0000000000000009,24.0,-5.601331668747392,-3.3651591289782252,16.581345826235093,14.465753424657535,94.71137396744709,39.28767123287671,38.52054794520547,63.23287671232877,92.10958904109589,98.08219178082192,94.68493150684931,14.739726027397253,,32.602739726027394
2020-12-10,0.92,0.0,1.0000000000000009,26.99999999999999,-0.6013316687473991,-1.3651591289782234,19.581345826235083,19.61643835616438,95.3956693875556,52.38356164383562,39.671232876712324,62.57534246575342,90.02739726027397,98.46575342465754,95.5068493150685,14.13698630136986,,32.602739726027394
2020-12-11,0.9,2.0000000000000018,3.0000000000000027,27.999999999999993,1.3986683312526027,0.6348408710217783,20.581345826235086,22.849315068493155,94.73092526516447,56.16438356164384,40.98630136986301,64.05479452054794,89.47945205479452,98.02739726027397,94.95890410958904,13.863013698630127,,32.54794520547945
2020-12-12,0.9,3.9999999999999925,3.0000000000000027,24.99999999999999,3.398668331252593,0.6348408710217783,17.581345826235083,23.123287671232873,94.73092526516447,46.02739726027397,42.24657534246575,64.10958904109589,89.47945205479452,97.75342465753425,94.73972602739725,13.863013698630127,,32.54794520547945
2020-12-13,0.9,4.999999999999993,3.0000000000000027,25.99999999999999,4.398668331252594,0.6348408710217783,18.581345826235083,23.506849315068493,94.17360285374554,54.465753424657535,42.849315068493155,64.16438356164383,89.47945205479452,97.97260273972603,94.35616438356165,13.863013698630127,,32.54794520547945
2020-12-14,0.9,4.999999999999993,3.0000000000000027,29.999999999999993,4.398668331252594,0.6348408710217783,22.581345826235086,23.83561643835617,96.08690952329478,22.52054794520548,44.27397260273973,62.3013698630137,90.1917808219178,97.53424657534246,93.53424657534246,13.863013698630127,,32.54794520547945
2020-12-15,0.92,2.9999999999999916,1.0000000000000009,27.999999999999993,2.3986683312525923,-1.3651591289782234,20.581345826235086,21.041095890410958,98.97139002866618,18.301369863013697,45.69863013698631,66.63013698630137,92.38356164383562,98.24657534246576,92.10958904109589,14.356164383561648,,32.49315068493151
2020-12-16,0.92,2.9999999999999916,3.9999999999999925,27.999999999999993,2.3986683312525923,1.6348408710217681,20.581345826235086,21.47945205479452,100.0,26.9041095890411,46.794520547945204,64.27397260273973,92.65753424657534,97.86301369863014,92.38356164383562,14.356164383561648,,32.49315068493151
2020-12-17,0.94,-0.9999999999999898,10.000000000000009,26.0,-1.6013316687473889,7.634840871021785,18.581345826235093,18.794520547945197,100.0,23.45205479452055,46.41095890410959,66.02739726027397,93.36986301369863,97.58904109589042,93.75342465753425,14.904109589041099,,32.49315068493151
2020-12-18,0.95,1.0000000000000009,13.00000000000001,35.00000000000001,0.3986683312526018,10.634840871021787,27.5813458262351,17.58904109589041,100.0,21.26027397260274,46.082191780821915,67.2876712328767,94.08219178082192,98.13698630136986,92.54794520547945,15.178082191780817,,32.49315068493151
2020-12-19,0.95,-1.0000000000000009,17.999999999999993,34.00000000000001,-1.6013316687474,15.634840871021769,26.5813458262351,17.917808219178085,100.0,47.61643835616438,45.47945205479452,67.34246575342466,94.08219178082192,96.27397260273972,92.32876712328768,15.178082191780817,,32.49315068493151
2020-12-20,0.95,-1.0000000000000009,17.999999999999993,34.00000000000001,-1.6013316687474,15.634840871021769,26.5813458262351,18.191780821917817,100.0,55.89041095890411,45.534246575342465,67.3972602739726,94.08219178082192,96.6027397260274,92.0,15.178082191780817,,32.383561643835606
2020-12-21,0.95,-1.0000000000000009,17.999999999999993,39.000000000000014,-1.6013316687474,15.634840871021769,31.581345826235108,18.52054794520548,97.3317007772377,56.10958904109589,46.41095890410959,67.45205479452055,94.08219178082192,96.10958904109589,92.54794520547945,15.178082191780817,,32.383561643835606
2020-12-22,0.93,0.9999999999999898,21.999999999999986,41.0,0.3986683312525907,19.634840871021762,33.58134582623509,22.027397260273972,97.93834276479501,38.9041095890411,46.082191780821915,65.64383561643835,93.36986301369863,95.5068493150685,93.15068493150685,14.904109589041099,,32.383561643835606
2020-12-23,0.96,-2.0000000000000018,18.999999999999993,38.000000000000014,-2.6013316687474006,16.63484087102177,30.581345826235108,17.69863013698631,96.59342892445568,31.123287671232873,44.986301369863014,68.4931506849315,95.01369863013699,95.67123287671234,91.2876712328767,15.561643835616437,,32.383561643835606
2020-12-24,0.94,0.0,16.000000000000014,43.000000000000014,-0.6013316687473991,13.63484087102179,35.58134582623511,21.0958904109589,97.81243593718877,36.0,43.61643835616439,66.13698630136986,95.01369863013699,95.61643835616438,91.78082191780823,14.958904109589042,,32.383561643835606
2020-12-25,0.94,-0.9999999999999898,20.999999999999996,43.000000000000014,-1.6013316687473889,18.634840871021773,35.58134582623511,21.808219178082183,97.81243593718877,36.054794520547944,42.52054794520548,66.19178082191782,95.01369863013699,95.61643835616438,91.45205479452055,14.958904109589042,,32.383561643835606
2020-12-26,0.94,-0.9999999999999898,17.000000000000014,43.99999999999999,-1.6013316687473889,14.63484087102179,36.581345826235086,22.191780821917803,97.81243593718877,40.54794520547945,41.53424657534247,66.24657534246575,95.01369863013699,94.30136986301369,91.17808219178082,14.958904109589042,,32.383561643835606
2020-12-27,0.94,-0.9999999999999898,17.000000000000014,60.00000000000001,-1.6013316687473889,14.63484087102179,52.5813458262351,22.52054794520548,97.81243593718877,31.34246575342466,40.109589041095894,66.3013698630137,95.01369863013699,94.79452054794521,90.84931506849315,14.958904109589042,,32.383561643835606
2020-12-28,0.94,-0.9999999999999898,17.000000000000014,50.0,-1.6013316687473889,14.63484087102179,42.58134582623509,22.958904109589042,100.0,27.89041095890411,38.082191780821915,66.35616438356165,95.01369863013699,94.63013698630137,91.45205479452055,14.958904109589042,,32.383561643835606
2020-12-29,0.94,-0.9999999999999898,17.000000000000014,50.0,-1.6013316687473889,14.63484087102179,42.58134582623509,23.28767123287672,100.0,21.643835616438356,37.863013698630134,67.83561643835615,94.57534246575342,93.15068493150685,91.06849315068493,14.958904109589042,,32.328767123287676
2020-12-30,0.93,0.0,17.000000000000004,50.99999999999999,-0.6013316687473991,14.63484087102178,43.581345826235086,24.82191780821917,100.0,16.821917808219176,37.64383561643836,67.12328767123287,94.52054794520548,84.54794520547945,92.38356164383562,14.904109589041099,,32.27397260273973
2020-12-31,0.93,2.9999999999999916,17.000000000000004,51.99999999999999,2.3986683312525923,14.63484087102178,44.581345826235086,24.986301369863014,100.0,17.863013698630137,38.68493150684932,65.6986301369863,97.91780821917808,80.87671232876713,93.86301369863014,14.904109589041099,,32.27397260273973
2021-01-01,0.93,10.999999999999998,19.000000000000007,48.999999999999986,10.3986683312526,16.634840871021783,41.58134582623508,25.20547945205479,100.0,17.917808219178085,39.45205479452055,65.75342465753424,92.93150684931507,80.87671232876713,93.42465753424658,14.904109589041099,,59.61643835616439
2021-01-02,0.93,15.000000000000002,17.000000000000004,53.99999999999999,14.398668331252603,14.63484087102178,46.581345826235086,25.58904109589041,100.0,21.53424657534247,40.657534246575345,65.8082191780822,92.87671232876713,77.47945205479452,93.04109589041096,14.904109589041099,,59.23287671232877
2021-01-03,0.93,19.999999999999986,17.000000000000004,61.0,19.398668331252587,14.63484087102178,53.58134582623509,26.082191780821915,100.0,32.602739726027394,41.205479452054796,65.86301369863014,92.82191780821918,59.83561643835616,92.71232876712328,14.904109589041099,,59.013698630136986
2021-01-04,0.93,19.999999999999986,17.000000000000004,63.0,19.398668331252587,14.63484087102178,55.58134582623509,26.575342465753423,95.20095980803839,34.90410958904109,38.082191780821915,68.71232876712328,94.35616438356165,46.9041095890411,91.3972602739726,14.904109589041099,,58.68493150684932
2021-01-05,0.96,16.999999999999993,9.000000000000007,60.00000000000001,16.398668331252594,6.634840871021783,52.5813458262351,21.917808219178085,97.79244151169766,25.315068493150683,35.56164383561644,69.2054794520548,95.3972602739726,60.82191780821918,86.3013698630137,16.219178082191775,,58.52054794520548
2021-01-06,1.04,10.999999999999988,1.0000000000000009,52.0,10.398668331252589,-1.3651591289782234,44.58134582623509,11.123287671232873,93.5512897420516,5.972602739726027,33.0958904109589,75.89041095890411,95.83561643835617,52.0,82.52054794520548,16.821917808219183,,58.35616438356164
2021-01-07,1.08,6.999999999999984,-4.0000000000000036,51.0,6.398668331252585,-6.365159128978227,43.58134582623509,8.876712328767127,100.0,4.219178082191781,31.013698630136986,79.06849315068493,96.10958904109589,58.52054794520548,85.64383561643835,16.876712328767113,,58.24657534246575
2021-01-08,1.13,-2.9999999999999805,-5.999999999999983,42.000000000000014,-3.6013316687473793,-8.365159128978208,34.58134582623511,6.739726027397268,100.0,3.890410958904109,28.438356164383563,82.57534246575342,95.72602739726027,78.7945205479452,89.58904109589041,17.041095890410958,,58.02739726027397
2021-01-09,1.13,2.0000000000000018,-1.9999999999999796,40.000000000000014,1.3986683312526027,-4.365159128978204,32.58134582623511,6.849315068493155,100.0,4.054794520547945,25.58904109589041,82.63013698630137,95.67123287671232,73.97260273972603,89.04109589041096,17.041095890410958,,57.64383561643835
2021-01-10,1.13,-1.9999999999999796,-1.9999999999999796,41.000000000000014,-2.6013316687473784,-4.365159128978204,33.58134582623511,6.904109589041099,100.0,8.438356164383562,21.972602739726028,82.68493150684931,95.61643835616438,77.53424657534246,88.54794520547945,17.041095890410958,,57.31506849315068
2021-01-11,1.15,-3.9999999999999813,-3.9999999999999813,49.0,-4.60133166874738,-6.365159128978206,41.58134582623509,6.246575342465761,95.20129403306974,11.78082191780822,18.68493150684931,84.65753424657534,95.56164383561644,57.205479452054796,92.71232876712328,17.369863013698634,,56.986301369863014
2021-01-12,1.15,-3.9999999999999813,-5.999999999999983,49.0,-4.60133166874738,-8.365159128978208,41.58134582623509,6.520547945205479,95.00633254930342,7.780821917808218,17.808219178082197,84.7123287671233,96.05479452054794,69.80821917808218,91.2876712328767,17.369863013698634,,56.54794520547945
2021-01-13,1.1,1.0000000000000009,2.0000000000000018,53.99999999999998,0.3986683312526018,-0.36515912897822256,46.58134582623507,9.260273972602732,96.95493300852618,24.54794520547945,14.904109589041099,81.53424657534246,95.45205479452055,62.19178082191781,93.6986301369863,16.93150684931507,,56.21917808219178
2021-01-14,1.15,-4.999999999999982,0.0,47.00000000000002,-5.601331668747381,-2.3651591289782243,39.581345826235115,6.958904109589042,95.21924482338612,16.71232876712329,12.821917808219169,82.79452054794521,96.05479452054794,71.34246575342466,94.1917808219178,17.424657534246577,,55.890410958904106
2021-01-15,1.11,-1.0000000000000009,3.9999999999999813,51.0,-1.6013316687474,1.634840871021757,43.58134582623509,9.041095890410958,92.81364190012181,19.561643835616437,10.465753424657535,82.57534246575342,96.43835616438356,67.6164383561644,92.76712328767124,17.041095890410958,,55.45205479452055
2021-01-16,1.11,1.0000000000000009,7.999999999999985,51.99999999999998,0.3986683312526018,5.63484087102176,44.58134582623507,9.479452054794521,92.81364190012181,13.753424657534246,9.041095890410958,82.63013698630137,96.38356164383562,75.56164383561644,92.16438356164383,17.041095890410958,,55.013698630136986
2021-01-17,1.11,-1.0000000000000009,7.999999999999985,59.999999999999986,-1.6013316687474,5.63484087102176,52.58134582623508,9.753424657534254,92.81364190012181,10.849315068493151,7.945205479452056,82.68493150684931,96.32876712328768,79.2876712328767,91.67123287671232,17.041095890410958,,54.68493150684932
2021-01-18,1.11,-1.0000000000000009,7.999999999999985,62.999999999999986,-1.6013316687474,5.63484087102176,55.58134582623508,10.082191780821915,92.81364190012181,12.383561643835616,6.849315068493155,82.73972602739727,96.27397260273973,67.94520547945206,91.17808219178082,17.041095890410958,,54.41095890410959
2021-01-19,1.1,0.0,8.999999999999986,63.99999999999999,-0.6013316687473991,6.634840871021762,56.581345826235086,10.739726027397253,97.2777101096224,9.534246575342467,5.808219178082197,81.58904109589041,96.21917808219177,58.63013698630137,92.98630136986301,16.93150684931507,,54.35616438356165
2021-01-20,1.1,-5.000000000000004,7.999999999999985,63.99999999999999,-5.601331668747403,5.63484087102176,56.581345826235086,10.958904109589042,100.0,8.821917808219178,4.712328767123282,81.91780821917808,96.6027397260274,62.630136986301366,92.4931506849315,16.93150684931507,,54.19178082191781
2021-01-21,1.12,-7.000000000000006,2.9999999999999805,56.999999999999986,-7.601331668747405,0.6348408710217561,49.58134582623508,10.082191780821915,100.0,5.534246575342466,3.178082191780817,83.67123287671234,96.10958904109589,64.10958904109589,90.9041095890411,17.369863013698634,,54.02739726027397
2021-01-22,1.1,-6.000000000000005,5.999999999999983,52.99999999999998,-6.601331668747404,3.634840871021759,45.58134582623507,11.45205479452055,99.20911839962781,6.684931506849315,2.4109589041095774,81.97260273972603,95.61643835616438,63.726027397260275,87.72602739726028,16.93150684931507,,53.80821917808219
2021-01-23,1.1,-3.0000000000000027,9.999999999999986,52.0,-3.6013316687474015,7.634840871021762,44.58134582623509,11.671232876712338,99.20911839962781,8.164383561643836,2.027397260273972,82.02739726027397,95.56164383561644,59.890410958904106,87.06849315068493,16.93150684931507,,53.6986301369863
2021-01-24,1.1,1.0000000000000009,9.999999999999986,52.99999999999998,0.3986683312526018,7.634840871021762,45.58134582623507,12.109589041095887,99.16966847792905,9.917808219178083,1.3698630136986338,82.08219178082192,95.5068493150685,65.6986301369863,86.57534246575342,16.93150684931507,,53.64383561643836
2021-01-25,1.05,6.000000000000005,14.999999999999991,61.999999999999986,5.3986683312526065,12.634840871021767,54.58134582623508,19.178082191780817,100.0,18.958904109589042,0.9315068493150704,77.0958904109589,95.3972602739726,65.26027397260275,85.04109589041096,16.876712328767113,,53.534246575342465
2021-01-26,1.05,6.000000000000005,14.999999999999991,61.999999999999986,5.3986683312526065,12.634840871021767,54.58134582623508,19.726027397260268,100.0,19.945205479452056,0.657534246575338,79.17808219178082,95.34246575342466,67.06849315068493,83.83561643835617,16.876712328767113,,53.42465753424658
2021-01-27,1.04,5.000000000000004,26.0,62.999999999999986,4.398668331252606,23.634840871021776,55.58134582623508,21.698630136986296,90.79847448392759,24.65753424657534,0.38356164383561975,77.15068493150685,95.28767123287672,52.16438356164383,82.95890410958904,16.821917808219183,,53.31506849315068
2021-01-28,1.07,5.000000000000004,21.999999999999996,65.99999999999999,4.398668331252606,19.634840871021773,58.58134582623508,17.47945205479452,92.65796408653551,19.945205479452056,0.16438356164383094,80.4931506849315,96.76712328767124,56.602739726027394,82.13698630136986,17.041095890410958,,53.205479452054796
2021-01-29,1.11,3.9999999999999813,17.999999999999993,61.999999999999986,3.3986683312525825,15.634840871021769,54.58134582623508,12.76712328767124,85.92265735122878,15.506849315068493,0.1095890410958873,85.36986301369863,96.71232876712328,51.83561643835617,81.64383561643835,17.534246575342465,,52.986301369863014
2021-01-30,1.11,3.9999999999999813,23.0,62.999999999999986,3.3986683312525825,20.634840871021776,55.58134582623508,13.095890410958901,85.92265735122878,12.712328767123287,0.1095890410958873,85.42465753424658,96.65753424657534,59.397260273972606,81.04109589041096,17.534246575342465,,52.986301369863014
2021-01-31,1.11,7.999999999999985,23.0,57.999999999999986,7.398668331252586,20.634840871021776,50.58134582623508,13.534246575342465,85.92265735122878,10.136986301369863,1.150684931506845,85.47945205479452,97.20547945205479,66.08219178082192,80.54794520547945,17.534246575342465,,52.87671232876712
2021-02-01,1.09,9.999999999999986,25.0,62.999999999999986,9.398668331252587,22.634840871021776,55.58134582623508,16.71232876712328,93.89556263790143,14.465753424657535,77.31506849315068,83.28767123287672,79.78082191780823,54.849315068493155,76.43835616438356,17.15068493150686,,27.397260273972606
2021-02-02,1.12,6.999999999999984,25.0,59.999999999999986,6.398668331252585,22.634840871021776,52.58134582623508,13.205479452054789,99.09943251912163,8.657534246575342,76.6027397260274,86.3013698630137,82.68493150684932,61.863013698630134,77.75342465753425,17.972602739726028,,27.45205479452055
2021-02-03,1.15,4.0000000000000036,22.00000000000002,57.00000000000001,3.3986683312526047,19.634840871021797,49.5813458262351,10.794520547945211,97.73306005838147,5.1506849315068495,78.30136986301369,88.71232876712328,85.86301369863014,68.21917808219177,78.95890410958904,18.465753424657535,,27.671232876712324
2021-02-04,1.15,3.0000000000000027,23.0,58.00000000000001,2.398668331252604,20.634840871021776,50.5813458262351,11.123287671232873,100.0,4.602739726027397,78.84931506849315,88.76712328767124,84.32876712328768,78.3013698630137,72.87671232876713,18.465753424657535,,27.835616438356155
2021-02-05,1.19,-4.0000000000000036,35.00000000000001,48.0,-4.601331668747402,32.63484087102178,40.58134582623509,8.219178082191775,100.0,3.287671232876712,79.3972602739726,91.94520547945206,87.12328767123287,82.1917808219178,74.24657534246575,18.794520547945197,,28.0
2021-02-06,1.19,-3.0000000000000027,25.0,49.0,-3.6013316687474015,22.634840871021776,41.58134582623509,8.602739726027394,100.0,3.232876712328767,80.27397260273972,91.94520547945206,87.06849315068493,79.94520547945206,73.04109589041096,18.794520547945197,,28.219178082191775
2021-02-07,1.19,1.0000000000000009,25.0,44.99999999999999,0.3986683312526018,22.634840871021776,37.581345826235086,8.876712328767127,100.0,3.4520547945205484,81.31506849315069,91.94520547945206,87.01369863013699,82.84931506849314,72.05479452054794,18.794520547945197,,28.38356164383562
2021-02-08,1.19,1.0000000000000009,25.0,48.0,0.3986683312526018,22.634840871021776,40.58134582623509,9.424657534246577,100.0,4.0,81.47945205479452,91.3972602739726,87.83561643835617,85.58904109589041,79.89041095890411,18.794520547945197,,28.602739726027394
2021-02-09,1.18,2.0000000000000018,27.0,49.0,1.3986683312526027,24.634840871021776,41.58134582623509,10.575342465753423,99.93237011988934,3.8356164383561646,81.58904109589041,91.12328767123287,87.78082191780823,92.16438356164383,77.31506849315068,18.739726027397268,,28.76712328767124
2021-02-10,1.15,5.000000000000004,27.0,52.0,4.398668331252606,24.634840871021776,44.58134582623509,13.31506849315069,99.02858899477405,4.986301369863014,83.2876712328767,88.65753424657534,86.84931506849315,93.53424657534246,73.58904109589041,18.465753424657535,,28.93150684931507
2021-02-11,1.16,14.000000000000012,31.000000000000007,53.0,13.398668331252614,28.634840871021783,45.58134582623509,12.602739726027394,100.0,4.164383561643835,84.82191780821918,89.97260273972603,86.13698630136986,94.57534246575342,68.43835616438356,18.794520547945197,,29.0958904109589
2021-02-12,1.2,9.000000000000007,34.00000000000001,43.99999999999999,8.398668331252608,31.634840871021783,36.581345826235086,9.753424657534254,100.0,2.684931506849315,87.06849315068493,91.67123287671232,86.79452054794521,95.12328767123289,63.945205479452056,19.178082191780817,,29.47945205479452
2021-02-13,1.2,9.000000000000007,36.00000000000001,43.99999999999999,8.398668331252608,33.63484087102178,36.581345826235086,10.082191780821915,100.0,2.73972602739726,89.0958904109589,91.67123287671232,86.73972602739727,96.10958904109589,62.794520547945204,19.178082191780817,,29.808219178082197
2021-02-14,1.2,14.000000000000012,36.00000000000001,36.00000000000001,13.398668331252614,33.63484087102178,28.5813458262351,10.520547945205479,100.0,3.506849315068493,90.84931506849315,91.67123287671232,86.68493150684931,94.08219178082192,60.93150684931507,19.178082191780817,,30.082191780821915
2021-02-15,1.2,14.000000000000012,36.00000000000001,39.000000000000014,13.398668331252614,33.63484087102178,31.581345826235108,10.739726027397253,100.0,9.26027397260274,92.21917808219177,91.67123287671232,86.63013698630137,90.35616438356165,59.726027397260275,19.178082191780817,,30.465753424657535
2021-02-16,1.3,4.0000000000000036,29.000000000000004,29.000000000000004,3.3986683312526047,26.63484087102178,21.581345826235097,5.095890410958901,99.11652340019103,6.410958904109589,54.52054794520548,93.26027397260273,89.64383561643835,93.04109589041096,70.68493150684931,19.397260273972606,,30.958904109589042
2021-02-17,1.29,8.000000000000007,26.0,30.000000000000004,7.398668331252608,23.634840871021776,22.581345826235097,5.808219178082197,97.49283667621776,11.068493150684931,34.84931506849314,93.75342465753424,86.52054794520548,88.16438356164383,74.24657534246575,19.397260273972606,,31.28767123287672
2021-02-18,1.29,8.000000000000007,24.0,32.00000000000001,7.398668331252608,21.634840871021776,24.5813458262351,5.972602739726028,95.8711461025302,8.876712328767123,27.72602739726028,93.75342465753424,82.9041095890411,92.82191780821918,73.20547945205479,19.397260273972606,,31.726027397260268
2021-02-19,1.34,3.9999999999999813,19.999999999999996,24.0,3.3986683312525825,17.634840871021773,16.581345826235093,4.547945205479451,94.50087144660135,4.657534246575342,8.493150684931507,96.27397260273972,81.20547945205479,96.54794520547945,70.13698630136986,19.726027397260268,,32.0
2021-02-20,1.34,19.999999999999996,29.999999999999982,23.0,19.398668331252598,27.63484087102176,15.581345826235093,4.7671232876712395,94.50087144660135,4.931506849315069,5.643835616438352,96.27397260273972,81.15068493150685,98.24657534246576,69.26027397260273,19.726027397260268,,32.164383561643845
2021-02-21,1.34,9.999999999999986,29.999999999999982,23.0,9.398668331252587,27.63484087102176,15.581345826235093,4.876712328767113,94.28731972279452,5.095890410958904,4.7671232876712395,96.27397260273972,81.15068493150685,97.26027397260275,68.43835616438356,19.726027397260268,,32.27397260273973
2021-02-22,1.37,6.999999999999984,26.99999999999998,20.999999999999996,6.398668331252585,24.634840871021755,13.58134582623509,3.9452054794520564,85.26369232721966,2.5205479452054798,3.2328767123287747,97.53424657534246,82.9041095890411,97.42465753424658,60.16438356164384,19.890410958904113,,32.43835616438356
2021-02-23,1.37,6.999999999999984,25.0,20.999999999999996,6.398668331252585,22.634840871021776,13.58134582623509,4.164383561643831,84.44500856762073,3.0136986301369864,3.013698630136986,97.53424657534246,82.9041095890411,96.98630136986301,50.73972602739726,19.890410958904113,,32.602739726027394
2021-02-24,1.38,7.000000000000006,24.00000000000002,20.000000000000018,6.398668331252607,21.634840871021797,12.581345826235111,3.835616438356155,87.23741829028368,2.410958904109589,2.849315068493155,97.26027397260275,83.72602739726028,98.57534246575342,44.657534246575345,20.0,,32.82191780821918
2021-02-25,1.54,-12.00000000000001,8.999999999999986,4.0000000000000036,-12.60133166874741,6.634840871021762,-3.418654173764903,2.356164383561648,75.2998667258996,1.5890410958904109,0.657534246575338,100.0,81.15068493150685,98.57534246575342,69.64383561643835,21.369863013698634,,33.0958904109589
2021-02-26,1.44,3.0000000000000027,27.0,18.999999999999993,2.398668331252604,24.634840871021776,11.581345826235086,3.287671232876704,77.31167100336359,4.10958904109589,0.05479452054794365,98.95890410958904,82.02739726027397,98.1917808219178,68.82191780821918,20.109589041095887,,33.26027397260273
2021-02-27,1.44,10.000000000000009,30.000000000000004,18.999999999999993,9.39866833125261,27.63484087102178,11.581345826235086,3.342465753424662,77.31167100336359,4.164383561643835,0.05479452054794365,98.95890410958904,82.02739726027397,98.1917808219178,67.61643835616438,20.109589041095887,,33.42465753424658
2021-02-28,1.44,12.00000000000001,30.000000000000004,20.999999999999996,11.398668331252612,27.63484087102178,13.58134582623509,3.4520547945205493,77.31167100336359,3.4520547945205484,0.3287671232876761,98.95890410958904,82.02739726027397,97.91780821917808,66.52054794520548,20.109589041095887,,33.58904109589041
2021-03-01,1.45,11.00000000000001,29.000000000000004,19.999999999999996,10.398668331252612,26.63484087102178,12.58134582623509,3.3972602739726057,86.67258996001776,2.410958904109589,0.7123287671232816,99.23287671232876,15.287671232876704,98.46575342465754,61.47945205479452,20.273972602739732,,53.97260273972603
2021-03-02,1.42,14.000000000000012,27.0,23.0,13.398668331252614,24.634840871021776,15.581345826235093,3.9452054794520564,80.97353557149204,2.904109589041096,1.0410958904109577,98.63013698630137,16.71232876712328,98.63013698630137,55.397260273972606,20.109589041095887,,54.08219178082192
2021-03-03,1.47,12.00000000000001,15.999999999999993,17.999999999999993,11.398668331252612,13.634840871021769,10.581345826235086,3.123287671232873,71.49203528590468,1.9726027397260273,1.4794520547945211,99.83561643835617,17.47945205479452,98.52054794520548,56.71232876712329,20.54794520547945,,54.13698630136986
2021-03-04,1.54,1.0000000000000009,8.000000000000007,8.999999999999986,0.3986683312526018,5.634840871021783,1.5813458262350792,2.684931506849324,65.73586342577902,1.643835616438356,1.9178082191780845,100.0,16.71232876712328,97.47945205479452,57.86301369863014,21.698630136986296,,54.19178082191781
2021-03-05,1.56,-3.0000000000000027,6.999999999999984,5.000000000000004,-3.6013316687474015,4.63484087102176,-2.418654173764902,2.520547945205479,71.03509551310529,1.8630136986301369,2.684931506849324,100.0,17.75342465753424,98.35616438356163,57.04109589041096,22.465753424657535,,54.35616438356165
2021-03-06,1.56,-2.0000000000000018,10.999999999999988,3.0000000000000027,-2.6013316687474006,8.634840871021764,-4.418654173764904,2.5753424657534225,71.03509551310529,0.9315068493150684,3.2328767123287747,100.0,17.75342465753424,98.3013698630137,56.32876712328767,22.465753424657535,,54.465753424657535
2021-03-07,1.56,7.999999999999985,10.999999999999988,2.0000000000000018,7.398668331252586,8.634840871021764,-5.418654173764905,2.7397260273972535,70.21665361524406,1.1506849315068493,3.7808219178082254,100.0,17.75342465753424,98.3013698630137,55.342465753424655,22.465753424657535,,54.57534246575342
2021-03-08,1.59,4.999999999999982,7.999999999999985,1.0000000000000009,4.398668331252583,5.63484087102176,-6.418654173764906,2.465753424657535,58.783321941216684,0.3835616438356164,4.821917808219183,100.0,17.534246575342465,98.68493150684931,52.986301369863014,22.9041095890411,,54.68493150684932
2021-03-09,1.55,8.999999999999986,17.999999999999993,5.000000000000004,8.398668331252587,15.634840871021769,-2.418654173764902,3.0684931506849296,71.26696832579185,2.0273972602739727,6.191780821917803,99.72602739726028,17.534246575342465,97.64383561643835,47.342465753424655,22.027397260273972,,54.79452054794521
2021-03-10,1.53,9.000000000000007,19.999999999999996,7.000000000000006,8.398668331252608,17.634840871021773,-0.41865417376490033,3.178082191780817,69.39692664540446,2.7945205479452055,7.178082191780817,99.67123287671232,20.109589041095887,97.97260273972603,43.67123287671233,21.698630136986296,,54.95890410958904
2021-03-11,1.54,8.000000000000007,19.999999999999996,8.999999999999986,7.398668331252608,17.634840871021773,1.5813458262350792,3.123287671232873,78.06610611771528,2.136986301369863,8.164383561643845,99.78082191780821,21.315068493150676,98.52054794520548,40.16438356164384,21.753424657534254,,55.06849315068493
2021-03-12,1.64,-1.0000000000000009,5.000000000000004,0.0,-1.6013316687474,2.63484087102178,-7.4186541737649065,2.2465753424657464,74.73905479849232,0.32876712328767127,9.424657534246577,100.0,20.109589041095887,98.57534246575342,37.64383561643836,24.21917808219179,,55.23287671232877
2021-03-13,1.64,7.000000000000006,8.000000000000007,5.000000000000004,6.398668331252607,5.634840871021783,-2.418654173764902,2.3013698630137043,74.73905479849232,0.273972602739726,10.465753424657535,100.0,20.109589041095887,98.68493150684931,37.15068493150685,24.21917808219179,,55.342465753424655
2021-03-14,1.64,10.000000000000009,8.000000000000007,2.0000000000000018,9.39866833125261,5.634840871021783,-5.418654173764905,2.465753424657535,73.95950085929911,0.7671232876712328,12.0,100.0,20.109589041095887,98.52054794520548,36.821917808219176,24.21917808219179,,55.56164383561644
2021-03-15,1.62,11.99999999999999,9.999999999999986,0.9999999999999787,11.39866833125259,7.634840871021762,-6.418654173764928,2.7397260273972535,78.29335724426511,2.246575342465753,14.410958904109592,99.83561643835617,20.876712328767127,98.1917808219178,38.90410958904109,24.054794520547944,,55.726027397260275
2021-03-16,1.62,11.99999999999999,10.999999999999988,0.9999999999999787,11.39866833125259,8.634840871021764,-6.418654173764928,2.849315068493155,80.47522976911007,2.0273972602739727,16.986301369863014,99.78082191780821,22.465753424657535,96.6027397260274,36.328767123287676,24.054794520547944,,55.83561643835617
2021-03-17,1.63,6.000000000000005,4.0000000000000036,0.0,5.3986683312526065,1.6348408710217792,-7.4186541737649065,2.794520547945197,81.96966300530524,2.191780821917808,20.219178082191775,100.0,22.465753424657535,96.82191780821918,25.424657534246577,24.27397260273972,,55.945205479452056
2021-03-18,1.71,-8.000000000000007,-3.0000000000000027,-7.000000000000006,-8.601331668747406,-5.365159128978227,-14.418654173764914,1.9178082191780845,69.83486512740043,1.2602739726027399,24.657534246575338,100.0,20.876712328767127,96.27397260273972,39.671232876712324,25.47945205479452,,56.054794520547944
2021-03-19,1.74,-11.99999999999999,-10.000000000000009,-10.000000000000009,-12.601331668747388,-12.365159128978233,-17.418654173764914,1.4794520547945211,70.2311818164836,1.8630136986301369,28.328767123287662,100.0,22.849315068493155,95.94520547945206,55.67123287671233,26.13698630136986,,56.21917808219178
2021-03-20,1.74,-11.00000000000001,-7.000000000000006,-6.000000000000005,-11.60133166874741,-9.365159128978231,-13.418654173764912,1.6986301369862957,70.2311818164836,1.5342465753424657,30.958904109589042,100.0,22.849315068493155,95.78082191780823,55.013698630136986,26.13698630136986,,56.273972602739725
2021-03-21,1.74,-7.000000000000006,-7.000000000000006,-11.00000000000001,-7.601331668747405,-9.365159128978231,-18.418654173764917,1.8630136986301409,70.2311818164836,1.36986301369863,33.534246575342465,100.0,22.849315068493155,95.45205479452055,54.68493150684932,26.13698630136986,,56.43835616438356
2021-03-22,1.69,-2.0000000000000018,-2.0000000000000018,-6.000000000000005,-2.6013316687474006,-4.365159128978226,-13.418654173764912,2.684931506849324,78.09160875737876,1.8630136986301369,35.61643835616438,99.78082191780821,23.945205479452056,95.23287671232876,58.41095890410959,25.041095890410958,,56.602739726027394
2021-03-23,1.63,4.0000000000000036,6.000000000000005,0.0,3.3986683312526047,3.634840871021781,-7.4186541737649065,3.7260273972602818,76.13390121796309,3.506849315068493,36.986301369863014,99.5068493150685,22.082191780821915,94.57534246575342,52.10958904109589,24.27397260273972,,56.657534246575345
2021-03-24,1.62,10.999999999999988,1.9999999999999796,0.9999999999999787,10.398668331252589,-0.36515912897824476,-6.418654173764928,3.835616438356155,69.79003213031459,4.876712328767123,39.013698630136986,99.5068493150685,22.9041095890411,93.26027397260273,53.863013698630134,24.054794520547944,,56.93150684931506
2021-03-25,1.63,10.000000000000009,1.0000000000000009,-1.9999999999999796,9.39866833125261,-1.3651591289782234,-9.418654173764885,3.7808219178082254,69.08764850930285,4.164383561643835,41.26027397260273,99.5068493150685,23.342465753424662,91.34246575342466,50.68493150684932,24.328767123287676,,57.04109589041096
2021-03-26,1.67,7.000000000000006,-10.999999999999988,-10.999999999999988,6.398668331252607,-13.365159128978211,-18.418654173764892,3.5616438356164366,74.9532989613689,3.780821917808219,44.43835616438356,99.72602739726028,25.58904109589041,93.42465753424658,54.73972602739726,25.041095890410958,,57.26027397260274
2021-03-27,1.67,2.0000000000000018,-7.999999999999985,-8.999999999999986,1.3986683312526027,-10.36515912897821,-16.418654173764892,3.671232876712324,74.9532989613689,3.8356164383561646,46.02739726027397,99.72602739726028,25.58904109589041,93.42465753424658,54.465753424657535,25.041095890410958,,57.31506849315068
2021-03-28,1.67,5.000000000000004,-7.999999999999985,-5.999999999999983,4.398668331252606,-10.36515912897821,-13.418654173764889,3.7808219178082254,74.9532989613689,5.917808219178082,49.47945205479453,99.72602739726028,25.58904109589041,90.46575342465754,54.3013698630137,25.041095890410958,,57.534246575342465
2021-03-29,1.73,-1.0000000000000009,-13.99999999999999,-14.999999999999991,-1.6013316687474,-16.365159128978213,-22.4186541737649,2.794520547945197,74.28827617126204,3.890410958904109,53.04109589041096,100.0,26.79452054794521,88.93150684931507,55.56164383561644,26.191780821917803,,57.6986301369863
2021-03-30,1.73,-1.0000000000000009,-11.99999999999999,-14.999999999999991,-1.6013316687474,-14.365159128978213,-22.4186541737649,2.9589041095890423,72.30815213330345,4.712328767123288,56.273972602739725,99.78082191780821,26.082191780821915,82.73972602739727,66.9041095890411,26.191780821917803,,57.86301369863014
2021-03-31,1.74,-1.0000000000000009,-15.999999999999993,-15.999999999999993,-1.6013316687474,-18.365159128978217,-23.4186541737649,2.9041095890410986,78.62960472240903,6.739726027397261,58.95890410958904,99.94520547945206,27.72602739726028,54.630136986301366,69.47945205479452,26.630136986301366,,58.136986301369866
2021-04-01,1.69,-2.0000000000000018,-11.99999999999999,-10.999999999999988,-2.6013316687474006,-14.365159128978213,-18.418654173764892,4.054794520547944,85.39191511619218,12.164383561643834,61.64383561643836,99.39726027397259,0.0,50.02739726027398,80.27397260273972,25.369863013698634,,27.890410958904113
2021-04-02,1.72,-4.0000000000000036,-14.999999999999991,-9.999999999999986,-4.601331668747402,-17.365159128978217,-17.418654173764892,3.7260273972602818,85.39191511619218,12.219178082191782,64.93150684931507,99.56164383561644,0.05479452054794365,50.082191780821915,79.89041095890411,26.027397260273972,,28.1095890410959
2021-04-03,1.72,-8.000000000000007,-13.99999999999999,-12.99999999999999,-8.601331668747406,-16.365159128978213,-20.418654173764896,3.8904109589041127,85.39191511619218,16.493150684931507,67.83561643835617,99.56164383561644,0.05479452054794365,51.50684931506849,79.01369863013699,26.027397260273972,,28.273972602739732
2021-04-04,1.72,-5.000000000000004,-13.99999999999999,-9.000000000000007,-5.601331668747403,-16.365159128978213,-16.418654173764914,4.054794520547944,85.0294815835822,18.246575342465754,70.35616438356163,99.56164383561644,0.05479452054794365,45.534246575342465,78.63013698630137,26.027397260273972,,28.54794520547945
2021-04-05,1.73,-6.000000000000005,-14.999999999999991,-16.999999999999993,-6.601331668747404,-17.365159128978217,-24.4186541737649,4.054794520547944,93.28432498659927,19.835616438356166,72.76712328767124,99.67123287671232,0.0,48.10958904109589,83.83561643835617,26.41095890410959,,28.54794520547945
2021-04-06,1.67,0.0,-8.999999999999986,-10.999999999999988,-0.6013316687473991,-11.36515912897821,-18.418654173764892,5.31506849315069,92.50119789171059,42.24657534246575,74.24657534246575,99.12328767123287,0.0,37.0958904109589,82.08219178082192,25.041095890410958,,28.657534246575338
2021-04-07,1.68,1.0000000000000009,-5.000000000000004,-11.99999999999999,0.3986683312526018,-7.365159128978229,-19.418654173764896,5.205479452054789,93.35713692601512,9.808219178082192,76.43835616438356,99.17808219178083,0.05479452054794365,36.986301369863014,80.93150684931507,25.315068493150676,,28.76712328767124
2021-04-08,1.64,0.0,-1.0000000000000009,-6.999999999999984,-0.6013316687473991,-3.3651591289782252,-14.41865417376489,6.136986301369859,98.08451650844326,14.520547945205479,77.86301369863014,99.01369863013699,0.05479452054794365,36.93150684931507,76.32876712328768,24.54794520547945,,28.821917808219183
2021-04-09,1.67,-3.0000000000000027,-2.0000000000000018,-13.99999999999999,-3.6013316687474015,-4.365159128978226,-21.418654173764896,5.753424657534239,100.0,12.602739726027398,79.56164383561644,99.06849315068493,0.0,34.90410958904109,80.6027397260274,25.0958904109589,,28.821917808219183
2021-04-10,1.67,-10.999999999999988,-2.0000000000000018,-16.999999999999993,-11.601331668747386,-4.365159128978226,-24.4186541737649,5.863013698630141,100.0,21.698630136986303,81.31506849315069,99.06849315068493,0.0,30.684931506849317,80.27397260273972,25.0958904109589,,28.876712328767113
2021-04-11,1.67,-7.999999999999985,-2.0000000000000018,-21.999999999999996,-8.601331668747385,-4.365159128978226,-29.418654173764903,6.027397260273972,100.0,21.91780821917808,83.45205479452055,99.06849315068493,0.0,21.26027397260274,79.72602739726028,25.0958904109589,,28.986301369863014
2021-04-12,1.69,-9.999999999999986,-4.0000000000000036,-21.999999999999996,-10.601331668747385,-6.365159128978227,-29.418654173764903,5.69863013698631,99.30844859190135,30.41095890410959,85.31506849315068,99.06849315068493,0.2191780821917888,26.630136986301373,81.04109589041096,25.698630136986296,,29.041095890410958
2021-04-13,1.64,-4.999999999999982,-1.0000000000000009,-16.999999999999993,-5.601331668747381,-3.3651591289782252,-24.4186541737649,7.671232876712324,100.0,48.16438356164384,87.34246575342466,98.46575342465754,0.2191780821917888,37.26027397260274,76.16438356164383,24.54794520547945,,29.0958904109589
2021-04-14,1.64,-2.9999999999999805,-2.9999999999999805,-16.999999999999993,-3.6013316687473793,-5.365159128978204,-24.4186541737649,7.890410958904113,94.37514896321602,40.93150684931507,88.82191780821918,98.46575342465754,0.2191780821917888,40.328767123287676,73.0958904109589,24.54794520547945,,29.31506849315069
2021-04-15,1.56,2.0000000000000018,3.0000000000000027,-5.000000000000004,1.3986683312526027,0.6348408710217783,-12.41865417376491,11.506849315068493,100.0,64.43835616438356,89.6986301369863,97.91780821917808,0.2191780821917888,42.84931506849315,80.43835616438356,22.63013698630138,,29.47945205479452
2021-04-16,1.59,-2.0000000000000018,-1.0000000000000009,-8.000000000000007,-2.6013316687474006,-3.3651591289782252,-15.418654173764914,10.410958904109592,100.0,54.08219178082192,91.45205479452055,98.13698630136986,0.657534246575338,32.16438356164383,74.57534246575342,23.123287671232873,,29.58904109589041
2021-04-17,1.59,-2.0000000000000018,1.0000000000000009,-2.0000000000000018,-2.6013316687474006,-1.3651591289782234,-9.418654173764908,10.68493150684931,100.0,64.27397260273973,92.38356164383562,98.13698630136986,0.657534246575338,25.041095890410958,74.08219178082192,23.123287671232873,,29.75342465753424
2021-04-18,1.59,-1.0000000000000009,1.0000000000000009,-7.000000000000006,-1.6013316687474,-1.3651591289782234,-14.418654173764914,11.123287671232873,100.0,45.09589041095891,93.36986301369863,98.13698630136986,0.657534246575338,48.32876712328767,73.36986301369862,23.123287671232873,,29.86301369863014
2021-04-19,1.61,-3.0000000000000027,-1.0000000000000009,-16.000000000000014,-3.6013316687474015,-3.3651591289782252,-23.41865417376492,10.356164383561634,95.86783315107014,38.410958904109584,94.1917808219178,98.13698630136986,0.49315068493150704,61.917808219178085,68.38356164383562,24.109589041095887,,29.91780821917807
2021-04-20,1.58,0.0,4.999999999999982,-13.00000000000001,-0.6013316687473991,2.634840871021758,-20.418654173764917,12.657534246575338,92.64958600218716,55.56164383561644,94.84931506849315,98.08219178082192,0.16438356164383094,38.52054794520548,64.27397260273972,23.123287671232873,,30.082191780821915
2021-04-21,1.57,1.0000000000000009,6.999999999999984,-12.00000000000001,0.3986683312526018,4.63484087102176,-19.418654173764917,14.356164383561648,96.5552257459772,79.12328767123287,95.34246575342466,97.86301369863014,0.27397260273971824,40.71232876712329,59.945205479452056,23.013698630136986,,30.191780821917817
2021-04-22,1.57,5.999999999999983,11.99999999999999,-7.000000000000006,5.398668331252584,9.634840871021765,-14.418654173764914,14.630136986301366,91.27480081237307,82.13698630136986,95.5068493150685,97.58904109589042,0.27397260273971824,43.890410958904106,66.57534246575342,23.013698630136986,,30.356164383561648
2021-04-23,1.58,4.999999999999982,7.999999999999985,-10.000000000000009,4.398668331252583,5.63484087102176,-17.418654173764914,14.356164383561648,96.79737541009217,80.82191780821918,95.67123287671232,97.86301369863014,0.657534246575338,55.56164383561644,66.08219178082192,23.23287671232876,,30.575342465753437
2021-04-24,1.58,6.999999999999984,4.999999999999982,-8.000000000000007,6.398668331252585,2.634840871021758,-15.418654173764914,14.739726027397253,96.79737541009217,76.65753424657534,95.78082191780823,97.86301369863014,0.657534246575338,59.342465753424655,65.31506849315068,23.23287671232876,,30.68493150684931
2021-04-25,1.58,6.999999999999984,4.999999999999982,-9.000000000000007,6.398668331252585,2.634840871021758,-16.418654173764914,15.178082191780817,96.79737541009217,79.56164383561644,96.05479452054794,97.86301369863014,0.657534246575338,69.97260273972603,64.43835616438355,23.23287671232876,,30.9041095890411
2021-04-26,1.58,6.999999999999984,4.999999999999982,-4.0000000000000036,6.398668331252585,2.634840871021758,-11.41865417376491,15.561643835616437,99.43758787689424,83.17808219178082,96.05479452054794,97.36986301369863,1.0410958904109577,74.1917808219178,67.67123287671234,23.23287671232876,,30.958904109589042
2021-04-27,1.63,2.0000000000000018,1.0000000000000009,-8.999999999999986,1.3986683312526027,-1.3651591289782234,-16.418654173764892,11.45205479452055,97.60974847680049,83.78082191780823,96.21917808219177,98.13698630136986,1.4246575342465775,93.91780821917808,70.08219178082192,24.986301369863014,,31.06849315068493
2021-04-28,1.63,0.0,1.0000000000000009,-8.999999999999986,-0.6013316687473991,-1.3651591289782234,-16.418654173764892,11.671232876712338,95.71160756131854,81.0958904109589,96.38356164383562,98.13698630136986,1.4794520547945211,87.23287671232876,66.1917808219178,24.986301369863014,,31.28767123287672
2021-04-29,1.65,-3.9999999999999813,3.0000000000000027,-15.999999999999993,-4.60133166874738,0.6348408710217783,-23.4186541737649,10.958904109589042,97.62537103577567,78.35616438356165,96.4931506849315,98.52054794520548,1.5342465753424648,84.98630136986301,68.93150684931507,25.698630136986296,,31.397260273972606
2021-04-30,1.65,-5.999999999999983,-2.0000000000000018,-15.999999999999993,-6.601331668747382,-4.365159128978226,-23.4186541737649,11.287671232876718,94.39150132791751,80.21917808219177,96.65753424657534,98.52054794520548,1.4794520547945211,83.83561643835617,71.06849315068493,25.698630136986296,,31.61643835616438
2021-05-01,1.65,-6.999999999999984,-2.0000000000000018,-19.999999999999996,-7.601331668747383,-4.365159128978226,-27.418654173764903,11.671232876712338,94.39150132791751,71.34246575342466,96.65753424657534,98.52054794520548,0.0,80.76712328767123,70.57534246575342,25.698630136986296,,20.493150684931507
2021-05-02,1.65,-4.999999999999982,-2.0000000000000018,-16.999999999999993,-5.601331668747381,-4.365159128978226,-24.4186541737649,12.164383561643831,94.39150132791751,61.31506849315068,96.65753424657534,98.52054794520548,0.0,83.67123287671234,70.13698630136986,25.698630136986296,,20.54794520547945
2021-05-03,1.63,-2.9999999999999805,0.0,-18.999999999999993,-3.6013316687473793,-2.3651591289782243,-26.4186541737649,15.013698630136986,92.5167942508983,53.47945205479452,96.54794520547945,97.91780821917808,0.1095890410958873,87.23287671232876,69.36986301369863,24.986301369863014,,20.712328767123296
2021-05-04,1.61,-1.0000000000000009,0.0,-17.000000000000014,-1.6013316687474,-2.3651591289782243,-24.41865417376492,17.534246575342465,84.58053429151695,71.45205479452055,96.4931506849315,97.75342465753425,0.1095890410958873,92.16438356164383,65.20547945205479,24.493150684931507,,20.821917808219183
2021-05-05,1.59,3.9999999999999813,-3.0000000000000027,-15.000000000000014,3.3986683312525825,-5.365159128978227,-22.41865417376492,20.821917808219183,83.17450398375253,75.3972602739726,96.21917808219177,97.64383561643835,0.2191780821917888,87.2876712328767,60.87671232876713,23.506849315068493,,20.986301369863014
2021-05-06,1.58,5.999999999999983,0.0,-14.000000000000012,5.398668331252584,-2.3651591289782243,-21.41865417376492,23.39726027397259,86.50992032494923,76.60273972602741,96.0,97.36986301369863,0.2191780821917888,87.72602739726028,67.89041095890411,23.23287671232876,,21.260273972602732
2021-05-07,1.6,8.999999999999986,1.0000000000000009,-23.0,8.398668331252587,-1.3651591289782234,-30.418654173764907,20.986301369863014,90.0093735353851,72.54794520547945,95.61643835616438,97.86301369863014,0.3287671232876761,92.27397260273973,63.34246575342466,24.438356164383563,,21.424657534246577
2021-05-08,1.6,5.999999999999983,-2.0000000000000018,-27.0,5.398668331252584,-4.365159128978226,-34.41865417376491,21.753424657534254,90.0093735353851,78.9041095890411,94.84931506849315,97.86301369863014,0.3287671232876761,92.10958904109589,62.68493150684932,24.438356164383563,,21.643835616438352
2021-05-09,1.6,2.9999999999999805,-2.0000000000000018,-30.000000000000004,2.3986683312525816,-4.365159128978226,-37.41865417376491,22.739726027397253,90.0093735353851,74.79452054794521,94.46575342465754,97.86301369863014,0.3287671232876761,92.05479452054794,61.80821917808219,24.438356164383563,,21.86301369863014
2021-05-10,1.63,0.0,-4.999999999999982,-25.99999999999998,-0.6013316687473991,-7.365159128978206,-33.418654173764885,19.28767123287672,78.97984689892205,70.84931506849314,93.42465753424658,97.91780821917808,0.49315068493150704,92.16438356164383,58.24657534246575,25.315068493150676,,22.082191780821915
2021-05-11,1.64,-1.0000000000000009,-5.999999999999983,-26.99999999999998,-1.6013316687474,-8.365159128978208,-34.418654173764885,18.41095890410959,78.6439618809561,44.657534246575345,91.45205479452055,98.24657534246576,0.49315068493150704,94.08219178082192,51.34246575342466,25.753424657534254,,22.356164383561634
2021-05-12,1.69,-5.000000000000004,-6.999999999999984,-31.999999999999986,-5.601331668747403,-9.365159128978208,-39.41865417376489,13.808219178082197,67.7862833932198,30.684931506849317,86.95890410958904,99.5068493150685,0.5479452054794507,94.1917808219178,48.986301369863014,27.287671232876704,,22.575342465753423
2021-05-13,1.66,-2.0000000000000018,-6.999999999999984,-28.000000000000004,-2.6013316687474006,-9.365159128978208,-35.41865417376491,17.0958904109589,70.9654741446649,32.43835616438356,80.10958904109589,98.73972602739725,0.49315068493150704,92.87671232876711,42.68493150684931,26.630136986301366,,22.79452054794521
2021-05-14,1.63,5.000000000000004,0.0,-20.999999999999996,4.398668331252606,-2.3651591289782243,-28.418654173764903,21.698630136986296,79.92501171691924,45.20547945205479,71.34246575342465,97.75342465753425,0.49315068493150704,90.57534246575342,44.657534246575345,25.315068493150676,,23.06849315068493
2021-05-15,1.63,0.0,-6.999999999999984,-25.99999999999998,-0.6013316687473991,-9.365159128978208,-33.418654173764885,22.68493150684931,79.92501171691924,50.082191780821915,58.52054794520548,97.75342465753425,0.49315068493150704,79.3972602739726,44.43835616438356,25.315068493150676,,23.28767123287672
2021-05-16,1.63,0.0,-6.999999999999984,-31.999999999999986,-0.6013316687473991,-9.365159128978208,-39.41865417376489,23.39726027397259,79.92501171691924,41.04109589041096,43.50684931506849,97.75342465753425,0.49315068493150704,84.54794520547945,44.27397260273973,25.315068493150676,,23.671232876712338
2021-05-17,1.64,-1.0000000000000009,-7.999999999999985,-32.999999999999986,-1.6013316687474,-10.36515912897821,-40.41865417376489,22.13698630136986,77.3160443680675,48.054794520547944,43.28767123287671,98.13698630136986,0.7671232876712395,88.71232876712328,46.95890410958904,25.917808219178085,,23.890410958904113
2021-05-18,1.64,-1.0000000000000009,-6.999999999999984,-32.999999999999986,-1.6013316687474,-9.365159128978208,-40.41865417376489,23.123287671232873,74.45711607561319,34.082191780821915,42.68493150684931,98.13698630136986,0.7123287671232816,89.0958904109589,43.78082191780822,25.917808219178085,,24.21917808219179
2021-05-19,1.68,-6.999999999999984,-14.999999999999991,-36.999999999999986,-7.601331668747383,-17.365159128978217,-44.41865417376489,17.69863013698631,75.12888611154507,35.83561643835617,41.863013698630134,99.12328767123287,0.3287671232876761,75.94520547945206,46.68493150684932,27.45205479452055,,24.328767123287676
2021-05-20,1.63,-6.999999999999984,-12.99999999999999,-43.99999999999999,-7.601331668747383,-15.365159128978213,-51.4186541737649,26.684931506849324,83.0339009529761,46.19178082191781,43.397260273972606,98.08219178082192,0.0,75.23287671232876,46.46575342465753,25.315068493150676,,24.602739726027394
2021-05-21,1.63,-4.999999999999982,-17.999999999999993,-39.99999999999999,-5.601331668747381,-20.365159128978217,-47.4186541737649,27.342465753424662,80.487423840025,50.73972602739726,44.43835616438356,97.26027397260275,0.27397260273971824,66.35616438356165,49.753424657534254,25.315068493150676,,24.76712328767124
2021-05-22,1.63,-1.9999999999999796,-15.999999999999993,-32.999999999999986,-2.6013316687473784,-18.365159128978217,-40.41865417376489,27.780821917808225,80.487423840025,51.28767123287671,45.47945205479452,97.26027397260275,0.27397260273971824,65.0958904109589,49.369863013698634,25.315068493150676,,24.986301369863014
2021-05-23,1.63,-4.999999999999982,-15.999999999999993,-35.999999999999986,-5.601331668747381,-18.365159128978217,-43.41865417376489,28.328767123287662,80.487423840025,40.821917808219176,45.75342465753425,97.26027397260275,0.27397260273971824,68.27397260273973,48.54794520547945,25.315068493150676,,25.150684931506845
2021-05-24,1.61,-3.0000000000000027,-14.000000000000012,-31.000000000000007,-3.6013316687474015,-16.365159128978238,-38.418654173764914,32.49315068493151,87.68161224808624,49.97260273972603,46.082191780821915,97.26027397260275,0.4383561643835634,51.45205479452055,51.013698630136986,24.76712328767124,,25.369863013698634
2021-05-25,1.56,2.0000000000000018,-5.000000000000004,-26.0,1.3986683312526027,-7.365159128978229,-33.41865417376491,41.15068493150685,88.33775972504296,40.054794520547944,47.342465753424655,95.8904109589041,0.16438356164383094,40.43835616438356,48.05479452054795,22.63013698630138,,25.534246575342465
2021-05-26,1.58,0.0,-7.000000000000006,-28.000000000000004,-0.6013316687473991,-9.365159128978231,-35.41865417376491,38.95890410958904,89.71254491485705,48.10958904109589,48.38356164383561,96.65753424657534,0.0,54.90410958904109,55.342465753424655,23.28767123287672,,25.917808219178085
2021-05-27,1.61,1.0000000000000009,-4.0000000000000036,-32.00000000000001,0.3986683312526018,-6.365159128978227,-39.418654173764914,34.9041095890411,88.62677706608343,42.9041095890411,50.84931506849315,97.58904109589042,0.2191780821917888,74.73972602739725,55.28767123287671,24.876712328767127,,26.13698630136986
2021-05-28,1.58,1.0000000000000009,-6.000000000000005,-33.00000000000001,0.3986683312526018,-8.36515912897823,-40.418654173764914,40.109589041095894,89.28292454304015,40.10958904109589,55.890410958904106,96.6027397260274,0.2191780821917888,74.73972602739725,52.821917808219176,23.28767123287672,,26.575342465753423
2021-05-29,1.58,4.999999999999982,-13.00000000000001,-32.00000000000001,4.398668331252583,-15.365159128978235,-39.418654173764914,40.657534246575345,89.28292454304015,44.602739726027394,62.52054794520548,96.6027397260274,0.2191780821917888,62.520547945205486,52.438356164383556,23.28767123287672,,26.849315068493155
2021-05-30,1.58,-2.0000000000000018,-13.00000000000001,-30.000000000000004,-2.6013316687474006,-15.365159128978235,-37.41865417376491,41.31506849315068,89.28292454304015,37.97260273972603,61.205479452054796,96.6027397260274,0.2191780821917888,68.71232876712328,51.945205479452056,23.28767123287672,,27.287671232876704
2021-05-31,1.58,-2.0000000000000018,-13.00000000000001,-34.00000000000001,-2.6013316687474006,-15.365159128978235,-41.418654173764914,42.52054794520548,89.28292454304015,36.10958904109589,63.61643835616439,96.6027397260274,0.2191780821917888,64.54794520547945,51.28767123287671,23.28767123287672,,27.780821917808225
2021-06-01,1.62,-6.000000000000005,-12.00000000000001,-38.000000000000014,-6.601331668747404,-14.365159128978235,-45.41865417376492,36.38356164383561,88.10342134041555,29.369863013698634,59.945205479452056,97.2054794520548,0.0,58.1917808219178,56.054794520547944,25.47945205479452,,13.643835616438366
2021-06-02,1.59,-2.0000000000000018,-11.00000000000001,-35.00000000000001,-2.6013316687474006,-13.365159128978235,-42.418654173764914,42.24657534246575,88.66225798741137,34.082191780821915,56.986301369863014,97.0958904109589,0.0,35.28767123287671,53.6986301369863,23.890410958904113,,13.917808219178085
2021-06-03,1.63,-9.999999999999986,-12.99999999999999,-42.99999999999999,-10.601331668747385,-15.365159128978213,-50.4186541737649,36.0,83.2313751780776,30.246575342465754,55.013698630136986,97.47945205479452,0.0,31.232876712328768,57.64383561643835,25.863013698630127,,14.356164383561648
2021-06-04,1.56,-6.000000000000005,-7.000000000000006,-37.000000000000014,-6.601331668747404,-9.365159128978231,-44.41865417376492,49.26027397260274,91.19249141037459,47.78082191780822,56.16438356164384,95.56164383561644,0.0,33.369863013698634,52.986301369863014,22.63013698630138,,14.630136986301366
2021-06-05,1.56,-11.00000000000001,-2.0000000000000018,-37.000000000000014,-11.60133166874741,-4.365159128978226,-44.41865417376492,49.917808219178085,91.19249141037459,49.75342465753425,57.26027397260274,95.56164383561644,0.0,23.726027397260275,52.328767123287676,22.63013698630138,,15.013698630136986
2021-06-06,1.56,-9.000000000000007,-2.0000000000000018,-33.00000000000001,-9.601331668747406,-4.365159128978226,-40.418654173764914,50.63013698630137,91.19249141037459,61.534246575342465,59.89041095890411,95.56164383561644,0.0,6.63013698630137,51.56164383561644,22.63013698630138,,15.178082191780817
2021-06-07,1.57,-10.000000000000009,-3.0000000000000027,-26.0,-10.601331668747408,-5.365159128978227,-33.41865417376491,49.534246575342465,92.44950976284254,57.205479452054796,60.10958904109589,95.23287671232876,0.0,13.863013698630136,51.23287671232877,23.23287671232876,,15.342465753424662
2021-06-08,1.53,-6.000000000000005,-4.0000000000000036,-21.999999999999996,-6.601331668747404,-6.365159128978227,-29.418654173764903,55.61643835616438,92.69253331098633,69.58904109589041,59.945205479452056,94.84931506849314,0.0,18.356164383561644,51.013698630136986,21.698630136986296,,15.561643835616437
2021-06-09,1.5,1.0000000000000009,-1.0000000000000009,-18.999999999999993,0.3986683312526018,-3.3651591289782252,-26.4186541737649,60.76712328767123,92.78471465683398,75.45205479452055,57.15068493150685,94.57534246575342,0.0,17.424657534246577,55.945205479452056,20.821917808219183,,15.671232876712324
2021-06-10,1.45,6.000000000000005,0.0,-11.99999999999999,5.3986683312526065,-2.3651591289782243,-19.418654173764896,69.20547945205479,97.66194586440962,79.83561643835615,60.273972602739725,93.64383561643835,0.05479452054794365,13.917808219178083,43.945205479452056,20.328767123287676,,15.945205479452056
2021-06-11,1.47,10.000000000000009,1.0000000000000009,-10.999999999999988,9.39866833125261,-1.3651591289782234,-18.418654173764892,66.68493150684932,98.81840274868013,78.63013698630137,60.71232876712329,93.64383561643835,0.0,20.43835616438356,52.657534246575345,20.602739726027394,,16.0
2021-06-12,1.47,5.000000000000004,-3.0000000000000027,-11.99999999999999,4.398668331252606,-5.365159128978227,-19.418654173764896,67.2876712328767,98.81840274868013,79.23287671232877,62.082191780821915,93.64383561643835,0.0,20.43835616438356,51.83561643835616,20.602739726027394,,16.16438356164383
2021-06-13,1.47,-2.0000000000000018,-3.0000000000000027,-10.999999999999988,-2.6013316687474006,-5.365159128978227,-18.418654173764892,67.56164383561644,98.81840274868013,73.75342465753425,63.56164383561644,93.64383561643835,0.0,17.917808219178085,51.3972602739726,20.602739726027394,,16.328767123287662
2021-06-14,1.51,-6.000000000000005,-7.000000000000006,-21.999999999999996,-6.601331668747404,-9.365159128978231,-29.418654173764903,60.986301369863014,100.0,65.36986301369862,64.65753424657535,94.63013698630137,0.27397260273971824,21.58904109589041,54.465753424657535,21.369863013698634,,16.493150684931507
2021-06-15,1.51,-6.000000000000005,-7.000000000000006,-21.999999999999996,-6.601331668747404,-9.365159128978231,-29.418654173764903,61.47945205479452,96.93032320935521,61.64383561643836,61.0958904109589,94.63013698630137,0.38356164383561975,11.397260273972602,54.08219178082192,21.369863013698634,,16.71232876712328
2021-06-16,1.57,-7.000000000000006,-19.999999999999996,-28.000000000000004,-7.601331668747405,-22.36515912897822,-35.41865417376491,52.93150684931507,95.3386389475394,68.54794520547945,63.61643835616439,94.63013698630137,0.0,8.876712328767123,67.23287671232876,23.671232876712338,,16.876712328767113
2021-06-17,1.52,-4.0000000000000036,-18.999999999999993,-26.0,-4.601331668747402,-21.365159128978217,-33.41865417376491,60.93150684931507,100.0,81.04109589041096,63.397260273972606,92.82191780821918,0.0,9.58904109589041,84.71232876712328,21.643835616438352,,16.986301369863014
2021-06-18,1.45,5.000000000000004,-14.999999999999991,-18.999999999999993,4.398668331252606,-17.365159128978217,-26.4186541737649,71.83561643835617,98.13832451711149,89.36986301369862,66.13698630136986,87.83561643835617,0.0,9.36986301369863,82.24657534246575,20.328767123287676,,17.260273972602732
2021-06-19,1.45,4.0000000000000036,-7.999999999999985,-17.999999999999993,3.3986683312526047,-10.36515912897821,-25.4186541737649,72.05479452054794,98.13832451711149,93.64383561643835,70.24657534246576,87.83561643835617,0.0,11.342465753424658,81.69863013698631,20.328767123287676,,17.31506849315069
2021-06-20,1.45,9.000000000000007,-7.999999999999985,-20.999999999999996,8.398668331252608,-10.36515912897821,-28.418654173764903,72.27397260273973,98.13832451711149,94.95890410958904,72.4931506849315,87.83561643835617,0.0,9.479452054794521,80.87671232876713,20.328767123287676,,17.534246575342465
2021-06-21,1.5,4.0000000000000036,-12.99999999999999,-24.0,3.3986683312526047,-15.365159128978213,-31.418654173764907,65.64383561643837,98.86190590686864,93.20547945205479,72.76712328767124,89.91780821917808,0.16438356164383094,8.493150684931507,73.26027397260273,21.205479452054803,,18.191780821917817
2021-06-22,1.48,6.000000000000005,-10.000000000000009,-21.999999999999996,5.3986683312526065,-12.365159128978233,-29.418654173764903,69.20547945205479,100.0,93.31506849315069,71.67123287671232,89.91780821917808,0.27397260273971824,13.424657534246576,65.42465753424658,21.150684931506845,,18.739726027397268
2021-06-23,1.5,-1.0000000000000009,-8.000000000000007,-24.0,-1.6013316687474,-10.365159128978231,-31.418654173764907,66.08219178082192,100.0,88.43835616438356,70.24657534246576,90.57534246575342,0.6027397260274086,24.438356164383563,68.76712328767124,21.260273972602732,,19.232876712328775
2021-06-24,1.49,0.0,-11.99999999999999,-24.0,-0.6013316687473991,-14.365159128978213,-31.418654173764907,68.21917808219177,100.0,88.82191780821917,67.01369863013699,89.86301369863014,0.27397260273971824,24.21917808219178,71.3972602739726,21.205479452054803,,19.780821917808225
2021-06-25,1.54,-9.000000000000007,-23.0,-25.0,-9.601331668747406,-25.365159128978224,-32.41865417376491,59.45205479452055,99.53899637243046,84.7123287671233,64.65753424657535,91.34246575342466,0.657534246575338,22.73972602739726,62.794520547945204,22.63013698630138,,20.0
2021-06-26,1.54,-6.000000000000005,-23.0,-18.999999999999993,-6.601331668747404,-25.365159128978224,-26.4186541737649,59.78082191780822,99.53899637243046,85.36986301369863,61.42465753424658,91.34246575342466,0.657534246575338,24.82191780821918,61.917808219178085,22.63013698630138,,20.219178082191775
2021-06-27,1.54,-10.000000000000009,-23.0,-19.999999999999996,-10.601331668747408,-25.365159128978224,-27.418654173764903,60.16438356164384,99.53899637243046,86.73972602739725,59.28767123287671,91.34246575342466,0.657534246575338,23.506849315068493,61.26027397260274,22.63013698630138,,20.273972602739732
2021-06-28,1.49,-5.000000000000004,-17.999999999999993,-17.999999999999993,-5.601331668747403,-20.365159128978217,-25.4186541737649,69.26027397260273,100.0,92.43835616438356,61.917808219178085,90.41095890410958,0.657534246575338,35.78082191780822,68.27397260273972,21.205479452054803,,20.602739726027394
2021-06-29,1.49,-5.000000000000004,-30.000000000000004,-17.999999999999993,-5.601331668747403,-32.36515912897823,-25.4186541737649,69.47945205479452,100.0,89.31506849315069,78.46575342465754,88.76712328767124,0.38356164383561975,42.19178082191781,70.84931506849315,21.205479452054803,,20.93150684931507
2021-06-30,1.45,-1.0000000000000009,-21.999999999999996,-13.99999999999999,-1.6013316687474,-24.36515912897822,-21.418654173764896,74.41095890410959,99.60190516812398,89.86301369863014,79.28767123287672,87.72602739726028,0.38356164383561975,51.89041095890411,70.30136986301369,20.328767123287676,,21.315068493150676
2021-07-01,1.48,-10.999999999999988,-17.999999999999993,-18.999999999999993,-11.601331668747386,-20.365159128978217,-26.4186541737649,70.41095890410959,99.58768749555698,89.26027397260275,81.26027397260273,89.64383561643837,1.4794520547945211,42.73972602739726,72.98630136986301,21.205479452054803,,19.945205479452056
2021-07-02,1.44,-10.999999999999988,-16.999999999999993,-13.99999999999999,-11.601331668747386,-19.365159128978217,-21.418654173764896,75.12328767123287,100.0,92.32876712328768,81.69863013698631,87.67123287671232,1.2602739726027465,46.19178082191781,68.76712328767124,20.164383561643845,,20.164383561643845
2021-07-03,1.44,-13.99999999999999,-13.99999999999999,-12.99999999999999,-14.601331668747388,-16.365159128978213,-20.418654173764896,75.12328767123287,100.0,90.24657534246575,82.52054794520548,87.67123287671232,1.2602739726027465,42.35616438356165,67.89041095890411,20.164383561643845,,20.273972602739732
2021-07-04,1.44,-6.999999999999984,-13.99999999999999,-14.999999999999991,-7.601331668747383,-16.365159128978213,-22.4186541737649,75.12328767123287,100.0,86.13698630136987,79.83561643835617,87.67123287671232,1.2602739726027465,49.47945205479452,66.79452054794521,20.164383561643845,,20.821917808219183
2021-07-05,1.44,-6.999999999999984,-13.99999999999999,-10.999999999999988,-7.601331668747383,-16.365159128978213,-18.418654173764892,75.2876712328767,100.0,87.12328767123287,76.98630136986301,87.67123287671232,1.2602739726027465,48.76712328767123,66.02739726027397,20.164383561643845,,21.315068493150676
2021-07-06,1.37,0.0,-8.000000000000007,-4.0000000000000036,-0.6013316687473991,-10.365159128978231,-11.41865417376491,83.94520547945206,100.0,94.24657534246576,76.21917808219177,85.0958904109589,1.2054794520547887,27.342465753424655,56.657534246575345,19.890410958904113,,21.698630136986296
2021-07-07,1.33,4.999999999999982,-8.000000000000007,0.0,4.398668331252583,-10.365159128978231,-7.4186541737649065,86.73972602739727,100.0,95.94520547945206,76.16438356164383,84.38356164383562,0.8219178082191689,31.945205479452056,58.68493150684932,19.61643835616438,,22.082191780821915
2021-07-08,1.3,11.99999999999999,-4.0000000000000036,3.0000000000000027,11.39866833125259,-6.365159128978227,-4.418654173764904,88.16438356164383,97.60383386581469,96.05479452054794,76.0,84.38356164383562,0.27397260273971824,27.178082191780824,53.75342465753425,19.506849315068493,,22.41095890410959
2021-07-09,1.37,0.0,-9.000000000000007,0.9999999999999787,-0.6013316687473991,-11.365159128978231,-6.418654173764928,83.3972602739726,100.0,94.1917808219178,76.10958904109589,84.98630136986301,0.8767123287671268,32.16438356164383,53.42465753424658,20.0,,22.849315068493155
2021-07-10,1.37,-6.000000000000005,-13.00000000000001,-2.0000000000000018,-6.601331668747404,-15.365159128978235,-9.418654173764908,83.06849315068493,100.0,94.24657534246576,76.21917808219177,84.98630136986301,0.8767123287671268,32.16438356164383,52.49315068493151,20.0,,23.28767123287672
2021-07-11,1.37,-6.000000000000005,-13.00000000000001,-7.000000000000006,-6.601331668747404,-15.365159128978235,-14.418654173764914,82.68493150684932,100.0,94.73972602739727,78.52054794520548,84.98630136986301,0.8767123287671268,33.75342465753425,51.50684931506849,20.0,,23.671232876712338
2021-07-12,1.38,-6.999999999999984,-13.99999999999999,-2.9999999999999805,-7.601331668747383,-16.365159128978213,-10.418654173764887,81.69863013698631,100.0,93.47945205479452,78.73972602739727,84.98630136986301,1.5890410958904084,39.726027397260275,50.95890410958904,20.328767123287676,,24.109589041095887
2021-07-13,1.42,-10.999999999999988,-21.999999999999996,-6.999999999999984,-11.601331668747386,-24.36515912897822,-14.41865417376489,75.83561643835617,99.86927099354045,92.10958904109589,78.57534246575342,85.15068493150685,2.136986301369859,43.013698630136986,50.68493150684932,20.493150684931507,,24.602739726027394
2021-07-14,1.37,-18.000000000000014,-18.000000000000014,-2.0000000000000018,-18.601331668747413,-20.365159128978238,-9.418654173764908,82.30136986301369,100.0,90.24657534246575,77.91780821917808,84.87671232876713,1.9178082191780845,31.616438356164384,50.35616438356164,20.0,,24.986301369863014
2021-07-15,1.31,-8.000000000000007,-12.00000000000001,2.0000000000000018,-8.601331668747406,-14.365159128978235,-5.418654173764905,87.28767123287672,96.8153352680617,94.95890410958904,78.08219178082192,83.12328767123289,1.5342465753424648,36.65753424657534,46.46575342465753,19.671232876712324,,25.424657534246577
2021-07-16,1.31,-1.0000000000000009,-8.000000000000007,-3.0000000000000027,-1.6013316687474,-10.365159128978231,-10.41865417376491,87.06849315068493,93.24117916603024,94.52054794520548,79.17808219178082,82.84931506849314,1.6438356164383663,40.71232876712329,42.9041095890411,19.671232876712324,,25.863013698630127
2021-07-17,1.31,-4.0000000000000036,0.0,0.0,-4.601331668747402,-2.3651591289782243,-7.4186541737649065,86.95890410958904,93.24117916603024,95.23287671232876,80.98630136986301,82.84931506849314,1.6438356164383663,43.726027397260275,42.08219178082192,19.671232876712324,,26.13698630136986
2021-07-18,1.31,-1.0000000000000009,0.0,3.0000000000000027,-1.6013316687474,-2.3651591289782243,-4.418654173764904,86.57534246575342,93.24117916603024,93.15068493150685,84.82191780821918,82.84931506849314,1.6438356164383663,38.35616438356164,41.6986301369863,19.671232876712324,,26.52054794520548
2021-07-19,1.19,11.00000000000001,12.00000000000001,18.000000000000014,10.398668331252612,9.634840871021787,10.581345826235108,91.67123287671232,89.27753169390562,95.8904109589041,71.72602739726027,78.73972602739727,0.3287671232876761,30.027397260273975,31.178082191780817,18.958904109589042,,26.849315068493155
2021-07-20,1.23,7.000000000000006,10.000000000000009,14.000000000000012,6.398668331252607,7.634840871021785,6.581345826235106,90.46575342465754,94.49825018312038,91.12328767123287,46.35616438356165,81.04109589041096,0.49315068493150704,41.42465753424657,27.890410958904113,19.45205479452055,,27.287671232876704
2021-07-21,1.3,-1.0000000000000009,6.000000000000005,7.000000000000006,-1.6013316687474,3.634840871021781,-0.41865417376490033,86.46575342465754,97.91649711076748,85.75342465753425,42.13698630136986,83.12328767123289,0.9863013698630141,33.97260273972603,32.93150684931507,19.61643835616438,,27.671232876712324
2021-07-22,1.27,-2.0000000000000018,8.000000000000007,4.0000000000000036,-2.6013316687474006,5.634840871021783,-3.418654173764903,87.83561643835617,100.0,89.91780821917808,40.109589041095894,82.84931506849314,0.9863013698630141,41.6986301369863,36.05479452054795,19.506849315068493,,28.328767123287662
2021-07-23,1.3,-4.0000000000000036,6.000000000000005,3.0000000000000027,-4.601331668747402,3.634840871021781,-4.418654173764904,85.8082191780822,100.0,86.84931506849315,37.42465753424658,83.12328767123289,2.5753424657534225,51.671232876712324,40.0,19.671232876712324,,28.76712328767124
2021-07-24,1.3,-2.0000000000000018,-1.0000000000000009,2.0000000000000018,-2.6013316687474006,-3.3651591289782252,-5.418654173764905,85.47945205479452,100.0,90.35616438356165,35.28767123287672,83.12328767123289,2.5753424657534225,48.32876712328767,39.83561643835617,19.671232876712324,,29.534246575342465
2021-07-25,1.3,-6.000000000000005,-1.0000000000000009,10.999999999999988,-6.601331668747404,-3.3651591289782252,3.581345826235081,85.26027397260273,100.0,91.06849315068493,33.534246575342465,83.12328767123289,2.5753424657534225,71.83561643835617,39.671232876712324,19.671232876712324,,30.30136986301369
2021-07-26,1.29,-5.000000000000004,0.0,17.999999999999993,-5.601331668747403,-2.3651591289782243,10.581345826235086,85.8082191780822,100.0,89.36986301369862,29.20547945205479,82.68493150684931,2.9589041095890423,85.04109589041096,36.986301369863014,19.561643835616437,,31.397260273972606
2021-07-27,1.25,-1.0000000000000009,1.0000000000000009,21.999999999999996,-1.6013316687474,-1.3651591289782234,14.58134582623509,88.21917808219177,94.72172630598463,87.06849315068493,24.438356164383563,82.1917808219178,2.9041095890410986,83.34246575342465,33.534246575342465,19.506849315068493,,32.43835616438356
2021-07-28,1.26,-6.000000000000005,0.0,20.999999999999996,-6.601331668747404,-2.3651591289782243,13.58134582623509,87.5068493150685,96.69260700389106,77.53424657534246,25.863013698630127,82.52054794520548,3.123287671232873,78.3013698630137,30.082191780821915,19.561643835616437,,33.534246575342465
2021-07-29,1.28,-9.000000000000007,-1.0000000000000009,19.999999999999996,-9.601331668747406,-3.3651591289782252,12.58134582623509,85.75342465753425,97.50972762645914,73.31506849315068,26.958904109589042,83.12328767123289,3.178082191780817,74.73972602739725,36.54794520547945,19.671232876712324,,34.082191780821915
2021-07-30,1.24,-5.000000000000004,0.0,30.000000000000004,-5.601331668747403,-2.3651591289782243,22.581345826235097,88.32876712328768,94.95719844357977,76.93150684931507,28.16438356164383,82.08219178082192,3.013698630136986,75.12328767123287,32.87671232876713,19.506849315068493,,34.35616438356165
2021-07-31,1.24,-1.0000000000000009,2.0000000000000018,31.000000000000007,-1.6013316687474,-0.36515912897822256,23.5813458262351,87.89041095890411,94.95719844357977,85.75342465753425,29.15068493150686,82.08219178082192,3.013698630136986,75.61643835616438,32.49315068493151,19.506849315068493,,34.84931506849314
2021-08-01,1.24,7.000000000000006,2.0000000000000018,28.000000000000004,6.398668331252607,-0.36515912897822256,20.581345826235097,87.56164383561644,94.95719844357977,84.76712328767123,30.41095890410959,82.08219178082192,3.342465753424662,68.54794520547945,32.054794520547944,19.506849315068493,,6.465753424657535
2021-08-02,1.2,11.00000000000001,6.000000000000005,28.000000000000004,10.398668331252612,3.634840871021781,20.581345826235097,89.6986301369863,94.5754910824361,89.20547945205479,31.397260273972606,80.38356164383562,3.342465753424662,46.68493150684932,31.890410958904113,19.232876712328775,,6.68493150684931
2021-08-03,1.19,12.00000000000001,6.000000000000005,29.000000000000004,11.398668331252612,3.634840871021781,21.581345826235097,89.86301369863014,97.58893947057831,88.32876712328766,32.767123287671225,80.10958904109589,3.3972602739726057,42.63013698630137,26.630136986301366,18.958904109589042,,6.904109589041099
2021-08-04,1.19,14.000000000000012,10.000000000000009,29.000000000000004,13.398668331252614,7.634840871021785,21.581345826235097,89.6986301369863,98.50784016186141,94.63013698630137,34.02739726027397,80.10958904109589,3.342465753424662,36.76712328767123,29.15068493150686,18.958904109589042,,7.178082191780817
2021-08-05,1.23,13.00000000000001,12.00000000000001,26.0,12.398668331252612,9.634840871021787,18.581345826235093,87.12328767123287,100.0,93.0958904109589,37.80821917808219,80.10958904109589,3.287671232876704,40.87671232876712,31.671232876712324,19.61643835616438,,7.397260273972606
2021-08-06,1.31,4.0000000000000036,3.0000000000000027,23.0,3.3986683312526047,0.6348408710217783,15.581345826235093,79.45205479452055,97.51739541276523,84.4931506849315,40.98630136986301,83.78082191780823,3.4520547945205493,58.136986301369866,35.23287671232876,20.657534246575338,,7.671232876712324
2021-08-07,1.31,5.000000000000004,0.0,21.999999999999996,4.398668331252606,-2.3651591289782243,14.58134582623509,78.73972602739727,97.51739541276523,80.76712328767123,44.71232876712329,83.78082191780823,3.4520547945205493,62.79452054794521,35.06849315068493,20.657534246575338,,7.945205479452056
2021-08-08,1.31,-2.0000000000000018,0.0,27.0,-2.6013316687474006,-2.3651591289782243,19.581345826235093,78.24657534246575,97.50064862060019,79.23287671232877,47.561643835616444,83.78082191780823,3.4520547945205493,56.054794520547944,35.17808219178082,20.657534246575338,,8.164383561643845
2021-08-09,1.33,-4.0000000000000036,-2.0000000000000018,28.000000000000004,-4.601331668747402,-4.365159128978226,20.581345826235097,75.12328767123287,98.51942170353597,73.31506849315068,49.04109589041096,83.78082191780823,3.4520547945205493,61.15068493150685,31.61643835616438,21.041095890410958,,8.438356164383563
2021-08-10,1.36,-7.000000000000006,-7.000000000000006,25.0,-7.601331668747405,-9.365159128978231,17.581345826235093,72.27397260273973,95.70632294025431,70.73972602739727,49.80821917808219,84.10958904109589,3.7808219178082254,75.45205479452055,31.61643835616438,21.424657534246577,,8.657534246575338
2021-08-11,1.35,-9.000000000000007,-5.000000000000004,26.0,-9.601331668747406,-7.365159128978229,18.581345826235093,73.04109589041096,94.83539453056959,63.34246575342466,52.10958904109589,84.10958904109589,3.8904109589041127,68.10958904109589,22.68493150684931,21.424657534246577,,8.986301369863014
2021-08-12,1.36,-10.000000000000009,-5.000000000000004,25.0,-10.601331668747408,-7.365159128978229,17.581345826235093,71.89041095890411,96.89078557742553,60.76712328767123,52.657534246575345,84.38356164383562,3.8904109589041127,67.56164383561644,22.739726027397253,21.47945205479452,,9.315068493150676
2021-08-13,1.29,-2.0000000000000018,0.0,30.000000000000004,-2.6013316687474006,-2.3651591289782243,22.581345826235097,79.56164383561644,98.53684027172966,76.54794520547945,52.71232876712329,82.08219178082192,3.4520547945205493,63.45205479452055,24.82191780821917,20.109589041095887,,9.479452054794521
2021-08-14,1.29,-5.000000000000004,4.0000000000000036,27.0,-5.601331668747403,1.6348408710217792,19.581345826235093,78.9041095890411,98.53684027172966,76.54794520547945,52.87671232876712,82.08219178082192,3.4520547945205493,63.45205479452055,24.876712328767127,20.109589041095887,,9.808219178082183
2021-08-15,1.29,-3.0000000000000027,4.0000000000000036,23.0,-3.6013316687474015,1.6348408710217792,15.581345826235093,78.1917808219178,98.53684027172966,66.41095890410959,51.83561643835616,82.08219178082192,3.4520547945205493,70.08219178082193,24.93150684931507,20.109589041095887,,10.13698630136986
2021-08-16,1.26,0.0,7.000000000000006,33.00000000000001,-0.6013316687473991,4.634840871021781,25.5813458262351,81.75342465753425,98.82424664692562,57.589041095890416,52.49315068493151,81.53424657534246,3.4520547945205493,48.21917808219178,26.9041095890411,19.945205479452056,,10.465753424657535
2021-08-17,1.26,0.0,7.000000000000006,33.00000000000001,-0.6013316687473991,4.634840871021781,25.5813458262351,81.31506849315069,94.06897753004702,52.71232876712328,53.75342465753425,79.78082191780823,3.287671232876704,38.301369863013704,24.93150684931507,19.945205479452056,,10.739726027397253
2021-08-18,1.27,-2.0000000000000018,10.999999999999988,32.00000000000001,-2.6013316687474006,8.634840871021764,24.5813458262351,80.27397260273972,88.90437206061662,72.87671232876713,54.84931506849315,80.82191780821918,3.287671232876704,25.53424657534247,27.013698630136986,20.109589041095887,,11.013698630136986
2021-08-19,1.24,5.000000000000004,11.00000000000001,35.00000000000001,4.398668331252606,8.634840871021787,27.5813458262351,83.12328767123287,91.64779655112349,78.7945205479452,56.87671232876712,79.3972602739726,2.9041095890410986,18.08219178082192,25.0958904109589,19.726027397260268,,11.61643835616438
2021-08-20,1.26,9.000000000000007,4.0000000000000036,38.99999999999999,8.398668331252608,1.6348408710217792,31.581345826235086,80.54794520547945,97.17819195262149,79.34246575342466,59.23287671232877,79.72602739726027,2.849315068493155,26.84931506849315,29.75342465753424,20.0,,12.0
2021-08-21,1.26,8.000000000000007,9.000000000000007,38.99999999999999,7.398668331252608,6.634840871021783,31.581345826235086,80.27397260273972,97.17819195262149,80.21917808219177,62.52054794520548,79.72602739726027,2.849315068493155,28.657534246575345,29.75342465753424,20.0,,12.273972602739718
2021-08-22,1.26,5.000000000000004,9.000000000000007,41.99999999999999,4.398668331252606,6.634840871021783,34.581345826235086,79.94520547945206,97.17819195262149,83.3972602739726,64.43835616438355,79.72602739726027,2.849315068493155,30.136986301369863,29.643835616438352,20.0,,12.657534246575338
2021-08-23,1.25,6.000000000000005,10.000000000000009,40.99999999999999,5.3986683312526065,7.634840871021785,33.581345826235086,80.7123287671233,100.0,76.54794520547945,67.72602739726028,79.23287671232877,2.849315068493155,45.58904109589041,26.9041095890411,19.945205479452056,,12.876712328767127
2021-08-24,1.29,2.0000000000000018,4.0000000000000036,36.999999999999986,1.3986683312526027,1.6348408710217792,29.58134582623508,74.35616438356165,100.0,57.0958904109589,70.24657534246576,81.53424657534246,3.287671232876704,40.273972602739725,32.328767123287676,20.54794520547945,,13.260273972602747
2021-08-25,1.35,-6.000000000000005,-7.000000000000006,30.999999999999982,-6.601331668747404,-9.365159128978231,23.581345826235076,68.21917808219177,100.0,47.61643835616438,73.20547945205479,84.05479452054794,3.835616438356155,43.78082191780822,38.68493150684932,22.082191780821915,,13.589041095890408
2021-08-26,1.34,-4.0000000000000036,-3.0000000000000027,29.999999999999982,-4.601331668747402,-5.365159128978227,22.581345826235076,69.42465753424658,97.08183893055103,52.16438356164383,75.17808219178082,83.06849315068493,3.671232876712324,38.95890410958904,41.04109589041096,21.917808219178085,,13.863013698630127
2021-08-27,1.31,0.0,3.0000000000000027,31.999999999999986,-0.6013316687473991,0.6348408710217783,24.58134582623508,72.21917808219177,100.0,60.10958904109589,76.7123287671233,83.06849315068493,4.547945205479451,40.657534246575345,40.98630136986301,21.315068493150676,,14.246575342465746
2021-08-28,1.31,-2.0000000000000018,6.000000000000005,23.0,-2.6013316687474006,3.634840871021781,15.581345826235093,72.0,100.0,31.67123287671233,77.58904109589041,83.06849315068493,4.547945205479451,58.41095890410959,40.71232876712328,21.315068493150676,,14.520547945205479
2021-08-29,1.31,2.0000000000000018,6.000000000000005,26.0,1.3986683312526027,3.634840871021781,18.581345826235093,71.78082191780823,100.0,45.20547945205479,78.57534246575342,83.06849315068493,4.547945205479451,48.71232876712329,40.71232876712328,21.315068493150676,,14.904109589041099
2021-08-30,1.29,4.0000000000000036,8.000000000000007,26.0,3.3986683312526047,5.634840871021783,18.581345826235093,73.53424657534246,100.0,65.0958904109589,80.98630136986301,83.06849315068493,4.054794520547944,54.19178082191781,40.71232876712328,20.54794520547945,,15.178082191780817
2021-08-31,1.3,3.0000000000000027,1.0000000000000009,25.0,2.398668331252604,-1.3651591289782234,17.581345826235093,72.21917808219177,99.54548897810773,43.397260273972606,82.46575342465754,83.56164383561644,3.671232876712324,42.3013698630137,34.52054794520548,20.986301369863014,,15.506849315068493
2021-09-01,1.31,2.0000000000000018,2.0000000000000018,24.0,1.3986683312526027,-0.36515912897822256,16.581345826235093,70.79452054794521,100.0,54.08219178082192,83.23287671232876,83.83561643835617,0.3287671232876761,24.767123287671232,40.493150684931514,21.424657534246577,,5.808219178082197
2021-09-02,1.29,8.999999999999986,3.0000000000000027,29.000000000000004,8.398668331252587,0.6348408710217783,21.581345826235097,72.98630136986301,99.75090579710145,59.506849315068486,82.02739726027397,82.95890410958904,0.2191780821917888,28.054794520547944,40.219178082191775,20.54794520547945,,5.972602739726028
2021-09-03,1.33,2.0000000000000018,7.999999999999985,23.0,1.3986683312526027,5.63484087102176,15.581345826235093,67.56164383561644,100.0,47.013698630136986,79.72602739726028,84.05479452054794,0.38356164383561975,25.917808219178085,42.63013698630137,22.082191780821915,,6.0821917808219155
2021-09-04,1.33,-3.0000000000000027,13.99999999999999,27.0,-3.6013316687474015,11.634840871021765,19.581345826235093,67.2876712328767,100.0,50.95890410958904,76.87671232876713,84.05479452054794,0.38356164383561975,12.493150684931507,42.63013698630137,22.082191780821915,,6.30136986301369
2021-09-05,1.33,2.0000000000000018,13.99999999999999,19.999999999999996,1.3986683312526027,11.634840871021765,12.58134582623509,66.9041095890411,100.0,36.602739726027394,73.86301369863014,84.05479452054794,0.38356164383561975,14.465753424657535,42.52054794520548,22.082191780821915,,6.465753424657535
2021-09-06,1.33,2.0000000000000018,13.99999999999999,11.99999999999999,1.3986683312526027,11.634840871021765,4.581345826235083,66.46575342465754,100.0,36.65753424657534,71.34246575342465,84.05479452054794,0.38356164383561975,18.465753424657535,42.410958904109584,22.082191780821915,,6.630136986301366
2021-09-07,1.38,-2.9999999999999805,10.000000000000009,7.000000000000006,-3.6013316687473793,7.634840871021785,-0.41865417376490033,57.42465753424658,100.0,33.15068493150685,71.34246575342465,85.15068493150685,0.7671232876712395,26.136986301369863,42.35616438356165,23.342465753424662,,6.794520547945211
2021-09-08,1.35,-2.0000000000000018,18.999999999999993,9.999999999999986,-2.6013316687474006,16.63484087102177,2.5813458262350792,62.52054794520548,98.37897853441895,36.0,63.61643835616439,84.32876712328768,1.3150684931506902,22.301369863013697,42.30136986301369,22.739726027397253,,7.06849315068493
2021-09-09,1.3,-2.0000000000000018,25.0,20.999999999999996,-2.6013316687474006,22.634840871021776,13.58134582623509,69.53424657534246,96.56550703182828,52.273972602739725,61.47945205479452,81.42465753424658,1.3150684931506902,25.47945205479452,44.93150684931507,21.041095890410958,,7.2328767123287605
2021-09-10,1.35,-4.0000000000000036,16.999999999999993,10.999999999999988,-4.601331668747402,14.634840871021769,3.581345826235081,61.97260273972603,93.0940044411547,39.78082191780822,59.83561643835616,83.94520547945206,2.027397260273972,47.561643835616444,50.95890410958904,22.79452054794521,,7.506849315068493
2021-09-11,1.35,-1.0000000000000009,12.99999999999999,20.999999999999996,-1.6013316687474,10.634840871021765,13.58134582623509,61.47945205479452,93.0940044411547,30.575342465753426,57.0958904109589,83.94520547945206,2.027397260273972,57.150684931506845,50.73972602739726,22.79452054794521,,7.7260273972602675
2021-09-12,1.35,2.0000000000000018,12.99999999999999,20.999999999999996,1.3986683312526027,10.634840871021765,13.58134582623509,61.04109589041096,93.0940044411547,29.972602739726028,60.49315068493151,83.94520547945206,2.027397260273972,62.3013698630137,50.301369863013704,22.79452054794521,,7.945205479452056
2021-09-13,1.33,4.0000000000000036,14.999999999999991,25.0,3.3986683312526047,12.634840871021767,17.581345826235093,64.0,92.95336787564766,34.02739726027397,60.32876712328767,83.94520547945206,0.9315068493150704,56.054794520547944,53.534246575342465,22.13698630136986,,8.219178082191775
2021-09-14,1.28,9.000000000000007,20.999999999999996,30.000000000000004,8.398668331252608,18.634840871021773,22.581345826235097,70.63013698630137,91.48038490007401,57.205479452054796,62.465753424657535,81.2054794520548,0.38356164383561975,39.50684931506849,53.150684931506845,20.493150684931507,,8.438356164383563
2021-09-15,1.31,0.0,23.0,27.0,-0.6013316687473991,20.634840871021776,19.581345826235093,66.30136986301369,94.94448556624722,72.05479452054794,62.84931506849315,82.95890410958904,0.7671232876712395,40.273972602739725,58.465753424657535,21.589041095890423,,8.657534246575338
2021-09-16,1.34,-1.0000000000000009,18.999999999999993,28.999999999999982,-1.6013316687474,16.63484087102177,21.581345826235076,60.76712328767123,95.35159141376758,68.21917808219177,60.54794520547945,83.28767123287672,0.7671232876712395,35.83561643835617,60.273972602739725,22.739726027397253,,8.876712328767127
2021-09-17,1.37,-5.000000000000004,20.999999999999996,25.99999999999998,-5.601331668747403,18.634840871021773,18.581345826235072,55.56164383561644,94.43138184678016,62.73972602739726,57.15068493150685,84.82191780821918,0.38356164383561975,33.26027397260274,62.082191780821915,23.45205479452055,,9.260273972602732
2021-09-18,1.37,3.9999999999999813,24.0,23.0,3.3986683312525825,21.634840871021776,15.581345826235093,55.12328767123288,94.43138184678016,66.9041095890411,54.95890410958904,84.82191780821918,0.38356164383561975,30.136986301369863,61.64383561643836,23.45205479452055,,9.424657534246577
2021-09-19,1.37,9.999999999999986,24.0,21.999999999999996,9.398668331252587,21.634840871021776,14.58134582623509,54.84931506849315,94.43138184678016,70.84931506849314,52.21917808219178,84.82191780821918,0.38356164383561975,25.315068493150683,61.31506849315069,23.45205479452055,,9.753424657534254
2021-09-20,1.31,15.999999999999993,30.000000000000004,23.0,15.398668331252594,27.63484087102178,15.581345826235093,64.21917808219177,80.30347890451517,81.58904109589041,52.602739726027394,81.42465753424658,0.0,15.178082191780822,58.9041095890411,21.589041095890423,,10.082191780821915
2021-09-21,1.33,13.99999999999999,28.000000000000004,20.999999999999996,13.39866833125259,25.63484087102178,13.58134582623509,60.49315068493151,80.73279052553663,81.80821917808218,53.97260273972603,83.12328767123289,0.0,14.191780821917806,60.38356164383561,22.301369863013704,,10.465753424657535
2021-09-22,1.32,15.999999999999993,27.0,21.999999999999996,15.398668331252594,24.634840871021776,14.58134582623509,61.75342465753425,84.86306439674316,74.73972602739725,54.02739726027397,80.82191780821918,0.0,27.78082191780822,60.21917808219178,22.301369863013704,,10.849315068493155
2021-09-23,1.41,13.00000000000001,15.000000000000014,21.999999999999996,12.398668331252612,12.63484087102179,14.58134582623509,47.890410958904106,89.00814211695041,48.273972602739725,54.24657534246575,84.43835616438356,0.38356164383561975,32.38356164383562,64.38356164383562,24.38356164383562,,11.287671232876718
2021-09-24,1.47,8.000000000000007,5.000000000000004,19.999999999999996,7.398668331252608,2.63484087102178,12.58134582623509,37.534246575342465,89.45965951147298,35.28767123287671,55.50684931506849,86.24657534246576,0.8219178082191689,38.465753424657535,67.17808219178082,25.424657534246577,,11.835616438356169
2021-09-25,1.47,5.000000000000004,12.00000000000001,16.999999999999993,4.398668331252606,9.634840871021787,9.581345826235086,37.369863013698634,89.45965951147298,32.32876712328767,56.49315068493151,86.24657534246576,0.8219178082191689,52.98630136986301,66.41095890410959,25.424657534246577,,12.164383561643831
2021-09-26,1.47,1.0000000000000009,12.00000000000001,16.999999999999993,0.3986683312526018,9.634840871021787,9.581345826235086,37.04109589041096,89.45965951147298,32.49315068493151,57.91780821917808,86.24657534246576,0.8219178082191689,70.08219178082193,65.86301369863014,25.424657534246577,,12.602739726027394
2021-09-27,1.48,0.0,11.00000000000001,0.0,-0.6013316687473991,8.634840871021787,-7.4186541737649065,35.39726027397259,85.78830495928942,25.753424657534246,61.04109589041096,85.47945205479452,1.3150684931506902,79.5068493150685,72.98630136986301,25.972602739726028,,12.93150684931507
2021-09-28,1.54,-6.000000000000005,5.000000000000004,-6.000000000000005,-6.601331668747404,2.63484087102178,-13.418654173764912,24.93150684931507,73.05699481865285,11.013698630136986,63.83561643835616,89.64383561643837,2.136986301369859,84.7123287671233,64.65753424657535,27.671232876712324,,13.369863013698634
2021-09-29,1.55,-6.000000000000005,9.999999999999986,-7.000000000000006,-6.601331668747404,7.634840871021762,-14.418654173764914,22.958904109589042,72.31680236861584,11.287671232876713,65.86301369863014,90.57534246575342,1.6986301369862957,74.13698630136987,62.02739726027397,28.273972602739732,,13.643835616438366
2021-09-30,1.52,2.0000000000000018,12.99999999999999,0.0,1.3986683312526027,10.634840871021765,-7.4186541737649065,28.16438356164383,70.62176165803109,11.232876712328768,67.3972602739726,90.35616438356165,1.6986301369862957,47.06849315068493,50.9041095890411,27.06849315068493,,14.082191780821915
2021-10-01,1.48,5.000000000000004,19.999999999999996,-5.000000000000004,4.398668331252606,17.634840871021773,-12.41865417376491,35.28767123287672,72.96817172464841,14.849315068493151,65.91780821917808,88.05479452054794,0.0,62.95890410958904,50.465753424657535,25.972602739726028,,88.98630136986301
2021-10-02,1.48,10.000000000000009,17.999999999999993,-5.000000000000004,9.39866833125261,15.634840871021769,-12.41865417376491,35.17808219178082,72.96817172464841,15.123287671232877,64.6027397260274,88.05479452054794,0.0,55.28767123287671,50.02739726027397,25.972602739726028,,88.93150684931507
2021-10-03,1.48,13.00000000000001,17.999999999999993,-4.0000000000000036,12.398668331252612,15.634840871021769,-11.41865417376491,35.06849315068493,72.96817172464841,19.78082191780822,63.34246575342466,88.05479452054794,0.0,52.54794520547945,49.58904109589041,25.972602739726028,,88.87671232876713
2021-10-04,1.49,12.00000000000001,16.999999999999993,-13.99999999999999,11.398668331252612,14.634840871021769,-21.418654173764896,32.65753424657534,64.10066617320503,24.32876712328767,65.31506849315068,88.54794520547945,0.0,50.082191780821915,49.369863013698634,26.301369863013704,,88.76712328767124
2021-10-05,1.54,7.000000000000006,9.999999999999986,-18.999999999999993,6.398668331252607,7.634840871021762,-26.4186541737649,24.16438356164383,69.81495188749075,15.945205479452055,66.73972602739727,91.34246575342466,0.2191780821917888,50.02739726027398,52.657534246575345,27.945205479452056,,88.65753424657534
2021-10-06,1.53,8.000000000000007,9.999999999999986,-17.999999999999993,7.398668331252608,7.634840871021762,-25.4186541737649,25.863013698630127,72.88675055514435,15.780821917808218,65.75342465753425,89.47945205479452,0.2191780821917888,40.054794520547944,52.54794520547945,27.835616438356155,,88.54794520547945
2021-10-07,1.58,1.0000000000000009,-4.0000000000000036,-15.000000000000014,0.3986683312526018,-6.365159128978227,-22.41865417376492,17.808219178082197,76.50629163582532,9.972602739726028,66.9041095890411,91.34246575342466,0.3287671232876761,56.10958904109589,48.65753424657534,30.13698630136986,,88.4931506849315
2021-10-08,1.61,-5.000000000000004,-4.0000000000000036,-13.00000000000001,-5.601331668747403,-6.365159128978227,-20.418654173764917,14.849315068493155,74.34492968171725,7.9452054794520555,66.30136986301369,92.82191780821918,0.38356164383561975,61.80821917808219,52.10958904109589,32.054794520547944,,88.43835616438356
2021-10-09,1.61,-9.000000000000007,-6.000000000000005,-9.000000000000007,-9.601331668747406,-8.36515912897823,-16.418654173764914,14.958904109589042,74.34492968171725,7.3424657534246585,66.13698630136986,92.82191780821918,0.38356164383561975,52.16438356164383,51.28767123287671,32.054794520547944,,88.32876712328768
2021-10-10,1.61,-2.0000000000000018,-6.000000000000005,-12.00000000000001,-2.6013316687474006,-8.36515912897823,-19.418654173764917,15.123287671232873,74.34492968171725,8.876712328767123,65.36986301369863,92.82191780821918,0.38356164383561975,54.630136986301366,50.794520547945204,32.054794520547944,,88.27397260273972
2021-10-11,1.61,-2.0000000000000018,-6.000000000000005,-13.00000000000001,-2.6013316687474006,-8.36515912897823,-20.418654173764917,15.178082191780817,71.15470022205773,8.383561643835616,64.65753424657535,92.82191780821918,0.38356164383561975,78.84931506849315,50.465753424657535,32.054794520547944,,88.21917808219177
2021-10-12,1.59,0.0,-1.0000000000000009,-11.00000000000001,-0.6013316687473991,-3.3651591289782252,-18.418654173764917,16.986301369863014,69.75573649148778,14.520547945205479,68.4931506849315,90.02739726027397,0.38356164383561975,68.32876712328768,56.82191780821918,30.794520547945197,,88.10958904109589
2021-10-13,1.56,3.0000000000000027,0.0,-8.000000000000007,2.398668331252604,-2.3651591289782243,-15.418654173764914,20.986301369863014,73.04219096965211,27.342465753424655,70.02739726027397,86.1917808219178,0.657534246575338,81.53424657534246,63.013698630136986,29.20547945205479,,88.05479452054794
2021-10-14,1.52,12.99999999999999,8.000000000000007,-10.000000000000009,12.39866833125259,5.634840871021783,-17.418654173764914,27.945205479452056,81.12509252405626,31.506849315068493,70.1917808219178,84.16438356164385,0.657534246575338,89.20547945205479,58.68493150684932,27.287671232876704,,88.0
2021-10-15,1.59,5.999999999999983,-6.000000000000005,-15.000000000000014,5.398668331252584,-8.36515912897823,-22.41865417376492,17.0958904109589,84.00444115470023,26.136986301369863,72.65753424657535,85.42465753424658,0.7671232876712395,93.91780821917808,72.3835616438356,30.9041095890411,,87.94520547945206
2021-10-16,1.59,8.999999999999986,-14.000000000000012,-12.00000000000001,8.398668331252587,-16.365159128978238,-19.418654173764917,17.369863013698634,84.00444115470023,26.136986301369863,74.84931506849315,85.42465753424658,0.7671232876712395,93.91780821917808,71.72602739726027,30.9041095890411,,87.83561643835617
2021-10-17,1.59,6.999999999999984,-14.000000000000012,-15.000000000000014,6.398668331252585,-16.365159128978238,-22.41865417376492,17.534246575342465,84.00444115470023,35.178082191780824,76.32876712328768,85.42465753424658,0.7671232876712395,93.31506849315069,71.17808219178082,30.9041095890411,,87.78082191780823
2021-10-18,1.59,6.999999999999984,-14.000000000000012,-18.000000000000014,6.398668331252585,-16.365159128978238,-25.41865417376492,17.69863013698631,88.62324204293117,33.47945205479452,72.76712328767124,83.67123287671234,0.7671232876712395,94.30136986301369,80.6027397260274,30.9041095890411,,87.72602739726028
2021-10-19,1.65,1.0000000000000009,-13.99999999999999,-24.0,0.3986683312526018,-16.365159128978213,-31.418654173764907,11.342465753424662,91.82087342709104,13.589041095890412,70.13698630136986,89.97260273972603,0.7671232876712395,92.27397260273973,80.21917808219177,34.79452054794521,,87.67123287671232
2021-10-20,1.65,-1.0000000000000009,-18.999999999999993,-24.0,-1.6013316687474,-21.365159128978217,-31.418654173764907,11.506849315068493,91.19911176905995,14.301369863013699,70.08219178082192,90.24657534246575,1.0410958904109577,83.78082191780823,73.15068493150685,34.79452054794521,,87.56164383561644
2021-10-21,1.68,-5.000000000000004,-11.99999999999999,-25.0,-5.601331668747403,-14.365159128978213,-32.41865417376491,10.027397260273972,94.19689119170984,14.356164383561643,64.82191780821918,89.04109589041096,1.0958904109589014,67.78082191780823,75.78082191780823,35.89041095890411,,87.5068493150685
2021-10-22,1.66,-11.99999999999999,-9.999999999999986,-17.999999999999993,-12.601331668747388,-12.36515912897821,-25.4186541737649,11.06849315068493,90.11843079200592,21.36986301369863,52.38356164383562,85.04109589041096,1.0958904109589014,54.410958904109584,79.56164383561644,35.34246575342466,,87.45205479452055
2021-10-23,1.66,-8.999999999999986,-7.999999999999985,-19.999999999999996,-9.601331668747385,-10.36515912897821,-27.418654173764903,11.342465753424662,90.11843079200592,17.698630136986303,44.49315068493151,85.04109589041096,1.0958904109589014,67.5068493150685,79.23287671232876,35.34246575342466,,87.3972602739726
2021-10-24,1.66,-10.999999999999988,-7.999999999999985,-15.999999999999993,-11.601331668747386,-10.36515912897821,-23.4186541737649,11.45205479452055,90.11843079200592,10.684931506849315,40.16438356164384,85.04109589041096,1.0958904109589014,76.10958904109589,79.01369863013699,35.34246575342466,,87.28767123287672
2021-10-25,1.64,-8.999999999999986,-5.999999999999983,-13.99999999999999,-9.601331668747385,-8.365159128978208,-21.418654173764896,13.534246575342465,94.700222057735,11.506849315068493,41.31506849315068,84.10958904109589,1.3150684931506902,62.465753424657535,76.7123287671233,34.24657534246576,,87.23287671232876
2021-10-26,1.63,-7.999999999999985,0.0,-12.99999999999999,-8.601331668747385,-2.3651591289782243,-20.418654173764896,14.904109589041099,96.15840118430792,19.013698630136986,42.35616438356165,83.45205479452055,1.3698630136986338,63.013698630136986,80.7123287671233,33.369863013698634,,87.17808219178082
2021-10-27,1.54,4.0000000000000036,8.999999999999986,-4.0000000000000036,3.3986683312526047,6.634840871021762,-11.41865417376491,27.506849315068493,97.40932642487047,41.47945205479452,41.47945205479452,77.31506849315069,1.3150684931506902,48.273972602739725,84.82191780821918,28.054794520547944,,87.12328767123287
2021-10-28,1.57,-1.0000000000000009,3.0000000000000027,-9.000000000000007,-1.6013316687474,0.6348408710217783,-16.418654173764914,22.027397260273972,100.0,36.49315068493151,39.23287671232877,78.95890410958904,1.0410958904109577,55.17808219178082,84.54794520547945,29.972602739726028,,87.01369863013699
2021-10-29,1.55,5.000000000000004,4.0000000000000036,-6.000000000000005,4.398668331252606,1.6348408710217792,-13.418654173764912,25.643835616438366,100.0,40.38356164383561,33.26027397260273,78.95890410958904,0.657534246575338,52.38356164383562,83.94520547945206,28.76712328767124,,86.95890410958904
2021-10-30,1.55,-2.0000000000000018,-1.0000000000000009,0.0,-2.6013316687474006,-3.3651591289782252,-7.4186541737649065,25.643835616438366,100.0,26.35616438356164,30.739726027397268,78.95890410958904,0.657534246575338,75.12328767123287,83.3972602739726,28.76712328767124,,86.9041095890411
2021-10-31,1.55,-10.000000000000009,-1.0000000000000009,-3.0000000000000027,-10.601331668747408,-3.3651591289782252,-10.41865417376491,25.808219178082197,100.0,27.06849315068493,28.054794520547944,78.95890410958904,0.657534246575338,77.97260273972603,83.12328767123287,28.76712328767124,,86.84931506849315
2021-11-01,1.58,-13.00000000000001,-4.0000000000000036,-6.000000000000005,-13.60133166874741,-6.365159128978227,-13.418654173764912,20.602739726027394,100.0,16.986301369863014,22.191780821917803,79.5068493150685,0.0,61.753424657534254,82.84931506849315,30.52054794520548,,27.342465753424662
2021-11-02,1.56,-11.00000000000001,6.999999999999984,-4.0000000000000036,-11.60133166874741,4.63484087102176,-11.41865417376491,24.21917808219179,100.0,40.87671232876712,23.945205479452056,80.82191780821918,0.05479452054794365,51.671232876712324,77.58904109589041,29.47945205479452,,27.671232876712324
2021-11-03,1.6,-9.000000000000007,6.999999999999984,-8.000000000000007,-9.601331668747406,4.63484087102176,-15.418654173764914,18.41095890410959,100.0,39.56164383561644,25.753424657534254,82.30136986301369,0.1095890410958873,45.58904109589041,79.89041095890411,32.49315068493151,,27.945205479452056
2021-11-04,1.53,-7.000000000000006,10.999999999999988,9.999999999999986,-7.601331668747405,8.634840871021764,2.5813458262350792,29.808219178082197,100.0,53.58904109589041,26.41095890410959,81.86301369863014,0.16438356164383094,34.02739726027397,72.27397260273973,27.890410958904113,,28.219178082191775
2021-11-05,1.45,11.00000000000001,18.999999999999993,20.999999999999996,10.398668331252612,16.63484087102177,13.58134582623509,43.45205479452054,100.0,70.79452054794521,27.287671232876704,78.19178082191782,0.16438356164383094,30.684931506849317,71.78082191780823,24.93150684931507,,28.602739726027394
2021-11-06,1.45,11.00000000000001,3.0000000000000027,26.0,10.398668331252612,0.6348408710217783,18.581345826235093,43.45205479452054,100.0,73.91780821917808,28.657534246575338,78.19178082191782,0.16438356164383094,30.246575342465754,71.34246575342465,24.93150684931507,,28.876712328767113
2021-11-07,1.45,13.00000000000001,3.0000000000000027,28.000000000000004,12.398668331252612,0.6348408710217783,20.581345826235097,43.45205479452054,100.0,83.8904109589041,28.986301369863014,78.19178082191782,0.16438356164383094,31.67123287671233,70.84931506849315,24.93150684931507,,29.20547945205479
2021-11-08,1.51,7.000000000000006,-3.0000000000000027,25.0,6.398668331252607,-5.365159128978227,17.581345826235093,32.767123287671225,99.40806511283759,83.01369863013699,29.369863013698634,78.24657534246575,0.38356164383561975,36.32876712328767,85.26027397260273,27.178082191780817,,29.643835616438352
2021-11-09,1.46,12.00000000000001,6.000000000000005,30.000000000000004,11.398668331252612,3.634840871021781,22.581345826235097,41.36986301369863,96.57171044518437,88.21917808219179,31.123287671232873,77.53424657534246,0.4383561643835634,64.43835616438356,85.04109589041096,25.424657534246577,,30.027397260273972
2021-11-10,1.56,6.999999999999984,-13.00000000000001,19.999999999999996,6.398668331252585,-15.365159128978235,12.58134582623509,24.876712328767127,90.84350721420644,76.32876712328766,30.246575342465746,77.58904109589041,0.49315068493150704,32.986301369863014,85.91780821917808,29.808219178082197,,30.52054794520548
2021-11-11,1.56,6.999999999999984,-13.00000000000001,21.999999999999996,6.398668331252585,-15.365159128978235,14.58134582623509,25.150684931506845,91.88555925514859,75.67123287671232,30.191780821917817,77.64383561643837,0.49315068493150704,37.80821917808219,85.6986301369863,29.808219178082197,,30.9041095890411
2021-11-12,1.58,2.0000000000000018,-14.000000000000012,16.999999999999993,1.3986683312526027,-16.365159128978238,9.581345826235086,21.86301369863014,96.07843137254902,71.17808219178082,30.30136986301369,77.6986301369863,0.6027397260274086,44.82191780821918,78.52054794520548,31.013698630136986,,31.45205479452055
2021-11-13,1.58,1.0000000000000009,-23.0,15.999999999999993,0.3986683312526018,-25.365159128978224,8.581345826235086,22.356164383561634,96.07843137254902,72.98630136986301,31.232876712328775,77.75342465753424,0.6027397260274086,38.794520547945204,77.97260273972603,31.013698630136986,,32.054794520547944
2021-11-14,1.58,-4.0000000000000036,-23.0,11.99999999999999,-4.601331668747402,-25.365159128978224,4.581345826235083,22.63013698630138,96.07843137254902,81.04109589041096,31.83561643835617,77.8082191780822,0.6027397260274086,44.49315068493151,77.47945205479452,31.013698630136986,,32.602739726027394
2021-11-15,1.63,-8.999999999999986,-27.99999999999998,15.000000000000014,-9.601331668747385,-30.365159128978203,7.581345826235108,15.890410958904113,95.44760582928522,64.16438356164383,31.232876712328775,80.76712328767123,0.7671232876712395,45.42465753424658,75.2876712328767,34.41095890410959,,33.534246575342465
2021-11-16,1.63,-8.999999999999986,-19.999999999999996,15.000000000000014,-9.601331668747385,-22.36515912897822,7.581345826235108,16.0,98.58431644691187,71.8904109589041,31.45205479452055,80.16438356164383,0.6027397260274086,28.986301369863014,67.72602739726028,34.41095890410959,,34.35616438356165
2021-11-17,1.6,2.9999999999999805,-12.00000000000001,17.999999999999993,2.3986683312525816,-14.365159128978235,10.581345826235086,20.054794520547944,98.87609075043629,82.57534246575342,32.0,79.78082191780823,0.49315068493150704,14.356164383561643,61.04109589041096,33.0958904109589,,35.23287671232876
2021-11-18,1.59,7.999999999999985,-7.000000000000006,18.999999999999993,7.398668331252586,-9.365159128978231,11.581345826235086,22.082191780821915,100.0,83.8904109589041,33.86301369863014,79.17808219178082,0.657534246575338,18.08219178082192,63.013698630136986,31.890410958904113,,36.0
2021-11-19,1.54,9.999999999999986,-5.000000000000004,33.00000000000001,9.398668331252587,-7.365159128978229,25.5813458262351,31.232876712328775,100.0,88.71232876712328,36.21917808219178,75.12328767123287,0.49315068493150704,30.63013698630137,62.63013698630137,28.38356164383562,,36.65753424657534
2021-11-20,1.54,9.999999999999986,-6.000000000000005,29.000000000000004,9.398668331252587,-8.36515912897823,21.581345826235097,31.506849315068493,100.0,89.58904109589041,38.84931506849315,75.17808219178083,0.49315068493150704,20.65753424657534,62.19178082191781,28.38356164383562,,36.986301369863014
2021-11-21,1.54,-6.000000000000005,-6.000000000000005,29.000000000000004,-6.601331668747404,-8.36515912897823,21.581345826235097,31.945205479452056,100.0,82.35616438356165,41.26027397260273,75.23287671232876,0.49315068493150704,26.465753424657535,61.80821917808219,28.38356164383562,,37.15068493150685
2021-11-22,1.63,-14.999999999999991,-14.999999999999991,12.00000000000001,-15.60133166874739,-17.365159128978217,4.581345826235104,17.58904109589041,94.92706006045472,65.0958904109589,43.06849315068493,74.13698630136987,0.38356164383561975,26.465753424657535,67.89041095890411,34.68493150684931,,37.64383561643836
2021-11-23,1.67,-18.999999999999993,-25.0,8.000000000000007,-19.60133166874739,-27.365159128978224,0.5813458262351006,13.31506849315069,93.08713365751085,40.054794520547944,43.99999999999999,78.9041095890411,0.4383561643835634,25.424657534246574,61.04109589041096,37.20547945205479,,37.97260273972603
2021-11-24,1.64,-11.99999999999999,-19.999999999999996,11.00000000000001,-12.601331668747388,-22.36515912897822,3.581345826235104,16.986301369863014,94.50650545406755,68.76712328767123,43.99999999999999,74.1917808219178,0.38356164383561975,14.191780821917806,63.013698630136986,35.78082191780821,,38.19178082191781
2021-11-25,1.64,-20.999999999999996,-16.999999999999993,11.00000000000001,-21.601331668747395,-19.365159128978217,3.581345826235104,17.20547945205479,94.50650545406755,68.76712328767123,45.09589041095891,74.24657534246575,0.38356164383561975,14.246575342465754,62.410958904109584,35.78082191780821,,38.35616438356164
2021-11-26,1.48,-5.000000000000004,-4.0000000000000036,30.000000000000004,-5.601331668747403,-6.365159128978227,22.581345826235097,44.87671232876712,86.22683664082008,84.16438356164385,41.58904109589041,73.42465753424658,0.3287671232876761,6.410958904109589,36.712328767123296,26.191780821917803,,38.57534246575342
2021-11-27,1.48,-4.0000000000000036,-7.000000000000006,37.000000000000014,-4.601331668747402,-9.365159128978231,29.581345826235108,45.09589041095891,86.22683664082008,82.35616438356165,39.56164383561644,73.47945205479452,0.3287671232876761,6.2465753424657535,36.54794520547945,26.191780821917803,,39.50684931506849
2021-11-28,1.48,-12.99999999999999,-7.000000000000006,33.00000000000001,-13.601331668747388,-9.365159128978231,25.5813458262351,45.26027397260274,86.22683664082008,88.32876712328766,38.84931506849315,73.53424657534246,0.3287671232876761,7.726027397260274,35.945205479452056,26.191780821917803,,40.493150684931514
2021-11-29,1.52,-16.999999999999993,-11.00000000000001,26.0,-17.60133166874739,-13.365159128978235,18.581345826235093,38.52054794520547,95.15705086082271,87.61643835616438,38.90410958904109,75.06849315068493,0.16438356164383094,10.52054794520548,38.52054794520547,27.72602739726028,,40.71232876712328
2021-11-30,1.43,-7.999999999999985,0.0,35.00000000000001,-8.601331668747385,-2.3651591289782243,27.5813458262351,53.534246575342465,88.84216059929031,95.17808219178082,41.8082191780822,70.52054794520548,0.0,15.726027397260273,38.301369863013704,24.54794520547945,,40.71232876712328
2021-12-01,1.43,0.0,5.000000000000004,35.00000000000001,-0.6013316687473991,2.63484087102178,27.5813458262351,53.64383561643836,81.46274149034039,93.26027397260273,44.82191780821918,69.26027397260273,0.0,18.410958904109588,38.19178082191781,24.54794520547945,,23.342465753424662
2021-12-02,1.44,4.0000000000000036,2.0000000000000018,35.00000000000001,3.3986683312526047,-0.36515912897822256,27.5813458262351,52.438356164383556,84.1347129235139,94.24657534246576,47.506849315068486,65.04109589041096,0.05479452054794365,28.821917808219176,40.219178082191775,24.657534246575338,,23.78082191780821
2021-12-03,1.35,16.999999999999993,14.999999999999991,46.0,16.398668331252594,12.634840871021767,38.58134582623509,66.73972602739727,76.81071211199027,96.10958904109589,50.57534246575342,61.47945205479453,0.0,19.67123287671233,37.534246575342465,23.17808219178083,,24.109589041095887
2021-12-04,1.35,13.99999999999999,14.999999999999991,42.99999999999999,13.39866833125259,12.634840871021767,35.581345826235086,66.9041095890411,76.81071211199027,96.16438356164385,52.87671232876712,61.534246575342465,0.0,19.78082191780822,37.26027397260274,23.17808219178083,,24.16438356164383
2021-12-05,1.35,12.99999999999999,14.999999999999991,47.0,12.39866833125259,12.634840871021767,39.58134582623509,67.06849315068493,76.81071211199027,95.5068493150685,55.67123287671233,61.58904109589041,0.0,23.28767123287671,36.986301369863014,23.17808219178083,,24.27397260273972
2021-12-06,1.43,5.000000000000004,7.000000000000006,50.0,4.398668331252606,4.634840871021781,42.58134582623509,53.863013698630134,80.1920605937648,81.36986301369863,57.42465753424658,62.3013698630137,0.16438356164383094,46.41095890410959,42.13698630136986,24.712328767123296,,24.438356164383563
2021-12-07,1.48,0.0,0.0,44.99999999999999,-0.6013316687473991,-2.3651591289782243,37.581345826235086,47.506849315068486,92.8142038305606,79.56164383561644,60.54794520547945,62.520547945205486,0.27397260273971824,37.75342465753425,53.150684931506845,26.575342465753423,,24.657534246575338
2021-12-08,1.52,-10.000000000000009,-3.0000000000000027,40.99999999999999,-10.601331668747408,-5.365159128978227,33.581345826235086,39.94520547945205,94.89025583671187,58.84931506849315,63.28767123287671,67.72602739726027,0.38356164383561975,48.821917808219176,41.31506849315068,28.16438356164383,,24.712328767123296
2021-12-09,1.49,-5.000000000000004,6.000000000000005,42.99999999999999,-5.601331668747403,3.634840871021781,35.581345826235086,45.91780821917808,88.08192366839089,66.35616438356165,64.93150684931507,63.726027397260275,0.27397260273971824,41.97260273972603,34.41095890410959,27.123287671232873,,24.76712328767124
2021-12-10,1.48,-1.0000000000000009,4.0000000000000036,48.0,-1.6013316687474,1.6348408710217792,40.58134582623509,48.21917808219178,93.14273731301552,62.630136986301366,65.69863013698631,65.42465753424658,0.16438356164383094,33.26027397260274,28.1095890410959,26.575342465753423,,24.93150684931507
2021-12-11,1.48,-4.0000000000000036,4.0000000000000036,46.0,-4.601331668747402,1.6348408710217792,38.58134582623509,48.43835616438356,93.14273731301552,71.01369863013699,66.41095890410959,65.47945205479452,0.16438356164383094,33.64383561643835,27.945205479452056,26.575342465753423,,25.041095890410958
2021-12-12,1.48,-7.000000000000006,4.0000000000000036,54.999999999999986,-7.601331668747405,1.6348408710217792,47.58134582623508,48.6027397260274,93.14273731301552,68.16438356164383,67.89041095890411,65.53424657534246,0.16438356164383094,34.73972602739726,27.72602739726028,26.575342465753423,,25.0958904109589
2021-12-13,1.42,-1.0000000000000009,10.000000000000009,50.0,-1.6013316687474,7.634840871021785,42.58134582623509,56.32876712328767,86.21557388508319,84.4931506849315,68.16438356164383,61.753424657534254,0.0,31.89041095890411,30.41095890410959,24.602739726027394,,25.260273972602747
2021-12-14,1.44,-3.0000000000000027,18.999999999999993,48.0,-3.6013316687474015,16.63484087102177,40.58134582623509,53.97260273972603,81.81881727946316,79.12328767123287,69.91780821917808,62.136986301369866,0.0,43.56164383561644,30.41095890410959,24.93150684931507,,25.369863013698634
2021-12-15,1.47,-4.0000000000000036,18.999999999999993,44.99999999999999,-4.601331668747402,16.63484087102177,37.581345826235086,50.63013698630137,91.97539493918634,53.26027397260275,70.1917808219178,62.68493150684932,0.05479452054794365,39.78082191780822,26.958904109589042,26.13698630136986,,25.58904109589041
2021-12-16,1.44,4.0000000000000036,27.0,54.0,3.3986683312526047,24.634840871021776,46.58134582623509,54.35616438356165,80.30197120089473,51.50684931506849,70.30136986301369,64.38356164383562,0.16438356164383094,46.57534246575342,19.06849315068493,24.93150684931507,,25.58904109589041
2021-12-17,1.41,5.000000000000004,32.00000000000001,63.99999999999999,4.398668331252606,29.634840871021783,56.581345826235086,59.28767123287671,76.01902173913044,66.68493150684931,70.73972602739727,61.369863013698634,0.05479452054794365,41.64383561643836,19.06849315068493,24.54794520547945,,25.753424657534254
2021-12-18,1.41,9.000000000000007,35.00000000000001,61.999999999999986,8.398668331252608,32.63484087102178,54.58134582623508,59.56164383561644,76.01902173913044,67.72602739726027,71.12328767123287,61.42465753424658,0.05479452054794365,37.31506849315068,19.013698630136986,24.54794520547945,,25.917808219178085
2021-12-19,1.41,9.000000000000007,35.00000000000001,56.00000000000001,8.398668331252608,32.63484087102178,48.5813458262351,59.78082191780822,76.01902173913044,51.50684931506849,72.98630136986301,61.47945205479453,0.05479452054794365,42.13698630136986,18.739726027397268,24.54794520547945,,26.027397260273972
2021-12-20,1.43,7.000000000000006,33.00000000000001,49.0,6.398668331252607,30.634840871021783,41.58134582623509,55.945205479452056,73.33286732839368,63.12328767123287,75.23287671232876,62.630136986301366,0.2191780821917888,61.15068493150685,16.657534246575352,24.93150684931507,,26.082191780821915
2021-12-21,1.48,2.0000000000000018,30.000000000000004,43.99999999999999,1.3986683312526027,27.63484087102178,36.581345826235086,49.58904109589041,83.36362365441073,60.05479452054795,76.27397260273972,62.95890410958904,0.6027397260274086,64.71232876712328,17.424657534246577,27.013698630136986,,26.246575342465746
2021-12-22,1.46,2.0000000000000018,29.000000000000004,46.0,1.3986683312526027,26.63484087102178,38.58134582623509,52.49315068493151,88.66908989235286,71.06849315068493,76.87671232876713,62.68493150684932,0.9315068493150704,61.58904109589041,19.726027397260268,26.191780821917803,,26.41095890410959
2021-12-23,1.5,-1.0000000000000009,24.0,41.99999999999999,-1.6013316687474,21.634840871021776,34.581345826235086,47.06849315068493,92.28295819935691,61.534246575342465,79.12328767123287,64.27397260273973,0.9315068493150704,57.64383561643835,19.61643835616438,28.16438356164383,,26.52054794520548
2021-12-24,1.5,5.000000000000004,19.999999999999996,43.99999999999999,4.398668331252606,17.634840871021773,36.581345826235086,47.23287671232876,92.28295819935691,61.534246575342465,80.76712328767124,64.32876712328766,0.9315068493150704,57.69863013698631,19.561643835616437,28.16438356164383,,26.630136986301366
2021-12-25,1.5,2.0000000000000018,28.000000000000004,49.0,1.3986683312526027,25.63484087102178,41.58134582623509,47.506849315068486,92.28295819935691,74.57534246575342,82.73972602739727,64.38356164383562,0.9315068493150704,64.65753424657534,19.561643835616437,28.16438356164383,,26.849315068493155
2021-12-26,1.5,2.0000000000000018,28.000000000000004,46.0,1.3986683312526027,25.63484087102178,38.58134582623509,47.890410958904106,92.28295819935691,76.4931506849315,84.43835616438356,64.43835616438356,0.9315068493150704,67.56164383561644,19.506849315068493,28.16438356164383,,26.9041095890411
2021-12-27,1.48,4.0000000000000036,30.000000000000004,49.0,3.3986683312526047,27.63484087102178,41.58134582623509,51.06849315068493,99.58059555431288,72.54794520547945,86.9041095890411,60.71232876712329,1.3698630136986338,87.94520547945206,19.397260273972606,27.06849315068493,,27.013698630136986
2021-12-28,1.49,3.0000000000000027,29.000000000000004,48.0,2.398668331252604,26.63484087102178,40.58134582623509,49.863013698630134,97.56745421501468,64.82191780821918,88.6027397260274,61.698630136986296,1.3698630136986338,78.9041095890411,19.397260273972606,27.890410958904113,,27.06849315068493
2021-12-29,1.55,7.999999999999985,32.00000000000001,41.99999999999999,7.398668331252586,29.634840871021783,34.581345826235086,38.68493150684932,97.63735495596254,33.97260273972603,89.8082191780822,65.53424657534246,1.5342465753424648,63.287671232876704,21.260273972602732,31.06849315068493,,27.287671232876704
2021-12-30,1.52,13.99999999999999,31.000000000000007,31.000000000000007,13.39866833125259,28.634840871021783,23.5813458262351,44.767123287671225,95.95274709911925,45.04109589041096,89.97260273972603,64.60273972602741,1.5890410958904084,57.91780821917808,21.260273972602732,29.260273972602732,,27.287671232876704
2021-12-31,1.52,18.999999999999993,31.000000000000007,19.999999999999996,18.398668331252594,28.634840871021783,12.58134582623509,45.09589041095891,92.89109464560325,48.43835616438356,90.02739726027397,64.65753424657534,1.5890410958904084,63.23287671232877,21.0958904109589,29.260273972602732,,27.561643835616437
2022-01-01,1.52,20.999999999999996,23.0,34.00000000000001,20.398668331252598,20.634840871021776,26.5813458262351,45.31506849315069,92.89109464560325,63.23287671232877,89.86301369863014,64.71232876712328,0.0,48.38356164383561,20.93150684931507,29.260273972602732,,72.87671232876713
2022-01-02,1.52,24.0,23.0,34.00000000000001,23.3986683312526,20.634840871021776,26.5813458262351,45.80821917808219,92.89109464560325,77.26027397260275,90.41095890410959,64.76712328767124,0.0,34.849315068493155,20.712328767123296,29.260273972602732,,72.71232876712328
2022-01-03,1.63,13.00000000000001,12.00000000000001,11.00000000000001,12.398668331252612,9.634840871021787,3.581345826235104,26.13698630136986,97.49755347406682,25.917808219178085,91.2876712328767,69.69863013698631,0.1095890410958873,34.465753424657535,26.9041095890411,36.76712328767123,,72.4931506849315
2022-01-04,1.66,10.000000000000009,9.000000000000007,8.000000000000007,9.39866833125261,6.634840871021783,0.5813458262351006,21.589041095890423,91.63288130854187,22.082191780821915,91.89041095890411,71.61643835616438,0.1095890410958873,35.83561643835617,22.52054794520548,39.17808219178082,,72.10958904109589
2022-01-05,1.71,7.000000000000006,7.000000000000006,3.0000000000000027,6.398668331252607,4.634840871021781,-4.418654173764904,14.027397260273972,77.394100377464,6.191780821917808,92.21917808219177,71.17808219178082,0.0,51.61643835616439,31.83561643835617,40.93150684931507,,71.83561643835617
2022-01-06,1.73,2.0000000000000018,12.00000000000001,5.000000000000004,1.3986683312526027,9.634840871021787,-2.418654173764902,12.54794520547945,77.18439815462044,7.616438356164383,92.21917808219177,69.75342465753425,0.0,56.38356164383561,38.90410958904109,41.47945205479452,,71.56164383561644
2022-01-07,1.76,-2.0000000000000018,5.000000000000004,10.000000000000009,-2.6013316687474006,2.63484087102178,2.5813458262351023,9.315068493150676,72.20746539913323,5.424657534246576,91.83561643835617,71.78082191780823,0.05479452054794365,62.35616438356164,38.630136986301366,42.849315068493155,,71.28767123287672
2022-01-08,1.76,-6.000000000000005,2.0000000000000018,17.999999999999993,-6.601331668747404,-0.36515912897822256,10.581345826235086,9.698630136986296,72.20746539913323,8.821917808219178,90.9041095890411,71.83561643835617,0.05479452054794365,51.726027397260275,38.301369863013704,42.849315068493155,,71.01369863013699
2022-01-09,1.76,2.0000000000000018,2.0000000000000018,21.999999999999996,1.3986683312526027,-0.36515912897822256,14.58134582623509,10.301369863013704,72.20746539913323,4.054794520547945,89.26027397260273,71.8904109589041,0.05479452054794365,58.52054794520548,37.863013698630134,42.849315068493155,,70.63013698630137
2022-01-10,1.78,0.0,0.0,21.999999999999996,-0.6013316687473991,-2.3651591289782243,14.58134582623509,8.493150684931507,72.96239340137005,3.287671232876712,89.31506849315069,70.35616438356165,0.05479452054794365,56.16438356164384,43.67123287671233,44.10958904109589,,70.35616438356163
2022-01-11,1.75,3.0000000000000027,4.0000000000000036,25.0,2.398668331252604,1.6348408710217792,17.581345826235093,12.164383561643831,79.19753949391864,4.328767123287671,87.61643835616438,69.80821917808218,0.3287671232876761,42.84931506849315,43.28767123287671,42.68493150684931,,69.75342465753425
2022-01-12,1.74,4.0000000000000036,7.000000000000006,26.0,3.3986683312526047,4.634840871021781,18.581345826235093,13.424657534246577,80.77030616524536,1.8630136986301369,79.28767123287672,67.83561643835615,0.05479452054794365,75.34246575342466,40.16438356164384,42.02739726027397,,69.36986301369863
2022-01-13,1.7,17.000000000000014,8.000000000000007,44.000000000000014,16.398668331252615,5.634840871021783,36.58134582623511,19.397260273972606,69.67006850272612,2.73972602739726,74.57534246575342,63.561643835616444,0.0,73.6986301369863,29.424657534246577,40.71232876712328,,68.7123287671233
2022-01-14,1.78,5.000000000000004,4.0000000000000036,36.999999999999986,4.398668331252606,1.6348408710217792,29.58134582623508,9.369863013698634,72.61987977072557,1.4794520547945205,69.31506849315068,64.87671232876713,0.05479452054794365,57.041095890410965,32.383561643835606,44.27397260273973,,68.21917808219177
2022-01-15,1.78,5.000000000000004,14.999999999999991,40.99999999999999,4.398668331252606,12.634840871021767,33.581345826235086,10.027397260273972,72.61987977072557,2.63013698630137,59.06849315068493,64.93150684931507,0.05479452054794365,42.63013698630137,32.0,44.27397260273973,,67.72602739726028
2022-01-16,1.78,-3.0000000000000027,14.999999999999991,42.000000000000014,-3.6013316687474015,12.634840871021767,34.58134582623511,10.410958904109592,72.61987977072557,4.493150684931506,61.31506849315069,64.98630136986301,0.05479452054794365,44.986301369863014,31.83561643835617,44.27397260273973,,67.23287671232876
2022-01-17,1.78,-3.0000000000000027,14.999999999999991,36.00000000000001,-3.6013316687474015,12.634840871021767,28.5813458262351,10.904109589041099,72.61987977072557,10.904109589041095,61.31506849315069,65.04109589041096,0.05479452054794365,36.16438356164384,31.83561643835617,44.27397260273973,,66.68493150684932
2022-01-18,1.87,-12.00000000000001,4.999999999999982,27.0,-12.60133166874741,2.634840871021758,19.581345826235093,5.041095890410958,61.72235425695513,4.383561643835616,57.31506849315068,67.3972602739726,0.27397260273971824,38.410958904109584,35.12328767123287,47.67123287671233,,66.30136986301369
2022-01-19,1.83,-8.000000000000007,12.99999999999999,31.000000000000007,-8.601331668747406,10.634840871021765,23.5813458262351,6.849315068493155,55.63709619397079,6.301369863013699,60.93150684931507,65.0958904109589,0.0,52.438356164383556,39.06849315068494,46.24657534246575,,65.69863013698631
2022-01-20,1.83,-5.000000000000004,10.999999999999988,48.99999999999998,-5.601331668747403,8.634840871021764,41.58134582623507,6.904109589041099,48.43889384478145,9.36986301369863,64.4931506849315,61.753424657534254,0.0,70.52054794520548,31.671232876712324,46.24657534246575,,65.20547945205479
2022-01-21,1.75,10.000000000000009,27.99999999999998,62.999999999999986,9.39866833125261,25.634840871021755,55.58134582623508,16.493150684931507,36.113589057389234,15.616438356164384,68.4931506849315,61.31506849315068,0.05479452054794365,65.75342465753424,19.780821917808225,42.794520547945204,,64.82191780821918
2022-01-22,1.75,6.000000000000005,16.999999999999993,56.999999999999986,5.3986683312526065,14.634840871021769,49.58134582623508,16.93150684931507,36.113589057389234,7.178082191780821,71.45205479452055,61.369863013698634,0.05479452054794365,67.17808219178082,19.83561643835617,42.794520547945204,,64.32876712328766
2022-01-23,1.75,3.0000000000000027,16.999999999999993,58.999999999999986,2.398668331252604,14.634840871021769,51.58134582623508,17.31506849315069,36.113589057389234,8.438356164383562,73.26027397260273,61.42465753424658,0.05479452054794365,65.53424657534246,19.83561643835617,42.794520547945204,,64.05479452054794
2022-01-24,1.75,3.0000000000000027,16.999999999999993,73.0,2.398668331252604,14.634840871021769,65.5813458262351,17.69863013698631,38.3288730300327,9.424657534246576,71.56164383561644,62.41095890410959,0.2191780821917888,52.602739726027394,14.027397260273972,42.794520547945204,,63.61643835616439
2022-01-25,1.78,0.0,19.999999999999996,70.0,-0.6013316687473991,17.634840871021773,62.58134582623509,13.698630136986296,27.150980098758044,9.58904109589041,73.91780821917808,62.465753424657535,0.3287671232876761,47.726027397260275,12.657534246575338,44.49315068493151,,63.013698630136986
2022-01-26,1.85,-6.000000000000005,19.99999999999997,62.999999999999986,-6.601331668747404,17.634840871021748,55.58134582623508,6.68493150684931,23.769716088328074,2.63013698630137,76.21917808219177,60.82191780821918,0.2191780821917888,70.68493150684931,20.164383561643845,47.61643835616438,,62.24657534246575
2022-01-27,1.81,0.0,21.999999999999975,64.99999999999999,-0.6013316687473991,19.63484087102175,57.58134582623508,11.342465753424662,18.35173501577287,7.287671232876712,77.58904109589041,56.82191780821918,0.3287671232876761,70.02739726027397,17.47945205479452,45.97260273972603,,61.36986301369863
2022-01-28,1.78,0.0,18.999999999999993,63.000000000000014,-0.6013316687473991,16.63484087102177,55.58134582623511,15.287671232876704,32.429022082018925,7.287671232876712,80.27397260273972,56.87671232876712,0.5479452054794507,55.61643835616439,12.986301369863014,44.49315068493151,,60.6027397260274
2022-01-29,1.78,4.0000000000000036,13.99999999999999,57.00000000000001,3.3986683312526047,11.634840871021765,49.5813458262351,15.61643835616438,32.429022082018925,12.493150684931507,82.68493150684932,56.93150684931507,0.5479452054794507,52.32876712328767,13.095890410958901,44.49315068493151,,59.89041095890411
2022-01-30,1.78,14.999999999999991,13.99999999999999,53.99999999999998,14.398668331252592,11.634840871021765,46.58134582623507,15.835616438356155,29.67249445949274,14.027397260273972,84.05479452054794,56.986301369863014,0.5479452054794507,40.87671232876712,13.150684931506845,44.49315068493151,,59.06849315068493
2022-01-31,1.79,13.99999999999999,12.99999999999999,60.00000000000001,13.39866833125259,10.634840871021765,52.5813458262351,14.520547945205479,45.1694984814906,8.10958904109589,85.8082191780822,55.342465753424655,0.5479452054794507,37.04109589041096,11.013698630136986,45.31506849315069,,58.57534246575343
2022-02-01,1.81,11.99999999999999,10.999999999999988,58.00000000000001,11.39866833125259,8.634840871021764,50.5813458262351,12.328767123287676,48.116227530164984,11.013698630136986,87.89041095890411,57.0958904109589,0.0,57.80821917808219,11.780821917808211,46.1917808219178,,16.0
2022-02-02,1.78,13.99999999999999,15.999999999999993,61.00000000000001,13.39866833125259,13.634840871021769,53.5813458262351,16.821917808219183,52.04793564803415,13.041095890410958,81.0958904109589,56.00000000000001,0.0,64.38356164383562,13.479452054794521,44.49315068493151,,16.0
2022-02-03,1.82,13.99999999999999,16.999999999999993,59.999999999999986,13.39866833125259,14.634840871021769,52.58134582623508,11.726027397260282,31.617828121152424,8.493150684931507,76.76712328767124,57.205479452054796,0.0,62.520547945205486,11.945205479452056,46.63013698630137,,16.438356164383563
2022-02-04,1.93,1.0000000000000009,3.0000000000000027,61.00000000000001,0.3986683312526018,0.6348408710217783,53.5813458262351,4.38356164383562,37.9627349585488,4.767123287671233,70.35616438356163,55.45205479452054,0.05479452054794365,64.0,12.0,50.02739726027397,,16.76712328767124
2022-02-05,1.93,9.999999999999986,4.0000000000000036,68.0,9.398668331252587,1.6348408710217792,60.58134582623509,4.493150684931507,37.9627349585488,3.9452054794520546,58.465753424657535,55.50684931506849,0.05479452054794365,49.42465753424658,12.164383561643831,50.02739726027397,,17.0958904109589
2022-02-06,1.93,-1.0000000000000009,4.0000000000000036,73.00000000000001,-1.6013316687474,1.6348408710217792,65.58134582623511,4.7671232876712395,37.9627349585488,5.095890410958904,57.534246575342465,55.56164383561644,0.05479452054794365,58.136986301369866,12.38356164383562,50.02739726027397,,17.424657534246577
2022-02-07,1.92,0.0,5.000000000000004,80.00000000000003,-0.6013316687473991,2.63484087102178,72.58134582623512,5.260273972602732,33.83403102684068,8.383561643835616,61.26027397260274,55.61643835616439,0.05479452054794365,49.31506849315068,11.178082191780831,49.534246575342465,,17.75342465753424
2022-02-08,1.96,-4.0000000000000036,-12.99999999999999,76.00000000000003,-4.601331668747402,-15.365159128978213,68.58134582623512,4.164383561643831,39.571534104900266,4.657534246575342,63.726027397260275,55.342465753424655,0.3287671232876761,52.76712328767124,13.917808219178085,50.52054794520548,,18.794520547945197
2022-02-09,1.94,4.0000000000000036,-21.999999999999996,78.00000000000003,3.3986683312526047,-24.36515912897822,70.58134582623512,4.7671232876712395,49.544447180497414,4.602739726027397,65.36986301369863,53.0958904109589,0.3287671232876761,67.01369863013699,13.041095890410958,50.301369863013704,,19.780821917808225
2022-02-10,2.03,2.0000000000000018,-16.99999999999997,76.00000000000003,1.3986683312526027,-19.365159128978195,68.58134582623512,2.4109589041095774,33.268049497017714,2.410958904109589,67.34246575342465,35.94520547945205,0.49315068493150704,73.64383561643835,14.027397260273972,51.23287671232877,,20.438356164383563
2022-02-11,1.92,10.999999999999988,-5.999999999999983,80.00000000000003,10.398668331252589,-8.365159128978208,72.58134582623512,5.808219178082197,16.86993679337666,4.986301369863014,56.38356164383562,36.32876712328767,0.4383561643835634,48.71232876712329,8.767123287671225,49.534246575342465,,20.876712328767127
2022-02-12,1.92,5.000000000000004,-17.999999999999993,78.00000000000003,4.398668331252606,-20.365159128978217,70.58134582623512,5.972602739726028,16.86993679337666,16.602739726027398,51.06849315068493,36.38356164383561,0.4383561643835634,44.16438356164383,8.821917808219183,49.534246575342465,,21.753424657534254
2022-02-13,1.92,0.0,-17.999999999999993,91.00000000000001,-0.6013316687473991,-20.365159128978217,83.58134582623511,6.0821917808219155,15.74483443111071,19.013698630136986,47.01369863013699,36.43835616438356,0.4383561643835634,40.93150684931507,8.93150684931507,49.534246575342465,,22.41095890410959
2022-02-14,1.98,-6.000000000000005,-24.0,85.00000000000001,-6.601331668747404,-26.365159128978224,77.58134582623511,4.054794520547944,15.976117242627103,15.67123287671233,28.0,35.61643835616438,0.7123287671232816,45.75342465753425,9.095890410958901,50.9041095890411,,23.06849315068493
2022-02-15,2.05,-12.99999999999999,-26.99999999999998,78.00000000000003,-13.601331668747388,-29.365159128978203,70.58134582623512,2.191780821917817,28.80557819433125,6.904109589041097,28.493150684931507,40.49315068493151,0.7123287671232816,49.917808219178085,9.479452054794521,51.83561643835616,,23.83561643835617
2022-02-16,2.03,-10.999999999999988,-16.99999999999997,80.00000000000003,-11.601331668747386,-19.365159128978195,72.58134582623512,2.9041095890410986,24.4814071312494,13.643835616438357,30.52054794520548,44.93150684931507,0.7123287671232816,38.57534246575342,8.0,51.45205479452055,,24.712328767123296
2022-02-17,1.97,-3.0000000000000027,-3.0000000000000027,88.00000000000001,-3.6013316687474015,-5.365159128978227,80.58134582623511,4.7671232876712395,7.074698795180723,17.589041095890412,30.191780821917817,42.73972602739726,0.4383561643835634,28.657534246575345,6.246575342465761,50.9041095890411,,25.698630136986296
2022-02-18,1.92,7.000000000000006,6.000000000000005,101.00000000000003,6.398668331252607,3.634840871021781,93.58134582623512,7.178082191780817,0.5686746987951807,25.095890410958905,31.342465753424648,39.06849315068493,0.1095890410958873,28.602739726027398,5.972602739726028,49.534246575342465,,26.630136986301366
2022-02-19,1.92,4.0000000000000036,8.000000000000007,93.00000000000001,3.3986683312526047,5.634840871021783,85.58134582623511,7.2328767123287605,0.5686746987951807,22.41095890410959,32.219178082191775,39.12328767123287,0.1095890410958873,34.73972602739726,6.136986301369859,49.534246575342465,,27.61643835616438
2022-02-20,1.92,5.000000000000004,8.000000000000007,98.0,4.398668331252606,5.634840871021783,90.5813458262351,7.506849315068493,0.5686746987951807,18.356164383561644,33.753424657534254,39.178082191780824,0.1095890410958873,32.16438356164383,6.30136986301369,49.534246575342465,,28.38356164383562
2022-02-21,1.92,5.000000000000004,8.000000000000007,98.0,4.398668331252606,5.634840871021783,90.5813458262351,7.7260273972602675,0.5686746987951807,20.767123287671232,35.39726027397259,39.23287671232877,0.1095890410958873,19.89041095890411,6.520547945205479,49.534246575342465,,29.15068493150686
2022-02-22,1.94,3.0000000000000027,20.000000000000018,96.0,2.398668331252604,17.634840871021794,88.5813458262351,6.68493150684931,0.0,17.47945205479452,36.05479452054795,34.849315068493155,0.9315068493150704,18.73972602739726,6.630136986301366,50.68493150684932,,29.808219178082197
2022-02-23,1.99,-15.999999999999993,15.999999999999993,90.99999999999999,-16.60133166874739,13.634840871021769,83.58134582623508,4.657534246575352,0.0,17.972602739726025,37.64383561643836,35.89041095890411,1.2054794520547887,26.301369863013697,7.2328767123287605,51.34246575342466,,30.52054794520548
2022-02-24,1.96,-24.0,23.0,85.00000000000001,-24.6013316687474,20.634840871021776,77.58134582623511,5.972602739726028,14.963325183374081,17.753424657534246,33.753424657534254,36.65753424657534,1.2602739726027465,19.17808219178082,4.219178082191775,51.013698630136986,,31.342465753424648
2022-02-25,1.97,-10.999999999999988,23.00000000000002,80.0,-11.601331668747386,20.634840871021797,72.5813458262351,5.808219178082197,21.93969030154849,18.465753424657535,34.02739726027397,36.71232876712329,1.2602739726027465,30.794520547945204,4.876712328767113,51.23287671232877,,32.219178082191775
2022-02-26,1.97,-10.999999999999988,17.000000000000014,84.99999999999999,-11.601331668747386,14.63484087102179,77.58134582623508,5.9178082191780845,21.93969030154849,18.52054794520548,34.1917808219178,36.76712328767123,1.2602739726027465,30.849315068493148,4.986301369863014,51.23287671232877,,33.31506849315069
2022-02-27,1.97,-23.0,17.000000000000014,88.00000000000001,-23.6013316687474,14.63484087102179,80.58134582623511,6.0821917808219155,21.93969030154849,27.89041095890411,34.52054794520548,36.821917808219176,1.2602739726027465,33.534246575342465,5.041095890410958,51.23287671232877,,34.73972602739725
2022-02-28,1.83,-9.000000000000007,31.000000000000007,106.0,-9.601331668747406,28.634840871021783,98.5813458262351,22.356164383561634,23.488182559087203,44.602739726027394,33.80821917808218,35.67123287671233,1.4794520547945211,26.794520547945204,3.7808219178082254,46.95890410958904,,36.273972602739725
2022-03-01,1.72,2.0000000000000018,59.999999999999986,117.00000000000001,1.3986683312526027,57.63484087102176,109.58134582623511,40.98630136986301,16.234718826405867,46.9041095890411,9.917808219178085,36.0,0.0,18.684931506849313,4.602739726027394,41.15068493150685,,5.534246575342465
2022-03-02,1.86,-8.000000000000007,51.99999999999998,103.0,-8.601331668747406,49.63484087102175,95.5813458262351,17.808219178082197,23.854930725346374,9.36986301369863,9.369863013698634,34.73972602739726,0.05479452054794365,34.57534246575342,4.821917808219183,48.43835616438356,,5.69863013698631
2022-03-03,1.86,0.0,45.99999999999997,113.00000000000001,-0.6013316687473991,43.634840871021744,105.58134582623511,18.24657534246576,17.049714751426244,15.452054794520548,8.054794520547944,33.863013698630134,0.05479452054794365,47.50684931506849,4.93150684931507,48.43835616438356,,5.972602739726028
2022-03-04,1.74,19.999999999999996,59.999999999999986,123.00000000000001,19.398668331252598,57.63484087102176,115.58134582623511,38.19178082191781,10.831295843520783,27.178082191780824,3.287671232876704,23.232876712328768,0.05479452054794365,60.93150684931506,4.1095890410959015,42.13698630136986,,6.246575342465761
2022-03-05,1.74,24.0,74.0,119.00000000000001,23.3986683312526,71.63484087102178,111.58134582623511,38.41095890410959,10.831295843520783,37.04109589041096,2.191780821917817,23.28767123287671,0.05479452054794365,78.7945205479452,4.219178082191775,42.13698630136986,,6.5753424657534225
2022-03-06,1.74,26.0,74.0,130.99999999999997,25.3986683312526,71.63484087102178,123.58134582623507,38.630136986301366,10.831295843520783,38.24657534246575,2.027397260273972,23.34246575342466,0.05479452054794365,77.36986301369862,4.2739726027397325,42.13698630136986,,6.68493150684931
2022-03-07,1.78,21.999999999999996,70.0,134.0,21.398668331252598,67.63484087102178,126.5813458262351,32.49315068493151,0.0,44.21917808219178,1.6438356164383663,21.753424657534246,0.3287671232876761,23.780821917808222,4.219178082191775,44.71232876712329,,6.958904109589042
2022-03-08,1.86,13.99999999999999,59.999999999999986,126.0,13.39866833125259,57.63484087102176,118.5813458262351,19.178082191780817,0.0,17.205479452054796,2.0821917808219155,21.863013698630137,0.38356164383561975,13.534246575342465,4.054794520547944,48.65753424657534,,7.123287671232887
2022-03-09,1.94,20.000000000000018,47.00000000000002,118.00000000000001,19.39866833125262,44.634840871021794,110.58134582623511,9.041095890410958,14.139963724304716,11.452054794520548,2.9589041095890423,26.73972602739726,0.38356164383561975,18.794520547945208,4.438356164383563,51.178082191780824,,7.2328767123287605
2022-03-10,1.98,16.999999999999993,37.000000000000014,106.99999999999999,16.398668331252594,34.63484087102179,99.58134582623508,6.739726027397268,9.64328899637243,5.698630136986301,3.2328767123287747,26.794520547945204,0.4383561643835634,24.767123287671232,3.8904109589041127,52.0,,7.506849315068493
2022-03-11,2.0,18.999999999999993,31.999999999999986,99.00000000000003,18.398668331252594,29.634840871021762,91.58134582623512,6.027397260273972,0.7557436517533254,6.63013698630137,3.5616438356164366,25.753424657534246,0.5479452054794507,25.47945205479452,4.219178082191775,52.21917808219178,,7.7260273972602675
2022-03-12,2.0,20.000000000000018,39.000000000000014,91.00000000000001,19.39866833125262,36.63484087102179,83.58134582623511,6.191780821917803,0.7557436517533254,8.054794520547945,3.7808219178082254,25.808219178082194,0.5479452054794507,26.136986301369863,4.2739726027397325,52.21917808219178,,7.890410958904113
2022-03-13,2.0,14.000000000000012,39.000000000000014,83.99999999999999,13.398668331252614,36.63484087102179,76.58134582623508,6.465753424657535,0.7557436517533254,11.506849315068493,4.054794520547944,25.863013698630137,0.5479452054794507,16.931506849315067,4.547945205479451,52.21917808219178,,8.164383561643845
2022-03-14,2.14,0.0,25.0,79.0,-0.6013316687473991,22.634840871021776,71.5813458262351,1.8630136986301409,0.0,2.684931506849315,4.493150684931507,29.315068493150687,0.5479452054794507,12.164383561643834,4.7671232876712395,55.945205479452056,,8.38356164383562
2022-03-15,2.15,-0.9999999999999787,27.0,78.00000000000003,-1.6013316687473778,24.634840871021776,70.58134582623512,1.8630136986301409,11.51012891344383,3.8356164383561646,5.150684931506859,32.87671232876712,0.38356164383561975,16.10958904109589,4.602739726027394,56.32876712328767,,8.602739726027394
2022-03-16,2.19,12.99999999999999,35.00000000000001,74.00000000000003,12.39866833125259,32.63484087102178,66.58134582623512,1.4794520547945211,25.71185720356991,14.356164383561643,5.369863013698634,23.506849315068493,0.38356164383561975,27.89041095890411,7.835616438356169,58.082191780821915,,8.767123287671225
2022-03-17,2.2,17.99999999999997,40.99999999999997,67.99999999999997,17.398668331252573,38.634840871021744,60.581345826235065,1.3698630136986338,30.20966142513104,9.698630136986301,5.205479452054789,27.78082191780822,0.657534246575338,29.753424657534243,9.643835616438352,58.68493150684932,,8.986301369863014
2022-03-18,2.14,17.99999999999997,52.0,83.99999999999999,17.398668331252573,49.63484087102177,76.58134582623508,2.630136986301366,29.743860895665108,17.753424657534246,5.041095890410958,12.219178082191782,0.5479452054794507,37.64383561643835,10.301369863013704,55.945205479452056,,9.205479452054803
2022-03-19,2.14,19.99999999999997,58.00000000000001,75.0,19.398668331252573,55.63484087102178,67.5813458262351,2.794520547945197,29.743860895665108,17.36986301369863,4.7671232876712395,12.273972602739725,0.5479452054794507,47.50684931506849,10.465753424657535,55.945205479452056,,9.479452054794521
2022-03-20,2.14,33.999999999999986,58.00000000000001,69.99999999999997,33.39866833125259,55.63484087102178,62.581345826235065,2.9041095890410986,29.743860895665108,21.47945205479452,4.876712328767113,12.32876712328767,0.5479452054794507,50.136986301369866,10.794520547945211,55.945205479452056,,9.698630136986296
2022-03-21,2.32,16.000000000000014,40.000000000000036,46.0,15.398668331252615,37.63484087102181,38.58134582623509,0.2191780821917888,37.540728148462954,7.3424657534246585,5.808219178082197,13.041095890410958,0.7671232876712395,29.64383561643836,14.301369863013704,64.16438356164383,,9.86301369863014
2022-03-22,2.38,10.000000000000009,41.000000000000014,39.99999999999999,9.39866833125261,38.63484087102179,32.581345826235086,0.0,45.57302734098314,6.958904109589041,6.5753424657534225,16.767123287671232,0.8767123287671268,25.041095890410958,17.041095890410958,69.0958904109589,,10.082191780821915
2022-03-23,2.32,14.000000000000012,40.000000000000036,46.0,13.398668331252614,37.63484087102181,38.58134582623509,0.3287671232876761,39.70817396231761,12.219178082191782,7.013698630136986,16.164383561643834,1.0410958904109577,50.02739726027398,19.671232876712324,64.16438356164383,,10.301369863013704
2022-03-24,2.34,7.000000000000028,36.00000000000003,52.0,6.39866833125263,33.6348408710218,44.58134582623509,0.2191780821917888,48.68253293667658,7.561643835616438,7.835616438356169,19.397260273972602,0.9863013698630141,34.90410958904109,22.41095890410959,66.1917808219178,,10.520547945205479
2022-03-25,2.48,-12.99999999999999,35.00000000000001,27.99999999999998,-13.601331668747388,32.63484087102178,20.581345826235072,0.0,48.45587193653492,4.493150684931506,8.767123287671225,14.73972602739726,1.3150684931506902,32.49315068493151,34.41095890410959,73.58904109589041,,10.68493150684931
2022-03-26,2.48,-16.000000000000014,35.00000000000001,27.0,-16.601331668747413,32.63484087102178,19.581345826235093,0.05479452054794365,48.45587193653492,7.232876712328768,9.698630136986296,14.794520547945206,1.3150684931506902,41.04109589041096,35.17808219178082,73.53424657534246,,10.958904109589042
2022-03-27,2.48,-8.999999999999986,35.00000000000001,27.0,-9.601331668747385,32.63484087102178,19.581345826235093,0.1095890410958873,48.45587193653492,14.465753424657535,10.849315068493155,14.849315068493151,1.3150684931506902,33.47945205479452,35.50684931506849,73.47945205479452,,11.06849315068493
2022-03-28,2.46,-6.999999999999984,37.000000000000014,28.000000000000025,-7.601331668747383,34.63484087102179,20.58134582623512,0.16438356164383094,54.95820937809888,17.698630136986303,11.780821917808211,2.958904109589041,1.3150684931506902,47.28767123287671,43.99999999999999,72.82191780821918,,11.342465753424662
2022-03-29,2.41,-2.0000000000000018,43.99999999999999,33.00000000000001,-2.6013316687474006,41.634840871021765,25.5813458262351,0.27397260273971824,62.11219719507012,17.863013698630137,13.698630136986296,2.136986301369863,0.5479452054794507,71.23287671232876,52.10958904109589,71.45205479452055,,11.61643835616438
2022-03-30,2.35,6.999999999999984,58.00000000000001,39.000000000000014,6.398668331252585,55.63484087102178,31.581345826235108,0.7123287671232816,57.401898285876186,15.397260273972602,15.506849315068493,1.4794520547945205,0.5479452054794507,67.94520547945206,47.397260273972606,66.9041095890411,,11.780821917808211
2022-03-31,2.32,22.00000000000002,53.00000000000003,42.000000000000036,21.398668331252622,50.6348408710218,34.58134582623513,1.2602739726027465,51.657458563535904,17.15068493150685,16.821917808219183,1.5342465753424657,0.4383561643835634,62.68493150684932,47.726027397260275,64.16438356164383,,12.109589041095887
2022-04-01,2.39,21.999999999999975,50.99999999999998,46.0,21.398668331252576,48.63484087102175,38.58134582623509,0.657534246575338,51.51579543844738,20.43835616438356,18.9041095890411,0.0547945205479452,2.9041095890410986,64.76712328767124,80.7123287671233,69.91780821917808,,4.219178082191775
2022-04-02,2.39,27.0,50.99999999999998,54.999999999999986,26.3986683312526,48.63484087102175,47.58134582623508,0.7123287671232816,51.51579543844738,20.493150684931507,20.821917808219183,0.1095890410958904,2.9041095890410986,64.76712328767124,80.6027397260274,69.86301369863014,,4.328767123287662
2022-04-03,2.39,33.00000000000001,50.99999999999998,52.99999999999998,32.39866833125261,48.63484087102175,45.58134582623507,0.8219178082191689,51.51579543844738,18.52054794520548,24.21917808219179,0.16438356164383564,2.9041095890410986,68.6027397260274,80.6027397260274,69.8082191780822,,4.438356164383563
2022-04-04,2.42,30.00000000000003,48.0,54.0,29.39866833125263,45.63484087102177,46.58134582623509,0.49315068493150704,60.029749256268595,22.356164383561644,26.356164383561648,0.3835616438356164,2.9041095890410986,80.43835616438356,80.54794520547945,71.78082191780823,,4.493150684931507
2022-04-05,2.54,18.000000000000014,27.0,41.99999999999999,17.398668331252615,24.634840871021776,34.581345826235086,0.16438356164383094,50.50290409406431,8.054794520547945,28.76712328767124,1.4246575342465753,3.342465753424662,87.61643835616438,87.78082191780823,75.01369863013699,,4.602739726027394
2022-04-06,2.61,18.000000000000014,16.000000000000014,35.00000000000001,17.398668331252615,13.63484087102179,27.5813458262351,0.0,41.358549369599096,5.424657534246576,30.9041095890411,3.4520547945205484,3.178082191780817,74.02739726027397,87.67123287671232,76.87671232876713,,4.712328767123282
2022-04-07,2.66,6.000000000000005,15.99999999999997,37.999999999999986,5.3986683312526065,13.634840871021746,30.58134582623508,0.0,42.22977758889361,2.8493150684931505,32.712328767123296,16.931506849315067,3.123287671232873,64.0,85.42465753424658,78.41095890410959,,4.7671232876712395
2022-04-08,2.72,-2.0000000000000018,12.99999999999999,25.99999999999998,-2.6013316687474006,10.634840871021765,18.581345826235072,0.0,36.30825896019266,1.7534246575342465,33.86301369863014,17.424657534246577,3.5616438356164366,65.64383561643835,85.31506849315068,80.21917808219177,,4.876712328767113
2022-04-09,2.72,10.999999999999988,16.999999999999993,30.99999999999996,10.398668331252589,14.634840871021769,23.581345826235054,0.05479452054794365,36.30825896019266,0.6575342465753425,35.12328767123287,17.47945205479452,3.5616438356164366,72.87671232876713,85.26027397260273,80.16438356164383,,4.986301369863014
2022-04-10,2.72,10.999999999999988,16.999999999999993,31.999999999999986,10.398668331252589,14.634840871021769,24.58134582623508,0.1095890410958873,36.30825896019266,0.273972602739726,36.87671232876713,17.534246575342465,3.5616438356164366,67.23287671232877,85.20547945205479,80.10958904109589,,5.095890410958901
2022-04-11,2.79,4.0000000000000036,10.000000000000009,35.999999999999986,3.3986683312526047,7.634840871021785,28.58134582623508,0.0,27.043490579402178,1.2602739726027399,38.52054794520547,33.58904109589041,3.7260273972602818,33.42465753424658,77.0958904109589,82.63013698630137,,5.205479452054789
2022-04-12,2.72,10.999999999999988,27.0,42.99999999999997,10.398668331252589,24.634840871021776,35.581345826235065,0.2191780821917888,25.485196203428245,0.3835616438356164,39.94520547945205,36.054794520547944,3.5616438356164366,26.958904109589042,49.42465753424658,80.0,,5.369863013698634
2022-04-13,2.7,14.999999999999991,27.0,44.99999999999997,14.398668331252592,24.634840871021776,37.581345826235065,0.3287671232876761,33.31916702082448,0.0547945205479452,40.32876712328767,36.10958904109589,2.9041095890410986,18.08219178082192,44.27397260273973,79.23287671232876,,5.4246575342465775
2022-04-14,2.83,10.000000000000009,10.000000000000009,60.00000000000001,9.39866833125261,7.634840871021785,52.5813458262351,0.0,24.03314917127072,0.0547945205479452,41.863013698630134,37.04109589041096,3.835616438356155,21.15068493150685,47.506849315068486,84.4931506849315,,5.534246575342465
2022-04-15,2.83,2.0000000000000018,21.999999999999975,66.00000000000001,1.3986683312526027,19.63484087102175,58.58134582623511,0.1095890410958873,24.03314917127072,0.1095890410958904,43.397260273972606,37.0958904109589,3.835616438356155,21.15068493150685,47.67123287671233,84.43835616438356,,5.69863013698631
2022-04-16,2.83,6.999999999999984,29.000000000000004,50.0,6.398668331252585,26.63484087102178,42.58134582623509,0.16438356164383094,24.03314917127072,0.16438356164383564,45.26027397260274,37.15068493150685,3.835616438356155,53.205479452054796,47.83561643835617,84.38356164383562,,5.753424657534239
2022-04-17,2.83,6.999999999999984,29.000000000000004,44.99999999999997,6.398668331252585,26.63484087102178,37.581345826235065,0.2191780821917888,24.03314917127072,0.2191780821917808,46.57534246575342,37.205479452054796,3.835616438356155,71.56164383561644,47.945205479452056,84.32876712328768,,5.9178082191780845
2022-04-18,2.85,4.999999999999982,27.0,39.99999999999999,4.398668331252583,24.634840871021776,32.581345826235086,0.2191780821917888,24.42980592151863,0.32876712328767127,49.47945205479453,38.301369863013704,4.164383561643831,78.57534246575342,44.82191780821918,85.8082191780822,,6.027397260273972
2022-04-19,2.93,-3.000000000000025,11.999999999999966,31.999999999999986,-3.6013316687474237,9.634840871021742,24.58134582623508,0.0,33.198753364499225,0.547945205479452,51.67123287671233,35.61643835616438,4.219178082191775,70.9041095890411,53.64383561643836,91.17808219178082,,6.136986301369859
2022-04-20,2.85,-4.0000000000000036,14.000000000000012,39.99999999999999,-4.601331668747402,11.634840871021789,32.581345826235086,0.38356164383561975,27.178070548236295,1.4246575342465753,54.08219178082192,27.287671232876715,4.164383561643831,61.753424657534254,53.6986301369863,85.6986301369863,,6.246575342465761
2022-04-21,2.9,-12.99999999999999,1.000000000000023,35.00000000000001,-13.601331668747388,-1.3651591289782012,27.5813458262351,0.1095890410958873,19.34409973084006,1.0410958904109588,55.56164383561644,21.26027397260274,4.547945205479451,72.0,48.54794520547945,90.02739726027397,,6.356164383561648
2022-04-22,2.9,-8.000000000000007,-6.000000000000005,41.000000000000014,-8.601331668747406,-8.36515912897823,33.58134582623511,0.27397260273971824,8.72644850545403,0.6575342465753425,57.42465753424658,13.643835616438357,4.328767123287662,59.178082191780824,38.90410958904109,89.97260273972603,,6.465753424657535
2022-04-23,2.9,-4.999999999999982,3.000000000000025,26.00000000000002,-5.601331668747381,0.6348408710218005,18.581345826235115,0.49315068493150704,8.72644850545403,2.136986301369863,59.83561643835616,13.698630136986301,4.328767123287662,67.34246575342466,39.013698630136986,89.91780821917808,,6.5753424657534225
2022-04-24,2.9,-0.9999999999999787,3.000000000000025,18.999999999999993,-1.6013316687473778,0.6348408710218005,11.581345826235086,0.5479452054794507,8.72644850545403,2.246575342465753,64.05479452054794,13.753424657534246,4.328767123287662,57.47945205479452,39.28767123287671,89.86301369863014,,6.739726027397268
2022-04-25,2.81,8.000000000000007,12.00000000000001,31.999999999999986,7.398668331252608,9.634840871021787,24.58134582623508,1.0410958904109577,13.890069414931293,2.136986301369863,66.84931506849315,15.616438356164384,4.054794520547944,30.739726027397264,22.301369863013704,82.73972602739727,,6.794520547945211
2022-04-26,2.77,12.00000000000001,10.999999999999988,35.999999999999986,11.398668331252612,8.634840871021764,28.58134582623508,1.2602739726027465,0.0,3.5616438356164384,69.58904109589041,23.397260273972602,3.6164383561643803,27.013698630136986,18.9041095890411,81.31506849315069,,6.904109589041099
2022-04-27,2.82,17.000000000000036,16.000000000000014,31.000000000000007,16.398668331252637,13.63484087102179,23.5813458262351,1.0958904109589014,0.0,1.4794520547945205,72.98630136986301,24.65753424657534,3.8904109589041127,24.767123287671232,20.438356164383563,82.9041095890411,,6.958904109589042
2022-04-28,2.85,12.00000000000001,4.0000000000000036,35.00000000000001,11.398668331252612,1.6348408710217792,27.5813458262351,1.0410958904109577,12.5,1.9178082191780823,75.12328767123287,22.082191780821915,4.493150684931507,20.164383561643838,19.342465753424648,85.42465753424658,,7.06849315068493
2022-04-29,2.89,4.0000000000000036,-5.000000000000027,31.000000000000007,3.3986683312526047,-7.3651591289782505,23.5813458262351,0.9315068493150704,0.0,0.9315068493150684,77.58904109589041,17.205479452054796,3.8904109589041127,15.342465753424658,20.821917808219183,88.93150684931507,,7.178082191780817
2022-04-30,2.89,15.99999999999997,-11.000000000000032,20.999999999999996,15.398668331252571,-13.365159128978256,13.58134582623509,1.0410958904109577,0.0,2.4657534246575343,79.61643835616438,17.26027397260274,3.8904109589041127,16.986301369863014,21.150684931506845,88.87671232876713,,7.397260273972606
2022-05-01,2.89,23.0,-11.000000000000032,8.999999999999986,22.3986683312526,-13.365159128978256,1.5813458262350792,1.0958904109589014,0.0,3.7260273972602738,81.31506849315069,17.315068493150683,1.150684931506845,16.493150684931507,21.260273972602732,88.82191780821918,,3.8904109589041127
2022-05-02,2.99,12.99999999999999,-21.000000000000043,-11.000000000000032,12.39866833125259,-23.365159128978267,-18.41865417376494,0.5479452054794507,5.93607305936073,0.547945205479452,82.41095890410959,29.80821917808219,0.6027397260274086,13.917808219178083,17.69863013698631,94.73972602739725,,4.054794520547944
2022-05-03,2.97,14.999999999999991,-11.000000000000032,-9.00000000000003,14.398668331252592,-13.365159128978256,-16.418654173764935,0.8767123287671268,6.325543916196616,1.4246575342465753,84.43835616438356,17.972602739726025,0.9863013698630141,18.63013698630137,21.917808219178085,93.64383561643835,,4.1095890410959015
2022-05-04,2.93,11.999999999999966,-17.000000000000036,-5.000000000000027,11.398668331252567,-19.36515912897826,-12.418654173764933,1.2054794520547887,18.244695138329302,2.684931506849315,86.02739726027397,31.561643835616437,1.0410958904109577,27.452054794520546,18.30136986301369,91.01369863013699,,4.219178082191775
2022-05-05,3.05,-5.999999999999961,-29.999999999999982,-16.999999999999993,-6.60133166874736,-32.365159128978206,-24.4186541737649,0.27397260273971824,0.16116035455278002,0.6575342465753425,87.3972602739726,37.36986301369863,1.2054794520547887,21.36986301369863,16.219178082191775,95.56164383561644,,4.328767123287662
2022-05-06,3.12,-20.999999999999996,-37.000000000000014,-30.00000000000003,-21.601331668747395,-39.36515912897824,-37.418654173764935,0.05479452054794365,0.0,0.2191780821917808,89.26027397260273,39.34246575342466,1.0410958904109577,17.47945205479452,17.643835616438352,97.86301369863014,,4.438356164383563
2022-05-07,3.12,-28.000000000000025,-37.999999999999986,-18.999999999999993,-28.601331668747424,-40.36515912897821,-26.4186541737649,0.1095890410958873,0.0,0.16438356164383564,90.52054794520548,39.3972602739726,1.0410958904109577,14.410958904109588,17.808219178082197,97.8082191780822,,4.657534246575352
2022-05-08,3.12,-18.999999999999993,-37.999999999999986,-11.000000000000032,-19.60133166874739,-40.36515912897821,-18.41865417376494,0.16438356164383094,0.0,0.0547945205479452,91.5068493150685,39.45205479452055,1.0410958904109577,11.342465753424658,18.24657534246576,97.75342465753425,,4.876712328767113
2022-05-09,3.05,-11.999999999999966,-30.99999999999996,4.0000000000000036,-12.601331668747365,-33.365159128978185,-3.418654173764903,1.0410958904109577,0.0,0.0547945205479452,91.67123287671232,41.863013698630134,0.38356164383561975,12.054794520547945,11.780821917808211,95.34246575342466,,5.041095890410958
2022-05-10,2.99,-6.000000000000005,-25.0,9.999999999999964,-6.601331668747404,-27.365159128978224,2.581345826235058,1.5890410958904084,3.5435092724679027,0.273972602739726,91.34246575342466,38.35616438356164,0.2191780821917888,13.917808219178083,12.219178082191789,94.41095890410959,,5.260273972602732
2022-05-11,2.91,-3.000000000000025,-6.000000000000005,17.99999999999997,-3.6013316687474237,-8.36515912897823,10.581345826235065,2.191780821917817,0.0,0.547945205479452,91.94520547945206,28.000000000000004,0.38356164383561975,14.684931506849317,12.054794520547944,90.13698630136986,,5.479452054794521
2022-05-12,2.84,14.000000000000012,10.000000000000009,15.000000000000036,13.398668331252614,7.634840871021785,7.581345826235129,2.520547945205479,0.0,0.4931506849315068,92.71232876712328,32.16438356164383,0.05479452054794365,12.876712328767123,11.123287671232873,84.16438356164383,,5.753424657534239
2022-05-13,2.93,-4.0000000000000036,-1.000000000000023,2.9999999999999805,-4.601331668747402,-3.3651591289782474,-4.418654173764926,2.191780821917817,9.410620712009075,0.16438356164383564,93.31506849315069,36.602739726027394,0.4383561643835634,19.397260273972602,9.753424657534254,90.63013698630137,,5.972602739726028
2022-05-14,2.93,-9.00000000000003,2.9999999999999805,-2.0000000000000018,-9.601331668747429,0.6348408710217561,-9.418654173764908,2.3013698630137043,9.410620712009075,0.4931506849315068,93.86301369863014,36.65753424657534,0.4383561643835634,15.561643835616437,9.917808219178085,90.57534246575342,,6.246575342465761
2022-05-15,2.93,-15.000000000000036,2.9999999999999805,2.9999999999999805,-15.601331668747434,0.6348408710217561,-4.418654173764926,2.356164383561648,9.410620712009075,1.1506849315068493,94.46575342465754,36.71232876712329,0.4383561643835634,14.301369863013699,10.191780821917803,90.52054794520548,,6.520547945205479
2022-05-16,2.88,-10.000000000000009,8.000000000000007,5.000000000000027,-10.601331668747408,5.634840871021783,-2.41865417376488,2.630136986301366,6.4286100156663615,1.808219178082192,95.12328767123287,35.342465753424655,0.4383561643835634,16.43835616438356,8.54794520547945,87.45205479452055,,6.794520547945211
2022-05-17,2.98,-20.000000000000018,6.000000000000005,-4.999999999999982,-20.601331668747417,3.634840871021781,-12.418654173764889,2.136986301369859,13.246177948246988,1.6986301369863015,95.67123287671232,31.67123287671233,0.7123287671232816,25.36986301369863,9.643835616438352,93.86301369863014,,7.06849315068493
2022-05-18,2.89,-3.000000000000025,8.999999999999986,4.0000000000000036,-3.6013316687474237,6.634840871021762,-3.418654173764903,2.9041095890410986,0.0,4.438356164383562,95.94520547945206,20.82191780821918,0.7671232876712395,19.397260273972602,8.328767123287676,88.0,,7.287671232876718
2022-05-19,2.84,-8.000000000000007,18.999999999999993,12.00000000000001,-8.601331668747406,16.63484087102177,4.581345826235104,3.7808219178082254,0.0,4.602739726027397,96.21917808219177,20.876712328767123,0.05479452054794365,24.10958904109589,6.410958904109592,83.78082191780823,,7.561643835616437
2022-05-20,2.78,-2.9999999999999805,26.00000000000002,23.0,-3.6013316687473793,23.634840871021797,15.581345826235093,5.041095890410958,0.0,7.397260273972603,96.4931506849315,13.808219178082194,0.0,23.397260273972602,7.123287671232887,80.4931506849315,,7.835616438356169
2022-05-21,2.78,-2.9999999999999805,37.000000000000014,26.00000000000002,-3.6013316687473793,34.63484087102179,18.581345826235115,5.260273972602732,0.0,14.356164383561643,96.6027397260274,13.863013698630136,0.0,31.397260273972606,7.342465753424648,80.43835616438356,,8.054794520547944
2022-05-22,2.78,-3.999999999999959,37.000000000000014,13.000000000000034,-4.601331668747358,34.63484087102179,5.581345826235127,5.369863013698634,0.0,16.986301369863014,96.76712328767124,13.917808219178083,0.0,30.684931506849317,7.7260273972602675,80.38356164383562,,8.273972602739718
2022-05-23,2.86,-11.999999999999966,29.000000000000004,-8.999999999999986,-12.601331668747365,26.63484087102178,-16.418654173764892,4.0,4.108359296615092,8.10958904109589,96.93150684931507,21.095890410958905,0.3287671232876761,38.52054794520548,8.602739726027394,85.47945205479452,,8.602739726027394
2022-05-24,2.76,-1.9999999999999574,67.00000000000004,1.000000000000023,-2.601331668747356,64.63484087102182,-6.4186541737648835,6.465753424657535,0.0,30.027397260273975,96.93150684931507,28.712328767123285,0.0,28.986301369863014,8.54794520547945,79.3972602739726,,9.041095890410958
2022-05-25,2.75,-0.9999999999999787,74.00000000000003,2.0000000000000018,-1.6013316687473778,71.63484087102181,-5.418654173764905,7.013698630136986,3.56473771856786,32.821917808219176,96.93150684931507,32.109589041095894,0.2191780821917888,28.657534246575345,10.356164383561634,79.23287671232876,,9.424657534246577
2022-05-26,2.75,10.000000000000009,58.00000000000001,6.000000000000005,9.39866833125261,55.63484087102178,-1.4186541737649012,7.287671232876718,10.579725228975853,28.821917808219176,96.38356164383562,35.06849315068493,0.49315068493150704,26.082191780821915,12.164383561643831,79.17808219178082,,9.917808219178085
2022-05-27,2.74,19.99999999999997,53.99999999999996,6.999999999999984,19.398668331252573,51.63484087102173,-0.41865417376492253,8.0,18.87489592006661,30.794520547945204,95.78082191780823,32.16438356164383,0.5479452054794507,29.863013698630137,11.890410958904113,78.63013698630137,,10.410958904109592
2022-05-28,2.74,17.99999999999997,50.99999999999998,3.999999999999959,17.398668331252573,48.63484087102175,-3.4186541737649474,8.273972602739718,18.87489592006661,35.50684931506849,95.3972602739726,32.21917808219178,0.5479452054794507,25.753424657534246,12.054794520547944,78.57534246575342,,10.958904109589042
2022-05-29,2.74,21.999999999999975,50.99999999999998,-6.000000000000005,21.398668331252576,48.63484087102175,-13.418654173764912,8.602739726027394,18.87489592006661,41.64383561643836,95.5068493150685,32.273972602739725,0.5479452054794507,27.342465753424655,12.273972602739718,78.52054794520548,,11.561643835616437
2022-05-30,2.74,21.999999999999975,50.99999999999998,-7.000000000000028,21.398668331252576,48.63484087102175,-14.418654173764935,8.876712328767127,18.87489592006661,23.34246575342466,94.95890410958904,32.32876712328767,0.5479452054794507,31.616438356164384,12.38356164383562,78.46575342465754,,12.164383561643831
2022-05-31,2.85,10.999999999999988,39.99999999999999,-18.000000000000014,10.398668331252589,37.634840871021765,-25.41865417376492,5.479452054794521,18.224396336386345,13.917808219178083,94.84931506849315,37.589041095890416,0.9315068493150704,26.958904109589042,18.630136986301366,84.27397260273973,,12.657534246575338
2022-06-01,2.94,10.000000000000009,37.000000000000014,-27.0,9.39866833125261,34.63484087102179,-34.41865417376491,3.8904109589041127,16.23646960865945,17.80821917808219,94.3013698630137,32.93150684931507,0.0,38.52054794520548,36.38356164383561,91.3972602739726,,2.356164383561648
2022-06-02,2.92,6.000000000000005,24.00000000000002,-31.999999999999986,5.3986683312526065,21.634840871021797,-39.41865417376489,4.438356164383563,23.371149042464612,18.027397260273972,93.58904109589041,32.38356164383562,0.05479452054794365,66.02739726027397,31.83561643835617,90.13698630136986,,2.465753424657535
2022-06-03,2.96,6.999999999999984,12.99999999999999,-20.999999999999996,6.398668331252585,10.634840871021765,-28.418654173764903,3.835616438356155,16.23646960865945,16.986301369863014,92.87671232876713,36.273972602739725,0.1095890410958873,61.31506849315068,34.465753424657535,92.43835616438356,,2.5753424657534225
2022-06-04,2.96,8.000000000000007,16.999999999999993,-23.0,7.398668331252608,14.634840871021769,-30.418654173764907,4.1095890410959015,16.23646960865945,10.684931506849315,92.05479452054794,36.32876712328767,0.1095890410958873,68.38356164383562,34.63013698630138,92.38356164383562,,2.684931506849324
2022-06-05,2.96,18.999999999999993,16.999999999999993,-27.99999999999998,18.398668331252594,14.634840871021769,-35.418654173764885,4.38356164383562,16.23646960865945,8.438356164383562,93.26027397260273,36.38356164383561,0.1095890410958873,71.72602739726027,34.95890410958904,92.32876712328768,,2.849315068493155
2022-06-06,3.04,10.999999999999988,8.999999999999986,-20.999999999999996,10.398668331252589,6.634840871021762,-28.418654173764903,3.178082191780817,17.360532889258952,6.794520547945206,92.27397260273973,37.04109589041096,0.27397260273971824,61.15068493150685,38.465753424657535,95.28767123287672,,2.9589041095890423
2022-06-07,2.98,16.999999999999993,22.00000000000002,-14.999999999999991,16.398668331252594,19.634840871021797,-22.4186541737649,4.438356164383563,19.577435470441298,9.36986301369863,91.94520547945206,24.054794520547944,0.1095890410958873,66.13698630136986,43.06849315068493,93.75342465753425,,3.013698630136986
2022-06-08,3.03,40.000000000000036,17.000000000000036,-19.99999999999997,39.39866833125264,14.634840871021812,-27.418654173764878,3.506849315068493,17.584304746044964,10.41095890410959,91.89041095890411,28.43835616438356,0.3287671232876761,75.2876712328767,43.397260273972606,95.12328767123287,,3.123287671232873
2022-06-09,3.04,45.000000000000014,6.000000000000005,-27.0,44.398668331252615,3.634840871021781,-34.41865417376491,3.4520547945205493,10.491257285595337,13.095890410958905,92.10958904109589,21.15068493150685,0.3287671232876761,67.5068493150685,43.67123287671233,95.23287671232876,,3.2328767123287747
2022-06-10,3.15,18.000000000000014,-16.999999999999993,-35.00000000000001,17.398668331252615,-19.365159128978217,-42.418654173764914,2.465753424657535,1.4363030807660282,11.397260273972602,92.82191780821918,3.0136986301369864,0.4383561643835634,44.54794520547945,52.0,98.1917808219178,,3.342465753424662
2022-06-11,3.15,12.99999999999999,-27.0,-37.000000000000014,12.39866833125259,-29.365159128978224,-44.41865417376492,2.520547945205479,1.4363030807660282,24.876712328767123,93.42465753424658,3.0684931506849313,0.4383561643835634,49.534246575342465,52.16438356164383,98.13698630136986,,3.4520547945205493
2022-06-12,3.15,10.000000000000009,-27.0,-27.99999999999998,9.39866833125261,-29.365159128978224,-35.418654173764885,2.630136986301366,1.4363030807660282,19.397260273972602,94.13698630136986,3.1232876712328768,0.4383561643835634,49.589041095890416,52.328767123287676,98.08219178082192,,3.5616438356164366
2022-06-13,3.43,-18.000000000000014,-55.00000000000003,-59.00000000000003,-18.601331668747413,-57.365159128978256,-66.41865417376493,0.2191780821917888,0.0,5.424657534246576,93.15068493150685,1.4794520547945205,0.16438356164383094,41.58904109589041,67.78082191780823,99.94520547945206,,3.671232876712324
2022-06-14,3.49,-24.00000000000002,-61.00000000000003,-65.00000000000003,-24.60133166874742,-63.365159128978256,-72.41865417376493,0.0,0.33626977360992705,10.41095890410959,90.41095890410959,1.9178082191780823,0.0,49.589041095890416,65.69863013698631,99.94520547945206,,3.8904109589041127
2022-06-15,3.33,-8.000000000000007,-51.00000000000002,-49.00000000000002,-8.601331668747406,-53.36515912897825,-56.41865417376493,1.5890410958904084,5.631334659467652,31.506849315068493,89.20547945205479,5.315068493150685,0.16438356164383094,54.68493150684931,35.17808219178082,99.83561643835617,,4.054794520547944
2022-06-16,3.28,3.000000000000025,-34.999999999999964,-48.99999999999998,2.398668331252626,-37.36515912897819,-56.418654173764885,2.0821917808219155,0.0,37.589041095890416,87.23287671232876,5.808219178082192,0.05479452054794365,34.52054794520548,28.93150684931507,99.78082191780823,,4.219178082191775
2022-06-17,3.25,-8.999999999999986,-24.00000000000002,-43.000000000000014,-9.601331668747385,-26.365159128978245,-50.41865417376492,2.465753424657535,0.10347504128250998,42.13698630136986,85.64383561643835,3.0684931506849313,0.0,27.56164383561644,29.260273972602732,99.72602739726027,,4.438356164383563
2022-06-18,3.25,-16.000000000000014,-16.000000000000014,-35.999999999999986,-16.601331668747413,-18.365159128978238,-43.41865417376489,2.684931506849324,0.10347504128250998,34.630136986301366,83.72602739726028,3.1232876712328768,0.0,28.712328767123285,29.47945205479452,99.67123287671232,,4.602739726027394
2022-06-19,3.25,-12.00000000000001,-16.000000000000014,-37.000000000000014,-12.60133166874741,-18.365159128978238,-44.41865417376492,2.794520547945197,0.10347504128250998,26.9041095890411,84.93150684931507,3.1780821917808217,0.0,28.54794520547945,29.75342465753424,99.61643835616438,,4.7671232876712395
2022-06-20,3.25,-12.00000000000001,-16.000000000000014,-27.0,-12.60133166874741,-18.365159128978238,-34.41865417376491,2.9041095890410986,0.10347504128250998,13.26027397260274,87.06849315068493,3.232876712328767,0.0,25.47945205479452,30.191780821917817,99.56164383561644,,4.986301369863014
2022-06-21,3.31,-18.000000000000014,-31.999999999999986,-33.00000000000001,-18.601331668747413,-34.36515912897821,-40.418654173764914,2.356164383561648,8.30237145085088,7.780821917808218,87.67123287671232,3.7260273972602738,0.27397260273971824,32.657534246575345,30.465753424657535,99.78082191780823,,5.205479452054789
2022-06-22,3.16,4.0000000000000036,-20.000000000000018,-18.000000000000014,3.3986683312526047,-22.36515912897824,-25.41865417376492,4.438356164383563,8.091371955414889,32.0,88.87671232876713,3.780821917808219,0.0,13.589041095890412,23.39726027397259,97.97260273972603,,5.479452054794521
2022-06-23,3.09,11.000000000000032,-17.99999999999997,-6.000000000000005,10.398668331252633,-20.365159128978195,-13.418654173764912,6.520547945205479,11.242603550295858,39.78082191780822,88.87671232876713,3.287671232876712,0.0,5.424657534246576,19.506849315068493,96.65753424657534,,5.643835616438352
2022-06-24,3.13,-2.9999999999999805,-16.999999999999993,-8.000000000000007,-3.6013316687473793,-19.365159128978217,-15.418654173764914,5.863013698630141,18.63675978166139,26.958904109589042,89.04109589041096,3.5616438356164384,0.1095890410958873,5.424657534246576,17.31506849315069,97.26027397260275,,5.863013698630141
2022-06-25,3.13,-14.999999999999991,-19.99999999999997,-2.0000000000000018,-15.60133166874739,-22.365159128978195,-9.418654173764908,6.246575342465761,18.63675978166139,27.89041095890411,89.04109589041096,3.616438356164384,0.1095890410958873,5.424657534246576,17.424657534246577,97.20547945205479,,6.136986301369859
2022-06-26,3.13,-25.0,-19.99999999999997,-10.000000000000009,-25.6013316687474,-22.365159128978195,-17.418654173764914,6.410958904109592,18.63675978166139,37.15068493150685,88.98630136986301,3.6712328767123292,0.1095890410958873,4.219178082191781,17.534246575342465,97.15068493150685,,6.465753424657535
2022-06-27,3.2,-32.00000000000003,-27.0,-16.000000000000014,-32.60133166874743,-29.365159128978224,-23.41865417376492,4.7671232876712395,16.801981560478875,15.123287671232877,89.86301369863014,5.36986301369863,0.1095890410958873,8.054794520547945,21.260273972602732,98.52054794520548,,6.739726027397268
2022-06-28,3.2,-32.00000000000003,-24.00000000000002,-16.000000000000014,-32.60133166874743,-26.365159128978245,-23.41865417376492,5.150684931506859,10.082106325397918,17.917808219178085,90.63013698630137,4.054794520547945,0.0,7.013698630136986,17.58904109589041,98.46575342465754,,7.06849315068493
2022-06-29,3.1,-22.00000000000002,-9.00000000000003,-6.000000000000005,-22.60133166874742,-11.365159128978254,-13.418654173764912,8.109589041095887,10.38943167744599,20.164383561643838,91.94520547945206,1.9726027397260273,0.0,7.4520547945205475,14.904109589041099,96.4931506849315,,7.452054794520549
2022-06-30,2.98,-16.000000000000014,6.000000000000005,14.000000000000012,-16.601331668747413,3.634840871021781,6.581345826235106,13.698630136986296,7.426264850236228,25.36986301369863,93.20547945205479,2.73972602739726,0.0,5.47945205479452,11.287671232876718,92.4931506849315,,7.780821917808225
2022-07-01,2.88,5.000000000000027,3.000000000000025,23.0,4.398668331252628,0.6348408710218005,15.581345826235093,27.72602739726028,8.926196046052933,30.46575342465753,92.05479452054794,2.0273972602739727,1.6438356164383663,3.1780821917808217,7.890410958904113,85.64383561643835,,85.0958904109589
2022-07-02,2.88,12.99999999999999,-10.999999999999988,27.0,12.39866833125259,-13.365159128978211,19.581345826235093,28.876712328767113,8.926196046052933,48.71232876712329,91.72602739726027,2.0821917808219177,1.6438356164383663,2.5205479452054798,7.945205479452056,85.58904109589041,,85.31506849315068
2022-07-03,2.88,20.999999999999996,-10.999999999999988,37.999999999999986,20.398668331252598,-13.365159128978211,30.58134582623508,30.575342465753437,8.926196046052933,29.369863013698634,91.34246575342466,2.136986301369863,1.6438356164383663,3.5616438356164384,8.054794520547944,85.53424657534246,,85.47945205479452
2022-07-04,2.88,20.999999999999996,-10.999999999999988,32.00000000000003,20.398668331252598,-13.365159128978211,24.581345826235122,32.164383561643845,8.926196046052933,26.9041095890411,90.79452054794521,2.191780821917808,1.6438356164383663,3.5616438356164384,8.219178082191775,85.47945205479452,,85.53424657534246
2022-07-05,2.82,27.0,-0.9999999999999787,38.000000000000036,26.3986683312526,-3.365159128978203,30.58134582623513,42.9041095890411,12.545296087335444,38.73972602739726,83.5068493150685,0.7671232876712328,1.6438356164383663,2.0273972602739727,8.657534246575338,79.67123287671232,,85.64383561643835
2022-07-06,2.93,6.000000000000005,-12.00000000000001,27.0,5.3986683312526065,-14.365159128978235,19.581345826235093,25.753424657534254,13.861749461033899,24.0,80.4931506849315,0.273972602739726,1.6438356164383663,2.5205479452054798,9.095890410958901,88.82191780821918,,85.64383561643835
2022-07-07,3.01,-4.999999999999982,-23.0,19.00000000000004,-5.601331668747381,-25.365159128978224,11.581345826235133,16.328767123287662,18.60006421723774,18.465753424657535,78.02739726027397,0.4383561643835616,1.7534246575342394,6.904109589041097,11.23287671232876,93.6986301369863,,85.75342465753425
2022-07-08,3.09,-17.99999999999997,-40.99999999999997,24.00000000000002,-18.60133166874737,-43.3651591289782,16.581345826235115,11.506849315068493,18.84775927709738,11.013698630136986,77.97260273972603,0.32876712328767127,2.027397260273972,4.438356164383562,12.328767123287676,96.27397260273973,,85.8082191780822
2022-07-09,3.09,-12.99999999999999,-41.99999999999999,18.000000000000014,-13.601331668747388,-44.36515912897822,10.581345826235108,12.164383561643831,18.84775927709738,11.068493150684931,77.97260273972603,0.3835616438356164,2.027397260273972,4.493150684931506,12.328767123287676,96.21917808219177,,85.8082191780822
2022-07-10,3.09,-15.99999999999997,-41.99999999999999,20.000000000000018,-16.60133166874737,-44.36515912897822,12.581345826235111,12.76712328767124,18.84775927709738,25.863013698630137,77.47945205479452,0.4383561643835616,2.027397260273972,4.164383561643835,12.328767123287676,96.16438356164383,,85.91780821917808
2022-07-11,2.99,-6.000000000000005,-32.00000000000003,33.999999999999986,-6.601331668747404,-34.365159128978256,26.58134582623508,24.876712328767127,13.935140589881199,41.917808219178085,78.35616438356165,0.0547945205479452,1.7534246575342394,2.410958904109589,11.561643835616437,92.87671232876713,,85.91780821917808
2022-07-12,2.96,-2.9999999999999805,-35.999999999999986,37.000000000000014,-3.6013316687473793,-38.36515912897821,29.581345826235108,32.0,12.004036512086602,48.76712328767123,79.72602739726028,0.1095890410958904,1.7534246575342394,0.3835616438356164,12.38356164383562,90.63013698630137,,86.08219178082192
2022-07-13,2.91,4.999999999999982,-16.000000000000014,41.99999999999999,4.398668331252583,-18.365159128978238,34.581345826235086,40.76712328767124,11.69671116003853,65.42465753424658,81.75342465753425,0.0547945205479452,1.7534246575342394,0.4383561643835616,11.561643835616437,87.83561643835617,,86.08219178082192
2022-07-14,2.96,4.999999999999982,-23.0,41.000000000000014,4.398668331252583,-25.365159128978224,33.58134582623511,33.917808219178085,12.343470483005367,56.657534246575345,83.17808219178082,0.1095890410958904,1.9726027397260282,0.273972602739726,12.38356164383562,90.57534246575342,,86.13698630136986
2022-07-15,2.93,10.999999999999988,-25.0,48.99999999999998,10.398668331252589,-27.365159128978224,41.58134582623507,40.38356164383562,16.196504747488646,61.698630136986296,84.21917808219177,0.1095890410958904,2.2465753424657464,0.4383561643835616,13.205479452054789,88.38356164383562,,86.24657534246575
2022-07-16,2.93,-2.0000000000000018,-10.000000000000009,48.0,-2.6013316687474006,-12.365159128978233,40.58134582623509,41.47945205479452,16.196504747488646,77.8082191780822,85.64383561643835,0.16438356164383564,2.2465753424657464,0.547945205479452,13.205479452054789,88.32876712328768,,86.52054794520548
2022-07-17,2.93,-16.000000000000014,-10.000000000000009,52.0,-16.601331668747413,-12.365159128978233,44.58134582623509,43.013698630136986,16.196504747488646,69.69863013698631,86.46575342465754,0.2191780821917808,2.2465753424657464,0.7123287671232876,13.205479452054789,88.27397260273972,,86.73972602739727
2022-07-18,2.96,-18.999999999999993,-12.99999999999999,49.00000000000002,-19.60133166874739,-15.365159128978213,41.581345826235115,38.68493150684932,14.352552635200219,67.83561643835615,87.12328767123287,0.32876712328767127,2.4109589041095774,1.4794520547945205,14.13698630136986,90.52054794520548,,86.9041095890411
2022-07-19,3.01,-23.99999999999998,-23.99999999999998,44.00000000000004,-24.601331668747378,-26.365159128978203,36.581345826235136,31.890410958904113,21.08618870694005,58.082191780821915,87.01369863013699,0.0547945205479452,2.630136986301366,1.2054794520547945,15.06849315068493,93.47945205479452,,87.06849315068493
2022-07-20,3.04,-23.0,-24.00000000000002,41.000000000000014,-23.6013316687474,-26.365159128978245,33.58134582623511,27.06849315068493,24.595202054951606,63.287671232876704,86.02739726027397,0.16438356164383564,2.630136986301366,3.780821917808219,22.082191780821915,93.91780821917808,,87.17808219178082
2022-07-21,2.91,-10.000000000000009,-13.000000000000034,58.00000000000001,-10.601331668747408,-15.365159128978258,50.5813458262351,50.465753424657535,27.80147699646805,76.71232876712328,84.87671232876713,0.4931506849315068,1.9178082191780845,2.63013698630137,18.575342465753423,87.3972602739726,,87.28767123287672
2022-07-22,2.77,0.9999999999999787,10.000000000000009,79.99999999999999,0.3986683312525796,7.634840871021785,72.58134582623508,71.78082191780823,23.82918214760791,84.43835616438356,84.38356164383562,0.2191780821917808,2.027397260273972,2.958904109589041,14.301369863013704,76.93150684931507,,87.45205479452055
2022-07-23,2.77,-8.999999999999986,6.999999999999984,73.99999999999997,-9.601331668747385,4.63484087102176,66.58134582623507,72.21917808219177,23.82918214760791,95.5068493150685,83.61643835616438,0.273972602739726,2.027397260273972,2.136986301369863,14.410958904109592,76.87671232876713,,87.56164383561644
2022-07-24,2.77,-10.000000000000009,6.999999999999984,93.00000000000001,-10.601331668747408,4.63484087102176,85.58134582623511,72.43835616438356,23.82918214760791,96.32876712328768,82.84931506849315,0.32876712328767127,2.027397260273972,2.246575342465753,14.465753424657535,76.82191780821918,,87.72602739726028
2022-07-25,2.81,-14.000000000000012,2.9999999999999805,87.99999999999999,-14.601331668747411,0.6348408710217561,80.58134582623508,67.17808219178082,22.563185174991972,91.17808219178082,82.68493150684932,0.7123287671232876,2.465753424657535,3.287671232876712,12.93150684931507,78.52054794520548,,87.89041095890411
2022-07-26,2.81,-14.000000000000012,-2.0000000000000018,87.99999999999999,-14.601331668747411,-4.365159128978226,80.58134582623508,67.61643835616438,18.123021879730288,87.78082191780821,82.46575342465754,0.3835616438356164,2.465753424657535,7.561643835616438,14.191780821917803,78.46575342465754,,88.0
2022-07-27,2.78,-17.99999999999997,4.0000000000000036,91.00000000000001,-18.60133166874737,1.6348408710217792,83.58134582623511,72.43835616438356,27.416173570019726,83.61643835616438,81.20547945205479,0.821917808219178,3.0684931506849296,12.657534246575342,13.808219178082197,77.31506849315068,,88.21917808219177
2022-07-28,2.68,6.999999999999984,20.999999999999996,119.99999999999997,6.398668331252585,18.634840871021773,112.58134582623507,82.35616438356165,29.590385762121002,85.91780821917808,79.94520547945206,0.8767123287671232,3.342465753424662,11.726027397260275,8.712328767123296,73.0958904109589,,88.32876712328768
2022-07-29,2.67,6.000000000000005,20.999999999999996,130.00000000000003,5.3986683312526065,18.634840871021773,122.58134582623512,83.2876712328767,33.88376679968809,84.65753424657534,77.97260273972603,0.1095890410958904,3.671232876712324,15.945205479452055,10.849315068493155,72.82191780821918,,88.4931506849315
2022-07-30,2.67,1.000000000000023,31.000000000000007,105.00000000000003,0.398668331252624,28.634840871021783,97.58134582623512,83.3972602739726,33.88376679968809,84.65753424657534,76.05479452054794,0.16438356164383564,3.671232876712324,16.0,11.178082191780831,72.76712328767124,,88.71232876712328
2022-07-31,2.67,16.000000000000014,31.000000000000007,108.99999999999999,15.398668331252615,28.634840871021783,101.58134582623508,83.5068493150685,33.977277954095946,92.71232876712328,74.02739726027397,0.2191780821917808,3.671232876712324,14.465753424657535,11.342465753424662,72.71232876712328,,88.93150684931507
2022-08-01,2.6,23.0,37.999999999999986,123.0,22.3986683312526,35.63484087102176,115.5813458262351,88.6027397260274,33.81169219447128,92.21917808219177,73.42465753424658,0.0547945205479452,5.260273972602732,17.095890410958905,10.575342465753423,70.35616438356163,,83.5068493150685
2022-08-02,2.75,8.000000000000007,27.99999999999998,108.0,7.398668331252608,25.634840871021755,100.5813458262351,75.72602739726028,33.11255232050044,80.32876712328768,74.08219178082192,0.0547945205479452,5.041095890410958,30.246575342465754,15.780821917808225,75.94520547945206,,83.67123287671232
2022-08-03,2.73,4.0000000000000036,31.999999999999986,110.00000000000001,3.3986683312526047,29.634840871021762,102.58134582623511,77.31506849315068,39.496803274918356,93.69863013698631,73.97260273972603,0.0547945205479452,5.31506849315069,26.794520547945204,16.0,74.84931506849315,,83.78082191780823
2022-08-04,2.68,11.999999999999966,42.99999999999997,98.99999999999997,11.398668331252567,40.634840871021744,91.58134582623507,83.45205479452055,40.517915459270505,92.93150684931507,73.91780821917808,0.1095890410958904,5.041095890410958,20.383561643835616,14.465753424657535,72.93150684931507,,83.72602739726028
2022-08-05,2.83,-5.000000000000027,19.99999999999997,79.0,-5.6013316687474255,17.634840871021748,71.5813458262351,67.61643835616438,38.71027091670116,83.28767123287672,74.08219178082192,0.0547945205479452,5.041095890410958,32.821917808219176,16.54794520547945,79.83561643835617,,83.67123287671232
2022-08-06,2.83,4.0000000000000036,20.999999999999996,92.99999999999997,3.3986683312526047,18.634840871021773,85.58134582623507,68.27397260273972,38.71027091670116,86.57534246575342,74.24657534246575,0.1095890410958904,5.041095890410958,29.80821917808219,17.041095890410958,79.78082191780823,,83.61643835616438
2022-08-07,2.83,0.9999999999999787,20.999999999999996,100.0,0.3986683312525796,18.634840871021773,92.5813458262351,68.98630136986301,38.71027091670116,84.21917808219177,73.69863013698631,0.16438356164383564,5.041095890410958,27.945205479452056,17.972602739726028,79.72602739726028,,83.56164383561644
2022-08-08,2.77,6.999999999999984,27.0,112.00000000000001,6.398668331252585,24.634840871021776,104.58134582623511,75.2876712328767,37.87314290970977,84.7123287671233,73.36986301369862,0.0547945205479452,5.260273972602732,28.21917808219178,22.52054794520548,76.43835616438356,,83.5068493150685
2022-08-09,2.8,4.0000000000000036,32.00000000000003,109.00000000000003,3.3986683312526047,29.634840871021805,101.58134582623512,73.0958904109589,35.08118301826043,80.65753424657535,74.41095890410959,0.0547945205479452,5.260273972602732,32.54794520547945,22.79452054794521,78.1917808219178,,83.45205479452055
2022-08-10,2.78,1.000000000000023,33.00000000000001,111.00000000000003,0.398668331252624,30.634840871021783,103.58134582623512,75.06849315068493,41.71381261211536,70.41095890410959,73.91780821917808,0.1095890410958904,4.93150684931507,56.602739726027394,19.61643835616438,77.04109589041096,,83.3972602739726
2022-08-11,2.87,-5.000000000000027,27.99999999999998,102.0,-5.6013316687474255,25.634840871021755,94.5813458262351,63.50684931506849,40.228140379927325,42.84931506849315,73.53424657534246,0.4383561643835616,5.31506849315069,70.13698630136986,20.164383561643845,83.56164383561644,,83.34246575342466
2022-08-12,2.84,5.000000000000027,41.99999999999999,109.00000000000003,4.398668331252628,39.634840871021765,101.58134582623512,67.94520547945206,45.13131870659123,55.61643835616439,73.42465753424658,0.3835616438356164,5.31506849315069,60.0,23.28767123287672,80.82191780821918,,83.2876712328767
2022-08-13,2.84,4.0000000000000036,36.00000000000003,107.00000000000003,3.3986683312526047,33.6348408710218,99.58134582623512,68.10958904109589,45.13131870659123,55.67123287671233,73.0958904109589,0.4383561643835616,5.31506849315069,60.05479452054795,24.16438356164383,80.76712328767124,,83.17808219178082
2022-08-14,2.84,14.000000000000012,36.00000000000003,113.00000000000003,13.398668331252614,33.6348408710218,105.58134582623512,68.21917808219177,45.13131870659123,45.80821917808219,72.3835616438356,0.4931506849315068,5.31506849315069,80.65753424657535,24.76712328767124,80.7123287671233,,83.12328767123287
2022-08-15,2.79,18.999999999999993,41.000000000000014,121.0,18.398668331252594,38.63484087102179,113.5813458262351,74.35616438356165,47.03555494227496,60.65753424657534,71.78082191780823,0.547945205479452,5.041095890410958,72.4931506849315,24.93150684931507,77.20547945205479,,83.06849315068493
2022-08-16,2.82,16.000000000000014,38.000000000000036,118.00000000000001,15.398668331252615,35.63484087102181,110.58134582623511,71.5068493150685,46.61239133434525,73.64383561643835,72.10958904109589,0.2191780821917808,5.041095890410958,44.43835616438356,25.315068493150676,78.35616438356165,,82.95890410958904
2022-08-17,2.89,13.999999999999968,43.99999999999999,110.99999999999999,13.39866833125257,41.634840871021765,103.58134582623508,60.71232876712329,43.576652407892915,73.86301369863014,72.43835616438356,0.6575342465753425,5.205479452054789,53.97260273972603,30.356164383561648,85.42465753424658,,82.9041095890411
2022-08-18,2.88,16.999999999999993,39.000000000000014,113.99999999999997,16.398668331252594,36.63484087102179,106.58134582623507,62.19178082191781,44.12860493997516,73.97260273972603,73.53424657534246,0.8767123287671232,6.5753424657534225,65.64383561643835,31.232876712328775,84.4931506849315,,82.84931506849315
2022-08-19,2.98,12.99999999999999,31.000000000000007,102.99999999999999,12.39866833125259,28.634840871021783,95.58134582623508,49.369863013698634,39.44160802171013,58.46575342465753,75.17808219178082,1.0410958904109588,6.849315068493155,75.06849315068493,29.58904109589041,92.05479452054794,,82.79452054794521
2022-08-20,2.98,4.999999999999982,35.00000000000001,115.99999999999997,4.398668331252583,32.63484087102178,108.58134582623507,49.534246575342465,39.44160802171013,37.589041095890416,76.38356164383562,1.095890410958904,6.849315068493155,84.6027397260274,30.027397260273972,92.0,,82.73972602739727
2022-08-21,2.98,6.000000000000005,35.00000000000001,126.00000000000003,5.3986683312526065,32.63484087102178,118.58134582623512,49.863013698630134,39.44160802171013,32.32876712328767,78.30136986301369,1.1506849315068493,6.849315068493155,93.42465753424658,30.52054794520548,91.94520547945206,,82.68493150684932
2022-08-22,3.03,1.000000000000023,30.00000000000003,118.00000000000001,0.398668331252624,27.634840871021805,110.58134582623511,41.31506849315068,32.841175658893334,21.26027397260274,81.36986301369863,1.0410958904109588,7.342465753424648,93.42465753424658,33.369863013698634,93.6986301369863,,82.63013698630137
2022-08-23,3.05,-0.9999999999999787,32.00000000000003,116.00000000000001,-1.6013316687473778,29.634840871021805,108.58134582623511,38.02739726027398,32.59739662389035,22.73972602739726,83.3972602739726,1.2602739726027399,7.452054794520549,95.94520547945206,34.35616438356165,94.02739726027397,,82.57534246575342
2022-08-24,3.11,1.000000000000023,31.000000000000007,110.00000000000001,0.398668331252624,28.634840871021783,102.58134582623511,28.54794520547945,33.209144013614825,14.849315068493151,85.42465753424658,1.2602739726027399,8.0,93.42465753424658,36.438356164383556,96.6027397260274,,82.46575342465754
2022-08-25,3.03,8.000000000000007,38.000000000000036,122.00000000000001,7.398668331252608,35.63484087102181,114.58134582623511,42.35616438356165,37.37178602640173,24.164383561643834,85.64383561643835,0.9315068493150684,7.780821917808225,94.52054794520548,42.73972602739726,93.53424657534246,,82.41095890410959
2022-08-26,3.04,10.999999999999988,41.000000000000014,105.99999999999996,10.398668331252589,38.63484087102179,98.58134582623505,40.76712328767124,27.51943332873373,30.136986301369863,84.82191780821918,0.9315068493150684,7.342465753424648,95.83561643835617,50.24657534246575,93.75342465753425,,82.35616438356165
2022-08-27,3.04,21.999999999999975,41.000000000000014,100.0,21.398668331252576,38.63484087102179,92.5813458262351,40.93150684931507,27.51943332873373,40.16438356164384,84.0,0.9863013698630136,7.342465753424648,91.72602739726028,50.794520547945204,93.6986301369863,,82.30136986301369
2022-08-28,3.04,16.000000000000014,41.000000000000014,92.0,15.398668331252615,38.63484087102179,84.5813458262351,41.15068493150685,27.51943332873373,45.534246575342465,82.63013698630137,1.0410958904109588,7.342465753424648,94.24657534246576,51.06849315068493,93.64383561643835,,82.1917808219178
2022-08-29,3.12,8.000000000000007,33.00000000000001,89.99999999999994,7.398668331252608,30.634840871021783,82.58134582623504,28.16438356164383,25.169035462950184,33.47945205479452,84.38356164383562,1.2602739726027399,7.61643835616438,86.1917808219178,51.45205479452055,96.71232876712328,,82.02739726027397
2022-08-30,3.11,9.00000000000003,38.000000000000036,90.99999999999997,8.398668331252631,35.63484087102181,83.58134582623507,30.30136986301369,22.70364748631618,24.32876712328767,86.35616438356165,0.821917808219178,6.849315068493155,86.35616438356163,56.16438356164384,96.4931506849315,,81.97260273972603
2022-08-31,3.15,5.000000000000027,41.99999999999999,86.99999999999997,4.398668331252628,39.634840871021765,79.58134582623507,23.671232876712338,21.351363782714685,9.150684931506849,84.43835616438356,1.2602739726027399,5.753424657534239,84.0,54.19178082191781,97.36986301369863,,81.91780821917808
2022-09-01,3.26,7.000000000000028,25.0,83.99999999999999,6.39866833125263,22.634840871021776,76.58134582623508,12.38356164383562,21.48015270686721,4.383561643835616,81.58904109589041,1.6986301369863015,5.9178082191780845,74.13698630136987,42.24657534246575,99.67123287671232,,11.23287671232876
2022-09-02,3.2,6.999999999999984,50.0,87.00000000000001,6.398668331252585,47.63484087102177,79.58134582623511,17.808219178082197,18.021250172485168,4.876712328767123,75.89041095890411,2.5205479452054798,6.246575342465761,71.28767123287672,37.26027397260274,98.35616438356165,,11.45205479452055
2022-09-03,3.2,8.999999999999986,48.99999999999998,89.99999999999994,8.398668331252587,46.63484087102175,82.58134582623504,18.465753424657535,18.021250172485168,7.397260273972603,69.04109589041096,2.5753424657534247,6.246575342465761,68.16438356164383,37.534246575342465,98.3013698630137,,11.61643835616438
2022-09-04,3.2,12.99999999999999,48.99999999999998,93.99999999999994,12.39866833125259,46.63484087102175,86.58134582623504,18.630136986301366,18.021250172485168,6.739726027397261,63.726027397260275,2.63013698630137,6.246575342465761,60.38356164383561,37.97260273972603,98.24657534246575,,11.780821917808211
2022-09-05,3.2,12.99999999999999,48.99999999999998,96.99999999999997,12.39866833125259,46.63484087102175,89.58134582623507,18.739726027397268,18.254670828868285,9.36986301369863,55.67123287671233,2.684931506849315,6.246575342465761,50.73972602739726,38.35616438356164,98.1917808219178,,12.054794520547944
2022-09-06,3.33,0.0,54.999999999999986,83.99999999999999,-0.6013316687473991,52.63484087102176,76.58134582623508,9.753424657534254,16.665890136514,3.287671232876712,53.150684931506845,3.0684931506849313,6.849315068493155,68.43835616438356,32.054794520547944,99.78082191780823,,12.273972602739718
2022-09-07,3.27,10.000000000000009,70.00000000000001,89.99999999999999,9.39866833125261,67.6348408710218,82.58134582623508,12.76712328767124,21.23769994870121,5.534246575342466,50.35616438356164,3.0136986301369864,5.9178082191780845,38.9041095890411,38.95890410958904,99.61643835616438,,12.493150684931507
2022-09-08,3.29,12.99999999999999,43.000000000000014,92.99999999999997,12.39866833125259,40.63484087102179,85.58134582623507,11.61643835616438,22.32896516345661,4.0,50.24657534246575,2.958904109589041,5.150684931506859,61.31506849315068,36.49315068493151,99.67123287671232,,12.712328767123296
2022-09-09,3.33,8.000000000000007,42.99999999999997,80.99999999999996,7.398668331252608,40.634840871021744,73.58134582623505,10.027397260273972,27.379564426619407,4.547945205479452,49.58904109589041,1.808219178082192,5.260273972602732,67.3972602739726,52.21917808219178,99.72602739726027,,12.93150684931507
2022-09-10,3.33,12.00000000000001,50.0,79.0,11.398668331252612,47.63484087102177,71.5813458262351,10.082191780821915,27.379564426619407,2.136986301369863,48.6027397260274,1.8630136986301369,5.260273972602732,74.73972602739725,52.328767123287676,99.67123287671232,,13.205479452054789
2022-09-11,3.33,12.00000000000001,50.0,48.99999999999998,11.398668331252612,47.63484087102177,41.58134582623507,10.301369863013704,27.379564426619407,3.7260273972602738,45.69863013698631,1.9178082191780823,5.260273972602732,78.46575342465754,52.38356164383562,99.61643835616438,,13.424657534246577
2022-09-12,3.37,8.000000000000007,46.0,44.99999999999997,7.398668331252608,43.63484087102177,37.581345826235065,8.767123287671225,31.372549019607842,1.8630136986301369,42.9041095890411,2.5205479452054798,5.260273972602732,84.76712328767123,52.38356164383562,99.83561643835617,,13.589041095890408
2022-09-13,3.42,3.000000000000025,25.0,39.99999999999999,2.398668331252626,22.634840871021776,32.581345826235086,7.178082191780817,19.14435695538058,2.5205479452054798,40.98630136986301,1.1506849315068493,6.027397260273972,88.32876712328766,57.15068493150685,99.83561643835617,,13.863013698630127
2022-09-14,3.41,8.000000000000007,20.999999999999996,40.99999999999997,7.398668331252608,18.634840871021773,33.581345826235065,7.506849315068493,21.35958005249344,5.315068493150685,38.52054794520547,0.7671232876712328,6.520547945205479,76.16438356164383,65.15068493150685,99.78082191780823,,14.027397260273972
2022-09-15,3.45,11.999999999999966,30.99999999999996,42.99999999999997,11.398668331252567,28.634840871021737,35.581345826235065,6.68493150684931,17.00787401574803,5.424657534246576,36.712328767123296,0.273972602739726,5.753424657534239,80.4931506849315,71.56164383561644,99.89041095890411,,14.301369863013704
2022-09-16,3.45,5.999999999999961,37.999999999999986,34.999999999999964,5.398668331252562,35.63484087102176,27.581345826235058,6.904109589041099,14.484621062992126,3.890410958904109,34.9041095890411,0.7123287671232876,4.876712328767113,84.05479452054794,56.602739726027394,99.83561643835617,,14.575342465753423
2022-09-17,3.45,25.0,43.99999999999999,21.999999999999975,24.3986683312526,41.634840871021765,14.581345826235069,7.06849315068493,14.484621062992126,2.73972602739726,33.534246575342465,0.7671232876712328,4.876712328767113,82.79452054794521,56.54794520547945,99.78082191780823,,14.739726027397253
2022-09-18,3.45,23.99999999999998,43.99999999999999,31.999999999999986,23.39866833125258,41.634840871021765,24.58134582623508,7.123287671232887,14.484621062992126,3.0684931506849313,32.10958904109589,0.821917808219178,4.876712328767113,84.05479452054794,56.21917808219178,99.72602739726027,,14.904109589041099
2022-09-19,3.49,19.99999999999997,39.99999999999999,32.999999999999964,19.398668331252573,37.634840871021765,25.581345826235058,6.191780821917803,18.881889763779526,3.9452054794520546,31.61643835616438,0.1095890410958904,4.547945205479451,77.75342465753424,64.10958904109589,99.89041095890411,,15.178082191780817
2022-09-20,3.57,12.00000000000001,32.00000000000003,25.0,11.398668331252612,29.634840871021805,17.581345826235093,4.1095890410959015,16.745406824146983,6.684931506849315,32.328767123287676,0.9315068493150684,5.205479452054789,68.98630136986301,67.67123287671234,99.94520547945206,,15.397260273972606
2022-09-21,3.51,37.000000000000014,42.000000000000036,31.000000000000007,36.398668331252615,39.63484087102181,23.5813458262351,5.9178082191780845,13.089912771192127,9.479452054794521,33.0958904109589,0.0547945205479452,4.93150684931507,69.42465753424656,69.42465753424658,99.89041095890411,,15.45205479452055
2022-09-22,3.7,27.0,20.999999999999996,12.99999999999999,26.3986683312526,18.634840871021773,5.581345826235083,2.630136986301366,9.85797360769403,3.780821917808219,34.082191780821915,0.821917808219178,5.479452054794521,64.0,80.27397260273972,99.94520547945206,,15.726027397260282
2022-09-23,3.69,3.000000000000025,28.000000000000025,6.999999999999984,2.398668331252626,25.6348408710218,-0.41865417376492253,2.9041095890410986,5.63632297025274,4.438356164383562,35.945205479452056,0.0547945205479452,4.876712328767113,49.589041095890416,77.04109589041096,99.89041095890411,,15.945205479452056
2022-09-24,3.69,6.999999999999984,31.000000000000007,2.0000000000000018,6.398668331252585,28.634840871021783,-5.418654173764905,3.0684931506849296,5.63632297025274,4.712328767123288,38.02739726027398,0.1095890410958904,4.876712328767113,51.61643835616439,76.32876712328768,99.83561643835617,,16.1095890410959
2022-09-25,3.69,14.000000000000012,31.000000000000007,2.0000000000000018,13.398668331252614,28.634840871021783,-5.418654173764905,3.178082191780817,5.63632297025274,3.9452054794520546,38.73972602739726,0.16438356164383564,4.876712328767113,47.28767123287671,75.83561643835617,99.78082191780823,,16.273972602739732
2022-09-26,3.88,-4.999999999999982,12.00000000000001,-19.99999999999997,-5.601331668747381,9.634840871021787,-27.418654173764878,1.3150684931506902,4.655968879163627,3.232876712328767,35.23287671232876,1.315068493150685,4.438356164383563,46.95890410958904,89.91780821917808,99.94520547945206,,16.54794520547945
2022-09-27,3.97,-14.000000000000012,4.999999999999938,-29.000000000000004,-14.601331668747411,2.6348408710217135,-36.41865417376491,0.27397260273971824,5.081449063943593,0.9863013698630136,31.561643835616437,1.9178082191780823,4.547945205479451,37.26027397260274,77.53424657534246,99.94520547945206,,16.76712328767124
2022-09-28,3.72,-5.000000000000027,28.999999999999957,-4.0000000000000036,-5.6013316687474255,26.634840871021733,-11.41865417376491,3.2328767123287747,10.478969122295162,5.917808219178082,28.054794520547944,1.5890410958904109,4.547945205479451,30.356164383561644,32.87671232876713,99.83561643835617,,17.041095890410958
2022-09-29,3.76,-13.999999999999968,37.999999999999986,-6.999999999999984,-14.601331668747367,35.63484087102176,-14.41865417376489,2.630136986301366,2.516411378555799,5.315068493150685,28.054794520547944,1.0410958904109588,3.123287671232873,37.589041095890416,28.986301369863014,99.83561643835617,,17.424657534246577
2022-09-30,3.83,-7.000000000000028,41.000000000000014,-8.000000000000007,-7.601331668747427,38.63484087102179,-15.418654173764914,2.136986301369859,0.0,3.397260273972603,27.890410958904113,1.4246575342465753,3.123287671232873,36.76712328767123,34.84931506849314,99.83561643835617,,17.643835616438352
2022-10-01,3.83,0.0,37.999999999999986,-14.999999999999991,-0.6013316687473991,35.63484087102176,-22.4186541737649,2.191780821917817,0.0,3.7260273972602738,27.780821917808225,1.4794520547945205,10.027397260273972,35.06849315068493,34.79452054794521,99.78082191780823,,96.76712328767124
2022-10-02,3.83,6.000000000000005,37.999999999999986,-30.00000000000003,5.3986683312526065,35.63484087102176,-37.418654173764935,2.2465753424657464,0.0,4.438356164383562,27.72602739726028,1.5342465753424657,10.027397260273972,34.19178082191781,34.79452054794521,99.72602739726027,,96.71232876712328
2022-10-03,3.67,22.00000000000002,54.0,-16.000000000000014,21.398668331252622,51.63484087102177,-23.41865417376492,4.7671232876712395,5.955143078112916,9.698630136986301,28.986301369863014,0.4383561643835616,10.739726027397253,33.534246575342465,25.863013698630127,99.34246575342466,,96.6027397260274
2022-10-04,3.62,27.0,62.999999999999986,-11.000000000000032,26.3986683312526,60.63484087102176,-18.41865417376494,6.356164383561648,14.40299839371765,4.986301369863014,28.986301369863014,0.32876712328767127,10.739726027397253,30.684931506849317,29.369863013698634,99.28767123287672,,96.4931506849315
2022-10-05,3.76,13.000000000000034,33.999999999999986,-25.0,12.398668331252635,31.634840871021762,-32.41865417376491,3.7260273972602818,13.9984532095901,3.1232876712328768,28.657534246575338,1.36986301369863,10.24657534246576,29.205479452054796,41.04109589041096,99.61643835616438,,96.43835616438356
2022-10-06,3.83,10.000000000000009,20.999999999999996,-23.0,9.39866833125261,18.634840871021773,-30.418654173764907,2.630136986301366,12.04711761556309,2.3013698630136985,27.232876712328775,1.2054794520547945,10.24657534246576,21.424657534246574,58.52054794520548,99.67123287671232,,96.32876712328768
2022-10-07,3.89,2.0000000000000018,6.999999999999984,-38.000000000000036,1.3986683312526027,4.63484087102176,-45.41865417376494,2.0821917808219155,1.5705871854363733,1.5342465753424657,27.06849315068493,1.1506849315068493,11.342465753424662,18.246575342465754,55.61643835616438,99.89041095890411,,96.27397260273973
2022-10-08,3.89,8.000000000000007,12.999999999999945,-47.00000000000002,7.398668331252608,10.634840871021721,-54.41865417376493,2.191780821917817,1.5705871854363733,2.246575342465753,26.958904109589042,1.2054794520547945,11.342465753424662,27.56164383561644,55.890410958904106,99.83561643835617,,96.21917808219177
2022-10-09,3.89,10.999999999999988,12.999999999999945,-41.000000000000014,10.398668331252589,10.634840871021721,-48.41865417376492,2.3013698630137043,1.5705871854363733,2.0821917808219177,26.958904109589042,1.2602739726027399,11.342465753424662,33.6986301369863,56.16438356164384,99.78082191780823,,96.16438356164383
2022-10-10,3.89,10.999999999999988,12.999999999999945,-32.00000000000003,10.398668331252589,10.634840871021721,-39.418654173764935,2.4109589041095774,0.0,1.36986301369863,26.958904109589042,1.315068493150685,11.342465753424662,54.02739726027397,56.71232876712329,99.72602739726027,,96.10958904109589
2022-10-11,3.93,6.999999999999984,16.99999999999995,-36.00000000000003,6.398668331252585,14.634840871021726,-43.418654173764935,2.027397260273972,0.0,4.219178082191781,26.246575342465746,2.136986301369863,11.835616438356169,69.04109589041096,39.61643835616439,99.89041095890411,,96.05479452054794
2022-10-12,3.91,10.999999999999943,16.000000000000014,-34.00000000000003,10.398668331252544,13.63484087102179,-41.418654173764935,2.4109589041095774,0.0,4.273972602739726,24.21917808219179,2.0821917808219177,11.726027397260282,69.36986301369863,30.630136986301366,99.83561643835617,,96.0
2022-10-13,3.97,3.999999999999959,12.999999999999945,-36.00000000000003,3.3986683312525603,10.634840871021721,-43.418654173764935,1.5890410958904084,5.531866507476264,3.5616438356164384,25.808219178082197,0.273972602739726,12.219178082191789,73.26027397260275,29.31506849315069,99.89041095890411,,95.94520547945206
2022-10-14,4.0,13.999999999999968,13.999999999999968,-49.00000000000002,13.39866833125257,11.634840871021744,-56.41865417376493,1.4246575342465775,0.0,2.356164383561644,27.397260273972606,0.32876712328767127,13.150684931506845,78.95890410958904,29.534246575342465,99.94520547945206,,95.89041095890411
2022-10-15,4.0,24.00000000000002,16.999999999999993,-50.99999999999998,23.398668331252622,14.634840871021769,-58.418654173764885,1.5342465753424648,0.0,2.410958904109589,29.534246575342465,0.3835616438356164,13.150684931506845,79.01369863013699,30.082191780821915,99.89041095890411,,95.83561643835617
2022-10-16,4.0,20.999999999999996,16.999999999999993,-56.00000000000001,20.398668331252598,14.634840871021769,-63.418654173764914,1.6438356164383663,0.0,5.972602739726027,31.83561643835617,0.4383561643835616,13.150684931506845,68.98630136986301,30.465753424657535,99.83561643835617,,95.78082191780823
2022-10-17,4.02,19.00000000000004,15.000000000000036,-53.99999999999996,18.39866833125264,12.634840871021812,-61.418654173764864,1.4246575342465775,8.150208623087622,2.958904109589041,34.02739726027397,0.821917808219178,13.808219178082197,74.84931506849315,31.232876712328775,99.94520547945206,,95.61643835616438
2022-10-18,4.01,20.000000000000018,20.999999999999996,-52.99999999999998,19.39866833125262,18.634840871021773,-60.418654173764885,1.6986301369862957,10.11961057023644,4.383561643835616,36.76712328767123,0.9863013698630136,13.150684931506845,46.68493150684932,31.780821917808225,99.89041095890411,,95.45205479452055
2022-10-19,4.14,11.000000000000032,0.0,-65.99999999999997,10.398668331252633,-2.3651591289782243,-73.41865417376488,0.2191780821917888,9.107093184979137,1.8630136986301369,39.89041095890411,1.4794520547945205,13.589041095890408,41.205479452054796,38.35616438356164,99.94520547945206,,95.34246575342466
2022-10-20,4.24,-14.000000000000057,-12.00000000000001,-67.00000000000004,-14.601331668747456,-14.365159128978235,-74.41865417376495,0.0,7.716272600834492,0.7671232876712328,42.08219178082192,2.410958904109589,14.246575342465746,57.47945205479452,41.53424657534247,99.94520547945206,,95.17808219178082
2022-10-21,4.21,-16.999999999999993,-39.000000000000014,-52.0,-17.60133166874739,-41.36515912897824,-59.41865417376491,0.05479452054794365,13.674547983310154,0.1095890410958904,44.82191780821918,3.5616438356164384,14.301369863013704,63.50684931506849,19.506849315068493,99.89041095890411,,95.01369863013699
2022-10-22,4.21,-25.0,-39.000000000000014,-52.99999999999998,-25.6013316687474,-41.36515912897824,-60.418654173764885,0.1095890410958873,13.674547983310154,0.4931506849315068,46.9041095890411,3.616438356164384,14.301369863013704,59.945205479452056,19.83561643835617,99.83561643835617,,94.84931506849315
2022-10-23,4.21,-19.00000000000004,-39.000000000000014,-54.0,-19.601331668747438,-41.36515912897824,-61.41865417376491,0.16438356164383094,13.674547983310154,0.2191780821917808,48.93150684931506,3.6712328767123292,14.301369863013704,59.12328767123287,20.054794520547944,99.78082191780823,,94.68493150684931
2022-10-24,4.25,-23.000000000000043,-43.000000000000014,-50.0,-23.60133166874744,-45.36515912897824,-57.41865417376491,0.05479452054794365,16.350486787204453,0.0547945205479452,51.61643835616439,4.0,14.849315068493155,55.013698630136986,23.013698630136986,99.94520547945206,,94.52054794520548
2022-10-25,4.1,-8.000000000000007,-21.999999999999975,-34.999999999999964,-8.601331668747406,-24.3651591289782,-42.41865417376487,1.5342465753424648,21.574408901251736,0.7671232876712328,54.08219178082192,3.287671232876712,14.246575342465746,39.3972602739726,19.28767123287672,99.61643835616438,,94.35616438356165
2022-10-26,4.04,5.999999999999961,-24.00000000000002,-29.000000000000004,5.398668331252562,-26.365159128978245,-36.41865417376491,2.5753424657534225,15.621696801112655,2.5205479452054798,56.657534246575345,2.904109589041096,13.75342465753424,65.31506849315069,25.150684931506845,99.56164383561644,,94.1917808219178
2022-10-27,3.96,11.000000000000032,-29.000000000000004,-20.999999999999996,10.398668331252633,-31.365159128978227,-28.418654173764903,3.8904109589041127,10.931849791376912,3.8356164383561646,60.6027397260274,3.0136986301369864,13.972602739726028,66.13698630136986,23.561643835616437,99.12328767123287,,94.02739726027397
2022-10-28,4.02,8.000000000000007,-24.999999999999957,-17.99999999999997,7.398668331252608,-27.36515912897818,-25.418654173764878,3.178082191780817,18.759388038942976,2.684931506849315,63.34246575342466,2.0821917808219177,14.356164383561648,42.73972602739726,30.30136986301369,99.45205479452055,,93.86301369863014
2022-10-29,4.02,12.00000000000001,-19.99999999999997,-13.999999999999968,11.398668331252612,-22.365159128978195,-21.418654173764875,3.342465753424662,18.759388038942976,2.410958904109589,65.91780821917808,2.136986301369863,14.356164383561648,41.369863013698634,30.575342465753437,99.3972602739726,,93.75342465753425
2022-10-30,4.02,15.000000000000036,-19.99999999999997,-18.99999999999995,14.398668331252637,-22.365159128978195,-26.418654173764857,3.506849315068493,18.759388038942976,4.10958904109589,68.93150684931507,2.191780821917808,14.356164383561648,40.54794520547945,30.68493150684931,99.34246575342466,,93.58904109589041
2022-10-31,4.1,7.000000000000028,-27.99999999999998,-21.999999999999975,6.39866833125263,-30.365159128978203,-29.41865417376488,2.191780821917817,15.649513212795549,1.2054794520547945,70.9041095890411,1.5342465753424657,14.630136986301366,40.6027397260274,35.56164383561644,99.56164383561644,,93.36986301369863
2022-11-01,4.07,9.999999999999964,-24.00000000000002,-19.00000000000004,9.398668331252566,-26.365159128978245,-26.418654173764946,2.9041095890410986,13.084840055632824,5.47945205479452,73.91780821917808,0.6027397260273972,18.30136986301369,61.97260273972602,52.93150684931507,99.5068493150685,,74.95890410958904
2022-11-02,4.1,12.00000000000001,-33.999999999999986,-21.999999999999975,11.398668331252612,-36.36515912897821,-29.41865417376488,2.520547945205479,4.461752433936022,4.328767123287671,75.89041095890411,0.0547945205479452,18.41095890410959,75.89041095890411,62.95890410958904,99.5068493150685,,74.35616438356165
2022-11-03,4.14,0.0,-42.99999999999997,-25.99999999999998,-0.6013316687473991,-45.3651591289782,-33.418654173764885,1.9726027397260282,0.0,3.5616438356164384,77.91780821917808,0.0547945205479452,17.58904109589041,73.75342465753425,59.83561643835616,99.61643835616438,,74.3013698630137
2022-11-04,4.17,-4.999999999999982,-46.0,-37.999999999999986,-5.601331668747381,-48.36515912897823,-45.41865417376489,1.6986301369862957,3.5977604080048784,1.4246575342465753,78.30136986301369,0.4383561643835616,18.30136986301369,91.06849315068493,51.726027397260275,99.67123287671232,,74.24657534246575
2022-11-05,4.17,-35.00000000000001,-48.99999999999998,-48.0,-35.601331668747406,-51.365159128978206,-55.41865417376491,1.8630136986301409,3.5977604080048784,3.397260273972603,79.01369863013699,0.4931506849315068,18.30136986301369,91.89041095890411,51.178082191780824,99.61643835616438,,74.1917808219178
2022-11-06,4.17,-35.00000000000001,-48.99999999999998,-46.0,-35.601331668747406,-51.365159128978206,-53.41865417376491,2.136986301369859,3.5977604080048784,8.21917808219178,79.34246575342466,0.547945205479452,18.30136986301369,91.78082191780823,50.68493150684932,99.56164383561644,,74.13698630136986
2022-11-07,4.22,-39.99999999999999,-53.99999999999996,-67.0,-40.60133166874739,-56.365159128978185,-74.4186541737649,1.4794520547945211,6.347358501025556,1.808219178082192,79.83561643835617,0.3835616438356164,18.630136986301366,86.02739726027397,49.753424657534254,99.83561643835617,,74.08219178082192
2022-11-08,4.14,-31.999999999999986,-44.99999999999997,-58.999999999999986,-32.601331668747385,-47.3651591289782,-66.41865417376489,3.287671232876704,8.121292754587284,4.273972602739726,79.45205479452055,0.1095890410958904,18.465753424657535,78.57534246575342,47.01369863013699,99.34246575342466,,73.97260273972603
2022-11-09,4.12,-24.00000000000002,-37.000000000000014,-57.00000000000003,-24.60133166874742,-39.36515912897824,-64.41865417376493,3.9452054794520564,2.2783968069183436,6.136986301369863,77.58904109589041,0.7123287671232876,18.082191780821915,84.10958904109589,23.890410958904113,99.28767123287672,,73.91780821917808
2022-11-10,3.82,-2.0000000000000018,-13.999999999999968,-29.000000000000004,-2.6013316687474006,-16.365159128978192,-36.41865417376491,10.794520547945211,20.0510006097899,17.36986301369863,74.84931506849315,0.16438356164383564,17.58904109589041,80.54794520547945,19.890410958904113,97.75342465753425,,73.86301369863014
2022-11-11,3.82,-14.999999999999991,-29.000000000000004,-20.999999999999996,-15.60133166874739,-31.365159128978227,-28.418654173764903,11.178082191780831,24.835079549864183,14.684931506849317,72.10958904109589,0.2191780821917808,17.58904109589041,91.06849315068493,19.945205479452056,97.6986301369863,,73.8082191780822
2022-11-12,3.82,-4.999999999999982,-31.000000000000007,-27.99999999999998,-5.601331668747381,-33.365159128978235,-35.418654173764885,11.397260273972591,24.835079549864183,10.136986301369863,69.75342465753425,0.273972602739726,17.58904109589041,92.82191780821918,20.054794520547944,97.64383561643835,,73.75342465753424
2022-11-13,3.82,0.0,-31.000000000000007,-38.99999999999997,-0.6013316687473991,-33.365159128978235,-46.41865417376488,11.780821917808211,24.835079549864183,11.561643835616438,70.52054794520548,0.32876712328767127,17.58904109589041,92.6027397260274,20.109589041095887,97.58904109589041,,73.69863013698631
2022-11-14,3.88,-6.000000000000005,-37.000000000000014,-38.99999999999997,-6.601331668747404,-39.36515912897824,-46.41865417376488,9.808219178082183,22.323853872165863,13.863013698630136,70.08219178082192,0.16438356164383564,17.0958904109589,82.57534246575342,35.89041095890411,97.97260273972603,,73.58904109589041
2022-11-15,3.8,2.0000000000000018,-19.99999999999997,-30.99999999999996,1.3986683312526027,-22.365159128978195,-38.418654173764864,13.150684931506845,26.08237707189977,27.397260273972602,69.91780821917808,0.1095890410958904,17.041095890410958,87.2876712328767,47.67123287671233,97.47945205479452,,73.53424657534246
2022-11-16,3.67,16.000000000000014,-16.000000000000014,-17.99999999999997,15.398668331252615,-18.365159128978238,-25.418654173764878,23.45205479452055,22.42918121847109,56.00000000000001,70.30136986301369,0.0547945205479452,16.657534246575352,87.01369863013699,43.342465753424655,96.98630136986301,,73.42465753424658
2022-11-17,3.77,-1.000000000000023,-35.00000000000001,-27.99999999999998,-1.6013316687474222,-37.365159128978235,-35.418654173764885,15.178082191780817,21.786130051554963,44.657534246575345,71.01369863013699,0.1095890410958904,16.657534246575352,78.52054794520548,61.15068493150685,97.42465753424658,,73.36986301369862
2022-11-18,3.82,-10.999999999999988,-33.999999999999986,-29.000000000000004,-11.601331668747386,-36.36515912897821,-36.41865417376491,13.095890410958901,21.73069460613116,38.35616438356164,71.45205479452055,0.0547945205479452,16.657534246575352,72.21917808219177,71.5068493150685,97.47945205479452,,73.31506849315069
2022-11-19,3.82,-10.999999999999988,-25.0,-44.99999999999997,-11.601331668747386,-27.365159128978224,-52.41865417376488,13.424657534246577,21.73069460613116,56.32876712328767,71.56164383561644,0.1095890410958904,16.657534246575352,49.205479452054796,71.12328767123287,97.42465753424658,,73.26027397260273
2022-11-20,3.82,-13.999999999999968,-25.0,-42.99999999999997,-14.601331668747367,-27.365159128978224,-50.41865417376488,14.082191780821915,21.73069460613116,51.671232876712324,70.9041095890411,0.16438356164383564,16.657534246575352,48.821917808219176,71.01369863013699,97.36986301369863,,73.15068493150685
2022-11-21,3.83,-14.999999999999991,-26.00000000000002,-35.00000000000001,-15.60133166874739,-28.365159128978245,-42.418654173764914,13.75342465753424,19.06979322578857,52.109589041095894,70.46575342465754,0.32876712328767127,16.93150684931507,46.136986301369866,81.47945205479452,97.6986301369863,,73.0958904109589
2022-11-22,3.76,-7.999999999999963,-14.999999999999991,-27.99999999999998,-8.601331668747362,-17.365159128978217,-35.418654173764885,18.082191780821915,22.761793891013916,73.20547945205479,70.68493150684931,0.0547945205479452,17.041095890410958,49.75342465753425,83.23287671232876,97.04109589041096,,73.04109589041096
2022-11-23,3.71,-2.0000000000000018,-20.000000000000018,-23.0,-2.6013316687474006,-22.36515912897824,-30.418654173764907,24.54794520547945,25.162148677864625,86.13698630136987,71.83561643835617,0.0547945205479452,17.041095890410958,38.410958904109584,90.08219178082192,96.93150684931507,,72.93150684931507
2022-11-24,3.71,4.0000000000000036,-21.999999999999975,-18.999999999999993,3.3986683312526047,-24.3651591289782,-26.4186541737649,25.315068493150676,25.162148677864625,86.13698630136987,73.42465753424658,0.1095890410958904,17.041095890410958,38.465753424657535,89.97260273972603,96.87671232876713,,72.87671232876713
2022-11-25,3.68,0.0,-24.00000000000002,-22.00000000000002,-0.6013316687473991,-26.365159128978245,-29.418654173764928,31.06849315068493,23.3882144243029,84.27397260273972,73.75342465753424,0.16438356164383564,17.041095890410958,37.205479452054796,83.83561643835617,96.6027397260274,,72.82191780821918
2022-11-26,3.68,-15.000000000000036,-20.000000000000018,-22.00000000000002,-15.601331668747434,-22.36515912897824,-29.418654173764928,32.767123287671225,23.3882144243029,87.12328767123287,74.24657534246575,0.2191780821917808,17.041095890410958,42.41095890410959,83.5068493150685,96.54794520547945,,72.71232876712328
2022-11-27,3.68,-17.000000000000036,-20.000000000000018,-18.999999999999993,-17.601331668747434,-22.36515912897824,-26.4186541737649,33.97260273972603,23.3882144243029,86.1917808219178,74.08219178082192,0.273972602739726,17.041095890410958,49.698630136986296,83.01369863013699,96.4931506849315,,72.6027397260274
2022-11-28,3.69,-18.000000000000014,-20.999999999999996,-16.999999999999993,-18.601331668747413,-23.36515912897822,-24.4186541737649,33.64383561643835,19.696213759077555,94.9041095890411,74.95890410958904,0.0547945205479452,16.821917808219183,52.16438356164383,84.6027397260274,96.6027397260274,,72.4931506849315
2022-11-29,3.75,-24.00000000000002,-18.000000000000014,-23.0,-24.60133166874742,-20.365159128978238,-30.418654173764907,24.876712328767127,17.667276456566327,95.67123287671234,75.45205479452055,0.3835616438356164,16.657534246575352,35.50684931506849,81.97260273972603,96.98630136986301,,72.43835616438356
2022-11-30,3.68,-8.000000000000007,0.9999999999999787,-16.000000000000014,-8.601331668747406,-1.3651591289782457,-23.41865417376492,37.753424657534254,29.14241365929375,97.2054794520548,75.56164383561644,0.4931506849315068,17.75342465753424,49.36986301369863,63.50684931506849,96.32876712328768,,72.32876712328768
2022-12-01,3.53,-2.0000000000000018,15.000000000000036,2.0000000000000018,-2.6013316687474006,12.634840871021812,-5.418654173764905,59.78082191780822,29.596984311768942,99.39726027397259,75.72602739726028,0.4383561643835616,21.643835616438352,42.465753424657535,75.3972602739726,96.05479452054794,,92.98630136986301
2022-12-02,3.51,-8.999999999999986,16.000000000000014,1.000000000000023,-9.601331668747385,13.63484087102179,-6.4186541737648835,61.698630136986296,28.43283995786906,99.78082191780821,75.89041095890411,0.0547945205479452,21.698630136986296,51.45205479452055,86.73972602739727,95.94520547945206,,92.87671232876713
2022-12-03,3.51,-2.9999999999999805,24.00000000000002,-11.999999999999966,-3.6013316687473793,21.634840871021797,-19.41865417376487,62.9041095890411,28.43283995786906,99.83561643835617,76.27397260273972,0.1095890410958904,21.698630136986296,60.21917808219178,86.08219178082192,95.89041095890411,,92.71232876712328
2022-12-04,3.51,6.000000000000005,24.00000000000002,-10.999999999999988,5.3986683312526065,21.634840871021797,-18.418654173764892,64.27397260273972,28.43283995786906,99.17808219178083,76.43835616438356,0.16438356164383564,21.698630136986296,69.0958904109589,85.53424657534246,95.83561643835617,,92.54794520547945
2022-12-05,3.6,-3.000000000000025,14.999999999999991,-7.000000000000028,-3.6013316687474237,12.634840871021767,-14.418654173764935,54.35616438356165,23.898220522201896,96.6027397260274,75.83561643835617,0.0547945205479452,21.698630136986296,36.16438356164384,90.24657534246575,96.10958904109589,,92.32876712328768
2022-12-06,3.51,6.000000000000005,24.00000000000002,2.0000000000000018,5.3986683312526065,21.634840871021797,-5.418654173764905,66.41095890410959,18.88982812059735,96.98630136986301,75.17808219178082,0.0547945205479452,21.643835616438352,38.465753424657535,91.34246575342466,95.72602739726027,,92.21917808219177
2022-12-07,3.42,18.999999999999993,41.99999999999999,10.999999999999988,18.398668331252594,39.634840871021765,3.581345826235081,76.32876712328768,17.61622992392223,99.23287671232876,75.78082191780823,0.0547945205479452,21.589041095890423,64.71232876712328,92.05479452054794,95.23287671232876,,92.0
2022-12-08,3.48,2.9999999999999805,39.99999999999999,14.999999999999991,2.3986683312525816,37.634840871021765,7.581345826235085,71.6164383561644,20.68188222034376,99.17808219178083,75.94520547945206,0.16438356164383564,21.698630136986296,69.0958904109589,94.08219178082192,95.56164383561644,,91.83561643835617
2022-12-09,3.57,-7.999999999999963,26.00000000000002,10.000000000000009,-8.601331668747362,23.634840871021797,2.5813458262351023,60.21917808219178,18.974358974358974,96.6027397260274,76.6027397260274,0.4931506849315068,21.589041095890423,63.3972602739726,94.57534246575342,96.0,,91.72602739726027
2022-12-10,3.57,-12.99999999999999,31.000000000000007,6.000000000000005,-13.601331668747388,28.634840871021783,-1.4186541737649012,60.821917808219176,18.974358974358974,97.2054794520548,77.26027397260273,0.547945205479452,21.589041095890423,73.53424657534246,94.41095890410959,95.94520547945206,,91.5068493150685
2022-12-11,3.57,-8.999999999999986,31.000000000000007,10.000000000000009,-9.601331668747385,28.634840871021783,2.5813458262351023,61.15068493150685,18.974358974358974,96.21917808219177,78.08219178082192,0.6027397260273972,21.589041095890423,55.89041095890411,93.97260273972603,95.89041095890411,,91.34246575342466
2022-12-12,3.61,-12.99999999999999,27.0,13.000000000000034,-13.601331668747388,24.634840871021776,5.581345826235127,57.97260273972603,23.99390243902439,97.04109589041096,80.65753424657535,0.273972602739726,21.86301369863014,49.47945205479452,95.72602739726027,96.10958904109589,,91.23287671232876
2022-12-13,3.51,-2.9999999999999805,37.000000000000014,23.000000000000043,-3.6013316687473793,34.63484087102179,15.581345826235136,71.67123287671232,29.195115546218485,98.3013698630137,81.8082191780822,1.1506849315068493,21.589041095890423,45.09589041095891,92.6027397260274,95.45205479452055,,91.01369863013699
2022-12-14,3.49,7.999999999999963,29.999999999999982,25.0,7.398668331252564,27.63484087102176,17.581345826235093,74.08219178082192,26.85793067226891,99.45205479452055,82.08219178082192,0.821917808219178,21.150684931506845,27.616438356164387,90.63013698630137,95.28767123287672,,90.84931506849315
2022-12-15,3.44,25.0,25.0,28.000000000000025,24.3986683312526,22.634840871021776,20.58134582623512,78.35616438356165,17.206168380105584,99.67123287671232,84.54794520547945,0.273972602739726,21.150684931506845,21.47945205479452,89.20547945205479,94.95890410958904,,90.68493150684931
2022-12-16,3.48,20.000000000000018,23.0,29.000000000000004,19.39866833125262,20.634840871021776,21.581345826235097,75.67123287671234,16.644624591900527,99.12328767123287,85.97260273972603,1.5342465753424657,20.93150684931507,19.013698630136986,88.05479452054794,95.17808219178082,,90.52054794520548
2022-12-17,3.48,18.999999999999993,6.999999999999984,33.00000000000001,18.398668331252594,4.63484087102176,25.5813458262351,75.94520547945206,16.644624591900527,99.39726027397259,87.61643835616438,1.5890410958904109,20.93150684931507,30.575342465753426,87.89041095890411,95.12328767123287,,90.41095890410959
2022-12-18,3.48,27.0,6.999999999999984,37.999999999999986,26.3986683312526,4.63484087102176,30.58134582623508,76.38356164383562,17.147274626091313,98.95890410958904,87.78082191780823,1.643835616438356,20.93150684931507,31.17808219178082,87.5068493150685,95.06849315068493,,90.1917808219178
2022-12-19,3.57,18.000000000000014,-2.0000000000000018,25.0,17.398668331252615,-4.365159128978226,17.581345826235093,66.95890410958904,13.317589809646485,97.47945205479452,86.57534246575342,1.6986301369863015,21.150684931506845,29.15068493150685,87.17808219178082,95.78082191780823,,90.02739726027397
2022-12-20,3.69,6.000000000000005,-16.000000000000014,12.99999999999999,5.3986683312526065,-18.365159128978238,5.581345826235083,52.49315068493151,12.816659510519537,88.82191780821917,85.6986301369863,2.0273972602739727,21.917808219178085,27.89041095890411,84.43835616438356,96.4931506849315,,89.91780821917808
2022-12-21,3.68,6.999999999999984,-7.000000000000028,13.999999999999968,6.398668331252585,-9.365159128978252,6.5813458262350615,55.45205479452055,17.381958873683455,91.34246575342466,85.47945205479452,2.136986301369863,22.301369863013704,17.095890410958905,80.54794520547945,96.21917808219177,,89.6986301369863
2022-12-22,3.67,16.999999999999993,-12.99999999999999,14.999999999999991,16.398668331252594,-15.365159128978213,7.581345826235085,57.15068493150685,9.350146879701942,91.56164383561644,85.04109589041096,2.0273972602739727,21.424657534246577,17.698630136986303,83.72602739726028,96.05479452054794,,89.53424657534246
2022-12-23,3.75,12.99999999999999,-31.999999999999986,20.000000000000018,12.39866833125259,-34.36515912897821,12.581345826235111,46.57534246575342,9.951995414487353,84.32876712328768,84.16438356164383,2.136986301369863,21.534246575342465,20.164383561643838,81.36986301369863,96.93150684931507,,89.26027397260273
2022-12-24,3.75,8.000000000000007,-25.99999999999998,18.000000000000014,7.398668331252608,-28.365159128978203,10.581345826235108,47.178082191780824,9.951995414487353,84.93150684931507,83.12328767123287,2.191780821917808,21.534246575342465,32.87671232876712,81.04109589041096,96.87671232876713,,88.93150684931507
2022-12-25,3.75,12.99999999999999,-25.99999999999998,12.99999999999999,12.39866833125259,-28.365159128978203,5.581345826235083,47.945205479452056,9.951995414487353,78.35616438356165,81.47945205479452,2.246575342465753,21.534246575342465,34.794520547945204,80.87671232876713,96.82191780821918,,88.65753424657534
2022-12-26,3.75,12.99999999999999,-25.99999999999998,20.000000000000018,12.39866833125259,-28.365159128978203,12.581345826235111,48.986301369863014,9.951995414487353,62.136986301369866,79.94520547945206,2.3013698630136985,21.534246575342465,42.13698630136986,80.6027397260274,96.76712328767124,,88.4931506849315
2022-12-27,3.84,4.0000000000000036,-34.999999999999964,11.000000000000032,3.3986683312526047,-37.36515912897819,3.5813458262351254,37.58904109589041,5.722133211261158,51.671232876712324,78.30136986301369,3.506849315068493,22.301369863013704,54.90410958904109,76.54794520547945,97.91780821917808,,88.21917808219177
2022-12-28,3.88,0.0,-35.00000000000001,7.000000000000028,-0.6013316687473991,-37.365159128978235,-0.4186541737648781,32.328767123287676,1.4915423714690443,51.61643835616439,74.73972602739727,4.054794520547945,22.68493150684931,65.15068493150686,78.68493150684931,97.91780821917808,,88.0
2022-12-29,3.83,-4.0000000000000036,-46.0,8.999999999999986,-4.601331668747402,-48.36515912897823,1.5813458262350792,40.98630136986301,10.31913993058495,63.34246575342466,71.23287671232876,3.0136986301369864,22.63013698630138,57.91780821917808,78.41095890410959,97.53424657534246,,87.78082191780823
2022-12-30,3.88,-18.999999999999993,-48.99999999999998,4.0000000000000036,-19.60133166874739,-51.365159128978206,-3.418654173764903,34.465753424657535,9.96359942436299,52.16438356164383,68.4931506849315,2.410958904109589,22.9041095890411,55.397260273972606,81.31506849315069,97.86301369863014,,87.5068493150685
2022-12-31,3.88,-16.999999999999993,-39.99999999999999,12.99999999999999,-17.60133166874739,-42.36515912897822,5.581345826235083,36.05479452054795,9.96359942436299,46.68493150684932,66.46575342465754,2.4657534246575343,22.9041095890411,61.863013698630134,81.15068493150685,97.8082191780822,,87.34246575342466
2023-01-01,3.88,-33.00000000000001,-39.99999999999999,20.000000000000018,-33.601331668747406,-42.36515912897822,12.581345826235111,36.986301369863014,9.96359942436299,33.42465753424658,63.12328767123287,2.5205479452054798,23.123287671232873,53.205479452054796,80.82191780821918,97.75342465753425,,93.97260273972603
2023-01-02,3.88,-33.00000000000001,-39.99999999999999,9.00000000000003,-33.601331668747406,-42.36515912897822,1.5813458262351237,37.58904109589041,9.96359942436299,22.136986301369863,60.273972602739725,2.5753424657534247,23.123287671232873,55.45205479452054,80.6027397260274,97.6986301369863,,93.86301369863014
2023-01-03,3.79,-24.00000000000002,-27.0,18.000000000000014,-24.60133166874742,-29.365159128978224,10.581345826235108,50.24657534246575,7.364767628883434,34.794520547945204,56.76712328767123,1.9178082191780823,23.06849315068493,39.45205479452055,72.16438356164383,96.82191780821918,,93.6986301369863
2023-01-04,3.69,-16.000000000000014,-23.0,28.000000000000025,-16.601331668747413,-25.365159128978224,20.58134582623512,63.945205479452056,9.184796410733938,52.16438356164383,53.80821917808219,1.808219178082192,22.9041095890411,33.09589041095891,63.726027397260275,95.78082191780823,,93.47945205479452
2023-01-05,3.71,-10.000000000000009,-25.0,27.0,-10.601331668747408,-27.365159128978224,19.581345826235093,60.93150684931507,3.1236773046643527,59.01369863013699,51.61643835616439,0.9315068493150684,22.9041095890411,53.36986301369863,71.6164383561644,96.10958904109589,,93.26027397260273
2023-01-06,3.55,-0.9999999999999787,-5.999999999999961,42.000000000000036,-1.6013316687473778,-8.365159128978185,34.58134582623513,80.54794520547945,13.053415728434775,72.0,48.65753424657534,1.4246575342465753,22.9041095890411,58.95890410958904,63.45205479452055,94.79452054794521,,92.93150684931507
2023-01-07,3.55,-11.999999999999966,-2.9999999999999805,43.000000000000014,-12.601331668747365,-5.365159128978204,35.58134582623511,80.82191780821918,13.053415728434775,70.46575342465754,46.082191780821915,1.4794520547945205,22.9041095890411,56.54794520547946,63.06849315068493,94.73972602739725,,92.65753424657534
2023-01-08,3.55,-5.999999999999961,-2.9999999999999805,38.000000000000036,-6.60133166874736,-5.365159128978204,30.58134582623513,80.98630136986301,13.053415728434775,77.47945205479452,43.56164383561644,1.5342465753424657,22.9041095890411,56.10958904109589,62.73972602739726,94.68493150684931,,92.21917808219177
2023-01-09,3.53,-3.999999999999959,-0.9999999999999787,17.000000000000036,-4.601331668747358,-3.365159128978203,9.581345826235129,83.2876712328767,15.491407771099636,77.36986301369862,41.15068493150685,2.0821917808219177,23.06849315068493,51.94520547945205,72.6027397260274,94.57534246575342,,91.61643835616438
2023-01-10,3.61,-11.999999999999966,-6.000000000000005,9.00000000000003,-12.601331668747365,-8.36515912897823,1.5813458262351237,75.01369863013699,18.758994328282398,35.06849315068493,40.98630136986301,2.246575342465753,23.39726027397259,68.98630136986301,72.16438356164383,95.12328767123287,,91.12328767123287
2023-01-11,3.54,-4.999999999999982,-2.0000000000000018,16.000000000000014,-5.601331668747381,-4.365159128978226,8.581345826235108,82.79452054794521,25.34495894353678,37.0958904109589,39.28767123287671,2.136986301369863,23.342465753424662,73.64383561643835,78.79452054794521,94.57534246575342,,90.57534246575342
2023-01-12,3.43,9.999999999999964,-4.0000000000000036,11.999999999999966,9.398668331252566,-6.365159128978227,4.58134582623506,90.52054794520548,27.300431727757555,56.602739726027394,37.479452054794514,1.9178082191780823,22.9041095890411,71.94520547945206,81.8082191780822,93.36986301369863,,90.02739726027397
2023-01-13,3.49,-12.00000000000001,-9.00000000000003,14.999999999999991,-12.60133166874741,-11.365159128978254,7.581345826235085,86.84931506849315,29.79768052145941,47.342465753424655,35.39726027397259,1.2054794520547945,22.301369863013704,67.12328767123287,85.04109589041096,93.91780821917808,,89.47945205479452
2023-01-14,3.49,-10.000000000000009,3.999999999999959,1.9999999999999574,-10.601331668747408,1.6348408710217348,-5.418654173764949,87.12328767123287,29.79768052145941,60.54794520547945,33.80821917808218,1.2602739726027399,22.301369863013704,66.7945205479452,84.93150684931507,93.86301369863014,,88.93150684931507
2023-01-15,3.49,-1.000000000000023,3.999999999999959,6.999999999999984,-1.6013316687474222,1.6348408710217348,-0.41865417376492253,87.12328767123287,29.79768052145941,46.68493150684932,32.054794520547944,1.315068493150685,22.301369863013704,63.12328767123287,84.4931506849315,93.8082191780822,,88.10958904109589
2023-01-16,3.49,-1.000000000000023,3.999999999999959,-10.000000000000009,-1.6013316687474222,1.6348408710217348,-17.418654173764914,87.17808219178082,29.79768052145941,28.21917808219178,29.86301369863014,1.36986301369863,22.301369863013704,61.04109589041096,84.27397260273973,93.75342465753425,,87.3972602739726
2023-01-17,3.53,-4.999999999999982,10.000000000000009,-13.999999999999968,-5.601331668747381,7.634840871021785,-21.418654173764875,83.89041095890411,30.356387031236775,24.054794520547944,27.178082191780817,2.5753424657534247,22.301369863013704,63.287671232876704,89.6986301369863,94.41095890410959,,86.68493150684931
2023-01-18,3.37,14.999999999999991,29.999999999999982,2.0000000000000018,14.398668331252592,27.63484087102176,-5.418654173764905,92.32876712328768,25.319563193092353,69.58904109589041,26.958904109589042,2.191780821917808,21.534246575342465,71.8904109589041,81.8082191780822,92.82191780821918,,85.97260273972603
2023-01-19,3.39,6.999999999999984,23.99999999999998,8.000000000000007,6.398668331252585,21.634840871021755,0.5813458262351006,91.72602739726027,21.28163887242868,63.89041095890411,28.1095890410959,1.643835616438356,23.06849315068493,64.05479452054794,75.17808219178082,92.87671232876713,,85.64383561643835
2023-01-20,3.48,-2.0000000000000018,18.999999999999993,10.999999999999988,-2.6013316687474006,16.63484087102177,3.581345826235081,87.72602739726028,32.13408956234657,45.64383561643835,30.575342465753437,2.63013698630137,23.78082191780821,66.52054794520548,77.36986301369863,93.42465753424658,,85.53424657534246
2023-01-21,3.48,1.000000000000023,26.00000000000002,0.0,0.398668331252624,23.634840871021797,-7.4186541737649065,87.72602739726028,32.13408956234657,41.534246575342465,33.97260273972603,2.684931506849315,23.78082191780821,74.24657534246575,76.93150684931507,93.36986301369863,,85.20547945205479
2023-01-22,3.48,4.0000000000000036,26.00000000000002,-10.000000000000009,3.3986683312526047,23.634840871021797,-17.418654173764914,87.67123287671232,32.13408956234657,35.397260273972606,37.863013698630134,2.73972602739726,23.78082191780821,78.35616438356165,76.76712328767124,93.31506849315069,,84.98630136986301
2023-01-23,3.52,0.0,22.00000000000002,-14.000000000000012,-0.6013316687473991,19.634840871021797,-21.41865417376492,84.27397260273973,40.83636671463642,30.136986301369863,37.6986301369863,2.246575342465753,24.16438356164383,71.5068493150685,80.93150684931507,94.35616438356165,,84.76712328767124
2023-01-24,3.46,6.000000000000005,26.00000000000002,-8.000000000000007,5.3986683312526065,23.634840871021797,-15.418654173764914,88.93150684931507,40.00677220011851,37.205479452054796,34.9041095890411,2.63013698630137,24.16438356164383,76.21917808219179,84.38356164383562,93.20547945205479,,84.6027397260274
2023-01-25,3.46,8.999999999999986,31.000000000000007,-8.000000000000007,8.398668331252587,28.634840871021783,-15.418654173764914,88.82191780821918,38.77931092863794,52.93150684931507,34.73972602739725,2.958904109589041,24.328767123287676,77.58904109589041,80.38356164383562,93.15068493150685,,84.38356164383562
2023-01-26,3.49,2.9999999999999805,31.999999999999986,3.999999999999959,2.3986683312525816,29.634840871021762,-3.4186541737649474,86.13698630136986,46.68585456700246,48.87671232876713,38.082191780821915,2.4657534246575343,24.54794520547945,83.45205479452055,89.04109589041096,93.58904109589041,,84.21917808219177
2023-01-27,3.52,-12.99999999999999,33.999999999999986,2.9999999999999805,-13.601331668747388,31.634840871021762,-4.418654173764926,83.72602739726028,50.596800135444,45.09589041095891,44.87671232876712,2.5753424657534247,24.54794520547945,78.73972602739727,90.84931506849315,94.3013698630137,,83.45205479452055
2023-01-28,3.52,-12.00000000000001,29.999999999999982,4.999999999999982,-12.60133166874741,27.63484087102176,-2.4186541737649243,83.45205479452055,50.596800135444,63.561643835616444,51.67123287671233,2.63013698630137,24.54794520547945,74.79452054794521,90.84931506849315,94.24657534246575,,82.79452054794521
2023-01-29,3.52,0.9999999999999787,29.999999999999982,2.9999999999999805,0.3986683312525796,27.63484087102176,-4.418654173764926,83.17808219178082,50.596800135444,76.98630136986301,63.28767123287671,2.684931506849315,24.54794520547945,80.65753424657535,90.79452054794521,94.1917808219178,,81.8082191780822
2023-01-30,3.55,-2.0000000000000018,27.0,-6.999999999999984,-2.6013316687474006,24.634840871021776,-14.41865417376489,79.78082191780823,41.98764073478372,74.52054794520548,75.83561643835617,1.5890410958904109,24.328767123287676,78.63013698630137,91.2876712328767,94.57534246575342,,81.20547945205479
2023-01-31,3.52,0.9999999999999787,29.999999999999982,-4.0000000000000036,0.3986683312525796,27.63484087102176,-11.41865417376491,82.68493150684932,48.21806484381613,78.13698630136986,82.95890410958904,2.356164383561644,24.054794520547944,79.2876712328767,89.15068493150685,94.08219178082192,,80.43835616438356
2023-02-01,3.39,23.99999999999998,56.00000000000001,8.999999999999986,23.39866833125258,53.63484087102178,1.5813458262350792,91.23287671232876,57.09811224921696,89.6986301369863,87.67123287671232,1.7534246575342465,25.972602739726028,53.42465753424658,87.06849315068493,92.16438356164383,,83.78082191780823
2023-02-02,3.4,27.0,53.00000000000003,3.000000000000025,26.3986683312526,50.6348408710218,-4.418654173764882,90.9041095890411,71.74299500550241,90.13698630136986,88.65753424657534,2.4657534246575343,25.47945205479452,54.68493150684931,90.52054794520548,92.21917808219177,,82.95890410958904
2023-02-03,3.53,10.000000000000009,35.00000000000001,-17.99999999999997,9.39866833125261,32.63484087102178,-25.418654173764878,80.76712328767124,64.200457123508,83.72602739726027,88.6027397260274,0.6027397260273972,25.47945205479452,70.9041095890411,92.10958904109589,94.3013698630137,,82.79452054794521
2023-02-04,3.53,14.000000000000012,42.000000000000036,-23.0,13.398668331252614,39.63484087102181,-30.418654173764907,80.21917808219177,64.200457123508,83.72602739726027,88.32876712328768,0.6575342465753425,25.47945205479452,70.9041095890411,92.05479452054794,94.24657534246575,,82.63013698630137
2023-02-05,3.53,21.000000000000043,42.000000000000036,-23.0,20.398668331252644,39.63484087102181,-30.418654173764907,79.94520547945206,64.200457123508,93.0958904109589,87.72602739726028,0.7123287671232876,25.47945205479452,71.8904109589041,91.94520547945206,94.1917808219178,,82.41095890410959
2023-02-06,3.63,11.000000000000032,32.00000000000003,-23.99999999999998,10.398668331252633,29.634840871021805,-31.418654173764885,70.02739726027397,60.52653855921443,93.47945205479452,84.54794520547945,0.2191780821917808,26.191780821917803,64.21917808219179,95.72602739726027,95.23287671232876,,82.1917808219178
2023-02-07,3.67,7.000000000000028,25.0,-27.99999999999998,6.39866833125263,22.634840871021776,-35.418654173764885,64.32876712328766,69.3727249640227,84.21917808219177,82.57534246575342,0.32876712328767127,26.684931506849324,76.71232876712328,94.35616438356165,95.23287671232876,,82.02739726027397
2023-02-08,3.63,9.00000000000003,29.000000000000004,-23.99999999999998,8.398668331252631,26.63484087102178,-31.418654173764885,69.8082191780822,61.53390332684331,91.67123287671232,83.17808219178082,0.2191780821917808,26.739726027397253,70.35616438356165,91.56164383561644,95.12328767123287,,81.75342465753425
2023-02-09,3.67,10.000000000000009,33.999999999999986,-25.99999999999998,9.39866833125261,31.634840871021762,-33.418654173764885,64.05479452054794,57.47904850588335,86.63013698630137,83.2876712328767,0.32876712328767127,26.739726027397253,81.86301369863014,91.12328767123287,95.17808219178082,,81.58904109589041
2023-02-10,3.74,6.999999999999984,33.999999999999986,-31.000000000000007,6.398668331252585,31.634840871021762,-38.418654173764914,54.79452054794521,54.79556420892238,81.53424657534246,82.9041095890411,1.1506849315068493,26.739726027397253,72.38356164383562,90.41095890410959,96.27397260273973,,81.31506849315069
2023-02-11,3.74,11.999999999999966,23.0,-33.00000000000001,11.398668331252567,20.634840871021776,-40.418654173764914,54.73972602739726,54.79556420892238,81.53424657534246,82.52054794520548,1.2054794520547945,26.739726027397253,72.38356164383562,90.1917808219178,96.21917808219177,,81.20547945205479
2023-02-12,3.74,7.999999999999963,23.0,-29.000000000000004,7.398668331252564,20.634840871021776,-36.41865417376491,54.630136986301366,54.79556420892238,71.67123287671234,81.15068493150685,1.2602739726027399,26.739726027397253,83.45205479452055,89.97260273972603,96.16438356164383,,80.93150684931507
2023-02-13,3.72,9.999999999999964,25.0,-20.000000000000018,9.398668331252566,22.634840871021776,-27.418654173764924,56.76712328767123,61.373063574028606,68.54794520547945,77.8082191780822,0.4931506849315068,26.684931506849324,92.10958904109589,90.46575342465754,96.05479452054794,,80.82191780821918
2023-02-14,3.77,4.999999999999982,20.999999999999996,-25.0,4.398668331252583,18.634840871021773,-32.41865417376491,49.31506849315068,64.43748412765598,62.90410958904109,74.35616438356165,0.2191780821917808,26.684931506849324,86.57534246575342,91.61643835616438,96.71232876712328,,80.6027397260274
2023-02-15,3.81,0.9999999999999787,16.000000000000014,-29.000000000000004,0.3986683312525796,13.63484087102179,-36.41865417376491,43.78082191780822,67.78972318632016,36.0,70.9041095890411,0.4931506849315068,27.123287671232873,81.47945205479452,91.12328767123287,96.87671232876713,,80.43835616438356
2023-02-16,3.86,9.00000000000003,12.00000000000001,-25.99999999999998,8.398668331252631,9.634840871021787,-33.418654173764885,37.31506849315068,59.409125539659705,25.972602739726025,67.89041095890411,1.315068493150685,27.397260273972606,89.53424657534246,89.36986301369863,97.64383561643835,,80.16438356164383
2023-02-17,3.82,11.000000000000032,11.000000000000032,-23.99999999999998,10.398668331252633,8.634840871021808,-31.418654173764885,42.19178082191781,56.2769829848472,30.3013698630137,65.47945205479452,0.7671232876712328,27.178082191780817,86.24657534246576,80.98630136986301,96.82191780821918,,80.0
2023-02-18,3.82,6.000000000000005,-11.999999999999966,-21.999999999999975,5.3986683312526065,-14.36515912897819,-29.41865417376488,41.917808219178085,56.2769829848472,27.452054794520546,61.863013698630134,0.821917808219178,27.178082191780817,76.16438356164383,80.6027397260274,96.76712328767124,,79.83561643835617
2023-02-19,3.82,13.000000000000034,-11.999999999999966,-27.99999999999998,12.398668331252635,-14.36515912897819,-35.418654173764885,41.64383561643835,56.2769829848472,39.83561643835616,59.671232876712324,0.8767123287671232,27.178082191780817,68.05479452054794,79.83561643835617,96.71232876712328,,79.67123287671232
2023-02-20,3.82,13.000000000000034,-11.999999999999966,-25.0,12.398668331252635,-14.36515912897819,-32.41865417376491,41.42465753424658,56.2769829848472,28.000000000000004,56.38356164383562,0.9315068493150684,27.178082191780817,53.0958904109589,79.23287671232876,96.65753424657534,,79.45205479452055
2023-02-21,3.95,0.0,-40.000000000000036,-38.000000000000036,-0.6013316687473991,-42.36515912897826,-45.41865417376494,22.24657534246576,46.34724456107678,9.150684931506849,58.3013698630137,2.4657534246575343,27.835616438356155,77.75342465753424,82.52054794520548,98.35616438356165,,79.34246575342466
2023-02-22,3.93,-1.000000000000023,-29.000000000000004,-36.00000000000003,-1.6013316687474222,-31.365159128978227,-43.418654173764935,24.328767123287676,46.37264031152121,14.465753424657535,60.0,2.191780821917808,27.780821917808225,77.20547945205479,85.75342465753425,98.24657534246575,,78.68493150684931
2023-02-23,3.88,4.0000000000000036,-37.000000000000014,-35.999999999999986,3.3986683312526047,-39.36515912897824,-43.41865417376489,31.726027397260268,50.09735037670363,21.26027397260274,58.68493150684932,0.7123287671232876,27.780821917808225,61.64383561643836,83.17808219178082,97.53424657534246,,77.36986301369863
2023-02-24,3.95,5.999999999999961,-39.000000000000014,-55.00000000000003,5.398668331252562,-41.36515912897824,-62.418654173764935,21.47945205479452,42.96960975196817,13.698630136986301,58.73972602739726,0.16438356164383564,27.72602739726028,44.76712328767123,82.02739726027397,98.3013698630137,,77.15068493150685
2023-02-25,3.95,12.99999999999999,-56.00000000000001,-52.0,12.39866833125259,-58.365159128978235,-59.41865417376491,20.821917808219183,42.96960975196817,13.698630136986301,58.849315068493155,0.2191780821917808,27.72602739726028,44.82191780821918,81.20547945205479,98.24657534246575,,76.98630136986301
2023-02-26,3.95,2.0000000000000018,-56.00000000000001,-42.000000000000036,1.3986683312526027,-58.365159128978235,-49.41865417376494,20.602739726027394,42.96960975196817,18.84931506849315,59.83561643835616,0.273972602739726,27.72602739726028,39.67123287671233,80.6027397260274,98.1917808219178,,76.82191780821918
2023-02-27,3.92,5.000000000000027,-52.99999999999998,-48.0,4.398668331252628,-55.365159128978206,-55.41865417376491,24.054794520547944,45.890121053077124,9.424657534246576,60.054794520547944,0.0547945205479452,27.178082191780817,42.24657534246575,77.75342465753425,98.02739726027397,,76.54794520547945
2023-02-28,3.92,5.000000000000027,-44.99999999999997,-48.0,4.398668331252628,-47.3651591289782,-55.41865417376491,23.78082191780821,45.51765004655888,12.986301369863012,60.054794520547944,0.0547945205479452,28.219178082191775,59.890410958904106,70.30136986301369,97.97260273972603,,76.38356164383562
2023-03-01,4.01,-2.9999999999999805,-41.99999999999999,-56.999999999999986,-3.6013316687473793,-44.36515912897822,-64.41865417376489,15.287671232876704,41.776009481080166,16.986301369863014,60.21917808219178,0.1095890410958904,35.83561643835617,67.17808219178082,82.24657534246575,98.68493150684931,,96.0
2023-03-02,4.08,-10.999999999999988,-60.00000000000001,-49.00000000000002,-11.601331668747386,-62.365159128978235,-56.41865417376493,12.109589041095887,45.170574790485055,12.219178082191782,61.15068493150685,0.8767123287671232,36.05479452054795,53.58904109589041,85.36986301369863,99.06849315068493,,95.94520547945206
2023-03-03,3.97,0.9999999999999787,-59.00000000000003,-53.00000000000003,0.3986683312525796,-61.365159128978256,-60.418654173764935,17.808219178082197,53.61042918818251,26.52054794520548,61.80821917808219,0.0547945205479452,36.54794520547945,47.23287671232877,88.87671232876713,98.3013698630137,,95.83561643835617
2023-03-04,3.97,-4.0000000000000036,-59.00000000000003,-59.00000000000003,-4.601331668747402,-61.365159128978256,-66.41865417376493,17.75342465753424,53.61042918818251,29.15068493150685,62.63013698630137,0.1095890410958904,36.54794520547945,46.68493150684932,88.65753424657534,98.24657534246575,,95.72602739726027
2023-03-05,3.97,-27.0,-59.00000000000003,-60.00000000000001,-27.6013316687474,-61.365159128978256,-67.4186541737649,17.643835616438352,53.61042918818251,19.616438356164384,62.35616438356165,0.16438356164383564,36.54794520547945,50.246575342465746,88.21917808219177,98.1917808219178,,95.67123287671232
2023-03-06,3.98,-27.99999999999998,-60.00000000000001,-54.0,-28.601331668747378,-62.365159128978235,-61.41865417376491,16.93150684931507,54.02522644544147,13.36986301369863,62.63013698630137,0.0547945205479452,36.273972602739725,57.47945205479452,87.78082191780823,98.41095890410959,,95.56164383561644
2023-03-07,3.97,-27.0,-44.00000000000004,-53.00000000000003,-27.6013316687474,-46.36515912897827,-60.418654173764935,17.534246575342465,48.79370185388978,21.698630136986303,61.15068493150685,0.0547945205479452,34.95890410958904,42.08219178082192,87.23287671232876,98.08219178082192,,95.45205479452055
2023-03-08,3.98,-43.000000000000014,-43.000000000000014,-54.0,-43.60133166874741,-45.36515912897824,-61.41865417376491,16.602739726027394,50.79996613899941,24.438356164383563,60.986301369863014,0.0547945205479452,34.95890410958904,59.01369863013699,86.46575342465754,98.35616438356165,,95.34246575342466
2023-03-09,3.93,-29.000000000000004,-36.00000000000003,-41.000000000000014,-29.601331668747402,-38.365159128978256,-48.41865417376492,21.972602739726028,43.316685008041986,23.616438356164384,62.84931506849315,0.16438356164383564,34.95890410958904,54.630136986301366,73.58904109589041,97.58904109589041,,95.12328767123287
2023-03-10,3.7,-19.00000000000004,-15.000000000000036,-17.000000000000036,-19.601331668747438,-17.36515912897826,-24.418654173764942,54.90410958904109,37.661897909083216,48.65753424657534,53.6986301369863,0.273972602739726,34.95890410958904,41.0958904109589,46.1917808219178,94.46575342465754,,94.9041095890411
2023-03-11,3.7,-14.000000000000012,-22.00000000000002,-27.0,-14.601331668747411,-24.365159128978245,-34.41865417376491,54.41095890410959,37.661897909083216,51.50684931506849,48.87671232876713,0.32876712328767127,34.95890410958904,42.13698630136986,45.205479452054796,94.41095890410959,,94.79452054794521
2023-03-12,3.7,-31.000000000000007,-22.00000000000002,-31.000000000000007,-31.601331668747406,-24.365159128978245,-38.418654173764914,53.863013698630134,37.661897909083216,43.83561643835616,50.794520547945204,0.3835616438356164,34.95890410958904,40.71232876712329,44.10958904109589,94.35616438356165,,94.57534246575342
2023-03-13,3.55,-15.99999999999997,-6.999999999999984,-8.999999999999986,-16.60133166874737,-9.365159128978208,-16.418654173764892,72.21917808219177,40.76017946330314,29.0958904109589,3.0684931506849296,7.616438356164383,34.95890410958904,45.58904109589041,14.356164383561648,92.6027397260274,,94.35616438356165
2023-03-14,3.64,-25.0,-20.999999999999996,-18.000000000000014,-25.6013316687474,-23.36515912897822,-25.41865417376492,59.342465753424655,50.08041987640735,19.561643835616437,1.5342465753424648,5.917808219178082,35.23287671232876,36.54794520547945,16.054794520547944,93.42465753424658,,94.1917808219178
2023-03-15,3.51,-3.999999999999959,-15.99999999999997,-4.999999999999982,-4.601331668747358,-18.365159128978195,-12.418654173764889,75.06849315068493,51.46025565055447,36.821917808219176,1.3150684931506902,8.273972602739727,35.17808219178082,12.054794520547945,10.13698630136986,91.5068493150685,,93.97260273972603
2023-03-16,3.56,2.9999999999999805,-26.00000000000002,-6.000000000000005,2.3986683312525816,-28.365159128978245,-13.418654173764912,70.35616438356163,62.812156099212736,33.75342465753425,1.4794520547945211,5.698630136986301,34.95890410958904,14.73972602739726,12.657534246575338,92.76712328767124,,93.8082191780822
2023-03-17,3.39,8.999999999999986,-9.00000000000003,14.999999999999991,8.398668331252587,-11.365159128978254,7.581345826235085,86.79452054794521,63.2066499830695,43.45205479452055,1.2602739726027465,8.493150684931507,33.80821917808218,10.465753424657533,10.410958904109592,89.75342465753425,,93.58904109589041
2023-03-18,3.39,-1.000000000000023,0.0,17.99999999999997,-1.6013316687474222,-2.3651591289782243,10.581345826235065,86.63013698630137,63.2066499830695,49.64383561643836,1.4246575342465775,8.547945205479452,33.80821917808218,11.890410958904111,10.356164383561634,89.6986301369863,,93.42465753424658
2023-03-19,3.39,-1.000000000000023,0.0,25.99999999999998,-1.6013316687474222,-2.3651591289782243,18.581345826235072,86.02739726027397,63.2066499830695,59.506849315068486,1.6986301369862957,8.602739726027398,33.80821917808218,10.301369863013699,10.356164383561634,89.64383561643835,,93.26027397260273
2023-03-20,3.47,-9.00000000000003,-8.000000000000007,23.0,-9.601331668747429,-10.365159128978231,15.581345826235093,77.47945205479452,66.3844916617286,44.71232876712329,2.191780821917817,8.10958904109589,34.68493150684931,15.397260273972602,11.06849315068493,90.57534246575342,,93.04109589041096
2023-03-21,3.59,-20.999999999999996,-17.99999999999997,11.000000000000032,-21.601331668747395,-20.365159128978195,3.5813458262351254,64.10958904109589,72.43714551765005,50.136986301369866,2.794520547945197,5.698630136986301,35.23287671232876,18.356164383561644,15.890410958904113,93.04109589041096,,92.76712328767124
2023-03-22,3.48,4.999999999999982,-4.999999999999982,22.00000000000002,4.398668331252583,-7.365159128978206,14.581345826235115,75.45205479452055,67.0109201726911,70.30136986301369,3.123287671232873,7.890410958904109,35.50684931506849,28.000000000000004,12.493150684931507,90.52054794520548,,92.4931506849315
2023-03-23,3.38,16.999999999999993,3.000000000000025,34.00000000000003,16.398668331252594,0.6348408710218005,26.581345826235122,86.24657534246575,71.98848725979853,68.21917808219177,3.7808219178082254,10.465753424657533,35.17808219178082,25.36986301369863,8.493150684931507,89.42465753424658,,92.27397260273973
2023-03-24,3.38,18.999999999999993,7.000000000000028,32.00000000000003,18.398668331252594,4.6348408710218045,24.581345826235122,85.64383561643835,73.2159485312791,70.79452054794521,4.493150684931507,10.52054794520548,35.23287671232876,23.123287671232877,9.041095890410958,89.36986301369863,,92.0
2023-03-25,3.38,16.999999999999993,14.000000000000012,35.00000000000001,16.398668331252594,11.634840871021789,27.5813458262351,85.58904109589041,73.2159485312791,64.0,5.534246575342465,10.575342465753424,35.23287671232876,16.602739726027398,9.150684931506845,89.31506849315069,,91.72602739726027
2023-03-26,3.38,10.000000000000009,14.000000000000012,45.000000000000014,9.39866833125261,11.634840871021789,37.58134582623511,85.31506849315068,73.2159485312791,64.27397260273973,6.246575342465761,10.63013698630137,35.23287671232876,15.342465753424658,9.260273972602732,89.26027397260273,,91.3972602739726
2023-03-27,3.53,-4.999999999999982,-0.9999999999999787,27.0,-5.601331668747381,-3.365159128978203,19.581345826235093,69.58904109589041,69.77059172098535,52.54794520547945,6.904109589041099,9.36986301369863,35.50684931506849,20.43835616438356,11.671232876712338,92.0,,91.17808219178082
2023-03-28,3.55,-6.999999999999984,5.000000000000027,25.0,-7.601331668747383,2.6348408710218023,17.581345826235093,66.68493150684932,67.87437568780157,70.46575342465754,7.671232876712324,8.054794520547945,35.945205479452056,12.493150684931507,11.835616438356169,92.38356164383562,,90.95890410958904
2023-03-29,3.57,-13.999999999999968,1.000000000000023,23.0,-14.601331668747367,-1.3651591289782012,15.581345826235093,63.61643835616439,75.74705832557352,62.520547945205486,8.38356164383562,7.123287671232877,36.10958904109589,16.164383561643834,14.520547945205479,92.71232876712328,,90.57534246575342
2023-03-30,3.55,-19.99999999999997,5.000000000000027,25.0,-20.60133166874737,2.6348408710218023,17.581345826235093,66.24657534246575,79.70879539490392,67.45205479452055,8.986301369863014,6.301369863013699,36.16438356164383,13.150684931506849,16.93150684931507,92.27397260273973,,90.3013698630137
2023-03-31,3.48,-18.000000000000014,6.000000000000005,20.999999999999996,-18.601331668747413,3.634840871021781,13.58134582623509,73.69863013698631,87.14975027512062,76.4931506849315,9.205479452054803,5.808219178082192,36.05479452054795,15.287671232876713,16.986301369863014,90.24657534246575,,89.97260273972603
2023-04-01,3.48,-18.000000000000014,8.999999999999986,16.000000000000014,-18.601331668747413,6.634840871021762,8.581345826235108,73.53424657534246,87.14975027512062,76.54794520547945,9.753424657534254,5.863013698630137,35.83561643835617,15.342465753424658,17.0958904109589,90.1917808219178,7.452054794520549,42.68493150684931
2023-04-02,3.48,-8.999999999999986,8.999999999999986,12.99999999999999,-9.601331668747385,6.634840871021762,5.581345826235083,73.42465753424658,87.14975027512062,85.2054794520548,10.191780821917803,5.917808219178082,35.83561643835617,8.493150684931507,17.260273972602732,90.13698630136986,7.452054794520549,42.30136986301369
2023-04-03,3.43,-4.0000000000000036,13.999999999999968,25.99999999999998,-4.601331668747402,11.634840871021744,18.581345826235072,78.68493150684931,86.07466350630662,82.41095890410959,10.68493150684931,6.520547945205479,35.61643835616438,5.698630136986301,17.31506849315069,89.53424657534246,13.589041095890408,42.02739726027397
2023-04-04,3.35,4.0000000000000036,16.999999999999993,33.999999999999986,3.3986683312526047,14.634840871021769,26.58134582623508,86.63013698630137,84.34775247608567,79.83561643835615,12.054794520547944,7.890410958904109,35.23287671232876,3.9452054794520546,18.24657534246576,88.65753424657534,11.890410958904113,41.6986301369863
2023-04-05,3.3,11.000000000000032,10.000000000000009,39.000000000000014,10.398668331252633,7.634840871021785,31.581345826235108,89.86301369863014,79.63260814357064,89.91780821917808,13.479452054794521,7.890410958904109,35.23287671232876,8.10958904109589,15.232876712328775,88.27397260273972,11.890410958904113,41.64383561643835
2023-04-06,3.3,13.000000000000034,13.000000000000034,39.000000000000014,12.398668331252635,10.63484087102181,31.581345826235108,89.75342465753425,82.71395919749429,91.2876712328767,15.835616438356155,7.178082191780821,35.28767123287672,10.73972602739726,17.424657534246577,88.21917808219177,18.958904109589042,41.58904109589041
2023-04-07,3.39,2.0000000000000018,13.999999999999968,31.000000000000007,1.3986683312526027,11.634840871021744,23.5813458262351,82.13698630136986,82.71395919749429,91.2876712328767,18.191780821917817,5.7534246575342465,35.34246575342466,10.794520547945204,17.534246575342465,88.98630136986301,28.657534246575338,41.42465753424658
2023-04-08,3.39,6.000000000000005,4.999999999999982,39.99999999999999,5.3986683312526065,2.634840871021758,32.581345826235086,81.97260273972603,82.71395919749429,90.35616438356165,21.643835616438352,5.808219178082192,35.34246575342466,8.931506849315069,17.58904109589041,88.93150684931507,28.602739726027394,41.36986301369863
2023-04-09,3.39,12.99999999999999,4.999999999999982,33.999999999999986,12.39866833125259,2.634840871021758,26.58134582623508,81.8082191780822,82.71395919749429,87.3972602739726,23.726027397260268,5.863013698630137,35.34246575342466,5.6438356164383565,17.643835616438352,88.87671232876713,28.54794520547945,41.205479452054796
2023-04-10,3.41,10.999999999999988,2.9999999999999805,33.999999999999986,10.398668331252589,0.6348408710217561,26.58134582623508,79.45205479452055,82.28223143993904,85.36986301369863,24.986301369863014,5.698630136986301,35.83561643835617,4.821917808219178,20.657534246575338,89.31506849315069,76.21917808219177,41.0958904109589
2023-04-11,3.43,8.999999999999986,15.99999999999997,31.999999999999986,8.398668331252587,13.634840871021746,24.58134582623508,76.7123287671233,79.4633031406078,91.94520547945206,27.013698630136986,5.698630136986301,36.0,7.890410958904109,26.13698630136986,89.47945205479452,68.76712328767124,40.93150684931507
2023-04-12,3.41,18.999999999999993,2.9999999999999805,33.999999999999986,18.398668331252594,0.6348408710217561,26.58134582623508,79.34246575342466,75.31533056801828,79.2876712328767,28.1095890410959,6.8493150684931505,35.83561643835617,12.712328767123287,22.191780821917803,89.20547945205479,66.24657534246575,40.87671232876713
2023-04-13,3.45,12.99999999999999,-7.000000000000028,27.99999999999998,12.39866833125259,-9.365159128978252,20.581345826235072,74.13698630136986,84.03453822060442,74.1917808219178,28.273972602739732,7.9452054794520555,36.05479452054795,11.287671232876713,23.506849315068493,89.6986301369863,78.35616438356165,40.87671232876713
2023-04-14,3.52,8.000000000000007,-14.999999999999991,31.999999999999986,7.398668331252608,-17.365159128978217,24.58134582623508,66.95890410958904,83.06949970371625,70.02739726027397,28.438356164383563,6.520547945205479,36.38356164383561,14.73972602739726,26.849315068493155,91.5068493150685,81.04109589041096,40.87671232876713
2023-04-15,3.52,2.0000000000000018,-8.000000000000007,31.000000000000007,1.3986683312526027,-10.365159128978231,23.5813458262351,66.79452054794521,83.06949970371625,74.41095890410959,28.657534246575338,6.575342465753424,36.38356164383561,13.808219178082194,27.123287671232873,91.45205479452055,80.98630136986301,40.76712328767124
2023-04-16,3.52,4.999999999999982,-8.000000000000007,20.000000000000018,4.398668331252583,-10.365159128978231,12.581345826235111,66.73972602739727,83.06949970371625,69.36986301369863,28.821917808219183,6.63013698630137,36.38356164383561,15.890410958904111,27.287671232876704,91.3972602739726,80.93150684931507,40.76712328767124
2023-04-17,3.6,-3.000000000000025,-16.000000000000014,16.999999999999993,-3.6013316687474237,-18.365159128978238,9.581345826235086,55.45205479452055,83.24726995682722,57.150684931506845,28.876712328767113,6.2465753424657535,36.6027397260274,11.123287671232877,32.712328767123296,93.04109589041096,86.13698630136986,40.76712328767124
2023-04-18,3.58,-1.000000000000023,-6.000000000000005,18.999999999999993,-1.6013316687474222,-8.36515912897823,11.581345826235086,57.534246575342465,83.46736646067892,61.753424657534254,29.369863013698634,5.698630136986301,36.05479452054795,12.493150684931507,34.68493150684931,92.93150684931507,84.98630136986301,40.71232876712328
2023-04-19,3.6,-8.000000000000007,-7.000000000000028,16.999999999999993,-8.601331668747406,-9.365159128978252,9.581345826235086,55.61643835616438,83.12875645475324,31.232876712328768,29.808219178082197,5.589041095890411,36.05479452054795,18.246575342465754,34.9041095890411,92.98630136986301,82.46575342465754,40.71232876712328
2023-04-20,3.54,-14.000000000000012,-10.999999999999988,23.0,-14.601331668747411,-13.365159128978211,15.581345826235093,64.0,79.44637264031152,36.0,30.027397260273972,5.863013698630137,35.78082191780821,13.205479452054794,27.945205479452056,92.0,79.34246575342466,40.657534246575345
2023-04-21,3.57,-13.999999999999968,-17.99999999999997,17.000000000000036,-14.601331668747367,-20.365159128978195,9.581345826235129,59.83561643835616,79.99661389994074,31.726027397260275,30.356164383561648,5.863013698630137,36.10958904109589,14.63013698630137,28.986301369863014,92.4931506849315,80.7123287671233,40.54794520547945
2023-04-22,3.57,-4.0000000000000036,-10.999999999999988,15.000000000000036,-4.601331668747402,-13.365159128978211,7.581345826235129,59.83561643835616,79.99661389994074,38.73972602739726,30.630136986301366,5.917808219178082,36.10958904109589,20.164383561643838,29.0958904109589,92.43835616438356,80.65753424657535,40.54794520547945
2023-04-23,3.57,-12.99999999999999,-10.999999999999988,23.0,-13.601331668747388,-13.365159128978211,15.581345826235093,59.78082191780822,79.99661389994074,53.8082191780822,30.794520547945197,5.972602739726027,36.10958904109589,23.945205479452056,29.20547945205479,92.38356164383562,80.6027397260274,40.493150684931514
2023-04-24,3.52,-8.000000000000007,-6.000000000000005,22.00000000000002,-8.601331668747406,-8.36515912897823,14.581345826235115,67.34246575342465,79.46420953843528,48.32876712328767,31.397260273972606,6.027397260273973,36.10958904109589,41.534246575342465,29.369863013698634,90.95890410958904,84.93150684931507,40.43835616438356
2023-04-25,3.4,4.0000000000000036,10.000000000000009,34.00000000000003,3.3986683312526047,7.634840871021785,26.581345826235122,80.76712328767124,74.46561130489224,64.76712328767124,32.49315068493151,9.643835616438356,35.34246575342466,22.356164383561644,22.191780821917803,88.43835616438356,79.06849315068493,40.219178082191775
2023-04-26,3.43,15.99999999999997,10.999999999999988,31.000000000000007,15.398668331252571,8.634840871021764,23.5813458262351,75.78082191780823,77.26500313031035,42.13698630136986,32.767123287671225,9.58904109589041,35.34246575342466,33.47945205479452,20.109589041095887,88.76712328767124,81.8082191780822,39.671232876712324
2023-04-27,3.53,-8.999999999999986,4.0000000000000036,19.00000000000004,-9.601331668747385,1.6348408710217792,11.581345826235133,64.32876712328766,97.26080621661,34.3013698630137,32.54794520547945,7.397260273972603,36.0,34.19178082191781,25.20547945205479,91.3972602739726,83.89041095890411,39.12328767123287
2023-04-28,3.44,-6.000000000000005,20.999999999999996,33.00000000000001,-6.601331668747404,18.634840871021773,25.5813458262351,74.24657534246575,100.0,50.68493150684932,31.945205479452056,6.082191780821917,34.79452054794521,34.95890410958904,23.78082191780821,88.93150684931507,76.7123287671233,38.68493150684932
2023-04-29,3.44,-6.999999999999984,26.00000000000002,27.0,-7.601331668747383,23.634840871021797,19.581345826235093,74.02739726027397,100.0,59.397260273972606,31.561643835616437,6.136986301369863,34.79452054794521,30.575342465753426,23.945205479452056,88.87671232876713,76.65753424657534,38.465753424657535
2023-04-30,3.44,0.0,26.00000000000002,41.000000000000014,-0.6013316687473991,23.634840871021797,33.58134582623511,73.8082191780822,100.0,64.60273972602741,31.178082191780817,6.191780821917808,34.79452054794521,18.684931506849313,24.054794520547944,88.82191780821918,76.6027397260274,38.301369863013704
2023-05-01,3.59,-14.999999999999991,11.000000000000032,22.00000000000002,-15.60133166874739,8.634840871021808,14.581345826235115,54.3013698630137,99.47921689651847,28.10958904109589,30.465753424657535,7.561643835616438,40.0,20.54794520547945,27.232876712328775,92.87671232876713,88.54794520547945,38.02739726027398
2023-05-02,3.44,0.0,28.000000000000025,37.000000000000014,-0.6013316687473991,25.6348408710218,29.581345826235108,73.36986301369862,94.76323657054682,51.726027397260275,29.75342465753424,8.054794520547945,40.0,13.863013698630136,15.287671232876704,88.71232876712328,86.79452054794521,38.02739726027398
2023-05-03,3.38,14.000000000000012,32.00000000000003,43.000000000000014,13.398668331252614,29.634840871021805,35.58134582623511,80.65753424657535,91.53245250265213,50.84931506849315,28.493150684931507,8.767123287671232,40.0,12.438356164383562,12.273972602739718,87.34246575342466,88.21917808219177,37.917808219178085
2023-05-04,3.37,15.99999999999997,35.999999999999986,48.99999999999998,15.398668331252571,33.63484087102176,41.58134582623507,81.0958904109589,89.33359051017456,37.534246575342465,28.219178082191775,12.767123287671234,40.0,10.95890410958904,10.794520547945211,87.17808219178082,60.054794520547944,37.6986301369863
2023-05-05,3.44,-0.9999999999999787,39.000000000000014,41.99999999999999,-1.6013316687473778,36.63484087102179,34.581345826235086,72.10958904109589,99.90355868454046,36.54794520547945,26.191780821917803,9.808219178082192,40.16438356164384,16.054794520547947,12.54794520547945,88.65753424657534,60.054794520547944,37.534246575342465
2023-05-06,3.44,-4.999999999999982,35.999999999999986,51.00000000000002,-5.601331668747381,33.63484087102176,43.581345826235115,71.6164383561644,99.90355868454046,59.12328767123287,24.54794520547945,9.863013698630137,40.16438356164384,12.219178082191782,12.76712328767124,88.6027397260274,60.054794520547944,37.534246575342465
2023-05-07,3.44,2.0000000000000018,35.999999999999986,60.999999999999986,1.3986683312526027,33.63484087102176,53.58134582623508,71.56164383561644,99.90355868454046,55.83561643835616,23.945205479452056,9.917808219178083,40.16438356164384,14.410958904109588,12.986301369863014,88.54794520547945,60.054794520547944,37.534246575342465
2023-05-08,3.52,-6.000000000000005,27.99999999999998,53.99999999999996,-6.601331668747404,25.634840871021755,46.58134582623505,60.93150684931507,100.0,42.3013698630137,22.958904109589042,9.972602739726028,40.32876712328767,15.013698630136988,13.205479452054789,90.79452054794521,69.64383561643835,37.534246575342465
2023-05-09,3.53,-6.999999999999984,27.0,52.99999999999998,-7.601331668747383,24.634840871021776,45.58134582623507,58.57534246575343,96.66571401352768,34.630136986301366,21.424657534246577,10.027397260273972,40.32876712328767,15.287671232876713,12.328767123287676,91.2876712328767,65.53424657534246,37.534246575342465
2023-05-10,3.43,6.999999999999984,25.99999999999998,62.99999999999994,6.398668331252585,23.634840871021755,55.58134582623504,71.72602739726027,100.0,30.082191780821915,17.972602739726028,10.301369863013699,40.0,10.356164383561643,10.191780821917803,88.10958904109589,55.28767123287671,37.479452054794514
2023-05-11,3.39,14.999999999999991,25.0,61.999999999999964,14.398668331252592,22.634840871021776,54.58134582623506,75.67123287671234,100.0,37.97260273972603,17.0958904109589,9.04109589041096,40.0,5.0410958904109595,10.904109589041099,87.23287671232876,28.054794520547944,37.479452054794514
2023-05-12,3.46,10.999999999999988,14.999999999999991,53.00000000000003,10.398668331252589,12.634840871021767,45.58134582623512,68.6027397260274,98.15155416590031,32.109589041095894,16.273972602739732,8.493150684931507,40.109589041095894,5.7534246575342465,12.76712328767124,89.0958904109589,59.342465753424655,37.479452054794514
2023-05-13,3.46,18.999999999999993,23.0,39.99999999999999,18.398668331252594,20.634840871021776,32.581345826235086,68.4931506849315,98.15155416590031,30.136986301369863,15.232876712328775,8.547945205479452,40.109589041095894,10.082191780821919,12.986301369863014,89.04109589041096,59.342465753424655,37.479452054794514
2023-05-14,3.46,24.00000000000002,23.0,29.999999999999982,23.398668331252622,20.634840871021776,22.581345826235076,68.27397260273972,98.15155416590031,28.10958904109589,14.246575342465746,8.602739726027398,40.109589041095894,19.45205479452055,13.150684931506845,88.98630136986301,59.342465753424655,37.42465753424658
2023-05-15,3.5,20.000000000000018,18.999999999999993,33.00000000000001,19.39866833125262,16.63484087102177,25.5813458262351,61.97260273972603,100.0,14.301369863013699,13.31506849315069,9.58904109589041,40.273972602739725,19.397260273972602,10.027397260273972,90.3013698630137,28.438356164383563,37.42465753424658
2023-05-16,3.54,16.000000000000014,14.999999999999991,29.000000000000004,15.398668331252615,12.634840871021767,21.581345826235097,55.397260273972606,100.0,12.602739726027398,12.657534246575338,8.657534246575342,40.273972602739725,14.794520547945206,9.643835616438352,91.72602739726027,55.397260273972606,37.31506849315068
2023-05-17,3.57,15.000000000000036,13.000000000000034,26.00000000000002,14.398668331252637,10.63484087102181,18.581345826235115,52.38356164383562,100.0,12.219178082191782,12.054794520547944,7.506849315068494,40.71232876712328,21.643835616438356,11.123287671232873,92.27397260273973,61.589041095890416,37.31506849315068
2023-05-18,3.65,5.000000000000027,14.000000000000012,16.000000000000014,4.398668331252628,11.634840871021789,8.581345826235108,40.76712328767124,100.0,10.41095890410959,11.123287671232873,6.301369863013699,40.76712328767124,20.931506849315067,15.342465753424662,93.42465753424658,68.38356164383562,37.31506849315068
2023-05-19,3.7,2.9999999999999805,2.9999999999999805,9.999999999999964,2.3986683312525816,0.6348408710217561,2.581345826235058,35.28767123287672,98.86291850915983,8.383561643835616,10.13698630136986,6.63013698630137,40.98630136986301,20.65753424657534,16.76712328767124,94.3013698630137,65.97260273972603,37.31506849315068
2023-05-20,3.7,12.99999999999999,4.999999999999982,4.999999999999982,12.39866833125259,2.634840871021758,-2.4186541737649243,35.50684931506849,98.86291850915983,12.493150684931507,9.315068493150676,6.684931506849315,40.98630136986301,20.21917808219178,16.986301369863014,94.24657534246575,65.97260273972603,37.31506849315068
2023-05-21,3.7,9.999999999999964,4.999999999999982,14.999999999999991,9.398668331252566,2.634840871021758,7.581345826235085,35.61643835616438,98.86291850915983,12.0,8.657534246575338,6.739726027397261,40.98630136986301,19.89041095890411,17.0958904109589,94.1917808219178,65.97260273972603,37.31506849315068
2023-05-22,3.72,7.999999999999963,2.9999999999999805,11.999999999999966,7.398668331252564,0.6348408710217561,4.58134582623506,33.753424657534254,100.0,11.616438356164384,8.602739726027394,7.232876712328768,40.98630136986301,14.191780821917806,16.54794520547945,94.68493150684931,81.04109589041096,37.31506849315068
2023-05-23,3.7,9.999999999999964,2.9999999999999805,13.999999999999968,9.398668331252566,0.6348408710217561,6.5813458262350615,36.16438356164383,94.52669711765633,16.821917808219176,8.602739726027394,7.780821917808218,41.205479452054796,13.972602739726028,16.71232876712328,94.08219178082192,74.46575342465754,37.31506849315068
2023-05-24,3.73,6.999999999999984,10.999999999999988,10.999999999999988,6.398668331252585,8.634840871021764,3.581345826235081,32.767123287671225,92.0538667506694,19.342465753424655,8.54794520547945,7.068493150684932,41.205479452054796,6.3561643835616435,17.424657534246577,94.79452054794521,78.30136986301369,37.31506849315068
2023-05-25,3.83,-14.000000000000012,0.0,2.9999999999999805,-14.601331668747411,-2.3651591289782243,-4.418654173764926,20.164383561643845,100.0,19.342465753424655,8.712328767123296,5.0410958904109595,41.205479452054796,10.575342465753424,27.342465753424662,96.27397260273973,77.42465753424658,37.26027397260274
2023-05-26,3.8,-15.99999999999997,-7.999999999999963,11.000000000000032,-16.60133166874737,-10.365159128978187,3.5813458262351254,24.16438356164383,100.0,24.602739726027398,9.424657534246577,2.958904109589041,40.76712328767124,15.890410958904111,27.671232876712324,95.5068493150685,71.67123287671232,37.26027397260274
2023-05-27,3.8,-18.999999999999993,-2.9999999999999805,6.000000000000005,-19.60133166874739,-5.365159128978204,-1.4186541737649012,24.438356164383563,100.0,31.67123287671233,9.972602739726028,3.0136986301369864,40.76712328767124,17.534246575342465,27.780821917808225,95.45205479452055,71.67123287671232,37.26027397260274
2023-05-28,3.8,-10.999999999999988,-2.9999999999999805,20.999999999999996,-11.601331668747386,-5.365159128978204,13.58134582623509,24.602739726027394,100.0,29.315068493150687,10.575342465753423,3.0684931506849313,40.76712328767124,17.80821917808219,27.835616438356155,95.3972602739726,71.67123287671232,37.26027397260274
2023-05-29,3.8,-10.999999999999988,-2.9999999999999805,16.000000000000014,-11.601331668747386,-5.365159128978204,8.581345826235108,24.986301369863014,100.0,29.369863013698634,11.342465753424662,3.1232876712328768,40.76712328767124,17.315068493150683,28.0,95.34246575342466,71.67123287671232,37.26027397260274
2023-05-30,3.69,0.0,8.000000000000007,27.0,-0.6013316687473991,5.634840871021783,19.581345826235093,39.89041095890411,100.0,30.684931506849317,11.945205479452056,2.356164383561644,40.71232876712328,19.342465753424655,22.9041095890411,93.36986301369863,83.72602739726028,37.26027397260274
2023-05-31,3.64,4.999999999999982,10.000000000000009,31.999999999999986,4.398668331252583,7.634840871021785,24.58134582623508,46.57534246575342,97.37649063032367,41.205479452054796,12.054794520547944,2.63013698630137,40.109589041095894,15.397260273972602,21.041095890410958,92.65753424657534,79.78082191780823,37.26027397260274
2023-06-01,3.61,9.00000000000003,11.000000000000032,36.00000000000003,8.398668331252631,8.634840871021808,28.581345826235122,51.23287671232877,100.0,43.28767123287671,12.054794520547944,3.8356164383561646,43.89041095890411,18.63013698630137,22.41095890410959,92.32876712328768,78.24657534246575,97.58904109589041
2023-06-02,3.69,10.000000000000009,10.999999999999988,35.999999999999986,9.39866833125261,8.634840871021764,28.58134582623508,40.273972602739725,100.0,35.561643835616444,12.164383561643831,1.4246575342465753,43.99999999999999,23.56164383561644,27.61643835616438,93.31506849315069,78.1917808219178,97.53424657534246
2023-06-03,3.69,4.0000000000000036,5.000000000000027,39.000000000000014,3.3986683312526047,2.6348408710218023,31.581345826235108,40.43835616438356,100.0,29.698630136986303,12.273972602739718,1.4794520547945205,43.99999999999999,28.93150684931507,27.890410958904113,93.26027397260273,78.13698630136986,97.42465753424658
2023-06-04,3.69,6.000000000000005,5.000000000000027,51.00000000000002,5.3986683312526065,2.6348408710218023,43.581345826235115,40.602739726027394,100.0,22.246575342465754,12.657534246575338,1.5342465753424657,43.99999999999999,41.47945205479452,28.16438356164383,93.20547945205479,78.08219178082192,97.31506849315069
2023-06-05,3.69,6.000000000000005,5.000000000000027,35.999999999999986,5.3986683312526065,2.6348408710218023,28.58134582623508,40.657534246575345,100.0,27.123287671232877,13.041095890410958,2.5753424657534247,44.16438356164384,42.794520547945204,29.58904109589041,93.15068493150685,76.4931506849315,97.26027397260275
2023-06-06,3.7,4.999999999999982,2.0000000000000018,34.999999999999964,4.398668331252583,-0.36515912897822256,27.581345826235058,39.89041095890411,99.94172116816681,38.082191780821915,13.808219178082197,1.643835616438356,44.27397260273973,40.6027397260274,33.534246575342465,93.6986301369863,74.41095890410959,97.15068493150685
2023-06-07,3.79,-6.000000000000005,-2.0000000000000018,25.99999999999998,-6.601331668747404,-4.365159128978226,18.581345826235072,28.657534246575338,93.33678689373826,17.041095890410958,14.13698630136986,2.684931506849315,44.43835616438356,44.602739726027394,38.02739726027398,95.23287671232876,73.42465753424658,97.04109589041096
2023-06-08,3.73,10.999999999999988,-2.0000000000000018,35.999999999999986,10.398668331252589,-4.365159128978226,28.58134582623508,36.821917808219176,97.77892896457942,23.89041095890411,14.356164383561648,1.8630136986301369,44.27397260273973,45.09589041095891,36.273972602739725,94.41095890410959,65.8082191780822,96.98630136986301
2023-06-09,3.75,8.000000000000007,10.000000000000009,26.999999999999957,7.398668331252608,7.634840871021785,19.58134582623505,34.79452054794521,99.15819465129833,24.493150684931507,14.301369863013704,0.821917808219178,44.27397260273973,43.890410958904106,41.863013698630134,94.63013698630137,64.6027397260274,96.87671232876713
2023-06-10,3.75,-2.9999999999999805,6.000000000000005,25.0,-3.6013316687473793,3.634840871021781,17.581345826235093,35.013698630136986,99.15819465129833,48.10958904109589,14.246575342465746,0.8767123287671232,44.27397260273973,36.602739726027394,42.410958904109584,94.57534246575342,64.6027397260274,96.82191780821918
2023-06-11,3.75,2.0000000000000018,6.000000000000005,33.999999999999986,1.3986683312526027,3.634840871021781,26.58134582623508,35.12328767123287,99.15819465129833,28.43835616438356,12.657534246575338,0.9315068493150684,44.27397260273973,56.16438356164384,43.232876712328775,94.52054794520548,64.6027397260274,96.71232876712328
2023-06-12,3.73,4.0000000000000036,8.000000000000007,43.000000000000014,3.3986683312526047,5.634840871021783,35.58134582623511,37.80821917808219,100.0,27.56164383561644,10.301369863013704,1.36986301369863,43.945205479452056,59.397260273972606,31.506849315068493,94.1917808219178,68.54794520547945,96.6027397260274
2023-06-13,3.84,-6.999999999999984,2.0000000000000018,32.00000000000003,-7.601331668747383,-0.36515912897822256,24.581345826235122,22.41095890410959,100.0,30.575342465753426,8.986301369863014,1.2054794520547945,44.32876712328767,78.73972602739727,59.013698630136986,96.6027397260274,64.54794520547945,96.54794520547945
2023-06-14,3.83,-6.000000000000005,2.9999999999999805,33.00000000000001,-6.601331668747404,0.6348408710217561,25.5813458262351,24.27397260273972,100.0,37.64383561643835,8.164383561643845,0.2191780821917808,44.767123287671225,70.13698630136986,72.65753424657535,96.16438356164383,61.47945205479452,96.43835616438356
2023-06-15,3.72,2.0000000000000018,23.0,47.00000000000002,1.3986683312526027,20.634840871021776,39.581345826235115,39.3972602739726,100.0,45.42465753424658,8.657534246575338,0.32876712328767127,44.767123287671225,73.91780821917808,54.630136986301366,93.86301369863014,49.698630136986296,96.38356164383562
2023-06-16,3.77,-4.999999999999982,27.99999999999998,43.99999999999999,-5.601331668747381,25.634840871021755,36.581345826235086,32.87671232876713,100.0,42.68493150684932,10.575342465753423,0.2191780821917808,45.150684931506845,72.05479452054794,68.7123287671233,94.95890410958904,60.273972602739725,96.27397260273973
2023-06-17,3.77,2.9999999999999805,28.999999999999957,51.00000000000002,2.3986683312525816,26.634840871021733,43.581345826235115,33.04109589041096,100.0,57.91780821917808,14.958904109589042,0.273972602739726,45.150684931506845,66.84931506849315,68.87671232876713,94.9041095890411,60.21917808219178,96.16438356164383
2023-06-18,3.77,-2.9999999999999805,28.999999999999957,52.99999999999998,-3.6013316687473793,26.634840871021733,45.58134582623507,33.2054794520548,100.0,61.369863013698634,25.917808219178085,0.32876712328767127,45.150684931506845,74.68493150684932,69.15068493150685,94.84931506849315,60.16438356164384,96.10958904109589
2023-06-19,3.77,-2.9999999999999805,28.999999999999957,48.99999999999998,-3.6013316687473793,26.634840871021733,41.58134582623507,33.2054794520548,100.0,52.98630136986301,27.232876712328775,0.3835616438356164,45.150684931506845,81.2054794520548,69.42465753424658,94.79452054794521,60.10958904109589,96.0
2023-06-20,3.74,0.0,26.999999999999957,51.99999999999996,-0.6013316687473991,24.634840871021733,44.58134582623505,36.986301369863014,98.69000967706853,49.31506849315068,27.671232876712324,0.2191780821917808,45.150684931506845,91.61643835616438,71.56164383561644,93.97260273972603,68.4931506849315,95.89041095890411
2023-06-21,3.72,0.0,27.0,53.99999999999996,-0.6013316687473991,24.634840871021776,46.58134582623505,39.56164383561644,94.05897797642217,59.945205479452056,25.753424657534254,0.2191780821917808,44.767123287671225,92.05479452054794,69.75342465753425,93.53424657534246,71.67123287671232,95.83561643835617
2023-06-22,3.8,-2.9999999999999805,6.000000000000005,54.0,-3.6013316687473793,3.634840871021781,46.58134582623509,28.493150684931507,97.78014815470625,46.73972602739726,32.65753424657534,0.2191780821917808,46.02739726027397,92.6027397260274,74.08219178082192,95.17808219178082,71.6164383561644,95.72602739726027
2023-06-23,3.74,-3.000000000000025,1.9999999999999574,59.999999999999964,-3.6013316687474237,-0.36515912897826697,52.58134582623506,36.76712328767123,94.36952951399493,58.02739726027397,43.342465753424655,0.273972602739726,44.767123287671225,88.27397260273972,69.8082191780822,93.86301369863014,71.56164383561644,95.67123287671232
2023-06-24,3.74,10.999999999999988,8.999999999999986,45.000000000000014,10.398668331252589,6.634840871021762,37.58134582623511,36.76712328767123,94.36952951399493,68.6027397260274,60.054794520547944,0.32876712328767127,44.767123287671225,87.06849315068493,69.86301369863014,93.8082191780822,71.5068493150685,95.56164383561644
2023-06-25,3.74,6.999999999999984,8.999999999999986,49.00000000000002,6.398668331252585,6.634840871021762,41.581345826235115,36.712328767123296,94.36952951399493,69.75342465753425,68.05479452054794,0.3835616438356164,44.767123287671225,89.42465753424658,70.02739726027397,93.75342465753425,71.45205479452055,95.45205479452055
2023-06-26,3.72,8.999999999999986,10.999999999999988,52.99999999999998,8.398668331252587,8.634840871021764,45.58134582623507,39.23287671232877,89.97277353467538,71.17808219178082,69.64383561643835,0.7671232876712328,44.054794520547944,76.16438356164383,66.63013698630137,93.26027397260273,81.20547945205479,95.34246575342466
2023-06-27,3.77,4.0000000000000036,4.0000000000000036,48.0,3.3986683312526047,1.6348408710217792,40.58134582623509,32.43835616438356,95.53001157545103,73.86301369863014,69.15068493150685,0.2191780821917808,44.38356164383561,80.43835616438356,75.01369863013699,94.68493150684931,76.76712328767124,95.12328767123287
2023-06-28,3.71,14.999999999999991,8.999999999999986,54.0,14.398668331252592,6.634840871021762,46.58134582623509,40.54794520547945,95.9331837470367,79.12328767123287,67.67123287671234,0.16438356164383564,44.054794520547944,71.78082191780823,70.35616438356163,92.98630136986301,74.35616438356165,95.06849315068493
2023-06-29,3.85,0.9999999999999787,-10.000000000000009,35.00000000000001,0.3986683312525796,-12.365159128978233,27.5813458262351,20.876712328767127,95.28483930894622,70.24657534246576,64.65753424657535,0.16438356164383564,44.43835616438356,64.43835616438356,79.72602739726028,96.65753424657534,76.7123287671233,94.9041095890411
2023-06-30,3.81,14.000000000000012,4.0000000000000036,31.000000000000007,13.398668331252614,1.6348408710217792,23.5813458262351,25.753424657534254,100.0,76.10958904109589,61.534246575342465,0.1095890410958904,45.589041095890416,72.21917808219177,87.5068493150685,95.3972602739726,67.56164383561644,94.73972602739725
2023-07-01,3.81,23.99999999999998,2.9999999999999805,31.000000000000007,23.39866833125258,0.6348408710217561,23.5813458262351,25.698630136986296,100.0,78.68493150684932,57.42465753424658,0.16438356164383564,43.342465753424655,78.73972602739727,87.5068493150685,95.34246575342466,67.5068493150685,24.657534246575338
2023-07-02,3.81,24.999999999999957,2.9999999999999805,27.99999999999998,24.39866833125256,0.6348408710217561,20.581345826235072,25.47945205479452,100.0,76.43835616438356,55.12328767123288,0.2191780821917808,43.342465753424655,82.1917808219178,87.5068493150685,95.28767123287672,67.45205479452055,24.493150684931507
2023-07-03,3.86,19.99999999999997,-2.0000000000000018,31.999999999999986,19.398668331252573,-4.365159128978226,24.58134582623508,18.958904109589042,100.0,75.67123287671232,53.80821917808219,0.0547945205479452,43.45205479452054,90.73972602739727,90.35616438356165,96.65753424657534,77.58904109589041,24.38356164383562
2023-07-04,3.86,19.99999999999997,0.0,31.999999999999986,19.398668331252573,-2.3651591289782243,24.58134582623508,18.849315068493155,100.0,75.83561643835617,55.67123287671233,0.1095890410958904,43.45205479452054,86.63013698630137,90.41095890410959,96.6027397260274,77.53424657534246,24.657534246575338
2023-07-05,3.95,5.999999999999961,-4.0000000000000036,22.999999999999954,5.398668331252562,-6.365159128978227,15.581345826235047,13.369863013698634,99.91373267913949,64.05479452054794,55.06849315068493,0.547945205479452,43.56164383561644,72.27397260273972,91.45205479452055,97.6986301369863,77.47945205479452,24.876712328767127
2023-07-06,4.05,-5.999999999999961,-18.999999999999993,12.99999999999999,-6.60133166874736,-21.365159128978217,5.581345826235083,10.356164383561634,97.26640427023239,49.04109589041096,57.205479452054796,0.9863013698630136,43.61643835616439,70.13698630136986,92.4931506849315,98.95890410958904,80.10958904109589,25.0958904109589
2023-07-07,4.06,-19.99999999999997,-4.999999999999982,20.999999999999996,-20.60133166874737,-7.365159128978206,13.58134582623509,10.191780821917803,96.05327007063137,39.945205479452056,60.93150684931507,1.9178082191780823,43.61643835616439,72.43835616438356,92.0,98.95890410958904,78.35616438356165,25.424657534246577
2023-07-08,4.06,-29.999999999999982,-9.999999999999964,24.00000000000002,-30.60133166874738,-12.365159128978188,16.581345826235115,10.24657534246576,96.05327007063137,40.0,65.04109589041096,1.9726027397260273,43.61643835616439,72.43835616438356,92.0,98.9041095890411,78.30136986301369,25.698630136986296
2023-07-09,4.06,-22.999999999999954,-9.999999999999964,20.999999999999996,-23.601331668747353,-12.365159128978188,13.58134582623509,10.356164383561634,96.05327007063137,33.26027397260274,66.52054794520548,2.0273972602739727,43.61643835616439,78.7945205479452,92.0,98.84931506849315,78.24657534246575,25.917808219178085
2023-07-10,4.01,-17.99999999999997,-4.999999999999982,25.0,-18.60133166874737,-7.365159128978206,17.581345826235093,11.890410958904113,96.1664959292608,27.342465753424655,67.17808219178082,2.410958904109589,43.45205479452054,84.16438356164385,89.42465753424658,98.35616438356165,81.15068493150685,26.191780821917803
2023-07-11,3.99,-16.000000000000014,-2.0000000000000018,26.999999999999957,-16.601331668747413,-4.365159128978226,19.58134582623505,12.328767123287676,97.74087453496523,30.246575342465754,66.63013698630137,1.9178082191780823,43.45205479452054,73.31506849315068,91.01369863013699,98.13698630136986,81.0958904109589,26.246575342465746
2023-07-12,3.86,-4.999999999999982,18.999999999999993,39.99999999999999,-5.601331668747381,16.63484087102177,32.581345826235086,19.45205479452055,100.0,44.0,65.64383561643837,2.246575342465753,43.67123287671233,69.42465753424656,87.28767123287672,96.16438356164383,81.04109589041096,26.52054794520548
2023-07-13,3.76,4.0000000000000036,32.00000000000003,53.00000000000003,3.3986683312526047,29.634840871021805,45.58134582623512,33.534246575342465,100.0,53.863013698630134,64.98630136986301,2.8493150684931505,43.45205479452054,81.26027397260273,81.36986301369863,93.6986301369863,80.43835616438356,26.684931506849324
2023-07-14,3.83,-8.000000000000007,37.000000000000014,43.99999999999995,-8.601331668747406,34.63484087102179,36.581345826235044,23.17808219178083,99.65072133637054,50.19178082191781,64.32876712328766,1.4246575342465753,43.45205479452054,80.32876712328768,88.27397260273972,95.5068493150685,81.75342465753425,27.123287671232873
2023-07-15,3.83,2.0000000000000018,21.999999999999975,41.99999999999999,1.3986683312526027,19.63484087102175,34.581345826235086,23.561643835616437,99.65072133637054,52.493150684931514,63.61643835616439,1.4794520547945205,43.45205479452054,76.32876712328766,88.16438356164383,95.45205479452055,81.69863013698631,27.397260273972606
2023-07-16,3.83,0.9999999999999787,21.999999999999975,46.0,0.3986683312525796,19.63484087102175,38.58134582623509,24.16438356164383,99.65072133637054,44.109589041095894,62.410958904109584,1.5342465753424657,43.45205479452054,77.31506849315069,87.94520547945206,95.3972602739726,81.64383561643835,27.780821917808225
2023-07-17,3.81,2.9999999999999805,23.99999999999998,52.0,2.3986683312525816,21.634840871021755,44.58134582623509,26.9041095890411,100.0,61.97260273972602,59.671232876712324,1.36986301369863,43.72602739726027,58.52054794520548,82.24657534246575,94.52054794520548,81.58904109589041,28.054794520547944
2023-07-18,3.8,4.0000000000000036,29.000000000000004,53.00000000000003,3.3986683312526047,26.63484087102178,45.58134582623512,28.876712328767113,100.0,55.50684931506849,57.26027397260274,1.0410958904109588,43.45205479452054,46.9041095890411,83.3972602739726,94.13698630136986,80.76712328767124,28.438356164383563
2023-07-19,3.75,10.999999999999988,26.999999999999957,58.00000000000001,10.398668331252589,24.634840871021733,50.5813458262351,36.821917808219176,99.70203767781622,67.01369863013699,56.657534246575345,0.6027397260273972,43.342465753424655,44.71232876712329,86.95890410958904,92.93150684931507,82.35616438356165,28.76712328767124
2023-07-20,3.85,6.000000000000005,14.999999999999991,47.00000000000002,5.3986683312526065,12.634840871021767,39.581345826235115,22.41095890410959,92.64705882352942,55.12328767123288,55.50684931506849,1.0410958904109588,44.71232876712329,50.465753424657535,89.0958904109589,96.05479452054794,81.47945205479452,29.15068493150686
2023-07-21,3.84,2.0000000000000018,25.0,53.00000000000003,1.3986683312526027,22.634840871021776,45.58134582623512,24.712328767123296,91.64263744713573,55.28767123287671,55.12328767123288,0.6575342465753425,44.71232876712329,49.698630136986296,88.4931506849315,95.89041095890411,82.84931506849315,29.47945205479452
2023-07-22,3.84,16.999999999999993,32.00000000000003,50.99999999999998,16.398668331252594,29.634840871021805,43.58134582623507,25.150684931506845,91.64263744713573,52.54794520547945,54.630136986301366,0.7123287671232876,44.71232876712329,54.13698630136986,88.21917808219177,95.83561643835617,82.79452054794521,29.75342465753424
2023-07-23,3.84,12.00000000000001,32.00000000000003,65.00000000000003,11.398668331252612,29.634840871021805,57.58134582623512,25.58904109589041,91.64263744713573,62.3013698630137,53.26027397260274,0.7671232876712328,44.71232876712329,37.6986301369863,87.89041095890411,95.78082191780823,82.73972602739727,30.191780821917817
2023-07-24,3.86,10.000000000000009,30.00000000000003,58.00000000000005,9.39866833125261,27.634840871021805,50.58134582623514,22.79452054794521,92.05113417916186,49.0958904109589,50.082191780821915,1.2602739726027399,45.205479452054796,41.47945205479452,88.87671232876713,96.10958904109589,84.38356164383562,30.575342465753437
2023-07-25,3.91,4.999999999999982,28.000000000000025,53.00000000000003,4.398668331252583,25.6348408710218,45.58134582623512,17.58904109589041,94.19934640522875,38.02739726027397,47.45205479452055,1.4794520547945205,45.369863013698634,47.397260273972606,91.12328767123287,96.98630136986301,83.61643835616438,30.794520547945197
2023-07-26,3.86,11.000000000000032,35.00000000000001,58.00000000000005,10.398668331252633,32.63484087102178,50.58134582623514,24.0,93.00269127258747,40.49315068493151,46.9041095890411,1.1506849315068493,44.986301369863014,45.31506849315068,89.42465753424658,96.0,83.56164383561644,31.06849315068493
2023-07-27,4.01,4.0000000000000036,27.000000000000046,54.0,3.3986683312526047,24.634840871021822,46.58134582623509,13.095890410958901,92.23856209150327,26.136986301369863,45.64383561643835,2.191780821917808,45.205479452054796,48.821917808219176,91.72602739726027,98.3013698630137,21.150684931506845,31.28767123287672
2023-07-28,3.96,12.00000000000001,33.999999999999986,59.999999999999964,11.398668331252612,31.634840871021762,52.58134582623506,15.397260273972606,97.55382545174933,28.712328767123285,43.83561643835616,2.136986301369863,45.31506849315069,52.821917808219176,90.95890410958904,97.53424657534246,23.06849315068493,31.561643835616437
2023-07-29,3.96,24.00000000000002,29.999999999999982,65.00000000000003,23.398668331252622,27.63484087102176,57.58134582623512,15.726027397260282,97.55382545174933,28.767123287671232,42.63013698630137,2.191780821917808,45.31506849315069,52.821917808219176,90.68493150684931,97.47945205479452,23.06849315068493,31.726027397260268
2023-07-30,3.96,8.999999999999986,29.999999999999982,62.999999999999986,8.398668331252587,27.63484087102176,55.58134582623508,16.054794520547944,97.55382545174933,24.054794520547944,40.273972602739725,2.246575342465753,45.31506849315069,45.64383561643835,90.35616438356165,97.42465753424658,23.06849315068493,32.164383561643845
2023-07-31,3.97,7.999999999999963,28.999999999999957,61.999999999999964,7.398668331252564,26.634840871021733,54.58134582623506,15.61643835616438,97.74605920799692,23.616438356164384,36.821917808219176,2.356164383561644,45.205479452054796,49.26027397260274,91.61643835616438,97.58904109589041,21.150684931506845,32.43835616438356
2023-08-01,4.05,0.0,29.000000000000004,54.0,-0.6013316687473991,26.63484087102178,46.58134582623509,12.328767123287676,96.97231833910035,20.602739726027398,34.52054794520548,3.1780821917808217,43.342465753424655,38.84931506849315,91.5068493150685,98.73972602739725,18.465753424657535,20.657534246575338
2023-08-02,4.08,0.9999999999999787,25.99999999999998,50.99999999999998,0.3986683312525796,23.634840871021755,43.58134582623507,11.726027397260282,90.35467128027682,10.136986301369863,32.712328767123296,4.712328767123288,43.342465753424655,44.93150684931507,87.34246575342466,99.01369863013699,19.61643835616438,20.821917808219183
2023-08-03,4.2,-18.00000000000006,-0.9999999999999787,49.00000000000002,-18.60133166874746,-3.365159128978203,41.581345826235115,7.890410958904113,89.6962706651288,4.986301369863014,31.83561643835617,7.506849315068494,43.397260273972606,55.72602739726027,83.17808219178082,99.61643835616438,19.61643835616438,20.986301369863014
2023-08-04,4.05,-4.999999999999982,18.00000000000006,75.99999999999997,-5.601331668747381,15.634840871021837,68.58134582623507,12.93150684931507,88.06708958093041,7.9452054794520555,28.71232876712328,6.904109589041097,43.50684931506849,47.28767123287671,69.8082191780822,98.57534246575342,23.28767123287672,20.986301369863014
2023-08-05,4.05,4.0000000000000036,20.000000000000018,68.00000000000006,3.3986683312526047,17.634840871021794,60.58134582623515,13.31506849315069,88.06708958093041,7.9452054794520555,25.972602739726028,6.958904109589041,43.50684931506849,52.54794520547945,69.26027397260273,98.52054794520548,23.28767123287672,20.986301369863014
2023-08-06,4.05,11.000000000000032,20.000000000000018,67.0,10.398668331252633,17.634840871021794,59.58134582623509,13.698630136986296,88.06708958093041,8.164383561643836,24.0,7.013698630136986,43.50684931506849,49.75342465753425,68.76712328767124,98.46575342465754,23.28767123287672,20.986301369863014
2023-08-07,4.09,7.000000000000028,16.000000000000014,69.00000000000004,6.39866833125263,13.63484087102179,61.581345826235136,12.219178082191789,90.59496347558631,5.534246575342466,22.52054794520548,9.095890410958903,43.67123287671233,56.986301369863014,68.4931506849315,99.01369863013699,27.780821917808225,20.986301369863014
2023-08-08,4.02,14.000000000000057,18.00000000000006,76.00000000000007,13.398668331252658,15.634840871021837,68.58134582623516,15.123287671232873,88.0718954248366,12.767123287671234,20.438356164383563,7.3424657534246585,43.342465753424655,55.45205479452054,62.465753424657535,98.08219178082192,28.219178082191775,20.986301369863014
2023-08-09,4.0,19.00000000000004,12.00000000000001,78.00000000000003,18.39866833125264,9.634840871021787,70.58134582623512,16.71232876712328,84.6885813148789,10.684931506849315,17.86301369863014,4.876712328767123,43.342465753424655,54.30136986301369,64.10958904109589,97.64383561643835,23.28767123287672,20.93150684931507
2023-08-10,4.09,12.00000000000001,3.000000000000025,69.00000000000004,11.398668331252612,0.6348408710218005,61.581345826235136,12.712328767123296,85.13071895424837,6.3561643835616435,17.20547945205479,7.123287671232877,43.342465753424655,51.671232876712324,69.86301369863014,98.95890410958904,23.28767123287672,20.93150684931507
2023-08-11,4.16,12.00000000000001,-7.000000000000028,50.0,11.398668331252612,-9.365159128978252,42.58134582623509,10.63013698630138,83.10265282583622,6.191780821917808,16.1095890410959,7.4520547945205475,43.45205479452054,45.42465753424658,73.97260273972603,99.3972602739726,23.28767123287672,20.93150684931507
2023-08-12,4.16,13.999999999999968,1.9999999999999574,41.99999999999999,13.39866833125257,-0.36515912897826697,34.581345826235086,10.794520547945211,83.10265282583622,7.178082191780821,15.06849315068493,7.506849315068494,43.45205479452054,38.84931506849315,73.58904109589041,99.34246575342466,23.28767123287672,20.93150684931507
2023-08-13,4.16,9.999999999999964,1.9999999999999574,54.0,9.398668331252566,-0.36515912897826697,46.58134582623509,11.23287671232876,83.10265282583622,7.232876712328768,13.205479452054789,7.561643835616438,43.45205479452054,38.9041095890411,72.98630136986301,99.28767123287672,23.28767123287672,20.93150684931507
2023-08-14,4.19,6.99999999999994,-1.0000000000000675,43.99999999999995,6.398668331252541,-3.365159128978292,36.581345826235044,10.356164383561634,86.45713187235678,9.205479452054794,11.342465753424662,5.863013698630137,43.45205479452054,44.986301369863014,79.17808219178082,99.56164383561644,28.054794520547944,20.876712328767127
2023-08-15,4.21,4.999999999999982,-3.000000000000025,41.99999999999999,4.398668331252583,-5.365159128978249,34.581345826235086,9.643835616438352,83.30930411380238,11.890410958904111,11.561643835616437,8.0,43.342465753424655,38.9041095890411,74.68493150684932,99.61643835616438,28.054794520547944,20.876712328767127
2023-08-16,4.28,5.999999999999961,-1.0000000000000675,34.999999999999964,5.398668331252562,-3.365159128978292,27.581345826235058,7.671232876712324,80.1518646674356,11.890410958904111,10.958904109589042,9.095890410958903,43.342465753424655,37.205479452054796,78.35616438356165,99.94520547945206,28.054794520547944,20.821917808219183
2023-08-17,4.3,4.0000000000000036,0.0,41.000000000000014,3.3986683312526047,-2.3651591289782243,33.58134582623511,7.178082191780817,76.99442522106882,9.753424657534246,10.13698630136986,10.191780821917808,43.45205479452054,47.561643835616444,71.34246575342465,99.94520547945206,28.054794520547944,20.821917808219183
2023-08-18,4.26,-6.99999999999994,0.9999999999999787,57.00000000000003,-7.6013316687473385,-1.3651591289782457,49.58134582623512,8.876712328767127,76.340830449827,10.794520547945204,9.589041095890423,9.808219178082192,43.342465753424655,49.15068493150685,65.91780821917808,99.83561643835617,23.28767123287672,20.767123287671225
2023-08-19,4.26,-2.999999999999936,0.0,65.00000000000003,-3.601331668747335,-2.3651591289782243,57.58134582623512,9.150684931506845,76.340830449827,11.123287671232877,8.767123287671225,9.863013698630137,43.342465753424655,47.94520547945205,65.47945205479452,99.78082191780823,23.28767123287672,20.767123287671225
2023-08-20,4.26,-0.9999999999999787,0.0,72.00000000000006,-1.6013316687473778,-2.3651591289782243,64.58134582623515,9.479452054794521,76.340830449827,9.150684931506849,8.109589041095887,9.917808219178083,43.342465753424655,53.8082191780822,65.26027397260273,99.72602739726027,23.28767123287672,20.767123287671225
2023-08-21,4.34,-8.999999999999986,-8.000000000000007,58.999999999999986,-9.601331668747385,-10.365159128978231,51.58134582623508,6.794520547945211,80.98808150711265,4.876712328767123,8.109589041095887,10.52054794520548,43.72602739726027,46.136986301369866,67.3972602739726,99.94520547945206,28.876712328767113,20.767123287671225
2023-08-22,4.34,-8.999999999999986,-4.999999999999982,58.999999999999986,-9.601331668747385,-7.365159128978206,51.58134582623508,7.013698630136986,80.46424452133795,4.986301369863014,7.890410958904113,9.315068493150685,43.83561643835616,38.24657534246575,81.36986301369863,99.89041095890411,28.876712328767113,20.767123287671225
2023-08-23,4.19,0.9999999999999787,7.999999999999918,73.99999999999993,0.3986683312525796,5.634840871021694,66.58134582623502,12.821917808219169,85.02018454440599,11.78082191780822,7.2328767123287605,6.3561643835616435,43.83561643835616,40.71232876712329,78.41095890410959,99.06849315068493,28.876712328767113,20.767123287671225
2023-08-24,4.23,-11.000000000000032,1.9999999999999574,62.999999999999986,-11.60133166874743,-0.36515912897826697,55.58134582623508,11.342465753424662,78.60918877354864,9.36986301369863,7.342465753424648,6.520547945205479,43.342465753424655,35.94520547945205,84.21917808219177,99.45205479452055,39.671232876712324,20.767123287671225
2023-08-25,4.25,-12.99999999999999,4.0000000000000036,58.00000000000001,-13.601331668747388,1.6348408710217792,50.5813458262351,10.958904109589042,80.8631295655517,10.52054794520548,7.61643835616438,5.0410958904109595,43.67123287671233,36.76712328767123,89.75342465753425,99.5068493150685,60.6027397260274,20.767123287671225
2023-08-26,4.25,-16.000000000000014,8.000000000000007,70.00000000000001,-16.601331668747413,5.634840871021783,62.58134582623511,11.178082191780831,80.8631295655517,10.41095890410959,8.93150684931507,5.095890410958904,43.67123287671233,48.93150684931507,89.47945205479452,99.45205479452055,60.6027397260274,20.712328767123296
2023-08-27,4.25,-7.000000000000028,8.000000000000007,61.00000000000003,-7.601331668747427,5.634840871021783,53.58134582623512,11.342465753424662,80.8631295655517,9.095890410958903,14.575342465753423,5.1506849315068495,43.67123287671233,60.93150684931506,89.31506849315069,99.3972602739726,60.6027397260274,20.712328767123296
2023-08-28,4.2,-2.000000000000046,12.99999999999999,63.99999999999997,-2.601331668747445,10.634840871021765,56.581345826235065,13.534246575342465,83.04017685505575,6.520547945205479,21.698630136986296,5.205479452054795,43.342465753424655,60.54794520547945,77.91780821917808,98.9041095890411,60.6027397260274,20.657534246575338
2023-08-29,4.12,5.999999999999961,20.000000000000018,71.99999999999997,5.398668331252562,17.634840871021794,64.58134582623507,17.75342465753424,89.25413302575932,12.821917808219178,24.54794520547945,6.794520547945206,43.342465753424655,54.24657534246575,73.04109589041096,98.1917808219178,59.671232876712324,20.657534246575338
2023-08-30,4.12,5.999999999999961,25.0,71.99999999999997,5.398668331252562,22.634840871021776,64.58134582623507,18.082191780821915,90.89773164167629,12.273972602739725,21.47945205479452,5.26027397260274,43.342465753424655,50.95890410958904,77.26027397260273,98.13698630136986,55.83561643835617,20.657534246575338
2023-08-31,4.09,17.99999999999997,25.99999999999998,79.0,17.398668331252573,23.634840871021755,71.5813458262351,21.041095890410958,91.61380238369857,13.753424657534246,18.849315068493155,6.684931506849315,43.342465753424655,50.79452054794521,74.63013698630137,97.8082191780822,50.24657534246575,20.54794520547945
2023-09-01,4.18,12.00000000000001,31.00000000000005,70.00000000000001,11.398668331252612,28.634840871021826,62.58134582623511,15.397260273972606,91.18608227604767,8.0,18.575342465753423,8.986301369863012,43.50684931506849,57.86301369863014,76.27397260273972,98.73972602739725,28.219178082191775,10.13698630136986
2023-09-02,4.18,8.999999999999986,26.000000000000068,58.999999999999986,8.398668331252587,23.634840871021844,51.58134582623508,15.671232876712324,91.18608227604767,8.602739726027398,17.917808219178085,9.04109589041096,43.50684931506849,49.26027397260274,75.83561643835617,98.68493150684931,28.219178082191775,10.191780821917803
2023-09-03,4.18,8.000000000000007,26.000000000000068,49.00000000000002,7.398668331252608,23.634840871021844,41.581345826235115,15.835616438356155,91.18608227604767,9.095890410958903,17.69863013698631,9.095890410958903,43.50684931506849,39.23287671232877,75.3972602739726,98.63013698630137,28.219178082191775,10.356164383561634
2023-09-04,4.18,8.000000000000007,26.000000000000068,39.00000000000006,7.398668331252608,23.634840871021844,31.58134582623515,16.1095890410959,91.18608227604767,9.150684931506849,18.849315068493155,9.150684931506849,43.50684931506849,43.23287671232877,74.79452054794521,98.57534246575342,28.219178082191775,10.465753424657535
2023-09-05,4.27,-0.9999999999999787,28.000000000000025,30.00000000000007,-1.6013316687473778,25.6348408710218,22.581345826235165,12.821917808219169,91.53690888119954,10.904109589041095,16.273972602739732,10.082191780821919,44.10958904109589,44.43835616438356,69.0958904109589,99.72602739726027,50.465753424657535,10.575342465753423
2023-09-06,4.3,-0.9999999999999787,25.99999999999998,27.000000000000046,-1.6013316687473778,23.634840871021755,19.58134582623514,12.054794520547944,88.83984867591424,10.849315068493151,15.342465753424662,8.547945205479452,44.43835616438356,34.41095890410959,80.32876712328766,99.78082191780823,39.89041095890411,10.68493150684931
2023-09-07,4.27,0.0,34.00000000000007,40.000000000000036,-0.6013316687473991,31.634840871021847,32.58134582623513,13.369863013698634,86.56513725870599,11.452054794520548,14.958904109589042,10.191780821917808,44.71232876712329,32.0,74.79452054794521,99.61643835616438,28.219178082191775,10.794520547945211
2023-09-08,4.26,-0.9999999999999787,33.00000000000001,32.00000000000003,-1.6013316687473778,30.634840871021783,24.581345826235122,14.082191780821915,86.86099524687167,13.753424657534246,14.575342465753423,8.21917808219178,45.09589041095891,27.123287671232877,78.46575342465754,99.3972602739726,39.94520547945205,10.904109589041099
2023-09-09,4.26,3.000000000000025,33.00000000000001,23.000000000000043,2.398668331252626,30.634840871021783,15.581345826235136,14.301369863013704,86.86099524687167,12.986301369863012,14.082191780821915,8.273972602739727,45.09589041095891,22.027397260273972,77.69863013698631,99.34246575342466,39.94520547945205,11.013698630136986
2023-09-10,4.26,7.000000000000028,33.00000000000001,36.00000000000003,6.39866833125263,30.634840871021783,28.581345826235122,14.958904109589042,86.86099524687167,21.36986301369863,12.657534246575338,8.32876712328767,45.09589041095891,25.47945205479452,76.93150684931507,99.28767123287672,39.94520547945205,11.178082191780831
2023-09-11,4.29,4.0000000000000036,29.999999999999982,32.00000000000003,3.3986683312526047,27.63484087102176,24.581345826235122,13.479452054794521,90.31913861674266,23.726027397260275,11.06849315068493,10.301369863013699,45.534246575342465,41.26027397260274,73.69863013698631,99.72602739726027,56.43835616438356,11.287671232876718
2023-09-12,4.27,6.00000000000005,42.000000000000085,34.00000000000007,5.398668331252651,39.63484087102186,26.581345826235165,15.232876712328775,87.0016490445242,48.49315068493151,10.575342465753423,8.547945205479452,45.369863013698634,34.41095890410959,75.3972602739726,99.5068493150685,56.43835616438356,11.397260273972591
2023-09-13,4.25,7.000000000000028,55.99999999999996,36.00000000000003,6.39866833125263,53.63484087102173,28.581345826235122,16.16438356164383,88.00077602095257,33.863013698630134,11.835616438356169,8.821917808219178,45.589041095890416,41.42465753424657,69.20547945205479,98.9041095890411,39.94520547945205,11.561643835616437
2023-09-14,4.29,8.000000000000007,44.00000000000004,33.999999999999986,7.398668331252608,41.634840871021815,26.58134582623508,14.575342465753423,89.7814348161481,28.54794520547945,16.38356164383562,8.876712328767123,45.369863013698634,46.52054794520548,70.68493150684931,99.67123287671232,39.94520547945205,11.61643835616438
2023-09-15,4.33,1.9999999999999574,38.99999999999997,11.000000000000032,1.3986683312525583,36.634840871021744,3.5813458262351254,13.150684931506845,88.90100684623296,24.493150684931507,21.972602739726028,10.246575342465754,45.64383561643835,38.082191780821915,75.23287671232876,99.83561643835617,50.84931506849315,11.726027397260282
2023-09-16,4.33,16.000000000000014,45.000000000000014,20.000000000000018,15.398668331252615,42.63484087102179,12.581345826235111,13.424657534246577,88.90100684623296,32.38356164383562,26.52054794520548,10.301369863013699,45.64383561643835,41.04109589041096,74.3013698630137,99.78082191780823,50.84931506849315,11.890410958904113
2023-09-17,4.33,11.000000000000032,45.000000000000014,12.00000000000001,10.398668331252633,42.63484087102179,4.581345826235104,13.698630136986296,88.73414825520697,23.780821917808222,30.958904109589042,10.356164383561643,45.64383561643835,49.80821917808219,73.0958904109589,99.72602739726027,50.84931506849315,12.0
2023-09-18,4.32,12.00000000000001,46.0,12.00000000000001,11.398668331252612,43.63484087102177,4.581345826235104,14.520547945205479,88.06137126418412,23.89041095890411,33.31506849315069,8.164383561643836,45.91780821917808,36.65753424657534,74.9041095890411,99.67123287671232,29.15068493150686,12.109589041095887
2023-09-19,4.37,7.000000000000028,41.000000000000014,7.000000000000028,6.39866833125263,38.63484087102179,-0.4186541737648781,12.602739726027394,87.01889243761165,30.684931506849317,33.698630136986296,8.986301369863012,45.97260273972603,35.12328767123288,78.63013698630137,99.94520547945206,29.15068493150686,12.219178082191789
2023-09-20,4.35,20.000000000000018,31.00000000000005,9.000000000000075,19.39866833125262,28.634840871021826,1.581345826235168,13.589041095890408,82.184810263628,34.849315068493155,36.65753424657534,5.7534246575342465,45.64383561643835,40.71232876712329,82.1917808219178,99.89041095890411,60.821917808219176,12.38356164383562
2023-09-21,4.49,6.99999999999994,8.999999999999986,-7.000000000000028,6.398668331252541,6.634840871021762,-14.418654173764935,8.273972602739718,75.92161533048233,15.616438356164384,36.712328767123296,12.219178082191782,46.136986301369866,36.38356164383561,91.01369863013699,99.94520547945206,60.821917808219176,12.438356164383563
2023-09-22,4.44,16.999999999999993,25.99999999999998,-3.000000000000025,16.398668331252594,23.634840871021755,-10.418654173764931,10.24657534246576,76.06777458994208,20.493150684931507,37.26027397260274,11.835616438356164,46.02739726027397,34.849315068493155,80.7123287671233,99.89041095890411,56.82191780821918,12.493150684931507
2023-09-23,4.44,14.999999999999947,18.99999999999995,-2.000000000000046,14.398668331252548,16.634840871021726,-9.418654173764953,10.63013698630138,76.06777458994208,21.643835616438356,37.97260273972603,11.890410958904111,46.02739726027397,33.15068493150685,79.72602739726028,99.83561643835617,56.82191780821918,12.712328767123296
2023-09-24,4.44,14.999999999999947,18.99999999999995,-2.000000000000046,14.398668331252548,16.634840871021726,-9.418654173764953,10.849315068493155,76.06777458994208,26.027397260273972,38.465753424657535,11.945205479452055,46.02739726027397,39.50684931506849,78.63013698630137,99.78082191780823,56.82191780821918,12.93150684931507
2023-09-25,4.55,4.0000000000000036,8.000000000000007,-8.000000000000007,3.3986683312526047,5.634840871021783,-15.418654173764914,7.013698630136986,77.49147404319818,14.849315068493151,40.38356164383562,14.95890410958904,46.02739726027397,39.23287671232877,72.6027397260274,99.94520547945206,62.082191780821915,12.986301369863014
2023-09-26,4.56,3.000000000000025,15.000000000000036,-8.999999999999986,2.398668331252626,12.634840871021812,-16.418654173764892,6.849315068493155,72.72235154008553,15.561643835616437,42.794520547945204,17.26027397260274,45.09589041095891,32.32876712328767,66.30136986301369,99.94520547945206,60.93150684931507,13.041095890410958
2023-09-27,4.61,8.000000000000007,21.999999999999975,-14.000000000000057,7.398668331252608,19.63484087102175,-21.418654173764963,6.027397260273972,73.24202890705354,12.657534246575342,44.16438356164384,16.986301369863014,45.42465753424657,39.23287671232877,65.47945205479452,99.94520547945206,51.178082191780824,13.205479452054789
2023-09-28,4.59,21.999999999999975,32.00000000000003,-20.000000000000018,21.398668331252576,29.634840871021805,-27.418654173764924,6.630136986301366,74.05619219358967,13.315068493150687,45.69863013698631,18.246575342465754,46.52054794520548,56.38356164383561,59.12328767123288,99.89041095890411,50.794520547945204,13.31506849315069
2023-09-29,4.59,14.000000000000057,39.00000000000006,-25.0,13.398668331252658,36.63484087102183,-32.41865417376491,6.739726027397268,74.21325111977197,13.26027397260274,46.41095890410959,18.356164383561644,45.75342465753425,68.10958904109589,62.410958904109584,99.83561643835617,50.73972602739726,13.424657534246577
2023-09-30,4.59,12.99999999999999,33.999999999999986,-32.00000000000003,12.39866833125259,31.634840871021762,-39.418654173764935,6.904109589041099,74.21325111977197,19.013698630136986,47.23287671232876,18.410958904109588,45.75342465753425,68.21917808219177,61.863013698630134,99.78082191780823,50.68493150684932,13.589041095890408
2023-10-01,4.59,19.00000000000004,33.999999999999986,-21.999999999999975,18.39866833125264,31.634840871021762,-29.41865417376488,7.287671232876718,73.19506590881606,14.904109589041095,47.945205479452056,18.465753424657535,48.93150684931506,61.58904109589041,61.589041095890416,99.72602739726027,50.63013698630137,15.726027397260282
2023-10-02,4.69,8.999999999999986,23.999999999999932,-47.000000000000064,8.398668331252587,21.63484087102171,-54.41865417376497,5.534246575342465,76.05514572499698,3.5616438356164384,49.698630136986296,18.73972602739726,48.93150684931506,48.32876712328767,60.986301369863014,99.94520547945206,57.31506849315068,15.780821917808225
2023-10-03,4.81,-2.999999999999936,5.000000000000071,-58.999999999999986,-3.601331668747335,2.6348408710218467,-66.41865417376489,3.3972602739726057,69.51868424235094,1.5890410958904109,37.64383561643836,21.58904109589041,49.20547945205479,53.75342465753425,50.301369863013704,99.94520547945206,51.06849315068493,15.835616438356155
2023-10-04,4.73,4.999999999999982,9.999999999999964,-51.00000000000007,4.398668331252583,7.634840871021741,-58.41865417376498,5.150684931506859,74.57975571411295,2.63013698630137,41.36986301369863,22.136986301369863,48.38356164383561,48.93150684931507,47.506849315068486,99.89041095890411,51.06849315068493,16.493150684931507
2023-10-05,4.72,-5.999999999999961,23.000000000000043,-43.99999999999995,-6.60133166874736,20.63484087102182,-51.41865417376486,5.589041095890408,73.08017898173902,1.808219178082192,41.42465753424658,22.19178082191781,48.05479452054795,42.08219178082192,41.26027397260273,99.83561643835617,51.06849315068493,17.20547945205479
2023-10-06,4.78,-20.000000000000018,8.000000000000007,-60.00000000000006,-20.601331668747417,5.634840871021783,-67.41865417376496,4.493150684931507,79.13290603458701,0.9863013698630136,42.35616438356165,22.465753424657535,48.05479452054795,52.273972602739725,43.945205479452056,99.89041095890411,65.04109589041096,17.808219178082197
2023-10-07,4.78,-8.000000000000007,5.999999999999961,-66.00000000000001,-8.601331668747406,3.6348408710217366,-73.41865417376492,4.712328767123282,79.13290603458701,0.9863013698630136,43.397260273972606,22.52054794520548,48.05479452054795,55.945205479452056,43.56164383561644,99.83561643835617,64.98630136986301,18.24657534246576
2023-10-08,4.78,-15.000000000000036,5.999999999999961,-64.00000000000006,-15.601331668747434,3.6348408710217366,-71.41865417376496,4.821917808219183,79.13290603458701,0.7671232876712328,45.47945205479452,22.575342465753426,48.05479452054795,55.28767123287671,42.63013698630137,99.78082191780823,64.98630136986301,18.739726027397268
2023-10-09,4.78,-15.000000000000036,5.999999999999961,-54.999999999999986,-15.601331668747434,3.6348408710217366,-62.41865417376489,5.205479452054789,80.94691014632967,2.0821917808219177,45.64383561643835,22.63013698630137,48.05479452054795,55.945205479452056,42.02739726027397,99.72602739726027,64.98630136986301,19.28767123287672
2023-10-10,4.66,-3.000000000000025,21.999999999999975,-42.99999999999997,-3.6013316687474237,19.63484087102175,-50.41865417376488,7.945205479452056,82.97254807110896,1.6986301369863015,41.64383561643835,22.684931506849317,48.6027397260274,49.47945205479452,44.54794520547946,99.5068493150685,60.821917808219176,19.726027397260268
2023-10-11,4.58,12.99999999999999,29.999999999999982,-34.999999999999964,12.39866833125259,27.63484087102176,-42.41865417376487,11.123287671232873,85.61494739388075,8.164383561643836,43.83561643835616,19.726027397260275,48.6027397260274,35.89041095890411,46.24657534246575,99.17808219178082,60.821917808219176,20.219178082191775
2023-10-12,4.7,12.99999999999999,6.99999999999994,-46.99999999999997,12.39866833125259,4.634840871021716,-54.41865417376488,7.06849315068493,84.04281049703712,3.232876712328767,46.3013698630137,21.424657534246574,49.09589041095891,34.630136986301366,43.56164383561644,99.56164383561644,62.082191780821915,20.602739726027394
2023-10-13,4.63,28.000000000000025,4.0000000000000036,-42.99999999999997,27.398668331252626,1.6348408710217792,-50.41865417376488,9.86301369863014,79.33244648687871,6.3561643835616435,48.21917808219178,19.78082191780822,49.09589041095891,21.47945205479452,45.04109589041095,99.3972602739726,62.082191780821915,20.93150684931507
2023-10-14,4.63,35.00000000000006,-5.999999999999961,-58.999999999999986,34.39866833125266,-8.365159128978185,-66.41865417376489,10.24657534246576,79.33244648687871,6.410958904109589,50.02739726027397,19.835616438356166,49.09589041095891,21.53424657534247,44.71232876712329,99.34246575342466,62.082191780821915,21.753424657534254
2023-10-15,4.63,29.999999999999982,-5.999999999999961,-71.0,29.398668331252583,-8.365159128978185,-78.4186541737649,10.68493150684931,79.33244648687871,9.095890410958903,51.726027397260275,19.89041095890411,49.09589041095891,19.89041095890411,44.49315068493151,99.28767123287672,62.082191780821915,23.506849315068493
2023-10-16,4.71,21.999999999999975,-13.999999999999968,-79.99999999999999,21.398668331252576,-16.365159128978192,-87.41865417376489,7.671232876712324,83.42604909904462,5.26027397260274,53.58904109589041,21.315068493150687,50.301369863013704,25.095890410958905,40.54794520547945,99.56164383561644,60.821917808219176,23.83561643835617
2023-10-17,4.83,9.999999999999964,-16.000000000000014,-92.0,9.398668331252566,-18.365159128978238,-99.4186541737649,5.4246575342465775,82.24694642641191,3.3424657534246576,55.83561643835617,21.58904109589041,52.21917808219178,25.753424657534246,48.986301369863014,99.94520547945206,62.13698630136986,25.534246575342465
2023-10-18,4.91,-4.999999999999982,-33.00000000000001,-100.0,-5.601331668747381,-35.365159128978235,-107.4186541737649,3.7808219178082254,77.03470794533801,1.5890410958904109,57.47945205479452,23.34246575342466,52.93150684931507,24.602739726027398,52.71232876712329,99.94520547945206,62.13698630136986,26.684931506849324
2023-10-19,4.98,-15.000000000000036,-49.00000000000002,-103.00000000000003,-15.601331668747434,-51.36515912897825,-110.41865417376493,2.465753424657535,73.76345386382876,0.4931506849315068,58.849315068493155,25.424657534246574,53.150684931506845,22.684931506849317,42.68493150684931,99.94520547945206,60.821917808219176,27.671232876712324
2023-10-20,4.93,2.000000000000046,-30.99999999999996,-99.99999999999996,1.3986683312526471,-33.365159128978185,-107.41865417376486,3.835616438356155,68.2972548071109,0.7123287671232876,60.43835616438356,25.47945205479452,53.0958904109589,17.095890410958905,29.0958904109589,99.89041095890411,39.61643835616439,28.493150684931507
2023-10-21,4.93,-6.99999999999994,-31.99999999999994,-106.99999999999999,-7.6013316687473385,-34.36515912897816,-114.41865417376489,4.219178082191775,68.2972548071109,0.9315068493150684,62.68493150684932,25.53424657534247,53.0958904109589,11.726027397260275,29.041095890410958,99.83561643835617,39.61643835616439,29.534246575342465
2023-10-22,4.93,-8.999999999999986,-31.99999999999994,-103.99999999999996,-9.601331668747385,-34.36515912897816,-111.41865417376486,4.493150684931507,68.2972548071109,0.821917808219178,64.32876712328766,25.589041095890412,53.0958904109589,11.397260273972602,28.821917808219183,99.78082191780823,39.61643835616439,30.68493150684931
2023-10-23,4.86,-2.000000000000046,-25.0,-96.00000000000004,-2.601331668747445,-27.365159128978224,-103.41865417376495,6.410958904109592,69.45821743862619,1.5890410958904109,66.30136986301369,25.205479452054796,52.21917808219178,13.36986301369863,33.369863013698634,99.67123287671232,56.76712328767123,31.890410958904113
2023-10-24,4.83,0.9999999999999787,-20.000000000000018,-93.00000000000001,0.3986683312525796,-22.36515912897824,-100.41865417376492,6.739726027397268,72.71133147901801,4.10958904109589,69.64383561643835,25.260273972602736,51.50684931506849,15.123287671232877,35.06849315068493,99.56164383561644,39.61643835616439,32.93150684931507
2023-10-25,4.95,-7.000000000000028,-50.99999999999998,-105.00000000000003,-7.601331668747427,-53.365159128978206,-112.41865417376493,4.602739726027394,63.80457129036159,1.8630136986301369,71.01369863013699,25.753424657534246,52.93150684931507,14.136986301369864,37.26027397260274,99.89041095890411,56.82191780821918,33.86301369863014
2023-10-26,4.86,1.9999999999999574,-33.00000000000001,-96.00000000000004,1.3986683312525583,-35.365159128978235,-103.41865417376495,6.68493150684931,56.92949570685693,3.7260273972602738,73.58904109589041,25.589041095890412,52.54794520547945,13.150684931506849,40.43835616438356,99.56164383561644,50.73972602739726,35.12328767123287
2023-10-27,4.84,-7.000000000000028,-38.99999999999997,-94.99999999999997,-7.601331668747427,-41.3651591289782,-102.41865417376488,7.452054794520549,58.652799613012455,2.7945205479452055,76.6027397260274,25.643835616438356,52.54794520547945,18.08219178082192,27.890410958904113,99.5068493150685,50.73972602739726,36.65753424657534
2023-10-28,4.84,-16.999999999999993,-39.99999999999994,-104.99999999999999,-17.60133166874739,-42.36515912897817,-112.41865417376489,7.671232876712324,58.652799613012455,2.191780821917808,79.61643835616438,25.6986301369863,52.54794520547945,21.15068493150685,27.780821917808225,99.45205479452055,50.73972602739726,38.136986301369866
2023-10-29,4.84,-26.999999999999957,-39.99999999999994,-100.0,-27.601331668747356,-42.36515912897817,-107.4186541737649,7.890410958904113,58.652799613012455,3.0684931506849313,82.46575342465754,25.753424657534246,52.54794520547945,23.068493150684933,27.61643835616438,99.3972602739726,50.73972602739726,40.273972602739725
2023-10-30,4.88,-30.99999999999996,-43.99999999999995,-100.0,-31.60133166874736,-46.36515912897818,-107.4186541737649,7.123287671232887,62.31104123836014,2.0821917808219177,83.45205479452055,25.808219178082194,53.31506849315068,22.84931506849315,30.41095890410959,99.61643835616438,57.04109589041096,41.31506849315068
2023-10-31,4.88,-30.99999999999996,-46.0,-100.0,-31.60133166874736,-48.36515912897823,-107.4186541737649,7.452054794520549,64.09481194824042,6.136986301369863,85.0958904109589,24.93150684931507,52.54794520547945,27.123287671232877,32.10958904109589,99.56164383561644,23.013698630136986,43.78082191780822
2023-11-01,4.77,-9.999999999999964,-35.99999999999994,-88.99999999999997,-10.601331668747363,-38.36515912897817,-96.41865417376488,11.835616438356169,70.24428588704801,8.383561643835616,84.27397260273973,25.36986301369863,54.24657534246575,30.575342465753426,23.506849315068493,98.84931506849315,23.890410958904113,41.47945205479452
2023-11-02,4.67,-8.999999999999986,-25.0,-79.0,-9.601331668747385,-27.365159128978224,-86.4186541737649,16.93150684931507,76.37561978473818,16.43835616438356,84.98630136986301,22.63013698630137,54.08219178082192,31.561643835616437,33.31506849315069,98.52054794520548,17.972602739726028,43.945205479452056
2023-11-03,4.57,-8.000000000000007,-15.000000000000036,-62.000000000000014,-8.601331668747406,-17.36515912897826,-69.41865417376492,23.28767123287672,80.74736969403797,18.136986301369863,85.47945205479452,23.616438356164384,54.08219178082192,31.232876712328768,30.191780821917817,97.91780821917808,16.0,44.16438356164384
2023-11-04,4.57,4.999999999999982,-10.000000000000053,-66.00000000000001,4.398668331252583,-12.365159128978277,-73.41865417376492,24.0,80.74736969403797,34.90410958904109,85.86301369863014,23.671232876712327,54.08219178082192,30.958904109589042,30.082191780821915,97.86301369863014,16.0,44.32876712328767
2023-11-05,4.57,4.0000000000000036,-10.000000000000053,-58.00000000000001,3.3986683312526047,-12.365159128978277,-65.4186541737649,24.602739726027394,80.74736969403797,37.26027397260274,85.47945205479452,23.726027397260275,54.08219178082192,29.972602739726028,30.13698630136986,97.8082191780822,16.0,44.49315068493151
2023-11-06,4.67,-5.999999999999961,-20.000000000000018,-62.000000000000014,-6.60133166874736,-22.36515912897824,-69.41865417376492,18.356164383561648,82.04740597412021,35.013698630136986,85.91780821917808,23.780821917808222,54.52054794520548,28.986301369863014,33.26027397260273,98.46575342465754,19.671232876712324,44.657534246575345
2023-11-07,4.58,3.000000000000025,-19.00000000000004,-53.00000000000003,2.398668331252626,-21.365159128978263,-60.418654173764935,24.876712328767127,85.47587374531382,45.534246575342465,87.56164383561644,22.356164383561644,54.08219178082192,19.506849315068493,35.61643835616438,97.86301369863014,18.52054794520548,44.767123287671225
2023-11-08,4.49,13.999999999999968,-15.000000000000036,-44.00000000000004,13.39866833125257,-17.36515912897826,-51.41865417376495,37.369863013698634,85.77216108356512,64.43835616438356,88.93150684931507,18.575342465753426,53.58904109589041,14.246575342465754,33.2054794520548,97.47945205479452,18.52054794520548,44.93150684931507
2023-11-09,4.62,-17.99999999999997,-35.00000000000006,-61.00000000000003,-18.60133166874737,-37.365159128978284,-68.41865417376493,22.13698630136986,82.6157939291329,41.150684931506845,89.53424657534246,20.0,53.47945205479452,12.931506849315069,35.89041095890411,98.1917808219178,16.0,45.09589041095891
2023-11-10,4.61,-8.000000000000007,-24.00000000000002,-59.00000000000007,-8.601331668747406,-26.365159128978245,-66.41865417376498,23.17808219178083,90.84532591607207,45.97260273972603,90.08219178082192,18.84931506849315,53.26027397260274,13.479452054794521,45.09589041095891,98.08219178082192,14.301369863013704,45.26027397260274
2023-11-11,4.61,-16.000000000000014,-39.00000000000006,-57.00000000000003,-16.601331668747413,-41.365159128978284,-64.41865417376493,23.506849315068493,90.84532591607207,64.43835616438356,90.52054794520548,18.904109589041095,53.26027397260274,17.863013698630137,44.986301369863014,98.02739726027397,14.301369863013704,45.47945205479452
2023-11-12,4.61,-16.999999999999993,-39.00000000000006,-63.000000000000036,-17.60133166874739,-41.365159128978284,-70.41865417376493,23.945205479452056,90.84532591607207,78.52054794520548,90.1917808219178,18.958904109589042,53.26027397260274,18.301369863013697,44.82191780821918,97.97260273972603,14.301369863013704,45.80821917808219
2023-11-13,4.63,-18.99999999999995,-41.000000000000014,-67.0,-19.60133166874735,-43.36515912897824,-74.4186541737649,22.68493150684931,89.6541298826944,70.35616438356165,90.35616438356165,21.26027397260274,53.205479452054796,24.767123287671232,48.21917808219178,98.1917808219178,18.739726027397268,46.082191780821915
2023-11-14,4.44,0.0,-16.000000000000014,-48.00000000000004,-0.6013316687473991,-18.365159128978238,-55.41865417376495,46.46575342465753,97.7022614584593,82.24657534246576,91.12328767123287,22.082191780821915,51.50684931506849,26.84931506849315,35.06849315068493,96.98630136986301,14.301369863013704,46.35616438356165
2023-11-15,4.53,-11.000000000000032,-35.00000000000006,-57.00000000000003,-11.60133166874743,-37.365159128978284,-64.41865417376493,36.76712328767123,97.93203531261338,81.42465753424658,91.23287671232876,21.80821917808219,53.26027397260274,25.6986301369863,44.43835616438356,97.26027397260275,14.301369863013704,46.57534246575342
2023-11-16,4.45,-4.0000000000000036,-33.00000000000001,-49.00000000000002,-4.601331668747402,-35.365159128978235,-56.41865417376493,46.68493150684932,98.13157576490507,87.34246575342466,90.57534246575342,21.698630136986303,50.9041095890411,20.328767123287673,41.53424657534247,97.0958904109589,13.31506849315069,46.84931506849315
2023-11-17,4.44,-2.000000000000046,-30.00000000000007,-37.000000000000014,-2.601331668747445,-32.3651591289783,-44.41865417376492,48.16438356164383,98.08924900229773,90.52054794520548,89.53424657534246,18.63013698630137,51.56164383561644,23.232876712328768,49.64383561643836,96.82191780821918,13.31506849315069,47.01369863013699
2023-11-18,4.44,-2.000000000000046,-20.999999999999996,-34.00000000000007,-2.601331668747445,-23.36515912897822,-41.41865417376498,48.71232876712329,98.08924900229773,80.10958904109589,88.54794520547945,18.684931506849313,51.56164383561644,25.808219178082194,49.534246575342465,96.76712328767124,13.31506849315069,47.23287671232876
2023-11-19,4.44,2.999999999999936,-20.999999999999996,-30.00000000000007,2.398668331252537,-23.36515912897822,-37.41865417376498,49.534246575342465,98.04600544150384,80.27397260273973,85.97260273972603,18.73972602739726,51.56164383561644,29.534246575342465,49.26027397260274,96.71232876712328,13.31506849315069,47.397260273972606
2023-11-20,4.42,4.999999999999982,-18.99999999999995,-26.999999999999957,4.398668331252583,-21.365159128978174,-34.418654173764864,52.76712328767123,100.0,73.20547945205479,84.27397260273973,18.027397260273972,52.821917808219176,47.89041095890411,53.42465753424658,96.65753424657534,19.06849315068493,47.726027397260275
2023-11-21,4.41,5.999999999999961,-17.99999999999997,-25.99999999999998,5.398668331252562,-20.365159128978195,-33.418654173764885,54.465753424657535,97.49267339628786,85.04109589041096,83.01369863013699,18.356164383561644,50.19178082191781,42.57534246575342,50.68493150684932,96.6027397260274,18.68493150684931,47.945205479452056
2023-11-22,4.42,-3.000000000000025,-21.999999999999975,-26.999999999999957,-3.6013316687474237,-24.3651591289782,-34.418654173764864,54.02739726027397,98.93677750820608,79.23287671232877,82.08219178082192,18.08219178082192,50.35616438356164,62.57534246575342,64.7123287671233,96.6027397260274,19.123287671232873,48.10958904109589
2023-11-23,4.42,-8.000000000000007,-37.999999999999986,-30.99999999999996,-8.601331668747406,-40.36515912897821,-38.418654173764864,54.3013698630137,99.31268517591467,79.23287671232877,82.1917808219178,18.136986301369863,50.35616438356164,64.4931506849315,64.43835616438355,96.54794520547945,19.123287671232873,48.328767123287676
2023-11-24,4.47,-20.000000000000018,-54.999999999999986,-33.00000000000001,-20.601331668747417,-57.36515912897821,-40.418654173764914,48.6027397260274,98.12420329260046,73.31506849315068,81.91780821917808,18.52054794520548,50.35616438356164,64.16438356164383,62.13698630136986,97.0958904109589,19.123287671232873,48.49315068493151
2023-11-25,4.47,-9.999999999999964,-55.99999999999996,-29.000000000000004,-10.601331668747363,-58.365159128978185,-36.41865417376491,49.47945205479453,98.12420329260046,80.4931506849315,81.58904109589041,18.575342465753426,50.35616438356164,60.54794520547945,61.863013698630134,97.04109589041096,19.123287671232873,48.71232876712329
2023-11-26,4.47,-25.0,-55.99999999999996,-33.00000000000001,-25.6013316687474,-58.365159128978185,-40.418654173764914,49.97260273972602,98.07239552678045,84.93150684931507,81.0958904109589,18.63013698630137,50.35616438356164,63.3972602739726,61.589041095890416,96.98630136986301,19.123287671232873,48.76712328767123
2023-11-27,4.39,-16.999999999999993,-47.99999999999996,-23.999999999999932,-17.60133166874739,-50.365159128978185,-31.41865417376484,58.630136986301366,97.69936381121468,94.84931506849314,80.93150684931507,18.684931506849313,48.76712328767123,64.0,63.28767123287671,96.27397260273973,19.123287671232873,48.87671232876713
2023-11-28,4.34,-12.00000000000001,-38.99999999999997,-18.99999999999995,-12.60133166874741,-41.3651591289782,-26.418654173764857,65.91780821917808,98.86077822163043,96.21917808219177,80.93150684931507,21.53424657534247,49.15068493150685,64.38356164383562,53.80821917808219,96.0,16.493150684931507,48.93150684931506
2023-11-29,4.27,1.0000000000000675,-33.99999999999994,-11.999999999999922,0.39866833125266843,-36.36515912897817,-19.41865417376483,73.58904109589041,98.12909958258795,96.93150684931507,82.13698630136986,22.575342465753426,48.76712328767123,74.35616438356163,61.31506849315069,95.28767123287672,16.38356164383562,48.986301369863014
2023-11-30,4.37,-19.00000000000004,-51.00000000000002,-29.000000000000004,-19.601331668747438,-53.36515912897825,-36.41865417376491,62.082191780821915,96.9886702444842,95.61643835616438,83.06849315068493,22.794520547945204,49.753424657534254,82.13698630136986,73.75342465753424,96.16438356164383,12.109589041095887,49.15068493150685
2023-12-01,4.22,-9.999999999999964,-32.999999999999964,-16.000000000000014,-10.601331668747363,-35.36515912897819,-23.41865417376492,80.87671232876713,98.12909958258795,97.53424657534246,83.45205479452055,23.397260273972602,46.68493150684932,84.6027397260274,62.57534246575342,94.41095890410959,9.095890410958901,20.328767123287676
2023-12-02,4.22,-8.000000000000007,-31.999999999999986,-22.999999999999954,-8.601331668747406,-34.36515912897821,-30.41865417376486,81.0958904109589,98.12909958258795,95.8904109589041,84.0,23.45205479452055,46.68493150684932,79.23287671232877,62.465753424657535,94.35616438356165,9.095890410958901,20.493150684931507
2023-12-03,4.22,1.0000000000000675,-31.999999999999986,-34.999999999999964,0.39866833125266843,-34.36515912897821,-42.41865417376487,81.31506849315069,98.12909958258795,95.01369863013699,84.32876712328768,23.506849315068493,46.68493150684932,72.65753424657534,62.410958904109584,94.3013698630137,9.095890410958901,20.712328767123296
2023-12-04,4.28,-4.999999999999982,-38.000000000000036,-25.0,-5.601331668747381,-40.36515912897826,-32.41865417376491,73.47945205479452,93.51520572450805,96.6027397260274,85.86301369863014,23.013698630136986,46.68493150684932,80.6027397260274,72.87671232876713,95.3972602739726,10.520547945205479,20.93150684931507
2023-12-05,4.18,5.000000000000071,-27.99999999999998,-14.999999999999947,4.398668331252672,-30.365159128978203,-22.418654173764853,85.42465753424658,94.57583155324993,97.64383561643835,88.76712328767124,21.58904109589041,46.68493150684932,76.82191780821917,77.42465753424658,93.53424657534246,12.328767123287676,21.0958904109589
2023-12-06,4.12,11.000000000000032,-23.0,-8.999999999999986,10.398668331252633,-25.365159128978224,-16.418654173764892,89.97260273972603,91.72261214525481,99.12328767123287,90.79452054794521,17.80821917808219,46.68493150684932,49.534246575342465,81.91780821917808,92.82191780821918,13.643835616438366,21.260273972602732
2023-12-07,4.14,6.00000000000005,-34.999999999999964,3.000000000000025,5.398668331252651,-37.36515912897819,-4.418654173764882,88.93150684931507,98.5428745804089,98.79452054794521,92.21917808219177,19.013698630136986,46.73972602739725,63.013698630136986,81.53424657534246,92.98630136986301,12.328767123287676,21.47945205479452
2023-12-08,4.23,-19.00000000000004,-39.00000000000006,-14.000000000000057,-19.601331668747438,-41.365159128978284,-21.418654173764963,80.4931506849315,100.0,98.35616438356163,93.20547945205479,17.863013698630137,46.84931506849315,79.17808219178082,85.0958904109589,94.41095890410959,12.328767123287676,21.643835616438352
2023-12-09,4.23,-31.00000000000005,-35.00000000000006,-14.000000000000057,-31.60133166874745,-37.365159128978284,-21.418654173764963,80.54794520547945,100.0,98.63013698630137,94.08219178082192,17.917808219178085,46.84931506849315,78.9041095890411,84.6027397260274,94.35616438356165,12.328767123287676,22.356164383561634
2023-12-10,4.23,-32.00000000000003,-35.00000000000006,-8.000000000000007,-32.60133166874743,-37.365159128978284,-15.418654173764914,80.65753424657535,100.0,98.84931506849315,94.73972602739725,17.972602739726025,46.84931506849315,77.20547945205479,84.0,94.3013698630137,12.328767123287676,23.23287671232876
2023-12-11,4.23,-32.00000000000003,-35.00000000000006,-6.00000000000005,-32.60133166874743,-37.365159128978284,-13.418654173764956,80.93150684931507,100.0,96.27397260273972,95.34246575342466,18.027397260273972,46.84931506849315,74.63013698630137,83.61643835616438,94.24657534246575,15.123287671232873,23.945205479452056
2023-12-12,4.2,-29.000000000000004,-32.00000000000003,-3.000000000000025,-29.601331668747402,-34.365159128978256,-10.418654173764931,84.16438356164383,100.0,94.52054794520548,95.78082191780823,15.342465753424658,46.73972602739725,73.97260273972603,85.26027397260273,93.64383561643835,19.45205479452055,24.21917808219179
2023-12-13,4.04,-8.999999999999986,-8.999999999999986,12.99999999999999,-9.601331668747385,-11.36515912897821,5.581345826235083,93.20547945205479,100.0,95.67123287671234,95.23287671232876,20.328767123287673,46.73972602739725,72.82191780821918,82.35616438356165,91.45205479452055,14.904109589041099,24.328767123287676
2023-12-14,3.92,1.000000000000023,-0.9999999999999787,25.0,0.398668331252624,-3.365159128978203,17.581345826235093,95.23287671232876,99.40733834987014,98.73972602739725,94.79452054794521,19.068493150684933,47.23287671232876,75.2876712328767,89.04109589041096,89.36986301369863,13.863013698630127,24.493150684931507
2023-12-15,3.91,-5.000000000000027,8.000000000000007,39.99999999999994,-5.6013316687474255,5.634840871021783,32.58134582623504,95.45205479452055,99.10715772124925,98.79452054794521,93.91780821917808,15.397260273972602,47.23287671232876,77.20547945205479,88.6027397260274,89.20547945205479,12.328767123287676,24.76712328767124
2023-12-16,3.91,-2.0000000000000018,13.999999999999968,35.99999999999994,-2.6013316687474006,11.634840871021744,28.581345826235037,95.34246575342466,99.10715772124925,99.17808219178083,92.0,15.452054794520548,47.23287671232876,68.16438356164383,88.43835616438356,89.15068493150685,12.328767123287676,25.424657534246577
2023-12-17,3.91,-1.000000000000023,13.999999999999968,33.00000000000001,-1.6013316687474222,11.634840871021744,25.5813458262351,95.23287671232876,99.10715772124925,98.3013698630137,90.95890410958904,15.506849315068493,47.23287671232876,70.46575342465754,87.89041095890411,89.0958904109589,12.328767123287676,26.082191780821915
2023-12-18,3.95,-5.000000000000027,9.999999999999964,34.999999999999964,-5.6013316687474255,7.634840871021741,27.581345826235058,94.57534246575342,100.0,94.68493150684931,89.42465753424658,18.301369863013697,47.01369863013699,63.50684931506849,86.24657534246575,89.64383561643835,15.397260273972606,26.79452054794521
2023-12-19,3.93,-3.000000000000025,7.999999999999963,36.999999999999964,-3.6013316687474237,5.634840871021739,29.581345826235058,94.84931506849315,100.0,98.41095890410959,80.82191780821918,17.972602739726025,46.95890410958904,71.83561643835617,87.23287671232876,89.42465753424658,14.027397260273972,27.232876712328775
2023-12-20,3.86,4.0000000000000036,15.99999999999997,43.99999999999999,3.3986683312526047,13.634840871021746,36.581345826235086,96.16438356164383,93.9064910407025,98.41095890410959,79.34246575342466,18.027397260273972,46.95890410958904,73.42465753424658,73.47945205479452,87.94520547945206,15.123287671232873,27.671232876712324
2023-12-21,3.89,0.0,14.999999999999991,40.99999999999997,-0.6013316687473991,12.634840871021767,33.581345826235065,95.56164383561644,98.42173964637475,97.53424657534246,72.71232876712328,19.78082191780822,46.95890410958904,73.0958904109589,69.86301369863014,88.71232876712328,11.726027397260282,28.0
2023-12-22,3.9,-10.999999999999988,8.000000000000007,36.999999999999964,-11.601331668747386,5.634840871021783,29.581345826235058,94.9041095890411,98.97947074878367,96.7123287671233,66.63013698630137,21.91780821917808,46.95890410958904,63.671232876712324,66.95890410958904,88.93150684931507,12.38356164383562,28.438356164383563
2023-12-23,3.9,-6.000000000000005,6.000000000000005,42.000000000000036,-6.601331668747404,3.634840871021781,34.58134582623513,94.84931506849315,98.97947074878367,97.04109589041096,56.109589041095894,21.972602739726028,46.95890410958904,51.78082191780822,66.1917808219178,88.87671232876713,12.38356164383562,28.821917808219183
2023-12-24,3.9,-2.0000000000000018,6.000000000000005,43.000000000000014,-2.6013316687474006,3.634840871021781,35.58134582623511,94.73972602739725,98.97947074878367,94.35616438356165,56.109589041095894,22.027397260273972,46.95890410958904,53.97260273972603,65.53424657534246,88.82191780821918,12.38356164383562,29.0958904109589
2023-12-25,3.9,-2.0000000000000018,6.000000000000005,35.999999999999986,-2.6013316687474006,3.634840871021781,28.58134582623508,94.68493150684931,98.97947074878367,96.0,55.945205479452056,22.082191780821915,46.95890410958904,46.465753424657535,64.98630136986301,88.76712328767124,12.38356164383562,29.424657534246577
2023-12-26,3.89,-1.000000000000023,6.999999999999984,36.999999999999964,-1.6013316687474222,4.63484087102176,29.581345826235058,94.84931506849315,100.0,94.79452054794521,54.630136986301366,23.89041095890411,46.95890410958904,57.42465753424657,67.61643835616438,88.43835616438356,11.23287671232876,29.75342465753424
2023-12-27,3.79,8.999999999999986,28.000000000000025,46.99999999999997,8.398668331252587,25.6348408710218,39.581345826235065,97.0958904109589,100.0,96.6027397260274,54.57534246575342,21.698630136986303,46.73972602739725,50.136986301369866,67.2876712328767,85.20547945205479,9.479452054794521,30.191780821917817
2023-12-28,3.84,11.000000000000032,25.99999999999998,44.00000000000004,10.398668331252633,23.634840871021755,36.581345826235136,95.89041095890411,99.47139122857973,95.3972602739726,54.52054794520548,20.82191780821918,46.794520547945204,47.45205479452055,72.43835616438356,87.17808219178082,9.260273972602732,30.68493150684931
2023-12-29,3.88,3.000000000000025,25.99999999999998,42.99999999999997,2.398668331252626,23.634840871021755,35.581345826235065,94.73972602739725,97.91460935230903,94.08219178082192,54.73972602739726,24.383561643835616,46.794520547945204,45.47945205479452,74.95890410958904,87.94520547945206,8.0,31.06849315068493
2023-12-30,3.88,11.000000000000032,27.000000000000046,38.99999999999997,10.398668331252633,24.634840871021822,31.581345826235065,94.52054794520548,97.91460935230903,93.8082191780822,54.73972602739726,24.438356164383563,46.794520547945204,32.93150684931507,74.63013698630137,87.89041095890411,7.945205479452056,31.506849315068493
2023-12-31,3.88,16.999999999999993,27.000000000000046,37.000000000000014,16.398668331252594,24.634840871021822,29.581345826235108,94.41095890410959,97.91460935230903,93.86301369863014,52.0,24.493150684931507,46.794520547945204,37.75342465753425,74.1917808219178,87.83561643835617,7.890410958904113,31.945205479452056
2024-01-01,3.88,16.999999999999993,27.000000000000046,31.00000000000005,16.398668331252594,24.634840871021822,23.581345826235143,94.35616438356165,97.91460935230903,93.42465753424658,56.43835616438356,24.54794520547945,50.410958904109584,43.17808219178082,73.64383561643837,87.78082191780823,7.835616438356169,86.02739726027397
2024-01-02,3.95,9.999999999999964,16.000000000000014,24.00000000000002,9.398668331252566,13.63484087102179,16.581345826235115,93.31506849315069,90.6934090640161,93.04109589041096,56.16438356164384,23.671232876712327,52.328767123287676,38.63013698630137,69.8082191780822,89.58904109589041,7.671232876712324,85.86301369863014
2024-01-03,3.91,9.999999999999964,22.999999999999954,28.000000000000025,9.398668331252566,20.63484087102173,20.58134582623512,93.6986301369863,85.86435680058976,94.24657534246576,55.28767123287671,20.876712328767123,52.16438356164383,45.42465753424658,59.28767123287671,88.87671232876713,9.589041095890423,85.6986301369863
2024-01-04,3.99,2.999999999999936,18.99999999999995,22.999999999999954,2.398668331252537,16.634840871021726,15.581345826235047,91.78082191780823,83.57906376704754,93.0958904109589,53.863013698630134,23.28767123287671,53.205479452054796,39.67123287671233,60.821917808219176,90.63013698630137,12.493150684931507,85.47945205479452
2024-01-05,4.05,-0.9999999999999787,8.999999999999986,8.000000000000007,-1.6013316687473778,6.634840871021762,0.5813458262351006,89.8082191780822,83.95380267846173,91.83561643835615,51.56164383561644,24.767123287671232,53.205479452054796,34.794520547945204,60.54794520547945,91.5068493150685,15.342465753424662,85.26027397260273
2024-01-06,4.05,-6.999999999999984,10.000000000000053,6.00000000000005,-7.601331668747383,7.634840871021829,-1.4186541737648568,89.75342465753425,83.95380267846173,84.98630136986301,48.821917808219176,24.82191780821918,53.205479452054796,41.97260273972603,60.32876712328767,91.45205479452055,15.342465753424662,85.04109589041096
2024-01-07,4.05,-8.999999999999986,10.000000000000053,4.0000000000000036,-9.601331668747385,7.634840871021829,-3.418654173764903,89.6986301369863,83.95380267846173,84.7123287671233,46.3013698630137,24.876712328767123,53.205479452054796,44.82191780821918,60.0,91.3972602739726,15.342465753424662,84.76712328767124
2024-01-08,4.01,-4.999999999999982,14.000000000000057,8.000000000000007,-5.601331668747381,11.634840871021833,0.5813458262351006,90.79452054794521,92.39464307654504,84.27397260273972,46.1917808219178,24.93150684931507,53.205479452054796,56.87671232876712,59.56164383561644,90.73972602739727,17.643835616438352,84.4931506849315
2024-01-09,4.02,-5.999999999999961,6.00000000000005,7.000000000000028,-6.60133166874736,3.6348408710218254,-0.4186541737648781,90.24657534246575,93.0458287258877,86.46575342465754,42.794520547945204,25.260273972602736,53.205479452054796,36.71232876712329,64.43835616438355,90.95890410958904,15.342465753424662,84.27397260273973
2024-01-10,4.04,-8.000000000000007,1.9999999999999574,4.999999999999982,-8.601331668747406,-0.36515912897826697,-2.4186541737649243,89.75342465753425,95.87172871360117,77.58904109589041,40.93150684931507,25.863013698630137,53.205479452054796,40.49315068493151,75.56164383561644,91.23287671232876,14.246575342465746,84.05479452054794
2024-01-11,3.98,9.00000000000003,1.000000000000023,11.999999999999966,8.398668331252631,-1.3651591289782012,4.58134582623506,91.67123287671232,96.1803299987008,78.84931506849315,43.67123287671233,27.013698630136986,53.205479452054796,41.917808219178085,63.397260273972606,90.13698630136986,14.246575342465746,83.89041095890411
2024-01-12,3.96,13.999999999999968,-8.999999999999986,20.000000000000018,13.39866833125257,-11.36515912897821,12.581345826235111,92.4931506849315,96.2582824477069,77.20547945205479,42.19178082191781,29.424657534246574,56.54794520547945,30.46575342465753,60.43835616438356,89.47945205479452,11.835616438356169,83.61643835616438
2024-01-13,3.96,17.99999999999997,7.000000000000028,23.000000000000043,17.398668331252573,4.6348408710218045,15.581345826235136,92.21917808219177,96.2582824477069,78.57534246575342,41.15068493150685,29.47945205479452,56.54794520547945,29.91780821917808,60.16438356164384,89.42465753424658,11.835616438356169,83.45205479452055
2024-01-14,3.96,19.00000000000004,7.000000000000028,33.00000000000001,18.39866833125264,4.6348408710218045,25.5813458262351,92.10958904109589,96.2582824477069,66.73972602739727,39.89041095890411,29.534246575342465,56.54794520547945,33.205479452054796,59.89041095890411,89.36986301369863,11.835616438356169,83.34246575342466
2024-01-15,3.96,19.00000000000004,7.000000000000028,34.999999999999964,18.39866833125264,4.6348408710218045,27.581345826235058,92.0,96.2582824477069,53.42465753424658,38.35616438356164,29.589041095890412,56.54794520547945,46.19178082191781,59.45205479452055,89.31506849315069,11.835616438356169,83.2876712328767
2024-01-16,4.07,8.000000000000007,9.999999999999964,23.999999999999932,7.398668331252608,7.634840871021741,16.581345826235026,87.23287671232876,96.05192359429647,42.3013698630137,34.84931506849314,30.082191780821915,57.36986301369863,45.04109589041096,57.0958904109589,91.94520547945206,10.958904109589042,83.12328767123287
2024-01-17,4.1,1.0000000000000675,-0.9999999999999787,20.999999999999996,0.39866833125266843,-3.365159128978203,13.58134582623509,85.20547945205479,93.4490180252892,49.64383561643836,36.05479452054795,27.671232876712327,57.36986301369863,32.0,61.15068493150685,92.27397260273973,12.76712328767124,83.06849315068493
2024-01-18,4.14,0.0,-4.999999999999982,20.000000000000018,-0.6013316687473991,-7.365159128978206,12.581345826235111,81.53424657534246,99.91256389561475,39.178082191780824,37.80821917808219,28.493150684931507,57.80821917808219,31.123287671232873,63.61643835616439,92.65753424657534,11.890410958904113,82.95890410958904
2024-01-19,4.15,2.999999999999936,0.0,14.999999999999947,2.398668331252537,-2.3651591289782243,7.58134582623504,80.0,100.0,42.794520547945204,42.35616438356165,27.72602739726027,57.80821917808219,32.986301369863014,72.0,92.87671232876713,11.890410958904113,82.84931506849315
2024-01-20,4.15,-1.0000000000000675,1.9999999999999574,11.999999999999922,-1.6013316687474666,-0.36515912897826697,4.581345826235015,79.78082191780823,100.0,45.42465753424658,48.273972602739725,27.78082191780822,57.80821917808219,33.09589041095891,71.5068493150685,92.82191780821918,11.890410958904113,82.73972602739727
2024-01-21,4.15,0.0,1.9999999999999574,11.999999999999922,-0.6013316687473991,-0.36515912897826697,4.581345826235015,79.72602739726028,100.0,42.35616438356165,49.753424657534254,27.835616438356166,57.80821917808219,32.32876712328767,70.84931506849315,92.76712328767124,11.890410958904113,82.68493150684932
2024-01-22,4.11,4.0000000000000036,5.999999999999961,10.999999999999943,3.3986683312526047,3.6348408710217366,3.5813458262350366,83.67123287671232,100.0,32.71232876712329,48.328767123287676,27.452054794520546,57.64383561643835,32.273972602739725,70.46575342465754,92.21917808219177,11.890410958904113,82.57534246575342
2024-01-23,4.14,1.0000000000000675,3.000000000000025,8.000000000000007,0.39866833125266843,0.6348408710218005,0.5813458262351006,80.6027397260274,100.0,13.698630136986301,48.71232876712329,30.082191780821915,57.31506849315068,33.42465753424658,61.589041095890416,92.43835616438356,11.342465753424662,82.46575342465754
2024-01-24,4.18,-9.999999999999964,12.99999999999999,4.0000000000000036,-10.601331668747363,10.634840871021765,-3.418654173764903,74.35616438356165,100.0,10.52054794520548,50.02739726027397,30.136986301369863,57.42465753424658,49.15068493150685,64.32876712328766,93.20547945205479,11.342465753424662,82.35616438356165
2024-01-25,4.14,-8.000000000000007,12.99999999999999,11.000000000000032,-8.601331668747406,10.634840871021765,3.5813458262351254,79.72602739726028,100.0,12.054794520547945,50.02739726027397,30.739726027397264,57.31506849315068,44.657534246575345,67.06849315068493,92.32876712328768,10.739726027397253,82.30136986301369
2024-01-26,4.15,-16.000000000000014,8.999999999999986,8.999999999999986,-16.601331668747413,6.634840871021762,1.5813458262350792,77.8082191780822,97.30187613729058,11.78082191780822,56.43835616438356,29.589041095890412,57.47945205479452,41.47945205479452,72.82191780821918,92.65753424657534,10.739726027397253,82.24657534246575
2024-01-27,4.15,-28.000000000000025,14.999999999999947,4.999999999999982,-28.601331668747424,12.634840871021723,-2.4186541737649243,77.64383561643835,97.30187613729058,15.835616438356166,64.0,29.64383561643836,57.47945205479452,50.68493150684932,72.16438356164383,92.6027397260274,10.739726027397253,82.13698630136986
2024-01-28,4.15,-12.00000000000001,14.999999999999947,4.999999999999982,-12.60133166874741,12.634840871021723,-2.4186541737649243,77.47945205479452,97.30187613729058,12.876712328767123,74.08219178082192,29.698630136986303,57.47945205479452,46.52054794520548,71.72602739726027,92.54794520547945,10.739726027397253,82.08219178082192
2024-01-29,4.08,-4.999999999999982,21.999999999999975,12.00000000000001,-5.601331668747381,19.63484087102175,4.581345826235104,84.38356164383562,100.0,16.0,73.86301369863014,28.712328767123285,57.47945205479452,45.09589041095891,65.47945205479452,91.34246575342466,12.164383561643831,82.02739726027397
2024-01-30,4.06,-2.999999999999936,24.00000000000002,14.000000000000057,-3.601331668747335,21.634840871021797,6.58134582623515,85.91780821917808,97.10287862910683,25.205479452054796,71.3972602739726,26.301369863013697,56.38356164383562,49.205479452054796,70.63013698630137,91.01369863013699,11.506849315068493,81.97260273972603
2024-01-31,3.99,17.99999999999997,27.999999999999936,20.999999999999996,17.398668331252573,25.634840871021712,13.58134582623509,89.42465753424658,87.56535728649953,34.24657534246575,68.7123287671233,27.123287671232877,56.38356164383562,51.34246575342466,61.36986301369863,89.42465753424658,11.06849315068493,81.86301369863014
2024-02-01,3.87,21.999999999999975,45.000000000000014,46.0,21.398668331252576,42.63484087102179,38.58134582623509,93.42465753424658,92.33342824601367,50.90410958904109,67.67123287671234,25.917808219178085,49.534246575342465,39.78082191780822,56.21917808219178,86.08219178082192,11.013698630136986,81.75342465753425
2024-02-02,4.03,5.999999999999961,29.999999999999982,33.00000000000001,5.398668331252562,27.63484087102176,25.5813458262351,86.68493150684931,100.0,33.534246575342465,65.20547945205479,25.972602739726025,49.80821917808219,40.0,66.68493150684932,90.35616438356165,12.109589041095887,81.69863013698631
2024-02-03,4.03,12.00000000000001,22.999999999999954,33.00000000000001,11.398668331252612,20.63484087102173,25.5813458262351,86.35616438356165,100.0,33.58904109589041,62.3013698630137,26.027397260273972,49.80821917808219,40.054794520547944,66.24657534246575,90.3013698630137,12.109589041095887,81.64383561643835
2024-02-04,4.03,13.999999999999968,22.999999999999954,27.999999999999936,13.39866833125257,20.63484087102173,20.58134582623503,86.1917808219178,100.0,30.52054794520548,58.19178082191781,26.082191780821915,49.80821917808219,40.71232876712329,65.8082191780822,90.24657534246575,12.109589041095887,81.58904109589041
2024-02-05,4.17,0.0,8.999999999999986,21.999999999999975,-0.6013316687473991,6.634840871021762,14.581345826235069,70.9041095890411,99.07453196750265,11.452054794520548,54.52054794520548,27.06849315068493,52.438356164383556,35.78082191780822,74.35616438356165,92.98630136986301,12.109589041095887,81.47945205479452
2024-02-06,4.09,8.000000000000007,19.00000000000004,29.999999999999982,7.398668331252608,16.634840871021815,22.581345826235076,79.72602739726028,97.94418933239139,18.027397260273972,52.76712328767123,27.013698630136986,51.178082191780824,36.87671232876713,67.3972602739726,91.3972602739726,15.342465753424662,81.42465753424658
2024-02-07,4.09,8.000000000000007,21.999999999999975,29.999999999999982,7.398668331252608,19.63484087102175,22.581345826235076,79.23287671232876,100.0,21.36986301369863,49.97260273972602,26.301369863013697,50.73972602739726,32.49315068493151,60.273972602739725,91.34246575342466,15.342465753424662,81.36986301369863
2024-02-08,4.15,15.999999999999925,11.999999999999922,26.999999999999957,15.398668331252527,9.634840871021698,19.58134582623505,71.23287671232876,100.0,17.80821917808219,47.726027397260275,26.575342465753426,51.23287671232877,30.356164383561644,59.78082191780822,92.43835616438356,15.342465753424662,81.31506849315069
2024-02-09,4.17,9.999999999999964,8.000000000000007,19.00000000000004,9.398668331252566,5.634840871021783,11.581345826235133,69.36986301369863,100.0,17.36986301369863,45.47945205479452,26.52054794520548,51.89041095890411,29.91780821917808,62.13698630136986,92.93150684931507,16.71232876712328,81.15068493150685
2024-02-10,4.17,7.000000000000028,2.000000000000046,37.999999999999986,6.39866833125263,-0.36515912897817815,30.58134582623508,68.76712328767124,100.0,17.424657534246577,43.013698630136986,26.575342465753426,51.89041095890411,29.972602739726028,61.589041095890416,92.87671232876713,16.71232876712328,81.04109589041096
2024-02-11,4.17,12.99999999999999,2.000000000000046,38.99999999999997,12.39866833125259,-0.36515912897817815,31.581345826235065,68.38356164383562,100.0,19.45205479452055,40.71232876712328,26.630136986301373,51.89041095890411,31.28767123287671,61.04109589041096,92.82191780821918,16.71232876712328,80.93150684931507
2024-02-12,4.17,12.99999999999999,2.000000000000046,33.00000000000001,12.39866833125259,-0.36515912897817815,25.5813458262351,67.67123287671234,98.06904622586308,17.972602739726025,38.082191780821915,27.452054794520546,51.23287671232877,32.93150684931507,63.50684931506849,92.76712328767124,15.342465753424662,80.7123287671233
2024-02-13,4.31,-0.9999999999999787,-8.999999999999986,19.00000000000004,-1.6013316687473778,-11.36515912897821,11.581345826235133,51.67123287671233,90.57278460438202,18.410958904109588,36.0,26.136986301369863,54.3013698630137,42.3013698630137,75.45205479452055,95.67123287671232,18.849315068493155,80.6027397260274
2024-02-14,4.27,3.000000000000025,-13.999999999999968,23.000000000000043,2.398668331252626,-16.365159128978192,15.581345826235136,55.45205479452055,95.88453286522332,26.9041095890411,34.52054794520548,27.56164383561644,55.12328767123288,48.0,68.16438356164383,95.06849315068493,16.76712328767124,80.43835616438356
2024-02-15,4.24,2.999999999999936,-12.99999999999999,38.99999999999997,2.398668331252537,-15.365159128978213,31.581345826235065,57.42465753424658,96.71022690332228,29.863013698630137,34.24657534246576,26.465753424657535,55.12328767123288,54.90410958904109,64.43835616438355,94.35616438356165,15.342465753424662,80.27397260273972
2024-02-16,4.3,2.000000000000046,-20.999999999999996,37.000000000000014,1.3986683312526471,-23.36515912897822,29.581345826235108,51.726027397260275,92.32169559846564,26.73972602739726,33.31506849315069,25.589041095890412,57.31506849315068,67.83561643835615,76.38356164383562,95.5068493150685,18.958904109589042,80.10958904109589
2024-02-17,4.3,3.000000000000025,-20.999999999999996,29.000000000000004,2.398668331252626,-23.36515912897822,21.581345826235097,50.9041095890411,92.32169559846564,20.43835616438356,32.43835616438356,25.643835616438356,57.31506849315068,60.71232876712329,75.67123287671234,95.45205479452055,18.958904109589042,79.94520547945206
2024-02-18,4.3,-4.0000000000000036,-20.999999999999996,33.999999999999986,-4.601331668747402,-23.36515912897822,26.58134582623508,50.57534246575342,92.32169559846564,24.986301369863014,30.958904109589042,25.6986301369863,57.31506849315068,70.95890410958904,74.79452054794521,95.3972602739726,18.958904109589042,79.67123287671232
2024-02-19,4.3,-4.0000000000000036,-20.999999999999996,32.00000000000003,-4.601331668747402,-23.36515912897822,24.581345826235122,50.19178082191781,92.32169559846564,28.821917808219176,29.91780821917807,25.753424657534246,57.31506849315068,62.57534246575342,74.3013698630137,95.34246575342466,18.958904109589042,79.45205479452055
2024-02-20,4.27,-0.9999999999999787,-16.999999999999993,35.00000000000006,-1.6013316687473778,-19.365159128978217,27.58134582623515,53.47945205479452,88.765359859567,26.684931506849313,29.75342465753424,26.630136986301373,56.49315068493151,60.65753424657534,63.945205479452056,94.79452054794521,18.958904109589042,79.23287671232876
2024-02-21,4.32,-4.0000000000000036,-16.000000000000014,29.999999999999982,-4.601331668747402,-18.365159128978238,22.581345826235076,46.9041095890411,86.93192900331577,24.767123287671232,30.739726027397268,26.794520547945204,57.97260273972603,80.0,69.31506849315068,95.67123287671232,18.958904109589042,79.06849315068493
2024-02-22,4.33,-2.000000000000046,-13.999999999999968,29.000000000000004,-2.601331668747445,-16.365159128978192,21.581345826235097,45.47945205479452,100.0,28.93150684931507,32.767123287671225,24.32876712328767,56.21917808219178,83.06849315068493,82.68493150684932,95.72602739726027,21.424657534246577,78.79452054794521
2024-02-23,4.26,0.9999999999999787,3.000000000000025,35.00000000000006,0.3986683312525796,0.6348408710218005,27.58134582623515,53.150684931506845,98.5338004411574,38.082191780821915,32.82191780821918,21.863013698630137,55.12328767123288,77.20547945205479,81.8082191780822,94.3013698630137,21.424657534246577,78.57534246575342
2024-02-24,4.26,-0.9999999999999787,4.999999999999982,39.00000000000006,-1.6013316687473778,2.634840871021758,31.58134582623515,52.438356164383556,98.5338004411574,38.136986301369866,32.87671232876713,21.91780821917808,55.12328767123288,77.26027397260275,80.98630136986301,94.24657534246575,21.424657534246577,78.41095890410959
2024-02-25,4.26,-6.99999999999994,4.999999999999982,44.00000000000004,-7.6013316687473385,2.634840871021758,36.581345826235136,51.945205479452056,98.5338004411574,54.02739726027397,32.767123287671225,21.972602739726028,55.12328767123288,65.75342465753424,80.4931506849315,94.1917808219178,21.424657534246577,78.24657534246575
2024-02-26,4.28,-8.999999999999986,2.999999999999936,38.99999999999997,-9.601331668747385,0.6348408710217117,31.581345826235065,48.38356164383561,98.17049435578046,50.79452054794521,32.986301369863014,22.027397260273972,56.38356164383562,56.49315068493151,67.72602739726028,94.95890410958904,21.424657534246577,77.97260273972603
2024-02-27,4.31,-11.999999999999922,3.000000000000025,36.00000000000003,-12.60133166874732,0.6348408710218005,28.581345826235122,45.205479452054796,99.31231348125081,54.35616438356165,31.780821917808225,23.123287671232877,56.76712328767123,59.06849315068493,67.06849315068493,95.5068493150685,18.9041095890411,77.75342465753425
2024-02-28,4.27,-4.999999999999982,3.000000000000025,40.000000000000036,-5.601331668747381,0.6348408710218005,32.58134582623513,48.54794520547945,96.5680550149215,55.78082191780822,29.69863013698631,24.32876712328767,57.6986301369863,53.26027397260275,59.61643835616439,94.52054794520548,16.76712328767124,77.64383561643835
2024-02-29,4.25,-12.00000000000001,1.9999999999999574,37.999999999999986,-12.60133166874741,-0.36515912897826697,30.58134582623508,50.52054794520548,100.0,61.753424657534254,29.041095890410958,23.616438356164384,61.04109589041096,49.64383561643836,58.794520547945204,93.6986301369863,15.780821917808225,77.47945205479452
2024-03-01,4.19,-8.000000000000007,7.999999999999918,50.0,-8.601331668747406,5.634840871021694,42.58134582623509,57.0958904109589,100.0,64.82191780821918,28.219178082191775,25.643835616438356,46.73972602739725,38.95890410958904,53.47945205479452,92.54794520547945,15.287671232876704,91.17808219178082
2024-03-02,4.19,-10.000000000000053,2.999999999999936,43.99999999999995,-10.601331668747452,0.6348408710217117,36.581345826235044,56.93150684931506,100.0,60.71232876712329,27.561643835616437,25.6986301369863,46.73972602739725,40.328767123287676,52.438356164383556,92.4931506849315,15.287671232876704,90.95890410958904
2024-03-03,4.19,-10.000000000000053,2.999999999999936,38.99999999999997,-10.601331668747452,0.6348408710217117,31.581345826235065,56.16438356164384,100.0,66.68493150684931,25.150684931506845,25.753424657534246,46.73972602739725,37.36986301369863,51.726027397260275,92.43835616438356,15.287671232876704,90.73972602739727
2024-03-04,4.22,-12.99999999999999,0.0,28.000000000000025,-13.601331668747388,-2.3651591289782243,20.58134582623512,52.10958904109589,98.16010134523736,68.38356164383562,25.315068493150676,23.17808219178082,47.28767123287672,19.616438356164384,51.3972602739726,93.04109589041096,16.986301369863014,90.57534246575342
2024-03-05,4.13,-4.0000000000000036,12.00000000000001,37.000000000000014,-4.601331668747402,9.634840871021787,29.581345826235108,61.26027397260274,90.15503408336852,73.36986301369863,24.82191780821917,22.082191780821915,46.73972602739725,18.63013698630137,45.04109589041095,90.63013698630137,15.287671232876704,90.3013698630137
2024-03-06,4.11,-1.0000000000000675,12.99999999999999,38.99999999999997,-1.6013316687474666,10.634840871021765,31.581345826235065,63.013698630136986,92.90583338360379,76.76712328767124,32.87671232876713,20.054794520547944,46.68493150684932,19.397260273972602,50.35616438356164,90.3013698630137,17.041095890410958,90.1917808219178
2024-03-07,4.09,7.000000000000028,11.000000000000032,40.000000000000036,6.39866833125263,8.634840871021808,32.58134582623513,65.04109589041096,99.46914399469145,75.45205479452055,30.849315068493155,22.19178082191781,46.68493150684932,21.47945205479452,44.43835616438356,89.75342465753425,17.041095890410958,89.91780821917808
2024-03-08,4.09,10.000000000000053,11.000000000000032,37.999999999999986,9.398668331252654,8.634840871021808,30.58134582623508,64.4931506849315,92.96615792966158,74.24657534246575,32.054794520547944,23.397260273972602,46.68493150684932,16.21917808219178,43.945205479452056,89.6986301369863,17.041095890410958,89.6986301369863
2024-03-09,4.09,20.000000000000018,11.000000000000032,39.00000000000006,19.39866833125262,8.634840871021808,31.58134582623515,63.945205479452056,92.96615792966158,68.76712328767123,33.2054794520548,23.45205479452055,46.68493150684932,15.945205479452055,43.397260273972606,89.64383561643835,17.041095890410958,89.58904109589041
2024-03-10,4.09,21.999999999999975,11.000000000000032,36.00000000000003,21.398668331252576,8.634840871021808,28.581345826235122,63.397260273972606,92.96615792966158,61.31506849315068,44.43835616438356,23.506849315068493,46.68493150684932,14.849315068493151,43.013698630136986,89.58904109589041,17.041095890410958,89.36986301369863
2024-03-11,4.1,20.999999999999996,10.000000000000053,40.000000000000036,20.398668331252598,7.634840871021829,32.58134582623513,61.97260273972603,91.13832418411052,54.24657534246575,41.42465753424658,22.246575342465754,46.68493150684932,19.726027397260275,42.73972602739726,90.02739726027397,17.041095890410958,89.26027397260273
2024-03-12,4.16,14.999999999999947,16.999999999999993,33.999999999999986,14.398668331252548,14.634840871021769,26.58134582623508,55.83561643835617,97.33365506424563,31.34246575342466,40.93150684931507,20.986301369863014,46.95890410958904,29.205479452054796,51.83561643835616,91.3972602739726,19.61643835616438,89.04109589041096
2024-03-13,4.19,14.999999999999947,16.999999999999993,30.99999999999996,14.398668331252548,14.634840871021769,23.581345826235054,50.84931506849315,93.73227966459552,43.06849315068494,47.397260273972606,21.04109589041096,46.95890410958904,41.97260273972603,51.34246575342466,92.32876712328768,19.561643835616437,88.82191780821918
2024-03-14,4.29,0.9999999999999787,7.000000000000028,19.00000000000004,0.3986683312525796,4.6348408710218045,11.581345826235133,38.95890410958904,92.42926946974724,31.506849315068493,48.65753424657534,24.21917808219178,46.95890410958904,43.61643835616438,56.054794520547944,95.01369863013699,19.506849315068493,88.65753424657534
2024-03-15,4.31,-4.0000000000000036,0.0,14.000000000000057,-4.601331668747402,-2.3651591289782243,6.58134582623515,35.72602739726027,88.33323279242323,31.67123287671233,50.19178082191781,22.41095890410959,47.23287671232876,61.04109589041096,67.2876712328767,95.45205479452055,19.45205479452055,88.4931506849315
2024-03-16,4.31,-4.0000000000000036,8.000000000000007,5.000000000000071,-4.601331668747402,5.634840871021783,-2.4186541737648355,35.39726027397259,88.33323279242323,47.28767123287671,51.67123287671233,22.465753424657535,47.23287671232876,67.94520547945206,66.68493150684932,95.3972602739726,19.45205479452055,88.27397260273972
2024-03-17,4.31,-8.999999999999986,8.000000000000007,7.000000000000028,-9.601331668747385,5.634840871021783,-0.4186541737648781,35.17808219178082,88.33323279242323,39.67123287671233,53.26027397260274,22.52054794520548,47.23287671232876,69.31506849315069,65.86301369863014,95.34246575342466,19.45205479452055,88.10958904109589
2024-03-18,4.34,-12.00000000000001,4.999999999999982,8.000000000000007,-12.60133166874741,2.634840871021758,0.5813458262351006,30.958904109589042,97.42414188333233,40.821917808219176,50.24657534246575,23.89041095890411,47.178082191780824,76.93150684931507,65.0958904109589,95.89041095890411,19.45205479452055,87.83561643835617
2024-03-19,4.3,-8.000000000000007,12.00000000000001,12.00000000000001,-8.601331668747406,9.634840871021787,4.581345826235104,36.6027397260274,98.35313989262231,47.83561643835617,49.369863013698634,24.986301369863014,46.95890410958904,73.64383561643835,60.71232876712329,94.9041095890411,17.041095890410958,87.72602739726028
2024-03-20,4.27,-1.9999999999999574,9.000000000000075,15.000000000000036,-2.601331668747356,6.634840871021851,7.581345826235129,40.32876712328767,100.0,47.726027397260275,60.93150684931507,28.164383561643834,47.23287671232876,70.79452054794521,43.99999999999999,94.13698630136986,17.041095890410958,87.56164383561644
2024-03-21,4.27,-2.999999999999936,28.000000000000025,17.00000000000008,-3.601331668747335,25.6348408710218,9.581345826235175,40.273972602739725,100.0,50.19178082191781,72.43835616438356,26.301369863013697,48.16438356164383,62.95890410958904,51.23287671232877,94.08219178082192,19.561643835616437,87.3972602739726
2024-03-22,4.22,-1.9999999999999574,33.999999999999986,19.00000000000004,-2.601331668747356,31.634840871021762,11.581345826235133,46.02739726027397,100.0,59.726027397260275,81.36986301369863,25.315068493150683,48.38356164383561,61.698630136986296,50.84931506849315,92.54794520547945,17.041095890410958,87.23287671232876
2024-03-23,4.22,-1.9999999999999574,28.000000000000025,20.999999999999996,-2.601331668747356,25.6348408710218,13.58134582623509,45.97260273972603,100.0,58.9041095890411,86.9041095890411,25.36986301369863,48.38356164383561,50.02739726027398,50.24657534246575,92.4931506849315,17.041095890410958,87.12328767123287
2024-03-24,4.22,-1.9999999999999574,28.000000000000025,25.0,-2.601331668747356,25.6348408710218,17.581345826235093,45.91780821917808,100.0,69.86301369863014,89.8082191780822,25.424657534246574,48.38356164383561,42.52054794520548,49.753424657534254,92.43835616438356,17.041095890410958,86.9041095890411
2024-03-25,4.25,-4.999999999999982,25.0,20.999999999999996,-5.601331668747381,22.634840871021776,13.58134582623509,41.863013698630134,98.60183758488843,63.23287671232877,90.57534246575342,29.753424657534243,47.83561643835617,40.38356164383561,49.26027397260274,93.20547945205479,15.287671232876704,86.79452054794521
2024-03-26,4.24,-4.0000000000000036,38.99999999999997,21.999999999999975,-4.601331668747402,36.634840871021744,14.581345826235069,43.17808219178082,97.12948695999543,62.35616438356164,91.78082191780823,28.602739726027398,47.397260273972606,33.47945205479452,48.71232876712329,93.04109589041096,10.904109589041099,86.57534246575342
2024-03-27,4.2,12.99999999999999,46.99999999999997,25.99999999999998,12.39866833125259,44.634840871021744,18.581345826235072,47.561643835616444,98.37927295554414,72.0,94.13698630136986,27.506849315068493,47.397260273972606,23.17808219178082,44.82191780821918,91.89041095890411,10.410958904109592,86.46575342465754
2024-03-28,4.2,16.000000000000014,38.99999999999997,25.99999999999998,15.398668331252615,36.634840871021744,18.581345826235072,47.23287671232876,97.72299263824688,71.83561643835617,95.12328767123287,24.493150684931507,47.397260273972606,20.0,56.054794520547944,91.83561643835617,10.849315068493155,86.08219178082192
2024-03-29,4.2,16.000000000000014,43.99999999999995,33.999999999999986,15.398668331252615,41.63484087102172,26.58134582623508,47.06849315068493,97.72299263824688,71.8904109589041,95.83561643835617,24.54794520547945,47.397260273972606,20.054794520547944,55.50684931506849,91.78082191780823,10.794520547945211,85.64383561643835
2024-03-30,4.2,10.999999999999943,41.99999999999999,41.000000000000014,10.398668331252544,39.634840871021765,33.58134582623511,46.9041095890411,97.72299263824688,71.8904109589041,96.27397260273973,24.602739726027398,47.397260273972606,20.10958904109589,55.013698630136986,91.72602739726027,10.794520547945211,85.20547945205479
2024-03-31,4.2,18.99999999999995,41.99999999999999,34.999999999999964,18.39866833125255,39.634840871021765,27.581345826235058,46.84931506849315,97.72299263824688,71.72602739726027,96.4931506849315,24.65753424657534,60.054794520547944,20.54794520547945,54.465753424657535,91.67123287671232,10.794520547945211,84.65753424657534
2024-04-01,4.33,5.999999999999961,29.000000000000004,17.99999999999997,5.398668331252562,26.63484087102178,10.581345826235065,29.15068493150686,98.23089653598129,63.726027397260275,97.86301369863014,24.71232876712329,51.06849315068493,19.342465753424655,56.49315068493151,95.61643835616438,10.301369863013704,35.56164383561644
2024-04-02,4.36,2.999999999999936,25.99999999999998,14.999999999999947,2.398668331252537,23.634840871021755,7.58134582623504,25.972602739726028,94.41305712492152,54.630136986301366,98.24657534246575,27.835616438356166,51.12328767123287,15.452054794520548,50.794520547945204,96.10958904109589,9.972602739726028,35.39726027397259
2024-04-03,4.36,5.999999999999961,25.0,14.999999999999947,5.398668331252562,22.634840871021776,7.58134582623504,25.972602739726028,95.40033099355134,40.0,98.46575342465754,29.041095890410958,51.12328767123287,24.82191780821918,55.78082191780822,96.05479452054794,11.123287671232873,35.28767123287672
2024-04-04,4.31,5.000000000000071,34.00000000000007,10.000000000000053,4.398668331252672,31.634840871021847,2.5813458262351467,32.164383561643845,88.63208354733779,45.86301369863014,98.35616438356165,27.287671232876715,50.84931506849315,32.054794520547944,49.97260273972602,95.06849315068493,10.410958904109592,34.84931506849314
2024-04-05,4.39,16.000000000000014,31.00000000000005,-5.999999999999961,15.398668331252615,28.634840871021826,-13.418654173764867,22.79452054794521,93.74536323688865,35.45205479452055,98.24657534246575,27.342465753424655,51.34246575342466,23.56164383561644,54.84931506849315,96.21917808219177,12.438356164383563,34.57534246575342
2024-04-06,4.39,16.999999999999993,28.000000000000025,-9.999999999999964,16.398668331252594,25.6348408710218,-17.41865417376487,22.958904109589042,93.74536323688865,37.0958904109589,98.1917808219178,27.397260273972602,51.34246575342466,27.56164383561644,54.52054794520548,96.16438356164383,12.438356164383563,34.301369863013704
2024-04-07,4.39,11.000000000000032,28.000000000000025,-10.999999999999943,10.398668331252633,25.6348408710218,-18.41865417376485,23.123287671232873,93.74536323688865,42.84931506849315,98.24657534246575,27.452054794520546,51.34246575342466,28.000000000000004,54.35616438356165,96.10958904109589,12.438356164383563,34.02739726027397
2024-04-08,4.42,8.000000000000007,25.0,0.9999999999999787,7.398668331252608,22.634840871021776,-6.418654173764928,20.93150684931507,93.6141071734292,39.013698630136986,98.24657534246575,26.082191780821915,51.50684931506849,32.054794520547944,62.410958904109584,96.32876712328768,15.561643835616437,33.698630136986296
2024-04-09,4.36,13.999999999999968,26.999999999999957,6.99999999999994,13.39866833125257,24.634840871021733,-0.41865417376496694,27.06849315068493,95.09216458369,40.657534246575345,97.97260273972603,25.315068493150683,51.178082191780824,32.49315068493151,68.43835616438356,95.78082191780823,15.561643835616437,33.47945205479452
2024-04-10,4.55,8.000000000000007,14.000000000000057,-12.00000000000001,7.398668331252608,11.634840871021833,-19.418654173764917,14.575342465753423,91.37134052388289,24.273972602739725,98.02739726027397,21.095890410958905,51.726027397260275,44.71232876712329,80.05479452054794,97.26027397260275,19.83561643835617,32.986301369863014
2024-04-11,4.56,11.000000000000032,7.000000000000028,-8.999999999999986,10.398668331252633,4.6348408710218045,-16.418654173764892,14.13698630136986,97.95126405295896,20.054794520547944,98.02739726027397,25.863013698630137,51.726027397260275,33.04109589041096,76.82191780821918,97.31506849315069,19.83561643835617,32.602739726027394
2024-04-12,4.5,8.999999999999986,8.000000000000007,-11.000000000000032,8.398668331252587,5.634840871021783,-18.41865417376494,17.15068493150686,90.97186554813673,23.726027397260275,97.86301369863014,25.424657534246574,51.61643835616439,33.64383561643835,63.67123287671233,97.0958904109589,19.83561643835617,32.164383561643845
2024-04-13,4.5,13.999999999999968,0.0,-19.00000000000004,13.39866833125257,-2.3651591289782243,-26.418654173764946,17.424657534246577,90.97186554813673,25.47945205479452,97.64383561643835,25.47945205479452,51.61643835616439,43.342465753424655,63.28767123287671,97.04109589041096,19.780821917808225,31.890410958904113
2024-04-14,4.5,12.00000000000001,0.0,-25.99999999999998,11.398668331252612,-2.3651591289782243,-33.418654173764885,17.75342465753424,90.97186554813673,17.15068493150685,97.58904109589041,25.53424657534247,51.61643835616439,51.56164383561644,62.794520547945204,96.98630136986301,19.726027397260268,31.45205479452055
2024-04-15,4.63,-0.9999999999999787,-12.99999999999999,-42.99999999999997,-1.6013316687473778,-15.365159128978213,-50.41865417376488,11.342465753424662,84.05524168236033,8.876712328767123,96.98630136986301,30.63013698630137,53.04109589041096,72.4931506849315,58.95890410958904,98.13698630136986,16.273972602739732,31.123287671232873
2024-04-16,4.67,-4.999999999999982,-17.99999999999997,-46.99999999999997,-5.601331668747381,-20.365159128978195,-54.41865417376488,9.917808219178085,84.16937738971637,8.0,96.65753424657534,30.684931506849317,53.04109589041096,41.534246575342465,58.630136986301366,98.41095890410959,19.671232876712324,30.739726027397268
2024-04-17,4.59,3.000000000000025,-12.00000000000001,-38.99999999999997,2.398668331252626,-14.365159128978235,-46.41865417376488,13.75342465753424,79.08463162700451,11.67123287671233,96.6027397260274,28.493150684931507,51.61643835616439,71.17808219178082,53.58904109589041,97.53424657534246,19.61643835616438,30.30136986301369
2024-04-18,4.64,-2.999999999999936,-15.999999999999925,-35.99999999999994,-3.601331668747335,-18.36515912897815,-43.41865417376485,11.835616438356169,76.54511213833248,10.082191780821919,96.76712328767124,27.89041095890411,51.945205479452056,82.08219178082192,55.83561643835617,98.3013698630137,22.79452054794521,29.808219178082197
2024-04-19,4.62,3.000000000000025,-16.999999999999993,-40.000000000000036,2.398668331252626,-19.365159128978217,-47.41865417376494,12.93150684931507,68.17896478913428,11.178082191780822,96.76712328767124,27.56164383561644,52.21917808219178,85.04109589041096,58.082191780821915,97.91780821917808,19.506849315068493,29.424657534246577
2024-04-20,4.62,8.000000000000007,-12.00000000000001,-40.000000000000036,7.398668331252608,-14.365159128978235,-47.41865417376494,13.260273972602747,68.17896478913428,11.068493150684931,96.76712328767124,27.616438356164387,52.21917808219178,81.69863013698631,57.86301369863014,97.86301369863014,19.45205479452055,29.0958904109589
2024-04-21,4.62,4.999999999999982,-12.00000000000001,-37.000000000000014,4.398668331252583,-14.365159128978235,-44.41865417376492,13.589041095890408,68.17896478913428,14.63013698630137,96.76712328767124,27.671232876712327,52.21917808219178,75.78082191780821,57.6986301369863,97.8082191780822,19.397260273972606,28.71232876712328
2024-04-22,4.62,4.999999999999982,-12.00000000000001,-37.000000000000014,4.398668331252583,-14.365159128978235,-44.41865417376492,13.863013698630127,72.04245848313646,15.890410958904111,96.82191780821918,27.72602739726027,52.21917808219178,76.71232876712328,57.534246575342465,97.75342465753425,12.054794520547944,28.328767123287662
2024-04-23,4.61,5.999999999999961,-12.99999999999999,-36.00000000000003,5.398668331252562,-15.365159128978213,-43.418654173764935,14.904109589041099,77.90332705586943,23.945205479452056,96.82191780821918,32.273972602739725,52.21917808219178,75.23287671232876,57.15068493150685,97.47945205479452,19.397260273972606,28.054794520547944
2024-04-24,4.65,-2.000000000000046,-20.000000000000018,-40.000000000000036,-2.601331668747445,-22.36515912897824,-47.41865417376494,12.821917808219169,79.22159447583176,18.904109589041095,96.87671232876713,32.602739726027394,52.21917808219178,55.89041095890411,51.178082191780824,98.3013698630137,22.79452054794521,27.671232876712324
2024-04-25,4.7,-0.9999999999999787,-33.999999999999986,-45.000000000000014,-1.6013316687473778,-36.36515912897821,-52.41865417376492,10.739726027397253,77.00736175312447,16.328767123287673,96.93150684931507,32.109589041095894,53.0958904109589,72.32876712328768,54.13698630136986,98.57534246575342,22.739726027397253,27.397260273972606
2024-04-26,4.67,-4.0000000000000036,-29.000000000000004,-43.99999999999995,-4.601331668747402,-31.365159128978227,-51.41865417376486,12.328767123287676,83.35901386748844,18.246575342465754,97.15068493150685,31.34246575342466,53.534246575342465,70.68493150684931,58.73972602739726,98.3013698630137,15.945205479452056,27.06849315068493
2024-04-27,4.67,-8.999999999999986,-25.0,-34.999999999999964,-9.601331668747385,-27.365159128978224,-42.41865417376487,12.876712328767127,83.35901386748844,20.0,97.26027397260275,31.397260273972606,53.534246575342465,71.34246575342466,58.465753424657535,98.24657534246575,15.890410958904113,26.684931506849324
2024-04-28,4.67,-16.999999999999993,-25.0,-37.999999999999986,-17.60133166874739,-27.365159128978224,-45.41865417376489,13.205479452054789,83.35901386748844,19.013698630136986,97.20547945205479,31.452054794520546,53.534246575342465,78.9041095890411,57.97260273972603,98.1917808219178,15.835616438356155,26.246575342465746
2024-04-29,4.63,-12.99999999999999,-20.999999999999996,-26.999999999999957,-13.601331668747388,-23.36515912897822,-34.418654173764864,16.0,84.69440164355419,25.643835616438356,97.20547945205479,28.821917808219176,52.21917808219178,87.45205479452055,57.64383561643835,97.6986301369863,15.780821917808225,25.917808219178085
2024-04-30,4.69,-19.00000000000004,-25.0,-33.00000000000001,-19.601331668747438,-27.365159128978224,-40.418654173764914,12.876712328767127,77.0929635336415,19.342465753424655,97.20547945205479,27.78082191780822,62.794520547945204,90.13698630136986,60.54794520547945,98.46575342465754,11.945205479452056,25.58904109589041
2024-05-01,4.63,-13.999999999999968,-21.999999999999975,-26.999999999999957,-14.601331668747367,-24.3651591289782,-34.418654173764864,16.602739726027394,74.05695371797066,17.424657534246577,96.87671232876713,29.534246575342465,57.58904109589041,88.98630136986301,63.397260273972606,97.58904109589041,18.191780821917817,11.342465753424662
2024-05-02,4.58,-11.000000000000032,-15.000000000000036,-9.999999999999964,-11.60133166874743,-17.36515912897826,-17.41865417376487,19.83561643835617,78.88489413913142,18.73972602739726,96.4931506849315,31.67123287671233,56.32876712328767,85.58904109589041,50.73972602739726,96.6027397260274,19.342465753424648,11.23287671232876
2024-05-03,4.5,-1.9999999999999574,-3.000000000000025,-7.000000000000028,-2.601331668747356,-5.365159128978249,-14.418654173764935,25.972602739726028,86.89722079552588,25.041095890410958,96.05479452054794,30.575342465753426,55.67123287671233,90.35616438356165,44.32876712328767,95.94520547945206,19.342465753424648,11.123287671232873
2024-05-04,4.5,-4.999999999999982,-4.0000000000000036,-13.999999999999968,-5.601331668747381,-6.365159128978227,-21.418654173764875,26.630136986301366,86.89722079552588,28.27397260273973,95.34246575342466,30.63013698630137,55.67123287671233,90.7945205479452,44.21917808219178,95.89041095890411,19.342465753424648,11.013698630136986
2024-05-05,4.5,0.0,-4.0000000000000036,-13.999999999999968,-0.6013316687473991,-6.365159128978227,-21.418654173764875,27.342465753424662,86.89722079552588,25.917808219178085,94.73972602739725,30.684931506849317,55.67123287671233,91.45205479452055,43.945205479452056,95.83561643835617,19.28767123287672,11.561643835616437
2024-05-06,4.49,0.9999999999999787,-3.000000000000025,-20.999999999999996,0.3986683312525796,-5.365159128978249,-28.418654173764903,29.041095890410958,91.34280659704389,22.904109589041095,93.6986301369863,29.589041095890412,55.67123287671233,92.93150684931507,49.863013698630134,95.67123287671232,19.28767123287672,12.0
2024-05-07,4.47,3.000000000000025,-0.9999999999999787,-18.99999999999995,2.398668331252626,-3.365159128978203,-26.418654173764857,32.383561643835606,91.43411516292872,27.56164383561644,92.93150684931507,27.178082191780824,54.02739726027397,94.13698630136986,55.06849315068493,95.45205479452055,19.28767123287672,12.493150684931507
2024-05-08,4.48,0.0,5.999999999999961,-20.000000000000018,-0.6013316687473991,3.6348408710217366,-27.418654173764924,31.506849315068493,91.137362323803,23.17808219178082,92.16438356164383,26.684931506849313,53.42465753424658,92.38356164383562,48.76712328767123,95.61643835616438,19.28767123287672,12.876712328767127
2024-05-09,4.45,0.0,16.000000000000014,-16.999999999999993,-0.6013316687473991,13.63484087102179,-24.4186541737649,36.49315068493151,91.77652228499686,25.808219178082194,91.17808219178082,27.945205479452056,54.08219178082192,92.6027397260274,44.87671232876712,95.28767123287672,19.28767123287672,13.424657534246577
2024-05-10,4.5,-13.999999999999968,4.999999999999982,-20.000000000000018,-14.601331668747367,2.634840871021758,-27.418654173764924,29.643835616438352,92.70102151458084,22.575342465753426,90.02739726027397,26.082191780821915,55.50684931506849,93.31506849315069,44.602739726027394,95.78082191780823,22.958904109589042,13.808219178082197
2024-05-11,4.5,-12.00000000000001,0.9999999999999787,-21.999999999999975,-12.60133166874741,-1.3651591289782457,-29.41865417376488,29.86301369863014,92.70102151458084,34.73972602739726,89.31506849315069,26.136986301369863,55.50684931506849,92.98630136986301,44.32876712328767,95.72602739726027,22.958904109589042,14.191780821917803
2024-05-12,4.5,-8.000000000000007,0.9999999999999787,-29.999999999999982,-8.601331668747406,-1.3651591289782457,-37.41865417376489,30.9041095890411,92.70102151458084,39.726027397260275,86.95890410958904,26.19178082191781,55.50684931506849,93.58904109589041,43.99999999999999,95.67123287671232,22.958904109589042,14.575342465753423
2024-05-13,4.48,-6.00000000000005,2.999999999999936,-30.00000000000007,-6.601331668747449,0.6348408710217117,-37.41865417376498,34.13698630136986,93.62552074416482,42.465753424657535,86.63013698630137,26.410958904109588,54.79452054794521,95.78082191780823,43.72602739726027,95.3972602739726,19.232876712328775,14.794520547945197
2024-05-14,4.45,-3.000000000000025,-4.0000000000000036,-27.000000000000046,-3.6013316687474237,-6.365159128978227,-34.41865417376495,39.61643835616439,96.35336414997433,41.31506849315068,86.46575342465754,26.958904109589042,54.79452054794521,96.87671232876713,43.67123287671233,95.01369863013699,16.602739726027394,15.06849315068493
2024-05-15,4.36,8.000000000000007,-3.000000000000025,-18.00000000000006,7.398668331252608,-5.365159128978249,-25.418654173764967,51.12328767123287,100.0,64.38356164383562,83.61643835616438,26.246575342465757,53.42465753424658,96.98630136986301,41.58904109589041,93.8082191780822,19.178082191780817,15.232876712328775
2024-05-16,4.38,3.000000000000025,-8.999999999999986,-14.999999999999947,2.398668331252626,-11.36515912897821,-22.418654173764853,49.31506849315068,99.07175810127285,64.21917808219179,80.38356164383562,23.17808219178082,53.42465753424658,96.05479452054794,45.42465753424657,94.08219178082192,19.123287671232873,15.506849315068493
2024-05-17,4.42,0.9999999999999787,-13.999999999999968,-25.0,0.3986683312525796,-16.365159128978192,-32.41865417376491,44.71232876712329,98.74381635262075,59.397260273972606,77.69863013698631,22.63013698630137,54.19178082191781,97.58904109589042,42.849315068493155,94.35616438356165,19.06849315068493,15.780821917808225
2024-05-18,4.42,4.999999999999982,0.9999999999999787,-25.99999999999998,4.398668331252583,-1.3651591289782457,-33.418654173764885,45.42465753424657,98.74381635262075,58.3013698630137,75.12328767123287,22.684931506849317,54.19178082191781,97.15068493150685,42.63013698630137,94.3013698630137,19.06849315068493,16.0
2024-05-19,4.42,4.0000000000000036,0.9999999999999787,-21.999999999999975,3.3986683312526047,-1.3651591289782457,-29.41865417376488,45.91780821917808,98.74381635262075,49.15068493150685,72.16438356164383,22.73972602739726,54.19178082191781,97.26027397260275,42.24657534246575,94.24657534246575,19.06849315068493,16.273972602739732
2024-05-20,4.44,1.9999999999999574,-1.0000000000000675,-19.00000000000004,1.3986683312525583,-3.365159128978292,-26.418654173764946,43.342465753424655,100.0,64.32876712328766,69.64383561643835,25.808219178082194,55.06849315068493,96.7123287671233,43.99999999999999,94.57534246575342,19.06849315068493,16.493150684931507
2024-05-21,4.41,4.999999999999982,5.999999999999961,-16.000000000000014,4.398668331252583,3.6348408710217366,-23.41865417376492,47.83561643835617,100.0,71.3972602739726,69.36986301369863,22.794520547945204,54.19178082191781,98.41095890410959,41.53424657534247,94.08219178082192,19.06849315068493,16.71232876712328
2024-05-22,4.43,3.000000000000025,-4.0000000000000036,-17.99999999999997,2.398668331252626,-6.365159128978227,-25.418654173764878,45.69863013698631,99.72857065305901,69.75342465753425,72.71232876712328,20.164383561643838,55.12328767123288,95.61643835616438,46.1917808219178,94.52054794520548,19.013698630136986,17.0958904109589
2024-05-23,4.47,7.000000000000028,-16.000000000000014,-20.999999999999996,6.39866833125263,-18.365159128978238,-28.418654173764903,40.32876712328767,97.76342218120622,65.42465753424658,70.52054794520548,19.726027397260275,52.87671232876712,96.54794520547945,49.20547945205479,95.12328767123287,23.013698630136986,17.424657534246577
2024-05-24,4.46,15.000000000000036,-21.999999999999975,-20.999999999999996,14.398668331252637,-24.3651591289782,-28.418654173764903,42.30136986301369,100.0,67.78082191780823,69.58904109589041,18.84931506849315,54.24657534246575,96.05479452054794,45.31506849315069,95.06849315068493,17.808219178082197,17.58904109589041
2024-05-25,4.46,8.999999999999986,-25.99999999999998,-17.99999999999997,8.398668331252587,-28.365159128978203,-25.418654173764878,42.57534246575343,100.0,75.3972602739726,68.65753424657534,18.904109589041095,54.24657534246575,92.71232876712328,45.04109589041095,95.01369863013699,17.75342465753424,17.917808219178085
2024-05-26,4.46,4.999999999999982,-25.99999999999998,-19.00000000000004,4.398668331252583,-28.365159128978203,-26.418654173764946,43.12328767123288,100.0,78.73972602739727,67.5068493150685,18.958904109589042,54.24657534246575,96.27397260273972,44.43835616438356,94.95890410958904,17.69863013698631,18.191780821917817
2024-05-27,4.46,4.999999999999982,-25.99999999999998,-25.99999999999998,4.398668331252583,-28.365159128978203,-33.418654173764885,43.397260273972606,100.0,73.97260273972603,66.73972602739727,19.013698630136986,54.24657534246575,94.1917808219178,44.16438356164384,94.9041095890411,17.643835616438352,18.356164383561648
2024-05-28,4.54,-3.000000000000025,-25.99999999999998,-33.999999999999986,-3.6013316687474237,-28.365159128978203,-41.41865417376489,32.10958904109589,100.0,69.0958904109589,63.78082191780822,23.780821917808222,56.32876712328767,93.20547945205479,46.9041095890411,96.16438356164383,17.58904109589041,18.630136986301366
2024-05-29,4.61,-20.000000000000018,-39.00000000000006,-41.000000000000014,-20.601331668747417,-41.365159128978284,-48.41865417376492,23.78082191780821,97.09786158221848,56.657534246575345,61.0958904109589,29.041095890410958,57.534246575342465,90.68493150684932,41.42465753424658,96.98630136986301,15.342465753424662,18.68493150684931
2024-05-30,4.55,-21.999999999999975,-33.00000000000001,-37.999999999999986,-22.601331668747374,-35.365159128978235,-45.41865417376489,31.726027397260268,92.96323606868219,64.10958904109589,58.24657534246575,27.013698630136986,57.534246575342465,84.6027397260274,43.28767123287671,96.10958904109589,15.287671232876704,18.958904109589042
2024-05-31,4.51,-21.999999999999975,-25.99999999999998,-35.99999999999994,-22.601331668747374,-28.365159128978203,-43.41865417376485,37.917808219178085,92.63667965869588,68.38356164383562,53.917808219178085,26.301369863013697,67.17808219178082,82.41095890410959,43.06849315068493,95.94520547945206,11.671232876712338,19.123287671232873
2024-06-01,4.51,-22.999999999999954,-25.99999999999998,-41.99999999999999,-23.601331668747353,-28.365159128978203,-49.4186541737649,38.465753424657535,92.63667965869588,69.80821917808218,50.35616438356164,26.35616438356164,67.61643835616438,68.38356164383562,43.013698630136986,95.89041095890411,11.61643835616438,35.945205479452056
2024-06-02,4.51,-8.000000000000007,-25.99999999999998,-51.99999999999996,-8.601331668747406,-28.365159128978203,-59.418654173764864,39.28767123287671,92.63667965869588,70.24657534246576,47.342465753424655,26.410958904109588,67.61643835616438,68.71232876712328,42.73972602739726,95.83561643835617,11.561643835616437,36.328767123287676
2024-06-03,4.41,1.9999999999999574,-16.000000000000014,-61.00000000000003,1.3986683312525583,-18.365159128978238,-68.41865417376493,52.87671232876712,93.80069524913094,80.38356164383562,44.71232876712329,23.17808219178082,67.34246575342465,74.35616438356163,39.94520547945205,93.36986301369863,11.506849315068493,36.65753424657534
2024-06-04,4.33,9.999999999999964,-8.000000000000007,-53.00000000000003,9.398668331252566,-10.365159128978231,-60.418654173764935,62.95890410958904,94.9541767618245,88.10958904109589,43.83561643835616,20.383561643835616,67.23287671232876,44.986301369863014,34.1917808219178,92.16438356164383,13.041095890410958,37.04109589041096
2024-06-05,4.29,17.99999999999997,-5.999999999999961,-49.00000000000002,17.398668331252573,-8.365159128978185,-56.41865417376493,67.61643835616438,100.0,88.76712328767124,43.342465753424655,20.876712328767123,67.12328767123287,49.698630136986296,25.0958904109589,91.12328767123287,12.986301369863014,37.26027397260274
2024-06-06,4.28,10.999999999999943,4.0000000000000036,-50.00000000000004,10.398668331252544,1.6348408710217792,-57.41865417376495,68.76712328767124,99.71312945033553,88.0,43.342465753424655,20.43835616438356,66.41095890410959,56.21917808219178,30.794520547945197,90.9041095890411,12.93150684931507,37.64383561643836
2024-06-07,4.43,-12.00000000000001,-13.999999999999968,-52.99999999999998,-12.60133166874741,-16.365159128978192,-60.418654173764885,52.05479452054795,99.25208749551764,80.65753424657535,41.917808219178085,20.0,67.17808219178082,44.602739726027394,41.47945205479452,93.86301369863014,15.232876712328775,38.136986301369866
2024-06-08,4.43,-18.99999999999995,-6.99999999999994,-46.99999999999997,-19.60133166874735,-9.365159128978163,-54.41865417376488,52.438356164383556,99.25208749551764,77.31506849315069,39.726027397260275,20.054794520547944,67.17808219178082,34.73972602739726,41.26027397260273,93.8082191780822,15.178082191780817,38.41095890410959
2024-06-09,4.43,-22.999999999999954,-6.99999999999994,-43.99999999999995,-23.601331668747353,-9.365159128978163,-51.41865417376486,52.71232876712329,99.25208749551764,80.54794520547945,36.21917808219178,20.10958904109589,67.17808219178082,33.534246575342465,40.93150684931507,93.75342465753425,15.123287671232873,38.95890410958904
2024-06-10,4.47,-26.999999999999957,-10.999999999999943,-52.99999999999998,-27.601331668747356,-13.365159128978167,-60.418654173764885,48.0,100.0,75.23287671232876,34.13698630136986,24.21917808219178,67.5068493150685,45.80821917808219,40.602739726027394,94.73972602739725,15.06849315068493,39.28767123287671
2024-06-11,4.39,-18.99999999999995,9.000000000000075,-44.99999999999997,-19.60133166874735,6.634840871021851,-52.41865417376488,59.013698630136986,100.0,78.84931506849315,34.24657534246576,21.80821917808219,66.08219178082192,49.64383561643836,35.17808219178082,92.87671232876713,15.013698630136986,39.61643835616439
2024-06-12,4.31,-2.999999999999936,12.00000000000001,-36.999999999999964,-3.601331668747335,9.634840871021787,-44.41865417376487,67.61643835616438,100.0,77.26027397260275,32.986301369863014,20.164383561643838,64.87671232876713,36.65753424657534,34.79452054794521,91.3972602739726,18.9041095890411,40.0
2024-06-13,4.24,-2.000000000000046,12.00000000000001,-34.00000000000003,-2.601331668747445,9.634840871021787,-41.418654173764935,75.3972602739726,100.0,82.68493150684931,31.561643835616437,20.712328767123285,64.82191780821918,36.273972602739725,26.246575342465746,88.98630136986301,18.849315068493155,40.38356164383562
2024-06-14,4.2,1.9999999999999574,16.000000000000014,-35.00000000000001,1.3986683312525583,13.63484087102179,-42.418654173764914,78.1917808219178,100.0,86.57534246575342,32.164383561643845,19.068493150684933,63.83561643835616,34.3013698630137,22.849315068493155,87.56164383561644,18.794520547945197,40.87671232876713
2024-06-15,4.2,4.999999999999982,8.000000000000007,-37.000000000000014,4.398668331252583,5.634840871021783,-44.41865417376492,78.24657534246575,100.0,84.6027397260274,33.0958904109589,19.123287671232877,63.83561643835616,32.71232876712329,22.739726027397253,87.5068493150685,18.739726027397268,41.04109589041096
2024-06-16,4.2,4.999999999999982,8.000000000000007,-28.000000000000025,4.398668331252583,5.634840871021783,-35.418654173764935,78.30136986301369,100.0,81.80821917808218,32.0,19.17808219178082,63.83561643835616,32.0,22.68493150684931,87.45205479452055,18.68493150684931,41.26027397260273
2024-06-17,4.28,-3.000000000000025,0.0,-39.000000000000014,-3.6013316687474237,-2.3651591289782243,-46.41865417376492,71.67123287671232,100.0,80.82191780821918,31.61643835616438,19.232876712328768,65.0958904109589,40.43835616438356,24.76712328767124,90.52054794520548,12.328767123287676,41.97260273972603
2024-06-18,4.22,3.000000000000025,6.00000000000005,-32.999999999999964,2.398668331252626,3.6348408710218254,-40.41865417376487,76.98630136986301,99.96507922650487,82.46575342465754,33.0958904109589,18.465753424657535,64.98630136986301,39.61643835616439,24.657534246575338,88.16438356164383,10.68493150684931,42.794520547945204
2024-06-19,4.22,3.000000000000025,8.000000000000007,-32.999999999999964,2.398668331252626,5.634840871021783,-40.41865417376487,76.98630136986301,99.96507922650487,84.32876712328768,34.52054794520548,18.52054794520548,64.98630136986301,37.97260273972603,24.602739726027394,88.10958904109589,10.63013698630138,43.342465753424655
2024-06-20,4.25,-1.9999999999999574,3.000000000000025,-39.000000000000014,-2.601331668747356,0.6348408710218005,-46.41865417376492,74.63013698630137,97.24125889388449,81.58904109589041,34.9041095890411,20.0,66.1917808219178,38.84931506849315,20.93150684931507,89.0958904109589,12.273972602739718,43.67123287671233
2024-06-21,4.25,7.000000000000028,-4.999999999999982,-43.000000000000014,6.39866833125263,-7.365159128978206,-50.41865417376492,74.63013698630137,96.96257475228076,81.53424657534246,35.23287671232876,20.054794520547944,65.91780821917808,33.31506849315068,19.45205479452055,89.04109589041096,13.808219178082197,43.89041095890411
2024-06-22,4.25,4.0000000000000036,-7.000000000000028,-46.0,3.3986683312526047,-9.365159128978252,-53.41865417376491,74.57534246575342,96.96257475228076,80.71232876712328,35.50684931506849,20.10958904109589,65.91780821917808,19.123287671232877,19.561643835616437,88.98630136986301,13.75342465753424,44.10958904109589
2024-06-23,4.25,11.000000000000032,-7.000000000000028,-39.000000000000014,10.398668331252633,-9.365159128978252,-46.41865417376492,74.52054794520548,96.96257475228076,79.12328767123287,35.72602739726027,20.164383561643838,65.91780821917808,13.26027397260274,19.61643835616438,88.93150684931507,13.698630136986296,44.27397260273973
2024-06-24,4.25,11.000000000000032,-7.000000000000028,-43.99999999999999,10.398668331252633,-9.365159128978252,-51.4186541737649,74.52054794520548,97.02300405953991,74.84931506849315,36.438356164383556,19.506849315068493,65.20547945205479,16.547945205479454,22.465753424657535,88.87671232876713,15.726027397260282,44.657534246575345
2024-06-25,4.23,12.99999999999999,0.0,-42.000000000000036,12.39866833125259,-2.3651591289782243,-49.41865417376494,76.21917808219177,100.0,75.72602739726028,36.712328767123296,22.575342465753426,65.20547945205479,13.041095890410958,19.506849315068493,88.32876712328768,9.86301369863014,45.150684931506845
2024-06-26,4.32,16.000000000000014,-15.000000000000036,-51.00000000000002,15.398668331252615,-17.36515912897826,-58.41865417376493,66.35616438356165,100.0,72.32876712328768,37.09589041095891,26.73972602739726,66.68493150684932,10.246575342465754,19.726027397260268,91.72602739726027,9.808219178082183,45.91780821917808
2024-06-27,4.29,13.999999999999968,-12.99999999999999,-47.00000000000002,13.39866833125257,-15.365159128978213,-54.41865417376493,69.75342465753425,100.0,74.13698630136987,36.6027397260274,24.383561643835616,66.68493150684932,6.739726027397261,19.780821917808225,90.68493150684931,9.041095890410958,46.794520547945204
2024-06-28,4.36,0.0,-16.000000000000014,-53.00000000000003,-0.6013316687473991,-18.365159128978238,-60.418654173764935,62.35616438356165,98.07971944230604,61.15068493150685,37.09589041095891,30.684931506849317,67.34246575342465,8.657534246575342,19.945205479452056,92.43835616438356,8.54794520547945,47.12328767123287
2024-06-29,4.36,0.0,-11.000000000000032,-52.00000000000004,-0.6013316687473991,-13.365159128978256,-59.41865417376495,62.52054794520548,98.07971944230604,63.287671232876704,37.26027397260274,30.739726027397264,67.34246575342465,9.424657534246576,20.054794520547944,92.38356164383562,8.493150684931507,47.342465753424655
2024-06-30,4.36,-8.000000000000007,-11.000000000000032,-49.00000000000002,-8.601331668747406,-13.365159128978256,-56.41865417376493,62.68493150684932,98.07971944230604,59.342465753424655,38.246575342465746,30.794520547945204,71.34246575342465,7.561643835616438,20.164383561643845,92.32876712328768,8.438356164383563,47.61643835616438
2024-07-01,4.48,-20.000000000000018,-23.000000000000043,-57.00000000000003,-20.601331668747417,-25.365159128978267,-64.41865417376493,47.506849315068486,100.0,40.71232876712329,41.15068493150685,34.95890410958904,69.0958904109589,16.43835616438356,20.219178082191775,95.01369863013699,6.958904109589042,61.64383561643836
2024-07-02,4.43,-14.999999999999947,-16.999999999999993,-51.99999999999996,-15.601331668747346,-19.365159128978217,-59.418654173764864,54.3013698630137,100.0,53.205479452054796,42.9041095890411,33.534246575342465,68.76712328767124,13.534246575342465,18.52054794520548,93.58904109589041,8.986301369863014,61.80821917808219
2024-07-03,4.36,-8.000000000000007,-11.000000000000032,-45.000000000000014,-8.601331668747406,-13.365159128978256,-52.41865417376492,63.28767123287671,100.0,62.90410958904109,44.54794520547946,30.849315068493148,68.10958904109589,17.534246575342465,23.123287671232873,92.16438356164383,10.301369863013704,61.917808219178085
2024-07-04,4.36,-6.00000000000005,-8.000000000000007,-45.000000000000014,-6.601331668747449,-10.365159128978231,-52.41865417376492,63.45205479452055,100.0,62.95890410958904,46.02739726027397,30.904109589041095,68.10958904109589,17.534246575342465,23.013698630136986,92.10958904109589,10.24657534246576,62.24657534246575
2024-07-05,4.28,0.0,-1.0000000000000675,-44.00000000000004,-0.6013316687473991,-3.365159128978292,-51.41865417376495,72.71232876712328,100.0,67.78082191780823,47.06849315068493,33.369863013698634,68.65753424657534,21.315068493150687,18.52054794520548,89.97260273972603,10.191780821917803,62.63013698630137
2024-07-06,4.28,-8.000000000000007,-8.000000000000007,-51.00000000000002,-8.601331668747406,-10.365159128978231,-58.41865417376493,72.87671232876713,100.0,67.83561643835615,48.328767123287676,33.42465753424658,68.65753424657534,21.315068493150687,18.52054794520548,89.91780821917808,10.13698630136986,63.013698630136986
2024-07-07,4.28,-10.000000000000053,-8.000000000000007,-55.00000000000003,-10.601331668747452,-10.365159128978231,-62.418654173764935,72.98630136986301,100.0,75.56164383561644,48.21917808219178,33.47945205479452,68.65753424657534,18.356164383561644,18.52054794520548,89.86301369863014,10.082191780821915,63.50684931506849
2024-07-08,4.28,-10.000000000000053,-8.000000000000007,-56.00000000000001,-10.601331668747452,-10.365159128978231,-63.418654173764914,73.0958904109589,100.0,82.08219178082192,47.83561643835617,32.054794520547944,68.10958904109589,23.123287671232877,21.698630136986296,89.8082191780822,10.027397260273972,64.0
2024-07-09,4.3,-12.00000000000001,-12.99999999999999,-57.999999999999964,-12.60133166874741,-15.365159128978213,-65.41865417376488,70.52054794520548,100.0,76.27397260273973,45.205479452054796,33.15068493150685,67.56164383561644,29.91780821917808,18.52054794520548,90.52054794520548,8.602739726027394,64.65753424657535
2024-07-10,4.28,-4.999999999999982,-12.99999999999999,-56.00000000000001,-5.601331668747381,-15.365159128978213,-63.418654173764914,73.58904109589041,100.0,74.95890410958904,42.73972602739726,32.109589041095894,68.16438356164383,32.76712328767123,18.52054794520548,89.6986301369863,8.54794520547945,65.26027397260273
2024-07-11,4.2,-3.000000000000025,-11.000000000000032,-50.0,-3.6013316687474237,-13.365159128978256,-57.41865417376491,80.65753424657535,91.99440657227757,79.06849315068493,40.54794520547945,34.95890410958904,67.06849315068493,17.041095890410958,16.493150684931507,86.08219178082192,7.397260273972606,65.8082191780822
2024-07-12,4.18,-1.9999999999999574,-18.99999999999995,-52.99999999999998,-2.601331668747356,-21.365159128978174,-60.418654173764885,82.73972602739727,93.43209229155742,80.27397260273973,38.84931506849315,35.89041095890411,66.84931506849315,23.671232876712327,16.493150684931507,85.36986301369863,7.342465753424648,66.08219178082192
2024-07-13,4.18,2.000000000000046,-37.999999999999986,-52.99999999999998,1.3986683312526471,-40.36515912897821,-60.418654173764885,82.9041095890411,93.43209229155742,72.6027397260274,37.42465753424658,35.94520547945205,66.84931506849315,22.63013698630137,16.493150684931507,85.31506849315068,7.287671232876718,66.30136986301369
2024-07-14,4.18,7.000000000000028,-37.999999999999986,-49.99999999999996,6.39866833125263,-40.36515912897821,-57.418654173764864,82.95890410958904,93.3698001676298,64.98630136986301,46.57534246575342,36.0,66.84931506849315,30.027397260273975,16.493150684931507,85.26027397260273,7.2328767123287605,66.57534246575342
2024-07-15,4.23,1.9999999999999574,-43.00000000000006,-57.00000000000003,1.3986683312525583,-45.365159128978284,-64.41865417376493,78.57534246575342,94.40088593576965,47.06849315068493,58.9041095890411,37.917808219178085,68.38356164383562,21.315068493150687,16.71232876712328,87.45205479452055,7.178082191780817,66.68493150684932
2024-07-16,4.17,8.000000000000007,-39.000000000000014,-50.99999999999998,7.398668331252608,-41.36515912897824,-58.418654173764885,84.16438356164383,94.65337763012181,63.12328767123287,60.87671232876713,36.54794520547945,67.78082191780823,9.424657534246576,18.849315068493155,84.71232876712328,6.794520547945211,67.01369863013699
2024-07-17,4.16,9.999999999999964,-26.00000000000002,-50.0,9.398668331252566,-28.365159128978245,-57.41865417376491,85.0958904109589,84.01328903654485,74.08219178082192,59.06849315068493,36.602739726027394,67.78082191780823,10.52054794520548,18.958904109589042,84.43835616438356,6.739726027397268,67.45205479452055
2024-07-18,4.2,4.999999999999982,-24.00000000000002,-57.00000000000003,4.398668331252583,-26.365159128978245,-64.41865417376493,80.76712328767124,81.3086731119518,69.69863013698631,59.61643835616439,36.65753424657534,69.6986301369863,5.589041095890411,17.58904109589041,85.97260273972603,7.178082191780817,67.94520547945206
2024-07-19,4.25,3.000000000000025,-25.99999999999998,-60.00000000000001,2.398668331252626,-28.365159128978203,-67.4186541737649,76.65753424657534,77.8291532389893,65.47945205479452,61.64383561643836,37.04109589041096,70.02739726027397,7.835616438356165,17.643835616438352,88.0,7.06849315068493,68.32876712328766
2024-07-20,4.25,1.9999999999999574,-31.000000000000007,-54.999999999999986,1.3986683312525583,-33.365159128978235,-62.41865417376489,76.6027397260274,77.8291532389893,70.79452054794521,64.4931506849315,37.0958904109589,70.02739726027397,5.972602739726027,17.808219178082197,87.94520547945206,7.013698630136986,68.82191780821918
2024-07-21,4.25,-4.999999999999982,-31.000000000000007,-52.0,-5.601331668747381,-33.365159128978235,-59.41865417376491,76.6027397260274,77.8291532389893,63.78082191780822,65.04109589041096,37.15068493150685,70.02739726027397,7.178082191780821,17.972602739726028,87.89041095890411,6.958904109589042,69.31506849315068
2024-07-22,4.26,-5.999999999999961,-31.999999999999986,-52.99999999999998,-6.60133166874736,-34.36515912897821,-60.418654173764885,75.72602739726028,82.32372898023405,55.232876712328775,64.65753424657535,37.205479452054796,69.58904109589041,6.136986301369863,17.20547945205479,88.65753424657534,6.904109589041099,69.75342465753425
2024-07-23,4.25,-4.999999999999982,-35.00000000000001,-52.0,-5.601331668747381,-37.365159128978235,-59.41865417376491,76.65753424657534,80.82899006785328,40.43835616438356,68.87671232876713,40.328767123287676,69.53424657534246,4.438356164383562,16.16438356164383,87.78082191780823,5.753424657534239,70.24657534246576
2024-07-24,4.28,-11.000000000000032,-43.000000000000014,-55.00000000000003,-11.60133166874743,-45.36515912897824,-62.418654173764935,73.53424657534246,66.63388730455306,25.424657534246574,72.87671232876713,40.71232876712329,69.20547945205479,3.6712328767123292,12.0,89.64383561643835,5.69863013698631,70.73972602739727
2024-07-25,4.27,-11.999999999999922,-43.99999999999995,-51.99999999999996,-12.60133166874732,-46.36515912897818,-59.418654173764864,74.73972602739727,62.48402006096961,31.397260273972606,74.02739726027397,40.657534246575345,69.20547945205479,7.4520547945205475,14.082191780821915,89.0958904109589,4.821917808219183,71.17808219178082
2024-07-26,4.2,-11.000000000000032,-28.000000000000025,-46.0,-11.60133166874743,-30.36515912897825,-53.41865417376491,81.04109589041096,66.06844330809322,36.602739726027394,74.57534246575342,40.0,68.4931506849315,5.095890410958904,12.109589041095887,85.53424657534246,4.547945205479451,71.34246575342465
2024-07-27,4.2,-20.999999999999996,-31.000000000000007,-41.000000000000014,-21.601331668747395,-33.365159128978235,-48.41865417376492,81.04109589041096,66.06844330809322,43.890410958904106,75.56164383561644,40.054794520547944,68.4931506849315,4.821917808219178,12.164383561643831,85.47945205479452,4.493150684931507,71.6164383561644
2024-07-28,4.2,-40.000000000000036,-31.000000000000007,-41.000000000000014,-40.601331668747434,-33.365159128978235,-48.41865417376492,80.87671232876713,66.06844330809322,37.47945205479452,78.02739726027397,40.10958904109589,68.4931506849315,4.821917808219178,12.219178082191789,85.42465753424658,4.438356164383563,71.78082191780823
2024-07-29,4.17,-37.000000000000014,-27.99999999999998,-41.99999999999999,-37.60133166874741,-30.365159128978203,-49.4186541737649,83.83561643835617,66.75189300816207,41.863013698630134,84.6027397260274,38.84931506849315,67.23287671232876,4.164383561643835,11.945205479452056,84.05479452054794,4.7671232876712395,72.0
2024-07-30,4.15,-35.00000000000006,-29.00000000000005,-40.000000000000036,-35.601331668747456,-31.365159128978274,-47.41865417376494,85.8082191780822,61.38263349395221,51.23287671232877,84.6027397260274,38.794520547945204,67.23287671232876,3.232876712328767,12.38356164383562,83.34246575342466,4.1095890410959015,72.21917808219177
2024-07-31,4.09,-31.000000000000007,-27.0,-33.999999999999986,-31.601331668747406,-29.365159128978224,-41.41865417376489,89.36986301369863,72.57350771953978,60.273972602739725,84.71232876712328,38.410958904109584,76.87671232876713,4.931506849315069,11.06849315068493,81.75342465753425,2.684931506849324,72.43835616438356
2024-08-01,3.99,-9.00000000000003,-20.000000000000018,-18.000000000000014,-9.601331668747429,-22.36515912897824,-25.41865417376492,91.89041095890411,63.09371619628282,65.64383561643835,85.0958904109589,40.10958904109589,74.9041095890411,2.73972602739726,9.479452054794521,79.45205479452055,2.684931506849324,82.30136986301369
2024-08-02,3.8,16.000000000000014,6.000000000000005,-5.999999999999961,15.398668331252615,3.634840871021781,-13.418654173764867,96.10958904109589,53.90893893204838,80.4931506849315,66.08219178082192,41.205479452054796,71.89041095890411,3.5616438356164384,6.630136986301366,73.36986301369862,1.4246575342465775,82.35616438356165
2024-08-03,3.8,19.00000000000004,1.000000000000023,-0.9999999999999787,18.39866833125264,-1.3651591289782012,-8.418654173764885,95.89041095890411,53.90893893204838,78.68493150684932,53.6986301369863,41.26027397260274,71.89041095890411,3.506849315068493,6.68493150684931,73.31506849315069,1.4246575342465775,82.35616438356165
2024-08-04,3.8,14.000000000000012,1.000000000000023,5.000000000000027,13.398668331252614,-1.3651591289782012,-2.41865417376488,95.72602739726027,53.90893893204838,77.75342465753424,46.082191780821915,41.31506849315068,71.89041095890411,6.191780821917808,6.739726027397268,73.26027397260273,1.4246575342465775,82.1917808219178
2024-08-05,3.78,16.000000000000014,3.000000000000025,20.000000000000018,15.398668331252615,0.6348408710218005,12.581345826235111,96.32876712328768,43.22942275543318,85.6986301369863,20.0,41.150684931506845,72.65753424657535,4.219178082191781,5.479452054794521,73.04109589041096,2.4109589041095774,82.08219178082192
2024-08-06,3.9,4.0000000000000036,-8.000000000000007,8.000000000000007,3.3986683312526047,-10.365159128978231,0.5813458262351006,93.47945205479452,46.489330317632025,74.84931506849315,13.75342465753424,41.205479452054796,73.26027397260273,8.493150684931507,7.452054794520549,77.0958904109589,2.4109589041095774,81.97260273972603
2024-08-07,3.96,-6.000000000000005,-12.99999999999999,2.0000000000000018,-6.601331668747404,-15.365159128978213,-5.418654173764905,91.94520547945206,42.30996164814633,81.04109589041096,15.123287671232873,41.863013698630134,73.0958904109589,4.438356164383562,7.123287671232887,78.41095890410959,2.4109589041095774,81.8082191780822
2024-08-08,3.99,-14.000000000000012,-15.000000000000036,4.0000000000000036,-14.601331668747411,-17.36515912897826,-3.418654173764903,91.5068493150685,53.29924279673518,78.35616438356165,17.58904109589041,41.75342465753425,73.31506849315069,3.287671232876712,7.61643835616438,79.3972602739726,2.0821917808219155,81.69863013698631
2024-08-09,3.94,-10.999999999999988,-6.999999999999984,10.000000000000009,-11.601331668747386,-9.365159128978208,2.5813458262351023,92.21917808219177,55.08407906382142,82.63013698630137,19.726027397260268,41.205479452054796,72.87671232876713,3.7260273972602738,8.164383561643845,77.91780821917808,2.0821917808219155,81.58904109589041
2024-08-10,3.94,-2.0000000000000018,-2.9999999999999805,11.999999999999966,-2.6013316687474006,-5.365159128978204,4.58134582623506,92.16438356164383,55.08407906382142,89.42465753424658,21.589041095890423,41.26027397260274,72.87671232876713,2.7945205479452055,8.273972602739718,77.86301369863014,2.0821917808219155,81.47945205479452
2024-08-11,3.94,-4.999999999999982,-2.9999999999999805,14.999999999999991,-5.601331668747381,-5.365159128978204,7.581345826235085,92.05479452054794,55.08407906382142,86.46575342465754,21.753424657534254,41.31506849315068,72.87671232876713,2.5753424657534247,8.328767123287676,77.8082191780822,2.0821917808219155,81.31506849315069
2024-08-12,3.9,-0.9999999999999787,1.000000000000023,18.000000000000014,-1.6013316687473778,-1.3651591289782012,10.581345826235108,93.31506849315069,55.54626806962336,83.28767123287672,19.342465753424648,41.369863013698634,73.26027397260273,2.191780821917808,8.109589041095887,76.76712328767124,2.0821917808219155,81.20547945205479
2024-08-13,3.85,4.0000000000000036,6.000000000000005,23.0,3.3986683312526047,3.634840871021781,15.581345826235093,93.86301369863014,64.68679319500443,85.2054794520548,19.28767123287672,41.6986301369863,72.82191780821918,1.8630136986301369,7.452054794520549,75.17808219178082,1.7534246575342394,81.15068493150685
2024-08-14,3.83,2.9999999999999805,0.9999999999999787,25.0,2.3986683312525816,-1.3651591289782457,17.581345826235093,94.08219178082192,63.28430364122608,85.2054794520548,20.767123287671225,41.42465753424657,72.54794520547945,1.8630136986301369,10.465753424657535,74.1917808219178,2.0821917808219155,81.0958904109589
2024-08-15,3.92,-10.000000000000009,-14.999999999999991,16.000000000000014,-10.601331668747408,-17.365159128978217,8.581345826235108,92.16438356164383,72.5398313027179,82.73972602739727,22.301369863013704,40.38356164383561,73.64383561643837,3.890410958904109,14.082191780821915,77.36986301369863,2.027397260273972,81.04109589041096
2024-08-16,3.89,-10.000000000000009,-16.000000000000014,14.000000000000012,-10.601331668747408,-18.365159128978238,6.581345826235106,93.0958904109589,73.05008851400603,84.05479452054794,24.16438356164383,40.16438356164384,72.82191780821918,1.8630136986301369,13.205479452054789,76.32876712328768,2.630136986301366,80.93150684931507
2024-08-17,3.89,-3.000000000000025,-16.999999999999993,12.999999999999945,-3.6013316687474237,-19.365159128978217,5.581345826235038,92.98630136986301,73.05008851400603,82.79452054794521,26.739726027397253,40.21917808219178,72.82191780821918,1.7534246575342465,13.369863013698634,76.27397260273972,2.630136986301366,80.82191780821918
2024-08-18,3.89,-8.000000000000007,-16.999999999999993,19.99999999999997,-8.601331668747406,-19.365159128978217,12.581345826235065,92.65753424657534,72.24813682912445,84.93150684931507,28.328767123287662,40.273972602739725,72.82191780821918,2.0273972602739727,13.698630136986296,76.21917808219177,2.630136986301366,80.7123287671233
2024-08-19,3.86,-4.999999999999982,-13.999999999999968,22.00000000000002,-5.601331668747381,-16.365159128978192,14.581345826235115,93.64383561643835,77.03328190434208,85.86301369863014,29.75342465753424,38.84931506849315,72.71232876712328,2.5205479452054798,14.630136986301366,75.06849315068493,1.9726027397260282,80.6027397260274
2024-08-20,3.82,-0.9999999999999787,-11.999999999999966,26.00000000000002,-1.6013316687473778,-14.36515912897819,18.581345826235115,94.13698630136986,75.52612380043774,85.31506849315068,28.657534246575338,40.0,72.71232876712328,6.2465753424657535,14.13698630136986,73.26027397260273,1.5890410958904084,80.43835616438356
2024-08-21,3.79,2.9999999999999805,-14.000000000000012,29.000000000000004,2.3986683312525816,-16.365159128978238,21.581345826235097,94.41095890410959,77.7709186823054,84.05479452054794,30.082191780821915,41.47945205479452,72.71232876712328,5.095890410958904,14.356164383561648,72.21917808219177,1.5890410958904084,80.32876712328766
2024-08-22,3.86,-2.9999999999999805,-20.999999999999996,33.00000000000005,-3.6013316687473793,-23.36515912897822,25.581345826235143,92.98630136986301,70.33503563611875,80.4931506849315,29.534246575342465,41.42465753424657,73.31506849315069,5.424657534246576,13.369863013698634,75.01369863013699,2.027397260273972,80.16438356164383
2024-08-23,3.81,2.9999999999999805,-12.99999999999999,39.000000000000014,2.3986683312525816,-15.365159128978213,31.581345826235108,94.13698630136986,75.10522476008755,82.13698630136986,28.0,42.02739726027397,74.3013698630137,5.36986301369863,13.534246575342465,72.87671232876713,1.3150684931506902,80.05479452054794
2024-08-24,3.81,6.000000000000005,-14.999999999999991,43.000000000000014,5.3986683312526065,-17.365159128978217,35.58134582623511,94.02739726027397,75.10522476008755,87.56164383561644,25.47945205479452,42.08219178082192,74.3013698630137,7.561643835616438,14.027397260273972,72.82191780821918,1.3150684931506902,79.83561643835617
2024-08-25,3.81,10.000000000000009,-14.999999999999991,39.99999999999999,9.39866833125261,-17.365159128978217,32.581345826235086,94.02739726027397,75.10522476008755,81.31506849315069,22.465753424657535,42.13698630136986,74.3013698630137,14.136986301369864,14.301369863013704,72.76712328767124,1.3150684931506902,79.67123287671232
2024-08-26,3.82,9.00000000000003,-15.99999999999997,43.000000000000014,8.398668331252631,-18.365159128978195,35.58134582623511,93.58904109589041,70.62685897076155,80.54794520547945,24.109589041095887,41.97260273972603,75.5068493150685,15.726027397260273,14.575342465753423,73.15068493150685,1.0958904109589014,79.3972602739726
2024-08-27,3.83,8.000000000000007,-20.000000000000018,41.99999999999999,7.398668331252608,-22.36515912897824,34.581345826235086,92.87671232876713,72.02985577192884,82.52054794520548,27.561643835616437,43.50684931506849,75.5068493150685,26.575342465753426,13.260273972602747,73.8082191780822,1.0410958904109577,79.23287671232876
2024-08-28,3.84,7.000000000000028,-18.999999999999993,41.000000000000014,6.39866833125263,-21.365159128978217,33.58134582623511,92.05479452054794,66.68724395308378,84.54794520547945,30.246575342465746,43.50684931506849,75.5068493150685,17.863013698630137,13.589041095890408,74.46575342465754,1.0410958904109577,79.01369863013699
2024-08-29,3.87,-3.000000000000025,-16.999999999999993,41.000000000000014,-3.6013316687474237,-19.365159128978217,33.58134582623511,91.56164383561644,66.18216510466355,82.95890410958904,32.0,43.45205479452055,75.89041095890411,14.684931506849317,15.945205479452056,75.45205479452055,1.4794520547945211,78.79452054794521
2024-08-30,3.91,-14.000000000000012,-18.000000000000014,37.000000000000014,-14.601331668747411,-20.365159128978238,29.581345826235108,90.46575342465754,71.33958134575454,77.97260273972603,34.35616438356165,43.45205479452055,75.5068493150685,18.958904109589042,16.054794520547944,76.98630136986301,1.5342465753424648,78.63013698630137
2024-08-31,3.91,-18.000000000000014,-18.000000000000014,37.999999999999986,-18.601331668747413,-20.365159128978238,30.58134582623508,90.24657534246575,71.33958134575454,79.94520547945206,37.863013698630134,43.45205479452055,81.20547945205479,20.82191780821918,16.219178082191775,76.93150684931507,1.5342465753424648,78.30136986301369
2024-09-01,3.91,-18.999999999999993,-18.000000000000014,37.000000000000014,-19.60133166874739,-20.365159128978238,29.581345826235108,90.02739726027397,71.33958134575454,80.76712328767123,41.26027397260273,43.45205479452055,77.86301369863014,25.36986301369863,16.438356164383563,76.87671232876713,1.5342465753424648,83.01369863013699
2024-09-02,3.91,-18.999999999999993,-18.000000000000014,46.0,-19.60133166874739,-20.365159128978238,38.58134582623509,89.86301369863014,71.33958134575454,85.86301369863014,43.61643835616439,43.50684931506849,77.86301369863014,32.43835616438356,16.986301369863014,76.82191780821918,1.5342465753424648,82.84931506849315
2024-09-03,3.84,-11.999999999999966,-8.999999999999986,53.00000000000003,-12.601331668747365,-11.36515912897821,45.58134582623512,91.78082191780823,57.50042089904035,89.20547945205479,44.49315068493151,42.9041095890411,77.75342465753425,12.821917808219178,12.876712328767127,74.13698630136986,1.0958904109589014,82.68493150684932
2024-09-04,3.77,-6.999999999999984,-2.9999999999999805,60.00000000000001,-7.601331668747383,-5.365159128978204,52.5813458262351,93.75342465753425,56.51271115101858,90.95890410958904,43.67123287671233,43.67123287671233,77.42465753424658,15.232876712328766,13.041095890410958,71.01369863013699,1.0410958904109577,82.46575342465754
2024-09-05,3.73,-8.000000000000007,6.000000000000005,57.999999999999964,-8.601331668747406,3.634840871021781,50.58134582623506,94.63013698630137,56.53515909983725,92.76712328767124,45.75342465753425,43.17808219178082,76.7123287671233,17.36986301369863,13.205479452054789,69.6986301369863,1.0410958904109577,82.30136986301369
2024-09-06,3.72,-7.000000000000028,6.999999999999984,53.99999999999996,-7.601331668747427,4.63484087102176,46.58134582623505,94.68493150684931,45.19333295920085,92.32876712328768,47.561643835616444,45.26027397260274,76.7123287671233,14.904109589041095,13.424657534246577,69.31506849315068,1.0410958904109577,82.13698630136986
2024-09-07,3.72,-4.0000000000000036,2.9999999999999805,69.99999999999997,-4.601331668747402,0.6348408710217561,62.581345826235065,94.52054794520548,45.19333295920085,90.41095890410958,50.02739726027397,45.26027397260274,76.7123287671233,18.027397260273972,13.808219178082197,69.26027397260273,1.0410958904109577,81.75342465753425
2024-09-08,3.72,-6.000000000000005,2.9999999999999805,58.99999999999994,-6.601331668747404,0.6348408710217561,51.58134582623504,94.3013698630137,45.19333295920085,88.76712328767124,52.21917808219178,45.26027397260274,76.7123287671233,21.91780821917808,14.356164383561648,69.20547945205479,1.0410958904109577,81.47945205479452
2024-09-09,3.7,-4.0000000000000036,4.999999999999982,59.999999999999964,-4.601331668747402,2.634840871021758,52.58134582623506,94.68493150684931,50.446152982771196,86.79452054794521,53.80821917808219,43.78082191780822,77.04109589041096,21.47945205479452,14.739726027397253,68.43835616438356,0.9863013698630141,81.15068493150685
2024-09-10,3.65,1.000000000000023,16.000000000000014,64.99999999999999,0.398668331252624,13.63484087102179,57.58134582623508,95.17808219178082,54.30158819237892,86.35616438356163,56.602739726027394,45.369863013698634,76.54794520547945,25.150684931506852,13.260273972602747,67.17808219178082,0.9315068493150704,80.93150684931507
2024-09-11,3.65,-2.0000000000000018,9.00000000000003,64.99999999999999,-2.6013316687474006,6.634840871021806,57.58134582623508,95.06849315068493,63.43790336158034,73.8082191780822,58.68493150684932,43.83561643835616,77.0958904109589,26.027397260273972,12.821917808219169,67.12328767123287,1.0958904109589014,80.6027397260274
2024-09-12,3.68,-3.000000000000025,10.999999999999988,61.999999999999964,-3.6013316687474237,8.634840871021764,54.58134582623506,94.57534246575342,67.282351616173,71.01369863013699,57.86301369863014,44.657534246575345,77.47945205479452,24.82191780821918,14.13698630136986,67.5068493150685,0.9315068493150704,80.43835616438356
2024-09-13,3.66,4.0000000000000036,18.999999999999993,76.99999999999996,3.3986683312526047,16.63484087102177,69.58134582623505,94.68493150684931,69.15193152382025,71.8904109589041,57.97260273972603,46.24657534246575,77.97260273972603,23.89041095890411,16.54794520547945,67.17808219178082,0.7123287671232816,80.16438356164383
2024-09-14,3.66,6.999999999999984,31.999999999999986,78.00000000000003,6.398668331252585,29.634840871021762,70.58134582623512,94.63013698630137,69.15193152382025,67.94520547945206,58.465753424657535,46.3013698630137,77.97260273972603,30.46575342465753,16.76712328767124,67.12328767123287,0.7123287671232816,79.89041095890411
2024-09-15,3.66,6.999999999999984,31.999999999999986,76.99999999999996,6.398668331252585,29.634840871021762,69.58134582623505,94.41095890410959,66.56494140625,80.43835616438356,59.178082191780824,46.3013698630137,77.97260273972603,24.93150684931507,16.986301369863014,67.06849315068493,0.657534246575338,79.56164383561644
2024-09-16,3.63,10.000000000000009,35.00000000000001,79.99999999999999,9.39866833125261,32.63484087102178,72.58134582623508,94.84931506849315,63.95748863496744,87.06849315068493,59.83561643835616,45.47945205479452,78.1917808219178,39.67123287671233,18.794520547945197,66.63013698630137,0.6027397260274086,79.28767123287672
2024-09-17,3.65,8.000000000000007,38.000000000000036,77.99999999999999,7.398668331252608,35.63484087102181,70.58134582623508,94.1917808219178,63.759305210918114,88.10958904109589,60.71232876712329,45.42465753424658,78.57534246575342,54.68493150684931,20.821917808219183,66.84931506849315,0.6027397260274086,78.9041095890411
2024-09-18,3.7,4.999999999999982,33.999999999999986,72.99999999999996,4.398668331252583,31.634840871021762,65.58134582623505,92.27397260273973,61.52605459057072,76.98630136986301,60.821917808219176,46.3013698630137,78.57534246575342,53.58904109589041,22.63013698630138,68.38356164383562,0.4383561643835634,78.41095890410959
2024-09-19,3.73,1.000000000000023,32.999999999999964,69.0,0.398668331252624,30.63484087102174,61.58134582623509,91.3972602739726,73.95781637717121,75.06849315068493,61.15068493150685,47.94520547945205,78.84931506849315,57.041095890410965,22.79452054794521,69.64383561643835,4.821917808219183,77.91780821917808
2024-09-20,3.73,6.000000000000005,35.999999999999986,65.99999999999997,5.3986683312526065,33.63484087102176,58.581345826235065,91.23287671232876,72.90967160359801,72.87671232876713,62.3013698630137,51.28767123287671,78.73972602739727,46.9041095890411,23.013698630136986,69.58904109589041,3.013698630136986,77.53424657534246
2024-09-21,3.73,6.000000000000005,35.00000000000001,68.00000000000001,5.3986683312526065,32.63484087102178,60.58134582623511,90.95890410958904,72.90967160359801,71.17808219178082,63.12328767123287,51.28767123287671,78.73972602739727,41.205479452054796,23.23287671232876,69.53424657534246,3.013698630136986,76.93150684931507
2024-09-22,3.73,2.0000000000000018,35.00000000000001,69.99999999999997,1.3986683312526027,32.63484087102178,62.581345826235065,90.84931506849315,72.90967160359801,67.23287671232877,64.10958904109589,51.28767123287671,78.73972602739727,46.9041095890411,24.0,69.47945205479452,3.013698630136986,76.4931506849315
2024-09-23,3.75,0.0,33.00000000000001,66.00000000000001,-0.6013316687473991,30.634840871021783,58.58134582623511,90.1917808219178,79.65880893300248,60.38356164383561,64.0,51.28767123287671,79.01369863013699,38.794520547945204,27.287671232876704,70.24657534246576,2.684931506849324,76.0
2024-09-24,3.74,0.9999999999999787,33.999999999999986,67.0,0.3986683312525796,31.634840871021762,59.58134582623509,90.3013698630137,81.8362282878412,63.94520547945205,63.89041095890411,55.61643835616439,79.34246575342466,39.12328767123287,26.082191780821915,69.8082191780822,2.2465753424657464,75.45205479452055
2024-09-25,3.79,2.0000000000000018,24.00000000000002,62.000000000000014,1.3986683312526027,21.634840871021797,54.58134582623511,88.16438356164383,81.32462563493634,55.013698630136986,64.65753424657535,56.602739726027394,79.23287671232876,54.08219178082192,28.054794520547944,71.45205479452055,2.520547945205479,75.06849315068493
2024-09-26,3.79,-4.999999999999982,22.999999999999954,47.99999999999996,-5.601331668747381,20.63484087102173,40.58134582623505,87.45205479452055,85.11696692659318,58.41095890410959,65.04109589041096,51.89041095890411,79.01369863013699,76.16438356164383,28.38356164383562,71.3972602739726,2.520547945205479,74.52054794520548
2024-09-27,3.75,4.0000000000000036,33.999999999999986,54.999999999999986,3.3986683312526047,31.634840871021762,47.58134582623508,89.20547945205479,81.76257058349019,61.80821917808219,64.82191780821918,52.493150684931514,78.73972602739727,76.4931506849315,27.013698630136986,70.08219178082192,2.2465753424657464,74.08219178082192
2024-09-28,3.75,10.000000000000009,33.00000000000001,50.0,9.39866833125261,30.634840871021783,42.58134582623509,88.98630136986301,81.76257058349019,57.205479452054796,64.7123287671233,52.493150684931514,78.73972602739727,71.12328767123289,27.06849315068493,70.02739726027397,2.191780821917817,72.65753424657535
2024-09-29,3.75,23.0,33.00000000000001,50.0,22.3986683312526,30.634840871021783,42.58134582623509,88.6027397260274,81.76257058349019,49.80821917808219,61.80821917808219,52.493150684931514,78.73972602739727,76.21917808219179,27.287671232876704,69.97260273972603,2.191780821917817,71.78082191780823
2024-09-30,3.81,16.999999999999993,27.0,36.999999999999964,16.398668331252594,24.634840871021776,29.581345826235058,84.93150684931507,82.83140629201398,46.9041095890411,58.849315068493155,47.45205479452055,81.0958904109589,64.87671232876713,33.150684931506845,72.21917808219177,1.2602739726027465,71.6164383561644
2024-10-01,3.74,23.99999999999998,45.000000000000014,43.99999999999995,23.39866833125258,42.63484087102179,36.581345826235044,88.4931506849315,75.13444474321054,62.465753424657535,59.45205479452055,47.013698630136986,77.04109589041096,61.534246575342465,29.972602739726028,69.42465753424658,0.7671232876712395,71.5068493150685
2024-10-02,3.79,24.00000000000002,41.000000000000014,38.99999999999997,23.398668331252622,38.63484087102179,31.581345826235065,85.26027397260273,76.06883570852379,49.86301369863014,59.342465753424655,47.94520547945205,77.58904109589041,75.45205479452055,31.671232876712324,71.28767123287672,1.3698630136986338,71.45205479452055
2024-10-03,3.85,18.999999999999993,39.000000000000014,34.00000000000003,18.398668331252594,36.63484087102179,26.581345826235122,79.5068493150685,75.5445012100027,42.41095890410959,60.0,47.45205479452055,77.58904109589041,57.75342465753425,35.39726027397259,74.52054794520548,1.9178082191780845,71.3972602739726
2024-10-04,3.98,7.999999999999963,23.0,25.000000000000043,7.398668331252564,20.634840871021776,17.581345826235136,65.31506849315068,81.91718203818232,35.178082191780824,60.38356164383561,44.49315068493151,78.08219178082192,64.38356164383562,48.76712328767123,79.17808219178082,3.178082191780817,71.34246575342465
2024-10-05,3.98,10.999999999999988,27.0,21.000000000000043,10.398668331252589,24.634840871021776,13.581345826235136,65.0958904109589,81.91718203818232,37.0958904109589,60.65753424657534,44.54794520547945,78.08219178082192,64.0,48.986301369863014,79.12328767123287,3.178082191780817,71.28767123287672
2024-10-06,3.98,10.000000000000009,27.0,18.999999999999993,9.39866833125261,24.634840871021776,11.581345826235086,64.76712328767124,81.91718203818232,38.794520547945204,61.205479452054796,44.602739726027394,78.08219178082192,60.38356164383561,49.42465753424658,79.06849315068493,3.178082191780817,71.17808219178082
2024-10-07,4.03,4.999999999999982,21.999999999999975,12.00000000000001,4.398668331252583,19.63484087102175,4.581345826235104,59.3972602739726,75.61172358160796,34.52054794520548,54.465753424657535,44.49315068493151,78.84931506849315,70.95890410958904,57.42465753424658,80.43835616438356,3.6164383561643803,71.12328767123287
2024-10-08,4.04,4.0000000000000036,24.00000000000002,11.000000000000032,3.3986683312526047,21.634840871021797,3.5813458262351254,57.86301369863014,83.8330196289325,38.02739726027397,52.05479452054795,45.09589041095891,78.84931506849315,68.27397260273973,55.06849315068493,80.6027397260274,3.178082191780817,70.79452054794521
2024-10-09,4.06,2.000000000000046,22.000000000000064,9.000000000000075,1.3986683312526471,19.63484087102184,1.581345826235168,54.84931506849315,88.26969615488034,42.9041095890411,50.84931506849315,45.15068493150685,79.17808219178082,51.94520547945205,57.42465753424658,81.20547945205479,3.6164383561643803,70.35616438356163
2024-10-10,4.09,-5.999999999999961,20.000000000000018,11.000000000000032,-6.60133166874736,17.634840871021794,3.5813458262351254,50.410958904109584,87.36219413820919,38.84931506849315,50.794520547945204,46.35616438356164,79.83561643835617,52.87671232876713,57.64383561643835,81.69863013698631,3.7260273972602818,69.91780821917808
2024-10-11,4.08,-6.00000000000005,20.000000000000018,13.999999999999968,-6.601331668747449,17.634840871021794,6.5813458262350615,51.23287671232877,87.90669534821188,34.52054794520548,50.24657534246575,46.73972602739726,79.83561643835617,53.6986301369863,57.80821917808219,81.47945205479452,3.9452054794520564,69.53424657534246
2024-10-12,4.08,0.9999999999999787,29.000000000000004,17.99999999999997,0.3986683312525796,26.63484087102178,10.581345826235065,50.84931506849315,87.90669534821188,34.52054794520548,48.6027397260274,46.794520547945204,79.83561643835617,53.75342465753425,58.082191780821915,81.42465753424658,3.9452054794520564,69.26027397260273
2024-10-13,4.08,0.0,29.000000000000004,24.00000000000002,-0.6013316687473991,26.63484087102178,16.581345826235115,50.63013698630137,87.90669534821188,23.068493150684933,51.28767123287671,46.849315068493155,79.83561643835617,73.86301369863014,58.3013698630137,81.36986301369863,3.8904109589041127,69.20547945205479
2024-10-14,4.08,0.0,29.000000000000004,32.00000000000003,-0.6013316687473991,26.63484087102178,24.581345826235122,50.13698630136986,92.45764990588869,17.26027397260274,53.58904109589041,46.9041095890411,79.83561643835617,64.76712328767124,58.52054794520548,81.31506849315069,3.835616438356155,69.0958904109589
2024-10-15,4.03,4.999999999999982,27.999999999999936,37.000000000000014,4.398668331252583,25.634840871021712,29.581345826235108,56.602739726027394,85.0026888948642,20.767123287671232,50.082191780821915,45.534246575342465,79.12328767123287,43.890410958904106,61.863013698630134,80.0,2.3013698630137043,68.93150684931507
2024-10-16,4.02,17.00000000000008,24.00000000000002,38.00000000000008,16.398668331252683,21.634840871021797,30.58134582623517,58.35616438356164,85.20435600968003,25.260273972602736,50.95890410958904,45.58904109589041,78.84931506849315,52.493150684931514,68.27397260273972,79.61643835616438,2.027397260273972,68.76712328767124
2024-10-17,4.09,11.000000000000032,33.00000000000001,29.999999999999982,10.398668331252633,30.634840871021783,22.581345826235076,48.328767123287676,85.70180155955902,15.890410958904111,52.76712328767123,47.06849315068493,79.34246575342466,38.63013698630137,61.75342465753425,81.64383561643835,3.123287671232873,68.6027397260274
2024-10-18,4.08,16.000000000000014,22.999999999999954,32.00000000000003,15.398668331252615,20.63484087102173,24.581345826235122,49.64383561643836,88.8074751277225,15.780821917808218,54.02739726027397,47.12328767123288,79.83561643835617,43.23287671232877,61.698630136986296,81.20547945205479,3.123287671232873,68.43835616438356
2024-10-19,4.08,12.99999999999999,21.999999999999975,41.99999999999999,12.39866833125259,19.63484087102175,34.581345826235086,49.58904109589041,88.8074751277225,13.205479452054794,56.054794520547944,47.178082191780824,79.83561643835617,33.863013698630134,61.64383561643836,81.15068493150685,3.123287671232873,68.27397260273972
2024-10-20,4.08,16.999999999999993,21.999999999999975,49.00000000000002,16.398668331252594,19.63484087102175,41.581345826235115,49.47945205479453,88.8074751277225,10.95890410958904,58.41095890410959,47.23287671232877,79.83561643835617,44.49315068493151,61.80821917808219,81.0958904109589,3.123287671232873,68.05479452054794
2024-10-21,4.19,5.999999999999961,10.999999999999943,32.999999999999915,5.398668331252562,8.63484087102172,25.581345826235008,33.04109589041096,89.7754772788384,6.794520547945206,56.21917808219178,49.589041095890416,79.83561643835617,30.849315068493148,58.24657534246575,85.04109589041096,3.123287671232873,67.89041095890411
2024-10-22,4.2,4.999999999999982,9.999999999999964,31.99999999999994,4.398668331252583,7.634840871021741,24.581345826235033,31.506849315068493,90.38047862328582,8.10958904109589,54.84931506849315,48.87671232876713,80.21917808219177,31.945205479452056,55.23287671232877,85.36986301369863,2.9589041095890423,67.56164383561644
2024-10-23,4.24,4.0000000000000036,18.99999999999995,27.999999999999936,3.3986683312526047,16.634840871021726,20.58134582623503,26.13698630136986,81.73568163484808,7.616438356164383,55.013698630136986,48.93150684931507,79.83561643835617,34.082191780821915,58.35616438356164,87.3972602739726,3.178082191780817,67.23287671232876
2024-10-24,4.21,7.000000000000028,23.000000000000043,37.999999999999986,6.39866833125263,20.63484087102182,30.58134582623508,29.808219178082197,86.03119118042486,8.986301369863012,56.93150684931506,47.50684931506849,79.34246575342466,31.17808219178082,65.47945205479452,86.1917808219178,2.849315068493155,66.79452054794521
2024-10-25,4.25,4.0000000000000036,17.99999999999997,33.999999999999986,3.3986683312526047,15.634840871021748,26.58134582623508,24.93150684931507,89.21753159451465,7.780821917808218,58.73972602739726,47.561643835616444,79.28767123287672,32.821917808219176,68.21917808219177,87.61643835616438,3.2328767123287747,66.41095890410959
2024-10-26,4.25,3.000000000000025,17.99999999999997,33.999999999999986,2.398668331252626,15.634840871021748,26.58134582623508,24.93150684931507,89.21753159451465,6.136986301369863,61.205479452054796,47.61643835616438,79.28767123287672,28.21917808219178,68.16438356164383,87.56164383561644,3.2328767123287747,66.02739726027397
2024-10-27,4.25,12.00000000000001,17.99999999999997,33.00000000000001,11.398668331252612,15.634840871021748,25.5813458262351,24.93150684931507,89.21753159451465,6.739726027397261,62.9041095890411,47.671232876712324,79.28767123287672,25.095890410958905,68.10958904109589,87.5068493150685,3.2328767123287747,65.64383561643837
2024-10-28,4.28,8.999999999999986,14.999999999999947,33.999999999999986,8.398668331252587,12.634840871021723,26.58134582623508,22.41095890410959,89.17047593439096,9.205479452054794,63.945205479452056,48.54794520547945,79.28767123287672,23.28767123287671,67.94520547945206,89.58904109589041,2.849315068493155,65.31506849315068
2024-10-29,4.28,8.999999999999986,13.999999999999968,33.999999999999986,8.398668331252587,11.634840871021744,26.58134582623508,22.356164383561634,94.53482118849152,10.794520547945204,64.7123287671233,49.15068493150685,79.56164383561644,18.63013698630137,74.63013698630137,89.53424657534246,2.849315068493155,64.93150684931507
2024-10-30,4.29,1.9999999999999574,9.999999999999964,33.00000000000001,1.3986683312525583,7.634840871021741,25.5813458262351,21.808219178082183,90.18553374563054,14.356164383561643,66.30136986301369,47.726027397260275,80.98630136986301,20.0,85.86301369863014,90.1917808219178,2.4109589041095774,64.6027397260274
2024-10-31,4.28,-2.000000000000046,12.99999999999999,26.999999999999957,-2.601331668747445,10.634840871021765,19.58134582623505,22.356164383561634,76.3915030922291,15.287671232876713,63.34246575342466,46.794520547945204,81.31506849315069,25.6986301369863,81.20547945205479,89.42465753424658,1.2602739726027465,64.21917808219177
2024-11-01,4.37,4.999999999999982,5.999999999999961,20.999999999999996,4.398668331252583,3.6348408710217366,13.58134582623509,17.15068493150686,79.92739983866632,9.643835616438356,62.9041095890411,48.71232876712329,76.87671232876713,29.91780821917808,80.98630136986301,92.54794520547945,1.3150684931506902,51.178082191780824
2024-11-02,4.37,-6.00000000000005,4.0000000000000036,20.999999999999996,-6.601331668747449,1.6348408710217792,13.58134582623509,17.20547945205479,79.92739983866632,10.301369863013699,62.9041095890411,48.76712328767123,76.82191780821918,30.191780821917806,80.76712328767124,92.4931506849315,1.3150684931506902,51.013698630136986
2024-11-03,4.37,-7.000000000000028,4.0000000000000036,20.000000000000018,-7.601331668747427,1.6348408710217792,12.581345826235111,17.041095890410958,79.92739983866632,10.575342465753424,61.589041095890416,48.821917808219176,76.76712328767124,20.767123287671232,80.6027397260274,92.43835616438356,1.3150684931506902,50.73972602739726
2024-11-04,4.31,-0.9999999999999787,10.000000000000053,29.000000000000004,-1.6013316687473778,7.634840871021829,21.581345826235097,20.602739726027394,78.11911804248453,21.58904109589041,57.86301369863014,47.83561643835617,75.78082191780823,27.671232876712327,80.43835616438356,90.73972602739727,2.027397260273972,50.68493150684932
2024-11-05,4.26,4.0000000000000036,0.9999999999999787,33.999999999999986,3.3986683312526047,-1.3651591289782457,26.58134582623508,24.109589041095887,84.99596665770368,23.123287671232877,60.43835616438356,45.20547945205479,75.56164383561644,19.67123287671233,82.73972602739727,88.05479452054794,1.9178082191780845,50.63013698630137
2024-11-06,4.42,-12.00000000000001,-12.00000000000001,17.99999999999997,-12.60133166874741,-14.365159128978235,10.581345826235065,14.410958904109592,99.84538854530788,8.931506849315069,61.97260273972603,48.38356164383561,78.30136986301369,12.602739726027398,89.97260273972603,93.15068493150685,2.191780821917817,50.52054794520548
2024-11-07,4.31,12.00000000000001,-5.999999999999961,31.00000000000005,11.398668331252612,-8.365159128978185,23.581345826235143,20.657534246575338,100.0,12.657534246575342,61.26027397260274,46.24657534246575,76.76712328767124,21.58904109589041,84.21917808219177,90.63013698630137,1.9178082191780845,50.52054794520548
2024-11-08,4.3,14.000000000000057,-4.999999999999982,37.000000000000014,13.398668331252658,-7.365159128978206,29.581345826235108,21.315068493150676,100.0,19.232876712328768,60.21917808219178,44.54794520547945,77.36986301369863,14.136986301369864,91.23287671232876,90.13698630136986,7.7260273972602675,50.35616438356164
2024-11-09,4.3,12.99999999999999,-12.00000000000001,37.000000000000014,12.39866833125259,-14.365159128978235,29.581345826235108,21.369863013698634,100.0,21.15068493150685,58.465753424657535,44.602739726027394,77.31506849315068,16.21917808219178,91.12328767123287,90.08219178082192,7.7260273972602675,50.301369863013704
2024-11-10,4.3,12.99999999999999,-12.00000000000001,37.999999999999986,12.39866833125259,-14.365159128978235,30.58134582623508,21.424657534246577,100.0,17.753424657534246,54.84931506849315,44.657534246575345,77.26027397260273,17.26027397260274,91.01369863013699,90.02739726027397,7.7260273972602675,50.24657534246575
2024-11-11,4.3,12.99999999999999,-12.00000000000001,46.99999999999997,12.39866833125259,-14.365159128978235,39.581345826235065,21.424657534246577,99.66670781385014,19.45205479452055,52.05479452054795,44.71232876712329,77.20547945205479,14.73972602739726,90.9041095890411,89.97260273972603,7.7260273972602675,50.13698630136986
2024-11-12,4.43,0.0,-23.999999999999932,33.999999999999986,-0.6013316687473991,-26.365159128978156,26.58134582623508,14.082191780821915,98.96926305394396,16.767123287671232,52.438356164383556,46.24657534246575,77.15068493150685,17.095890410958905,91.78082191780823,93.53424657534246,7.7260273972602675,50.082191780821915
2024-11-13,4.44,-2.000000000000046,-20.999999999999996,32.999999999999915,-2.601331668747445,-23.36515912897822,25.581345826235008,13.479452054794521,98.22861375138872,15.561643835616437,52.21917808219178,50.41095890410959,77.0958904109589,13.315068493150687,87.67123287671232,93.8082191780822,7.013698630136986,49.917808219178085
2024-11-14,4.43,-4.0000000000000036,-23.999999999999932,36.00000000000003,-4.601331668747402,-26.365159128978156,28.581345826235122,14.356164383561648,94.58091593630415,19.013698630136986,52.16438356164383,46.3013698630137,76.4931506849315,14.95890410958904,89.58904109589041,93.42465753424658,7.780821917808225,49.80821917808219
2024-11-15,4.43,-1.9999999999999574,-25.99999999999998,35.00000000000006,-2.601331668747356,-28.365159128978203,27.58134582623515,14.575342465753423,81.79237131218368,17.47945205479452,52.10958904109589,47.28767123287671,76.43835616438356,13.863013698630136,87.06849315068493,93.36986301369863,8.109589041095887,49.753424657534254
2024-11-16,4.43,0.0,-27.999999999999936,23.000000000000043,-0.6013316687473991,-30.36515912897816,15.581345826235136,14.630136986301366,81.79237131218368,20.767123287671232,52.10958904109589,47.342465753424655,76.38356164383562,14.082191780821917,86.9041095890411,93.31506849315069,8.109589041095887,49.58904109589041
2024-11-17,4.43,-1.9999999999999574,-27.999999999999936,18.00000000000006,-2.601331668747356,-30.36515912897816,10.581345826235154,14.794520547945197,81.79237131218368,19.945205479452056,51.06849315068493,47.397260273972606,76.32876712328768,17.589041095890412,86.57534246575342,93.26027397260273,8.109589041095887,49.534246575342465
2024-11-18,4.42,-0.9999999999999787,-26.999999999999957,19.00000000000004,-1.6013316687473778,-29.36515912897818,11.581345826235133,15.780821917808225,85.24256264658683,24.273972602739725,49.80821917808219,47.94520547945205,76.93150684931507,19.45205479452055,84.82191780821918,92.76712328767124,8.657534246575338,49.47945205479453
2024-11-19,4.39,2.000000000000046,-18.99999999999995,22.000000000000064,1.3986683312526471,-21.365159128978174,14.581345826235157,17.260273972602732,88.55696827552154,31.726027397260275,48.49315068493151,47.45205479452055,76.87671232876713,18.575342465753426,84.54794520547945,92.27397260273973,8.109589041095887,49.369863013698634
2024-11-20,4.41,-14.000000000000057,-19.00000000000004,20.000000000000018,-14.601331668747456,-21.365159128978263,12.581345826235111,16.38356164383562,88.09406246142451,33.15068493150685,48.21917808219178,46.794520547945204,77.04109589041096,16.767123287671232,82.02739726027397,92.54794520547945,9.041095890410958,49.26027397260274
2024-11-21,4.43,-12.99999999999999,-16.999999999999993,18.00000000000006,-13.601331668747388,-19.365159128978217,10.581345826235154,15.342465753424662,90.08147142328107,32.821917808219176,47.890410958904106,46.35616438356164,76.76712328767124,12.0,81.64383561643835,93.20547945205479,9.041095890410958,49.04109589041096
2024-11-22,4.41,-16.000000000000014,-8.999999999999986,16.000000000000014,-16.601331668747413,-11.36515912897821,8.581345826235108,16.657534246575352,90.58140970250587,33.369863013698634,47.28767123287672,44.76712328767123,76.7123287671233,7.890410958904109,81.04109589041096,92.43835616438356,9.041095890410958,48.986301369863014
2024-11-23,4.41,-16.000000000000014,-0.9999999999999787,18.99999999999995,-16.601331668747413,-3.365159128978203,11.581345826235044,16.71232876712328,90.58140970250587,32.54794520547945,46.794520547945204,44.82191780821918,76.65753424657534,10.246575342465754,80.87671232876713,92.38356164383562,9.041095890410958,48.93150684931506
2024-11-24,4.41,-23.000000000000043,-0.9999999999999787,24.00000000000002,-23.60133166874744,-3.365159128978203,16.581345826235115,16.876712328767113,90.58140970250587,23.726027397260275,46.41095890410959,44.87671232876712,76.6027397260274,15.068493150684931,80.65753424657535,92.32876712328768,9.041095890410958,48.76712328767123
2024-11-25,4.27,-8.999999999999986,13.000000000000078,36.00000000000003,-9.601331668747385,10.634840871021854,28.581345826235122,26.465753424657535,91.33440316010369,39.28767123287671,45.80821917808219,45.09589041095891,75.12328767123287,28.657534246575345,82.57534246575342,87.56164383561644,8.109589041095887,48.65753424657534
2024-11-26,4.3,-12.00000000000001,8.999999999999986,33.00000000000001,-12.60133166874741,6.634840871021762,25.5813458262351,23.726027397260268,94.13035427724972,48.65753424657534,44.93150684931507,46.630136986301366,75.01369863013699,30.191780821917806,79.78082191780823,89.20547945205479,7.452054794520549,48.6027397260274
2024-11-27,4.25,-5.999999999999961,15.000000000000036,37.999999999999986,-6.60133166874736,12.634840871021812,30.58134582623508,29.20547945205479,89.6741143068757,55.17808219178082,44.43835616438356,45.15068493150685,74.3013698630137,27.232876712328768,79.34246575342466,85.8082191780822,7.835616438356169,48.54794520547945
2024-11-28,4.25,-1.9999999999999574,25.0,28.000000000000025,-2.601331668747356,22.634840871021776,20.58134582623512,29.424657534246577,89.6741143068757,55.232876712328775,43.72602739726027,45.20547945205479,74.24657534246575,27.287671232876715,78.84931506849315,85.75342465753425,7.835616438356169,48.49315068493151
2024-11-29,4.18,1.0000000000000675,39.00000000000006,37.000000000000014,0.39866833125266843,36.63484087102183,29.581345826235108,39.34246575342466,94.13035427724972,63.23287671232877,43.28767123287671,45.09589041095891,74.1917808219178,26.027397260273972,75.83561643835617,82.41095890410959,6.68493150684931,48.43835616438356
2024-11-30,4.18,-0.9999999999999787,33.999999999999986,37.000000000000014,-1.6013316687473778,31.634840871021762,29.581345826235108,39.34246575342466,94.13035427724972,74.1917808219178,42.63013698630137,45.15068493150685,80.32876712328766,30.191780821917806,75.2876712328767,82.35616438356165,6.68493150684931,48.328767123287676
2024-12-01,4.18,-2.999999999999936,33.999999999999986,33.999999999999986,-3.601331668747335,31.634840871021762,26.58134582623508,39.3972602739726,94.13035427724972,73.58904109589041,42.13698630136986,45.20547945205479,70.84931506849315,31.561643835616437,75.12328767123287,82.30136986301369,6.68493150684931,21.315068493150676
2024-12-02,4.19,-4.0000000000000036,32.999999999999915,38.99999999999997,-4.601331668747402,30.63484087102169,31.581345826235065,37.534246575342465,99.67287989137144,75.78082191780821,39.56164383561644,43.83561643835616,70.79452054794521,33.75342465753425,82.24657534246575,82.9041095890411,5.643835616438352,21.369863013698634
2024-12-03,4.23,-8.000000000000007,35.99999999999994,34.999999999999964,-8.601331668747406,33.634840871021716,27.581345826235058,31.780821917808225,100.0,66.84931506849315,36.273972602739725,45.91780821917808,71.12328767123287,44.21917808219178,84.05479452054794,85.04109589041096,5.095890410958901,21.47945205479452
2024-12-04,4.19,0.9999999999999787,39.99999999999994,38.99999999999997,0.3986683312525796,37.634840871021716,31.581345826235065,38.301369863013704,100.0,75.83561643835617,34.24657534246576,45.97260273972603,71.34246575342465,39.67123287671233,85.75342465753425,82.79452054794521,6.0821917808219155,21.808219178082183
2024-12-05,4.17,4.999999999999982,41.99999999999999,37.000000000000014,4.398668331252583,39.634840871021765,29.581345826235108,42.30136986301369,98.547896458704,76.38356164383562,34.24657534246576,43.78082191780822,70.35616438356163,45.86301369863014,82.41095890410959,81.53424657534246,5.863013698630141,21.86301369863014
2024-12-06,4.15,10.999999999999943,42.99999999999997,36.99999999999992,10.398668331252544,40.634840871021744,29.581345826235015,45.31506849315069,100.0,76.65753424657534,37.09589041095891,45.369863013698634,69.97260273972603,42.63013698630137,76.6027397260274,80.76712328767124,4.7671232876712395,22.24657534246576
2024-12-07,4.15,16.999999999999993,46.99999999999997,27.999999999999936,16.398668331252594,44.634840871021744,20.58134582623503,45.75342465753425,100.0,78.41095890410958,39.671232876712324,45.42465753424658,69.97260273972603,44.657534246575345,75.72602739726028,80.7123287671233,4.7671232876712395,22.9041095890411
2024-12-08,4.15,25.0,46.99999999999997,29.999999999999982,24.3986683312526,44.634840871021744,22.581345826235076,46.082191780821915,100.0,77.75342465753424,42.02739726027397,45.47945205479452,69.97260273972603,51.78082191780822,74.84931506849315,80.65753424657535,4.7671232876712395,23.45205479452055
2024-12-09,4.2,20.000000000000018,41.99999999999999,29.000000000000004,19.39866833125262,39.634840871021765,21.581345826235097,39.17808219178082,96.1349419124218,70.57534246575342,42.465753424657535,46.41095890410959,70.79452054794521,64.38356164383562,74.46575342465754,83.23287671232876,3.342465753424662,24.0
2024-12-10,4.22,18.00000000000006,33.00000000000001,27.000000000000046,17.39866833125266,30.634840871021783,19.58134582623514,36.21917808219178,94.38114387846291,66.46575342465754,41.917808219178085,46.35616438356164,71.28767123287672,45.534246575342465,75.89041095890411,84.43835616438356,2.7397260273972535,24.493150684931507
2024-12-11,4.26,12.99999999999999,32.00000000000003,23.000000000000043,12.39866833125259,29.634840871021805,15.581345826235136,30.849315068493155,100.0,69.53424657534246,44.32876712328767,47.94520547945205,71.45205479452055,31.835616438356162,72.82191780821918,86.84931506849315,2.4109589041095774,24.657534246575338
2024-12-12,4.32,8.000000000000007,25.99999999999998,18.99999999999995,7.398668331252608,23.634840871021755,11.581345826235044,24.16438356164383,96.91615630589128,60.82191780821918,45.80821917808219,49.97260273972603,72.10958904109589,38.02739726027397,65.20547945205479,90.35616438356165,2.027397260273972,24.876712328767127
2024-12-13,4.4,9.999999999999964,16.999999999999993,13.999999999999968,9.398668331252566,14.634840871021769,6.5813458262350615,19.232876712328775,100.0,51.34246575342466,46.35616438356165,50.19178082191781,72.54794520547945,38.410958904109584,71.23287671232876,92.27397260273973,2.3013698630137043,24.986301369863014
2024-12-14,4.4,16.999999999999993,19.99999999999993,21.999999999999975,16.398668331252594,17.634840871021705,14.581345826235069,19.780821917808225,100.0,38.95890410958904,46.84931506849315,50.246575342465746,72.4931506849315,31.726027397260275,70.13698630136986,92.21917808219177,2.3013698630137043,25.20547945205479
2024-12-15,4.4,11.999999999999922,19.99999999999993,11.999999999999922,11.398668331252523,17.634840871021705,4.581345826235015,20.219178082191775,100.0,34.082191780821915,46.95890410958904,50.301369863013704,72.43835616438356,27.397260273972602,68.87671232876713,92.16438356164383,2.3013698630137043,25.315068493150676
2024-12-16,4.39,12.99999999999999,20.999999999999996,8.000000000000007,12.39866833125259,18.634840871021773,0.5813458262351006,20.602739726027394,100.0,60.54794520547945,46.63013698630137,49.80821917808219,71.89041095890411,40.54794520547945,67.89041095890411,91.78082191780823,1.9178082191780845,25.58904109589041
2024-12-17,4.4,11.999999999999922,21.999999999999975,6.99999999999994,11.398668331252523,19.63484087102175,-0.41865417376496694,20.54794520547945,98.06268384217466,52.21917808219179,46.46575342465753,50.41095890410959,71.72602739726027,21.315068493150687,76.38356164383562,92.10958904109589,2.684931506849324,25.753424657534254
2024-12-18,4.5,8.999999999999986,16.999999999999993,-3.000000000000025,8.398668331252587,14.634840871021769,-10.418654173764931,14.13698630136986,81.91500152145248,31.726027397260275,46.95890410958904,50.465753424657535,71.94520547945206,33.8082191780822,80.82191780821918,95.28767123287672,4.1095890410959015,25.917808219178085
2024-12-19,4.57,1.9999999999999574,9.999999999999964,-10.000000000000053,1.3986683312525583,7.634840871021741,-17.41865417376496,10.465753424657535,79.76468201643169,19.397260273972602,47.06849315068493,56.10958904109589,71.06849315068493,32.821917808219176,72.54794520547945,96.32876712328768,18.575342465753423,26.082191780821915
2024-12-20,4.52,7.000000000000028,16.000000000000014,3.000000000000025,6.39866833125263,13.63484087102179,-4.418654173764882,13.31506849315069,76.42216185718634,23.232876712328768,47.06849315068493,54.630136986301366,71.06849315068493,28.21917808219178,61.47945205479452,95.89041095890411,18.575342465753423,26.191780821917803
2024-12-21,4.52,6.00000000000005,25.0,1.0000000000000675,5.398668331252651,22.634840871021776,-6.418654173764839,14.027397260273972,76.42216185718634,26.84931506849315,46.84931506849315,54.68493150684931,71.06849315068493,23.835616438356162,60.76712328767123,95.83561643835617,18.575342465753423,26.41095890410959
2024-12-22,4.52,10.000000000000053,25.0,-1.9999999999999574,9.398668331252654,22.634840871021776,-9.418654173764864,14.410958904109592,76.42216185718634,38.24657534246575,46.9041095890411,54.73972602739726,71.06849315068493,31.452054794520546,60.38356164383561,95.78082191780823,18.575342465753423,26.630136986301366
2024-12-23,4.59,3.000000000000025,17.99999999999997,-16.999999999999993,2.398668331252626,15.634840871021748,-24.4186541737649,10.520547945205479,92.7578861953545,39.945205479452056,47.12328767123287,58.68493150684932,72.0,34.95890410958904,63.06849315068493,96.65753424657534,18.575342465753423,27.013698630136986
2024-12-24,4.59,3.000000000000025,20.000000000000018,-16.999999999999993,2.398668331252626,17.634840871021794,-24.4186541737649,10.904109589041099,98.34161679683537,36.87671232876713,47.12328767123287,59.01369863013699,73.04109589041096,33.15068493150685,72.54794520547945,96.6027397260274,11.178082191780831,27.287671232876704
2024-12-25,4.59,-4.0000000000000036,19.00000000000004,-16.999999999999993,-4.601331668747402,16.634840871021815,-24.4186541737649,11.23287671232876,98.34161679683537,40.328767123287676,47.178082191780824,59.01369863013699,72.98630136986301,36.21917808219178,71.78082191780823,96.54794520547945,11.178082191780831,27.61643835616438
2024-12-26,4.58,0.0,8.000000000000007,-17.99999999999997,-0.6013316687473991,5.634840871021783,-25.418654173764878,12.273972602739718,97.92575311897758,39.61643835616439,47.178082191780824,58.24657534246575,72.93150684931507,34.849315068493155,67.17808219178082,96.32876712328768,5.31506849315069,27.945205479452056
2024-12-27,4.62,-4.0000000000000036,-0.9999999999999787,-32.00000000000003,-4.601331668747402,-3.365159128978203,-39.418654173764935,10.465753424657535,91.64722588497818,32.38356164383562,47.178082191780824,59.12328767123287,72.65753424657535,38.35616438356164,66.35616438356165,97.26027397260275,6.30136986301369,28.273972602739732
2024-12-28,4.62,-4.999999999999982,-0.9999999999999787,-37.000000000000014,-5.601331668747381,-3.365159128978203,-44.41865417376492,10.739726027397253,91.64722588497818,31.835616438356162,47.178082191780824,59.178082191780824,72.6027397260274,40.6027397260274,65.53424657534246,97.20547945205479,6.30136986301369,28.71232876712328
2024-12-29,4.62,-2.000000000000046,-0.9999999999999787,-33.00000000000001,-2.601331668747445,-3.365159128978203,-40.418654173764914,11.123287671232873,91.35024420986294,27.616438356164387,47.178082191780824,59.23287671232876,72.54794520547945,41.369863013698634,64.98630136986301,97.15068493150685,6.30136986301369,28.986301369863014
2024-12-30,4.55,4.999999999999982,6.00000000000005,-30.99999999999996,4.398668331252583,3.6348408710218254,-38.418654173764864,16.438356164383563,85.14554794520548,34.794520547945204,46.02739726027397,59.01369863013699,71.45205479452055,44.93150684931507,54.35616438356165,95.61643835616438,10.794520547945211,29.31506849315069
2024-12-31,4.58,1.9999999999999574,3.000000000000025,-33.999999999999986,1.3986683312525583,0.6348408710218005,-41.41865417376489,14.465753424657535,81.08411815068493,30.684931506849317,45.31506849315069,59.83561643835616,80.98630136986301,39.726027397260275,56.82191780821918,96.10958904109589,6.630136986301366,29.534246575342465
2025-01-01,4.58,4.0000000000000036,-0.9999999999999787,-33.999999999999986,3.3986683312526047,-3.365159128978203,-41.41865417376489,14.904109589041099,81.08411815068493,30.136986301369863,45.205479452054796,59.83561643835616,69.58904109589041,57.42465753424657,55.945205479452056,96.05479452054794,6.630136986301366,32.767123287671225
2025-01-02,4.57,9.999999999999964,2.999999999999936,-41.000000000000014,9.398668331252566,0.6348408710217117,-48.41865417376492,16.16438356164383,79.8212756849315,32.602739726027394,44.767123287671225,59.506849315068486,69.53424657534246,49.917808219178085,48.43835616438356,95.78082191780823,8.821917808219183,33.2054794520548
2025-01-03,4.6,7.000000000000028,5.000000000000071,-37.999999999999986,6.39866833125263,2.6348408710218467,-45.41865417376489,14.13698630136986,87.29130993150685,30.027397260273975,44.43835616438356,59.12328767123287,69.47945205479452,62.41095890410959,50.13698630136986,96.76712328767124,12.54794520547945,33.47945205479452
2025-01-04,4.6,8.000000000000007,3.000000000000025,-31.99999999999994,7.398668331252608,0.6348408710218005,-39.41865417376485,14.630136986301366,87.29130993150685,14.356164383561643,43.945205479452056,59.12328767123287,69.42465753424658,34.73972602739726,49.863013698630134,96.71232876712328,12.54794520547945,33.97260273972603
2025-01-05,4.6,16.999999999999993,3.000000000000025,-30.99999999999996,16.398668331252594,0.6348408710218005,-38.418654173764864,15.178082191780817,87.29130993150685,16.767123287671232,40.219178082191775,59.12328767123287,69.36986301369863,43.342465753424655,49.47945205479453,96.65753424657534,12.54794520547945,34.41095890410959
2025-01-06,4.62,14.999999999999947,0.9999999999999787,-29.999999999999982,14.398668331252548,-1.3651591289782457,-37.41865417376489,13.698630136986296,92.17144691780823,11.342465753424658,36.21917808219178,59.890410958904106,69.31506849315068,62.136986301369866,49.04109589041096,97.0958904109589,21.972602739726028,34.79452054794521
2025-01-07,4.67,9.999999999999964,-13.999999999999968,-34.999999999999964,9.398668331252566,-16.365159128978192,-42.41865417376487,11.287671232876718,83.93621575342466,8.0,33.26027397260273,60.328767123287676,70.35616438356163,63.34246575342466,40.657534246575345,98.08219178082192,21.972602739726028,35.34246575342466
2025-01-08,4.67,12.00000000000001,-12.00000000000001,-34.999999999999964,11.398668331252612,-14.365159128978235,-42.41865417376487,11.835616438356169,83.19695101446027,6.301369863013699,30.9041095890411,60.65753424657534,70.68493150684931,73.91780821917808,38.082191780821915,98.02739726027397,15.726027397260282,35.78082191780821
2025-01-09,4.68,10.000000000000053,-12.99999999999999,-46.0,9.398668331252654,-15.365159128978213,-53.41865417376491,11.671232876712338,80.48265460030166,6.3561643835616435,28.821917808219183,61.64383561643836,70.41095890410959,77.26027397260275,42.24657534246575,98.41095890410959,13.863013698630127,36.0
2025-01-10,4.77,-10.999999999999943,-25.0,-48.99999999999993,-11.601331668747342,-27.365159128978224,-56.418654173764835,8.0,73.59276018099547,5.424657534246576,26.13698630136986,60.05479452054795,71.34246575342465,70.73972602739727,51.67123287671233,98.79452054794521,15.780821917808225,36.38356164383561
2025-01-11,4.77,-15.999999999999925,-18.99999999999995,-44.99999999999993,-16.601331668747324,-21.365159128978174,-52.418654173764835,8.164383561643845,73.59276018099547,4.657534246575342,22.79452054794521,60.05479452054795,71.28767123287672,65.97260273972603,51.06849315068493,98.73972602739725,15.780821917808225,36.76712328767123
2025-01-12,4.77,-15.999999999999925,-18.99999999999995,-50.0,-16.601331668747324,-21.365159128978174,-57.41865417376491,8.821917808219183,73.59276018099547,6.684931506849315,20.657534246575338,60.05479452054795,71.23287671232876,56.27397260273973,50.465753424657535,98.68493150684931,15.780821917808225,37.09589041095891
2025-01-13,4.79,-17.99999999999997,-20.999999999999996,-48.00000000000004,-18.60133166874737,-23.36515912897822,-55.41865417376495,8.164383561643845,71.93363499245852,4.273972602739726,19.178082191780817,60.6027397260274,72.0,72.0,44.38356164383561,99.06849315068493,22.24657534246576,37.369863013698634
2025-01-14,4.78,-16.999999999999993,-24.00000000000002,-47.000000000000064,-17.60133166874739,-26.365159128978245,-54.41865417376497,9.150684931506845,71.26395173453997,3.8356164383561646,17.47945205479452,61.64383561643836,71.56164383561644,67.23287671232877,44.10958904109589,98.79452054794521,21.424657534246577,37.97260273972603
2025-01-15,4.66,-4.999999999999982,-14.000000000000057,-35.00000000000006,-5.601331668747381,-16.36515912897828,-42.41865417376496,17.58904109589041,82.8657616892911,6.904109589041097,14.465753424657535,60.93150684931506,70.84931506849315,69.0958904109589,43.61643835616439,97.58904109589041,18.52054794520548,38.35616438356164
2025-01-16,4.61,-4.0000000000000036,-18.00000000000006,-30.00000000000007,-4.601331668747402,-20.365159128978284,-37.41865417376498,21.260273972602732,79.23378582202112,7.4520547945205475,12.54794520547945,60.10958904109589,70.79452054794521,68.54794520547945,38.301369863013704,96.21917808219177,15.780821917808225,38.90410958904109
2025-01-17,4.61,-1.0000000000000675,-16.000000000000014,-32.00000000000003,-1.6013316687474666,-18.365159128978238,-39.418654173764935,22.082191780821915,87.55957767722474,8.10958904109589,10.739726027397253,59.342465753424655,70.35616438356163,56.82191780821918,37.753424657534254,96.16438356164383,13.863013698630127,39.28767123287671
2025-01-18,4.61,4.0000000000000036,-12.00000000000001,-36.00000000000003,3.3986683312526047,-14.365159128978235,-43.418654173764935,22.301369863013704,87.55957767722474,10.73972602739726,8.657534246575338,59.342465753424655,70.30136986301369,49.0958904109589,37.42465753424658,96.10958904109589,13.863013698630127,39.89041095890411
2025-01-19,4.61,1.9999999999999574,-12.00000000000001,-37.000000000000014,1.3986683312525583,-14.365159128978235,-44.41865417376492,22.68493150684931,87.55957767722474,12.273972602739725,7.397260273972606,59.342465753424655,70.24657534246576,58.24657534246575,36.986301369863014,96.05479452054794,13.863013698630127,40.38356164383562
2025-01-20,4.61,1.9999999999999574,-12.00000000000001,-36.00000000000003,1.3986683312525583,-14.365159128978235,-43.418654173764935,23.123287671232873,87.55957767722474,17.15068493150685,6.410958904109592,59.342465753424655,70.1917808219178,69.2054794520548,36.438356164383556,96.0,13.863013698630127,40.98630136986301
2025-01-21,4.57,5.999999999999961,-6.00000000000005,-32.00000000000003,5.398668331252562,-8.365159128978274,-39.418654173764935,26.739726027397253,90.32880844645551,30.849315068493148,5.753424657534239,57.26027397260274,69.58904109589041,52.657534246575345,35.945205479452056,94.73972602739725,18.794520547945197,41.64383561643835
2025-01-22,4.6,-6.99999999999994,-5.999999999999961,-34.999999999999964,-7.6013316687473385,-8.365159128978185,-42.41865417376487,24.93150684931507,97.35143288084464,34.68493150684932,5.369863013698634,57.86301369863014,70.02739726027397,40.93150684931507,43.013698630136986,95.78082191780823,16.0,42.19178082191781
2025-01-23,4.65,-10.000000000000053,-3.000000000000025,-31.00000000000005,-10.601331668747452,-5.365159128978249,-38.418654173764956,22.191780821917803,98.26244343891403,28.164383561643834,4.876712328767113,59.67123287671233,70.73972602739727,47.61643835616438,42.465753424657535,97.47945205479452,11.342465753424662,42.68493150684931
2025-01-24,4.63,-8.000000000000007,-11.000000000000032,-32.00000000000003,-8.601331668747406,-13.365159128978256,-39.418654173764935,23.726027397260268,95.1975867269985,31.561643835616437,4.438356164383563,59.67123287671233,71.06849315068493,41.47945205479452,42.13698630136986,96.98630136986301,11.342465753424662,43.28767123287671
2025-01-25,4.63,-11.000000000000032,-16.000000000000014,-28.000000000000025,-11.60133166874743,-18.365159128978238,-35.418654173764935,24.21917808219179,95.1975867269985,29.15068493150685,3.835616438356155,59.67123287671233,71.01369863013699,41.205479452054796,41.64383561643835,96.93150684931507,11.342465753424662,43.89041095890411
2025-01-26,4.63,-4.999999999999982,-16.000000000000014,-25.0,-5.601331668747381,-18.365159128978238,-32.41865417376491,24.876712328767127,95.1975867269985,27.616438356164387,3.342465753424662,59.67123287671233,70.95890410958904,49.75342465753425,41.15068493150685,96.87671232876713,11.342465753424662,44.16438356164384
2025-01-27,4.53,4.999999999999982,-6.00000000000005,-26.000000000000068,4.398668331252583,-8.365159128978274,-33.41865417376498,37.6986301369863,79.4449472096531,44.71232876712329,2.794520547945197,59.67123287671233,69.75342465753425,40.10958904109589,35.67123287671234,93.97260273972603,10.958904109589042,44.767123287671225
2025-01-28,4.55,3.000000000000025,-8.000000000000007,-28.000000000000025,2.398668331252626,-10.365159128978231,-35.418654173764935,35.45205479452055,87.24585218702866,59.12328767123287,2.2465753424657464,59.12328767123287,70.52054794520548,37.205479452054796,35.013698630136986,94.08219178082192,10.520547945205479,45.91780821917808
2025-01-29,4.55,-0.9999999999999787,0.0,-28.000000000000025,-1.6013316687473778,-2.3651591289782243,-35.418654173764935,36.54794520547945,85.8340874811463,51.94520547945205,1.9726027397260282,58.794520547945204,69.64383561643835,51.12328767123287,34.63013698630138,94.02739726027397,10.520547945205479,46.68493150684932
2025-01-30,4.52,0.0,1.0000000000000675,-28.999999999999915,-0.6013316687473991,-1.3651591289781568,-36.41865417376482,41.863013698630134,88.28355957767722,55.342465753424655,1.5342465753424648,58.794520547945204,69.0958904109589,40.328767123287676,34.301369863013704,93.64383561643835,9.315068493150676,47.12328767123287
2025-01-31,4.58,-15.000000000000036,-8.000000000000007,-41.000000000000014,-15.601331668747434,-10.365159128978231,-48.41865417376492,33.753424657534254,87.42684766214178,48.65753424657534,1.5342465753424648,59.67123287671233,81.20547945205479,38.465753424657535,34.02739726027397,94.73972602739725,8.93150684931507,47.45205479452055
2025-02-01,4.58,-12.99999999999999,-16.000000000000014,-37.999999999999986,-13.601331668747388,-18.365159128978238,-45.41865417376489,34.465753424657535,87.42684766214178,57.26027397260274,2.356164383561648,59.67123287671233,76.38356164383562,37.42465753424658,33.753424657534254,94.68493150684931,8.93150684931507,32.219178082191775
2025-02-02,4.58,-8.999999999999986,-16.000000000000014,-52.00000000000004,-9.601331668747385,-18.365159128978238,-59.41865417376495,36.0,87.42684766214178,53.58904109589041,7.2328767123287605,59.67123287671233,76.32876712328768,35.726027397260275,33.42465753424658,94.63013698630137,8.93150684931507,32.767123287671225
2025-02-03,4.54,-4.999999999999982,-12.00000000000001,-53.00000000000003,-5.601331668747381,-14.365159128978235,-60.418654173764935,42.73972602739726,82.98039215686275,61.698630136986296,65.36986301369863,56.602739726027394,77.69863013698631,35.45205479452055,31.232876712328775,93.75342465753425,11.726027397260282,33.42465753424658
2025-02-04,4.52,-2.999999999999936,-11.999999999999922,-50.99999999999998,-3.601331668747335,-14.365159128978146,-58.418654173764885,46.52054794520548,89.38159879336351,64.0,93.04109589041096,57.26027397260274,77.36986301369863,38.73972602739726,31.123287671232873,93.36986301369863,12.657534246575338,34.02739726027397
2025-02-05,4.43,8.000000000000007,-12.99999999999999,-41.99999999999999,7.398668331252608,-15.365159128978213,-49.4186541737649,57.97260273972603,91.61990950226244,78.7945205479452,92.98630136986301,55.232876712328775,76.16438356164383,46.3013698630137,32.986301369863014,90.46575342465754,12.657534246575338,34.63013698630138
2025-02-06,4.45,8.999999999999986,-20.000000000000018,-29.999999999999982,8.398668331252587,-22.36515912897824,-37.41865417376489,56.21917808219178,94.24434389140272,78.7945205479452,92.32876712328768,54.52054794520548,76.10958904109589,54.19178082191781,34.41095890410959,91.56164383561644,11.06849315068493,35.17808219178082
2025-02-07,4.49,12.99999999999999,-20.000000000000018,-23.000000000000043,12.39866833125259,-22.36515912897824,-30.41865417376495,51.945205479452056,87.4630467571644,75.61643835616438,90.57534246575342,53.42465753424658,76.05479452054794,73.47945205479452,32.43835616438356,92.43835616438356,13.369863013698634,35.78082191780821
2025-02-08,4.49,2.999999999999936,-25.0,-15.000000000000036,2.398668331252537,-27.365159128978224,-22.418654173764942,52.76712328767123,87.4630467571644,72.16438356164385,89.15068493150685,53.42465753424658,76.0,73.47945205479452,32.164383561643845,92.38356164383562,13.369863013698634,36.273972602739725
2025-02-09,4.49,-2.000000000000046,-25.0,-8.999999999999986,-2.601331668747445,-27.365159128978224,-16.418654173764892,53.150684931506845,87.4630467571644,75.45205479452055,87.17808219178082,53.42465753424658,75.94520547945206,84.6027397260274,32.10958904109589,92.32876712328768,13.369863013698634,36.712328767123296
2025-02-10,4.51,-4.0000000000000036,-26.999999999999957,-2.999999999999936,-4.601331668747402,-29.36515912897818,-10.418654173764843,51.12328767123287,93.63499245852186,73.64383561643835,92.38356164383562,53.97260273972603,77.31506849315068,87.17808219178083,31.890410958904113,93.15068493150685,12.657534246575338,37.26027397260274
2025-02-11,4.54,-7.000000000000028,-37.999999999999986,-5.999999999999961,-7.601331668747427,-40.36515912897821,-13.418654173764867,47.506849315068486,92.19306184012066,67.89041095890411,90.9041095890411,55.12328767123288,78.08219178082192,83.72602739726027,30.246575342465746,93.6986301369863,13.424657534246577,37.863013698630134
2025-02-12,4.62,-15.000000000000036,-40.000000000000036,-13.999999999999968,-15.601331668747434,-42.36515912897826,-21.418654173764875,36.712328767123296,92.62745098039215,61.04109589041096,88.32876712328768,55.232876712328775,78.02739726027397,85.64383561643835,31.561643835616437,96.32876712328768,14.958904109589042,38.301369863013704
2025-02-13,4.52,3.000000000000025,-23.999999999999932,-13.999999999999968,2.398668331252626,-26.365159128978156,-21.418654173764875,51.34246575342466,100.0,71.8904109589041,87.56164383561644,53.53424657534247,77.15068493150685,88.05479452054794,33.58904109589041,93.20547945205479,12.76712328767124,38.95890410958904
2025-02-14,4.47,6.00000000000005,-17.99999999999997,-12.00000000000001,5.398668331252651,-20.365159128978195,-19.418654173764917,57.86301369863014,100.0,74.35616438356163,86.52054794520548,53.53424657534247,76.4931506849315,85.47945205479452,29.808219178082197,91.56164383561644,12.76712328767124,39.56164383561644
2025-02-15,4.47,3.000000000000025,-14.999999999999947,-17.99999999999997,2.398668331252626,-17.36515912897817,-25.418654173764878,58.24657534246575,100.0,76.93150684931507,85.86301369863014,53.53424657534247,76.43835616438356,74.84931506849315,29.75342465753424,91.5068493150685,12.76712328767124,40.054794520547944
2025-02-16,4.47,-4.999999999999982,-14.999999999999947,-12.99999999999999,-5.601331668747381,-17.36515912897817,-20.418654173764896,58.57534246575343,100.0,82.52054794520548,84.16438356164383,53.53424657534247,76.38356164383562,73.75342465753425,29.58904109589041,91.45205479452055,12.76712328767124,40.821917808219176
2025-02-17,4.47,-4.999999999999982,-14.999999999999947,-12.99999999999999,-5.601331668747381,-17.36515912897817,-20.418654173764896,58.849315068493155,100.0,82.35616438356165,86.63013698630137,53.53424657534247,76.32876712328768,64.05479452054794,29.58904109589041,91.3972602739726,12.76712328767124,41.58904109589041
2025-02-18,4.55,-12.99999999999999,-33.00000000000001,-20.999999999999996,-13.601331668747388,-35.365159128978235,-28.418654173764903,49.534246575342465,100.0,76.21917808219179,92.6027397260274,55.232876712328775,77.53424657534246,35.06849315068493,33.64383561643835,93.75342465753425,11.342465753424662,42.30136986301369
2025-02-19,4.53,-12.99999999999999,-25.0,-19.00000000000004,-13.601331668747388,-27.365159128978224,-26.418654173764946,52.821917808219176,100.0,79.72602739726027,92.43835616438356,55.013698630136986,77.47945205479452,40.6027397260274,29.424657534246577,93.42465753424658,11.835616438356169,43.06849315068493
2025-02-20,4.5,-20.000000000000018,-17.99999999999997,-8.000000000000007,-20.601331668747417,-20.365159128978195,-15.418654173764914,56.87671232876712,97.46148459383754,81.75342465753424,90.08219178082192,53.64383561643835,77.42465753424658,43.83561643835616,27.72602739726028,92.27397260273973,12.438356164383563,43.78082191780822
2025-02-21,4.42,-16.999999999999993,-15.000000000000036,-0.9999999999999787,-17.60133166874739,-17.36515912897826,-8.418654173764885,66.08219178082192,86.6654995331466,86.35616438356163,89.20547945205479,53.75342465753425,75.2876712328767,36.054794520547944,24.657534246575338,89.0958904109589,11.835616438356169,44.49315068493151
2025-02-22,4.42,-12.99999999999999,-11.000000000000032,-1.9999999999999574,-13.601331668747388,-13.365159128978256,-9.418654173764864,66.1917808219178,86.6654995331466,86.57534246575342,87.94520547945206,53.75342465753425,75.23287671232876,25.36986301369863,24.602739726027394,89.04109589041096,11.835616438356169,45.150684931506845
2025-02-23,4.42,-17.99999999999997,-11.000000000000032,-9.999999999999964,-18.60133166874737,-13.365159128978256,-17.41865417376487,66.41095890410959,86.6654995331466,87.61643835616438,87.23287671232876,53.75342465753425,75.17808219178082,24.493150684931507,24.438356164383563,88.98630136986301,11.835616438356169,45.64383561643835
2025-02-24,4.4,-16.000000000000014,-9.000000000000075,-11.000000000000032,-16.601331668747413,-11.365159128978298,-18.41865417376494,67.94520547945206,80.61974789915966,81.86301369863014,85.04109589041096,56.27397260273973,75.12328767123287,20.054794520547944,25.917808219178085,88.32876712328768,10.739726027397253,47.06849315068493
2025-02-25,4.3,-5.999999999999961,0.9999999999999787,-0.9999999999999787,-6.60133166874736,-1.3651591289782457,-8.418654173764885,79.17808219178082,74.28804855275443,87.83561643835617,85.20547945205479,53.6986301369863,73.75342465753424,24.054794520547944,22.191780821917803,85.04109589041096,11.342465753424662,48.05479452054795
2025-02-26,4.25,-8.999999999999986,4.0000000000000036,4.0000000000000036,-9.601331668747385,1.6348408710217792,-3.418654173764903,82.35616438356165,75.1750700280112,89.53424657534246,85.20547945205479,52.602739726027394,73.42465753424658,37.26027397260274,20.438356164383563,81.47945205479452,11.835616438356169,48.6027397260274
2025-02-27,4.29,-7.000000000000028,-4.0000000000000036,-5.999999999999961,-7.601331668747427,-6.365159128978227,-13.418654173764867,80.16438356164383,61.60714285714286,86.08219178082192,85.42465753424658,53.47945205479452,73.53424657534246,53.97260273972603,19.561643835616437,84.65753424657534,9.86301369863014,49.04109589041096
2025-02-28,4.24,4.0000000000000036,0.0,-4.999999999999982,3.3986683312526047,-2.3651591289782243,-12.418654173764889,83.23287671232876,68.93090569561157,90.95890410958904,78.41095890410959,55.12328767123288,73.75342465753424,55.50684931506849,15.123287671232873,81.0958904109589,8.273972602739718,49.58904109589041
2025-03-01,4.24,4.999999999999982,0.9999999999999787,-7.000000000000028,4.398668331252583,-1.3651591289782457,-14.418654173764935,83.23287671232876,68.93090569561157,91.01369863013699,72.76712328767124,55.17808219178082,81.64383561643835,55.50684931506849,15.178082191780817,81.04109589041096,8.219178082191775,83.34246575342466
2025-03-02,4.24,8.000000000000007,0.9999999999999787,0.9999999999999787,7.398668331252608,-1.3651591289782457,-6.418654173764928,83.17808219178082,68.93090569561157,86.79452054794521,69.36986301369863,55.232876712328775,81.58904109589041,62.95890410958904,15.178082191780817,80.98630136986301,8.164383561643845,83.2876712328767
2025-03-03,4.16,16.000000000000014,8.999999999999986,16.999999999999993,15.398668331252615,6.634840871021762,9.581345826235086,88.93150684931507,58.39752567693745,91.12328767123287,63.89041095890411,52.657534246575345,81.53424657534246,69.69863013698631,11.506849315068493,76.6027397260274,12.602739726027394,83.2876712328767
2025-03-04,4.22,10.000000000000053,12.00000000000001,11.000000000000032,9.398668331252654,9.634840871021787,3.5813458262351254,85.47945205479452,56.78104575163398,88.76712328767124,53.80821917808219,55.56164383561644,81.47945205479452,50.082191780821915,11.61643835616438,79.89041095890411,11.726027397260282,83.2876712328767
2025-03-05,4.28,-6.00000000000005,2.999999999999936,4.999999999999982,-6.601331668747449,0.6348408710217117,-2.4186541737649243,80.65753424657535,62.99019607843137,83.61643835616438,54.84931506849315,56.87671232876712,81.42465753424658,85.2054794520548,15.342465753424662,83.83561643835617,11.671232876712338,83.23287671232876
2025-03-06,4.29,-0.9999999999999787,5.999999999999961,7.000000000000028,-1.6013316687473778,3.6348408710217366,-0.4186541737648781,79.94520547945206,49.55065359477124,82.08219178082192,48.6027397260274,58.46575342465753,81.36986301369863,85.75342465753425,12.657534246575338,84.6027397260274,10.410958904109592,83.17808219178082
2025-03-07,4.32,0.0,5.999999999999961,-2.000000000000046,-0.6013316687473991,3.6348408710217366,-9.418654173764953,77.42465753424658,52.83029878618114,80.87671232876713,49.369863013698634,58.46575342465753,81.31506849315069,79.89041095890411,11.561643835616437,86.24657534246575,11.06849315068493,83.12328767123287
2025-03-08,4.32,-5.000000000000071,-5.000000000000071,-6.00000000000005,-5.60133166874747,-7.365159128978295,-13.418654173764956,77.31506849315068,52.83029878618114,74.41095890410959,49.917808219178085,58.46575342465753,81.26027397260273,82.46575342465754,11.726027397260282,86.1917808219178,11.013698630136986,83.06849315068493
2025-03-09,4.32,-1.0000000000000675,-5.000000000000071,4.999999999999982,-1.6013316687474666,-7.365159128978295,-2.4186541737649243,77.36986301369863,52.83029878618114,74.9041095890411,52.54794520547945,58.46575342465753,81.20547945205479,84.82191780821918,11.835616438356169,86.13698630136986,10.958904109589042,82.95890410958904
2025-03-10,4.22,8.999999999999986,4.999999999999982,15.000000000000036,8.398668331252587,2.634840871021758,7.581345826235129,85.58904109589041,34.69304388422035,81.15068493150685,43.78082191780822,57.97260273972603,81.0958904109589,79.67123287671232,10.082191780821915,79.56164383561644,10.904109589041099,82.9041095890411
2025-03-11,4.28,2.999999999999936,-4.999999999999982,8.999999999999986,2.398668331252537,-7.365159128978206,1.5813458262350792,80.7123287671233,33.438375350140056,75.17808219178083,31.013698630136986,58.73972602739727,81.04109589041096,87.78082191780821,7.780821917808225,83.56164383561644,12.54794520547945,82.84931506849315
2025-03-12,4.32,-1.0000000000000675,-15.000000000000036,4.999999999999982,-1.6013316687474666,-17.36515912897826,-2.4186541737649243,77.0958904109589,38.56209150326798,75.94520547945206,31.232876712328775,57.47945205479452,81.15068493150685,89.8082191780822,9.643835616438352,86.08219178082192,15.178082191780817,82.79452054794521
2025-03-13,4.27,2.000000000000046,-6.99999999999994,18.00000000000006,1.3986683312526471,-9.365159128978163,10.581345826235154,81.26027397260273,29.936974789915965,81.15068493150685,33.534246575342465,58.082191780821915,80.93150684931507,90.19178082191782,7.013698630136986,82.84931506849315,15.123287671232873,82.73972602739727
2025-03-14,4.31,-5.999999999999961,-25.0,18.00000000000006,-6.60133166874736,-27.365159128978224,10.581345826235154,78.24657534246575,40.744631185807656,77.64383561643837,36.10958904109589,56.71232876712329,80.93150684931507,88.54794520547945,9.86301369863014,85.53424657534246,15.06849315068493,82.68493150684932
2025-03-15,4.31,-6.99999999999994,-29.999999999999982,22.000000000000064,-7.6013316687473385,-32.365159128978206,14.581345826235157,78.30136986301369,40.744631185807656,72.7123287671233,38.84931506849315,56.767123287671225,80.87671232876713,88.38356164383562,10.24657534246576,85.47945205479452,15.06849315068493,82.57534246575342
2025-03-16,4.31,-5.999999999999961,-29.999999999999982,14.000000000000057,-6.60133166874736,-32.365159128978206,6.58134582623515,78.35616438356165,40.744631185807656,71.67123287671234,42.465753424657535,56.82191780821918,80.82191780821918,87.17808219178083,10.301369863013704,85.42465753424658,15.013698630136986,82.52054794520548
2025-03-17,4.31,-5.999999999999961,-29.999999999999982,12.00000000000001,-6.60133166874736,-32.365159128978206,4.581345826235104,78.13698630136986,43.53991596638656,64.43835616438356,45.09589041095891,55.12328767123288,80.7123287671233,86.41095890410959,11.397260273972591,85.36986301369863,12.328767123287676,82.46575342465754
2025-03-18,4.29,-4.0000000000000036,-13.999999999999968,13.999999999999968,-4.601331668747402,-16.365159128978192,6.5813458262350615,80.16438356164383,35.72012138188609,65.26027397260275,47.01369863013699,55.17808219178082,80.76712328767124,83.5068493150685,11.61643835616438,84.10958904109589,13.917808219178085,82.41095890410959
2025-03-19,4.25,8.999999999999986,0.9999999999999787,17.99999999999997,8.398668331252587,-1.3651591289782457,10.581345826235065,82.84931506849315,41.55578898225957,71.28767123287672,47.28767123287672,55.50684931506849,80.93150684931507,80.32876712328768,10.849315068493155,80.65753424657535,15.726027397260282,82.35616438356165
2025-03-20,4.24,6.99999999999994,9.999999999999964,21.999999999999975,6.398668331252541,7.634840871021741,14.581345826235069,83.23287671232876,39.96265172735761,71.83561643835617,48.10958904109589,57.041095890410965,80.87671232876713,80.6027397260274,11.013698630136986,80.16438356164383,15.123287671232873,82.30136986301369
2025-03-21,4.25,9.999999999999964,15.000000000000036,23.000000000000043,9.398668331252566,12.634840871021812,15.581345826235136,82.52054794520548,34.64777186916434,67.6164383561644,48.93150684931506,57.69863013698631,81.0958904109589,83.23287671232876,8.054794520547944,80.6027397260274,13.917808219178085,82.1917808219178
2025-03-22,4.25,12.99999999999999,23.000000000000043,33.00000000000001,12.39866833125259,20.63484087102182,25.5813458262351,82.24657534246575,34.64777186916434,69.91780821917808,49.863013698630134,57.75342465753425,81.04109589041096,79.34246575342466,8.109589041095887,80.54794520547945,13.917808219178085,82.08219178082192
2025-03-23,4.25,1.9999999999999574,23.000000000000043,29.000000000000004,1.3986683312525583,20.63484087102182,21.581345826235097,82.13698630136986,34.64777186916434,73.86301369863014,49.26027397260274,57.80821917808219,80.98630136986301,86.84931506849315,8.219178082191775,80.4931506849315,13.917808219178085,81.91780821917808
2025-03-24,4.34,-7.000000000000028,14.000000000000057,16.999999999999993,-7.601331668747427,11.634840871021833,9.581345826235086,73.86301369863014,56.20331465919701,76.0,48.10958904109589,57.47945205479452,81.47945205479452,77.64383561643837,11.835616438356169,86.79452054794521,12.876712328767127,81.8082191780822
2025-03-25,4.31,-4.0000000000000036,7.000000000000028,20.000000000000018,-4.601331668747402,4.6348408710218045,12.581345826235111,77.0958904109589,58.8702147525677,65.6986301369863,47.178082191780824,59.726027397260275,81.36986301369863,82.08219178082192,10.63013698630138,85.26027397260273,10.63013698630138,81.69863013698631
2025-03-26,4.35,-11.999999999999922,0.0,16.000000000000014,-12.60133166874732,-2.3651591289782243,8.581345826235108,71.83561643835617,50.18674136321195,56.82191780821918,45.47945205479452,60.71232876712329,81.53424657534246,87.3972602739726,10.68493150684931,87.01369863013699,9.917808219178085,81.58904109589041
2025-03-27,4.38,-20.999999999999996,-8.999999999999986,12.99999999999999,-21.601331668747395,-11.36515912897821,5.581345826235083,68.82191780821918,47.23972922502334,53.42465753424658,44.21917808219178,62.082191780821915,81.64383561643835,72.38356164383562,9.095890410958901,87.83561643835617,9.150684931506845,81.47945205479452
2025-03-28,4.27,-6.99999999999994,7.000000000000028,16.000000000000014,-7.6013316687473385,4.6348408710218045,8.581345826235108,81.26027397260273,34.7922502334267,64.27397260273973,45.150684931506845,60.87671232876713,81.42465753424658,68.71232876712328,6.30136986301369,82.30136986301369,10.739726027397253,81.36986301369863
2025-03-29,4.27,-20.999999999999996,7.000000000000028,20.000000000000018,-21.601331668747395,4.6348408710218045,12.581345826235111,81.20547945205479,34.7922502334267,64.32876712328766,46.52054794520548,60.93150684931506,81.36986301369863,68.71232876712328,6.630136986301366,82.24657534246575,10.739726027397253,81.31506849315069
2025-03-30,4.27,-25.99999999999998,7.000000000000028,16.000000000000014,-26.601331668747378,4.6348408710218045,8.581345826235108,81.26027397260273,34.7922502334267,72.38356164383562,44.87671232876712,60.986301369863014,81.31506849315069,84.76712328767123,6.68493150684931,82.1917808219178,10.739726027397253,81.20547945205479
2025-03-31,4.23,-22.000000000000064,10.999999999999943,17.99999999999997,-22.601331668747463,8.63484087102172,10.581345826235065,83.94520547945206,34.38375350140056,77.86301369863014,46.35616438356165,59.506849315068486,81.53424657534246,71.61643835616438,5.479452054794521,79.12328767123287,6.958904109589042,81.0958904109589
2025-04-01,4.17,-16.000000000000014,25.0,24.00000000000002,-16.601331668747413,22.634840871021776,16.581345826235115,88.4931506849315,38.23529411764706,80.65753424657535,47.561643835616444,57.534246575342465,81.69863013698631,69.04109589041096,6.904109589041099,75.34246575342466,7.506849315068493,20.602739726027394
2025-04-02,4.2,-4.999999999999982,20.999999999999996,20.999999999999996,-5.601331668747381,18.634840871021773,13.58134582623509,87.01369863013699,41.81839402427638,73.86301369863014,49.31506849315068,57.0958904109589,81.53424657534246,71.8904109589041,6.904109589041099,77.0958904109589,9.260273972602732,20.767123287671225
2025-04-03,4.06,20.000000000000018,34.00000000000007,40.000000000000036,19.39866833125262,31.634840871021847,32.58134582623513,93.0958904109589,16.549953314659195,74.73972602739725,47.561643835616444,59.945205479452056,80.98630136986301,48.986301369863014,3.2328767123287747,71.67123287671232,7.506849315068493,20.986301369863014
2025-04-04,4.01,33.00000000000001,31.00000000000005,45.000000000000014,32.39866833125261,28.634840871021826,37.58134582623511,94.52054794520548,0.0,82.30136986301369,18.739726027397268,58.84931506849315,79.89041095890411,13.808219178082194,2.9041095890410986,70.02739726027397,8.273972602739718,21.205479452054803
2025-04-05,4.01,39.00000000000006,28.000000000000025,36.00000000000003,38.39866833125266,25.6348408710218,28.581345826235122,94.52054794520548,0.0,80.6027397260274,10.63013698630138,58.9041095890411,79.89041095890411,18.136986301369863,2.9589041095890423,69.97260273972603,8.273972602739718,21.315068493150676
2025-04-06,4.01,47.000000000000064,28.000000000000025,39.00000000000006,46.398668331252665,25.6348408710218,31.58134582623515,94.3013698630137,0.0,70.35616438356165,7.561643835616437,58.95890410958904,79.89041095890411,15.452054794520548,3.013698630136986,69.91780821917808,8.273972602739718,21.424657534246577
2025-04-07,4.15,33.00000000000001,13.999999999999968,35.99999999999994,32.39866833125261,11.634840871021744,28.581345826235037,89.31506849315069,0.5146980791679933,39.83561643835616,4.219178082191775,63.23287671232877,80.05479452054794,6.465753424657534,1.8630136986301409,74.3013698630137,9.479452054794521,21.589041095890423
2025-04-08,4.26,22.000000000000064,-2.999999999999936,25.0,21.398668331252665,-5.36515912897816,17.581345826235093,81.42465753424658,0.0,30.63013698630137,2.794520547945197,70.79452054794521,80.16438356164383,2.958904109589041,2.2465753424657464,81.47945205479452,6.904109589041099,21.753424657534254
2025-04-09,4.34,4.0000000000000036,-14.999999999999947,16.999999999999993,3.3986683312526047,-17.36515912897817,9.581345826235086,72.43835616438356,40.844859439756334,27.616438356164387,3.0684931506849296,63.287671232876704,80.87671232876713,1.1506849315068493,2.027397260273972,86.63013698630137,8.328767123287676,22.082191780821915
2025-04-10,4.4,-5.000000000000071,-23.000000000000043,8.999999999999986,-5.60133166874747,-25.365159128978267,1.5813458262350792,66.46575342465754,24.781544914365604,11.232876712328768,3.671232876712324,71.67123287671234,80.05479452054794,1.095890410958904,2.684931506849324,88.27397260273972,10.410958904109592,22.356164383561634
2025-04-11,4.48,-19.00000000000004,-23.000000000000043,-1.0000000000000675,-19.601331668747438,-25.365159128978267,-8.418654173764974,58.24657534246575,31.232835671843013,14.136986301369864,3.7808219178082254,69.15068493150685,80.16438356164383,2.356164383561644,3.3972602739726057,91.72602739726027,16.273972602739732,22.41095890410959
2025-04-12,4.48,-14.000000000000057,-15.000000000000036,-7.000000000000028,-14.601331668747456,-17.36515912897826,-14.418654173764935,58.68493150684932,31.232835671843013,12.602739726027398,4.38356164383562,69.15068493150685,80.16438356164383,2.7945205479452055,3.506849315068493,91.67123287671232,16.273972602739732,22.739726027397253
2025-04-13,4.48,-14.000000000000057,-15.000000000000036,-12.00000000000001,-14.601331668747456,-17.36515912897826,-19.418654173764917,58.9041095890411,31.232835671843013,19.17808219178082,4.547945205479451,69.2054794520548,80.16438356164383,4.328767123287671,3.5616438356164366,91.61643835616438,16.273972602739732,23.28767123287672
2025-04-14,4.38,-4.0000000000000036,-4.999999999999982,3.000000000000025,-4.601331668747402,-7.365159128978206,-4.418654173764882,69.36986301369863,33.7744045538523,27.506849315068493,4.986301369863014,70.68493150684931,80.4931506849315,2.5753424657534247,3.5616438356164366,87.56164383561644,13.972602739726028,23.78082191780821
2025-04-15,4.35,-0.9999999999999787,1.0000000000000675,6.00000000000005,-1.6013316687473778,-1.3651591289781568,-1.4186541737648568,73.04109589041096,34.283716982074196,33.863013698630134,5.479452054794521,67.6164383561644,80.05479452054794,2.0821917808219177,3.5616438356164366,86.63013698630137,11.06849315068493,24.27397260273972
2025-04-16,4.29,12.99999999999999,0.9999999999999787,12.00000000000001,12.39866833125259,-1.3651591289782457,4.581345826235104,80.0,22.799221051580368,40.21917808219178,6.027397260273972,68.98630136986301,79.83561643835617,1.4794520547945205,3.0684931506849296,83.45205479452055,16.38356164383562,24.712328767123296
2025-04-17,4.34,7.000000000000028,-8.000000000000007,12.00000000000001,6.39866833125263,-10.365159128978231,4.581345826235104,74.46575342465754,22.709342387776502,32.054794520547944,6.520547945205479,69.15068493150685,80.6027397260274,2.958904109589041,3.287671232876704,86.24657534246575,17.260273972602732,25.20547945205479
2025-04-18,4.34,6.00000000000005,3.000000000000025,4.999999999999982,5.398668331252651,0.6348408710218005,-2.4186541737649243,74.41095890410959,22.709342387776502,32.109589041095894,7.178082191780817,69.15068493150685,80.6027397260274,3.0136986301369864,3.3972602739726057,86.1917808219178,17.260273972602732,25.534246575342465
2025-04-19,4.34,-1.9999999999999574,3.000000000000025,4.0000000000000036,-2.601331668747356,0.6348408710218005,-3.418654173764903,74.41095890410959,22.709342387776502,24.93150684931507,8.164383561643845,69.15068493150685,80.6027397260274,3.4520547945205484,3.4520547945205493,86.13698630136986,17.260273972602732,25.753424657534254
2025-04-20,4.34,-4.999999999999982,3.000000000000025,4.0000000000000036,-5.601331668747381,0.6348408710218005,-3.418654173764903,74.41095890410959,22.709342387776502,30.684931506849317,9.369863013698634,69.15068493150685,80.6027397260274,2.3013698630136985,3.506849315068493,86.08219178082192,17.260273972602732,25.917808219178085
2025-04-21,4.42,-12.99999999999999,-4.999999999999982,-4.0000000000000036,-13.601331668747388,-7.365159128978206,-11.41865417376491,65.31506849315068,13.551705197982725,21.04109589041096,11.06849315068493,75.17808219178083,80.4931506849315,0.547945205479452,2.684931506849324,88.76712328767124,16.054794520547944,26.082191780821915
2025-04-22,4.41,-12.00000000000001,4.0000000000000036,-3.000000000000025,-12.60133166874741,1.6348408710217792,-10.418654173764931,66.41095890410959,22.79422779248015,19.506849315068493,12.657534246575338,74.57534246575342,81.53424657534246,1.5890410958904109,3.4520547945205493,88.32876712328768,19.780821917808225,26.301369863013704
2025-04-23,4.4,-16.999999999999993,8.999999999999986,-2.000000000000046,-17.60133166874739,6.634840871021762,-9.418654173764953,67.01369863013699,31.162930044440007,31.17808219178082,13.972602739726028,72.54794520547945,82.1917808219178,5.698630136986301,5.041095890410958,87.94520547945206,25.369863013698634,26.465753424657535
2025-04-24,4.32,-12.99999999999999,20.999999999999996,1.9999999999999574,-13.601331668747388,18.634840871021773,-5.418654173764949,76.82191780821918,41.50896290008488,38.68493150684931,14.630136986301366,71.12328767123289,82.35616438356165,4.10958904109589,5.205479452054789,85.0958904109589,19.780821917808225,26.630136986301366
2025-04-25,4.29,-12.00000000000001,16.000000000000014,0.9999999999999787,-12.60133166874741,13.63484087102179,-6.418654173764928,80.0,45.76821291256803,44.21917808219178,14.958904109589042,70.52054794520548,81.53424657534246,5.534246575342466,5.808219178082197,82.95890410958904,13.31506849315069,26.849315068493155
2025-04-26,4.29,-4.0000000000000036,13.999999999999968,0.0,-4.601331668747402,11.634840871021744,-7.4186541737649065,79.78082191780823,45.76821291256803,39.89041095890411,15.506849315068493,70.52054794520548,81.53424657534246,4.328767123287671,5.9178082191780845,82.9041095890411,13.31506849315069,27.123287671232873
2025-04-27,4.29,4.0000000000000036,13.999999999999968,-3.000000000000025,3.3986683312526047,11.634840871021744,-10.418654173764931,79.5068493150685,45.76821291256803,38.73972602739726,16.38356164383562,70.52054794520548,81.53424657534246,4.383561643835616,6.465753424657535,82.84931506849315,13.31506849315069,27.232876712328775
2025-04-28,4.23,9.999999999999964,19.99999999999993,5.999999999999961,9.398668331252566,17.634840871021705,-1.4186541737649456,84.54794520547945,45.62340839866181,40.273972602739725,17.58904109589041,71.5068493150685,81.26027397260273,1.5890410958904109,5.150684931506859,77.97260273972603,9.589041095890423,27.45205479452055
2025-04-29,4.19,13.999999999999968,26.999999999999957,9.999999999999964,13.39866833125257,24.634840871021733,2.581345826235058,88.16438356164383,47.900334548359716,46.136986301369866,18.739726027397268,70.24657534246576,80.65753424657535,1.6986301369863015,4.876712328767113,75.3972602739726,9.589041095890423,27.671232876712324
2025-04-30,4.17,19.00000000000004,31.00000000000005,12.00000000000001,18.39866833125264,28.634840871021826,4.581345826235104,89.20547945205479,48.22988964897388,43.78082191780822,19.890410958904113,71.5068493150685,80.65753424657535,0.2191780821917808,3.013698630136986,74.02739726027397,6.904109589041099,27.780821917808225
2025-05-01,4.25,4.999999999999982,33.00000000000001,-0.9999999999999787,4.398668331252583,30.634840871021783,-8.418654173764885,82.46575342465754,52.469166625056175,41.205479452054796,20.93150684931507,70.41095890410959,80.27397260273972,0.6575342465753425,3.178082191780817,78.95890410958904,7.61643835616438,57.26027397260274
2025-05-02,4.33,-7.000000000000028,20.999999999999996,-7.000000000000028,-7.601331668747427,18.634840871021773,-14.418654173764935,72.0,58.95041693713486,33.47945205479452,21.205479452054803,66.63013698630137,80.4931506849315,0.7123287671232876,4.438356164383563,85.53424657534246,11.287671232876718,57.31506849315068
2025-05-03,4.33,4.0000000000000036,17.99999999999997,-3.000000000000025,3.3986683312526047,15.634840871021748,-10.418654173764931,71.72602739726027,58.95041693713486,41.369863013698634,21.369863013698634,66.63013698630137,80.4931506849315,0.821917808219178,4.547945205479451,85.47945205479452,11.287671232876718,57.42465753424658
2025-05-04,4.33,4.0000000000000036,17.99999999999997,1.9999999999999574,3.3986683312526047,15.634840871021748,-5.418654173764949,71.3972602739726,58.95041693713486,41.80821917808219,21.86301369863014,66.63013698630137,80.4931506849315,0.4931506849315068,4.93150684931507,85.42465753424658,11.287671232876718,57.47945205479452
2025-05-05,4.36,0.9999999999999787,14.999999999999947,-1.0000000000000675,0.3986683312525796,12.634840871021723,-8.418654173764974,68.0,56.15918510011485,42.57534246575342,22.79452054794521,69.2054794520548,80.87671232876713,0.1095890410958904,4.38356164383562,86.57534246575342,14.575342465753423,57.534246575342465
2025-05-06,4.3,7.000000000000028,20.999999999999996,4.999999999999982,6.39866833125263,18.634840871021773,-2.4186541737649243,75.72602739726028,52.584011584361114,47.23287671232877,23.890410958904113,68.16438356164383,80.4931506849315,0.4931506849315068,3.178082191780817,83.2876712328767,16.657534246575352,57.6986301369863
2025-05-07,4.26,19.00000000000004,16.999999999999993,8.999999999999986,18.39866833125264,14.634840871021769,1.5813458262350792,80.4931506849315,54.27173316023368,40.6027397260274,24.27397260273972,65.42465753424658,80.27397260273972,0.4931506849315068,3.287671232876704,80.10958904109589,20.438356164383563,57.86301369863014
2025-05-08,4.37,12.00000000000001,9.999999999999964,3.000000000000025,11.398668331252612,7.634840871021741,-4.418654173764882,66.79452054794521,58.00669096719429,32.602739726027394,24.438356164383563,64.76712328767124,81.53424657534246,0.7123287671232876,5.69863013698631,87.06849315068493,26.958904109589042,57.91780821917808
2025-05-09,4.37,16.000000000000014,5.999999999999961,4.999999999999982,15.398668331252615,3.6348408710217366,-2.4186541737649243,66.68493150684932,57.78199430768463,33.58904109589041,24.76712328767124,66.24657534246575,81.53424657534246,0.6575342465753425,6.0821917808219155,87.01369863013699,26.13698630136986,58.02739726027397
2025-05-10,4.37,8.000000000000007,4.0000000000000036,-3.000000000000025,7.398668331252608,1.6348408710217792,-10.418654173764931,66.46575342465754,57.78199430768463,25.53424657534247,24.986301369863014,66.3013698630137,81.53424657534246,1.6986301369863015,6.465753424657535,86.95890410958904,26.13698630136986,58.082191780821915
2025-05-11,4.37,5.999999999999961,4.0000000000000036,-2.000000000000046,5.398668331252562,1.6348408710217792,-9.418654173764953,66.35616438356165,57.78199430768463,19.78082191780822,24.493150684931507,66.35616438356165,81.53424657534246,1.4794520547945205,6.68493150684931,86.9041095890411,26.13698630136986,58.24657534246575
2025-05-12,4.45,-2.000000000000046,-4.0000000000000036,-2.000000000000046,-2.601331668747445,-6.365159128978227,-9.418654173764953,56.986301369863014,74.000099865182,15.561643835616437,23.17808219178083,64.82191780821918,81.53424657534246,5.095890410958904,11.561643835616437,90.57534246575342,63.56164383561644,58.3013698630137
2025-05-13,4.49,-6.00000000000005,-3.000000000000025,-6.00000000000005,-6.601331668747449,-5.365159128978249,-13.418654173764956,51.89041095890411,80.57622210016477,13.424657534246576,22.082191780821915,64.82191780821918,82.35616438356165,11.506849315068493,11.890410958904113,91.89041095890411,37.26027397260274,58.41095890410959
2025-05-14,4.53,-7.000000000000028,-7.000000000000028,-10.000000000000053,-7.601331668747427,-9.365159128978252,-17.41865417376496,46.3013698630137,82.86313476806312,7.506849315068494,20.273972602739732,65.47945205479452,83.78082191780823,45.31506849315068,14.027397260273972,93.36986301369863,37.917808219178085,58.465753424657535
2025-05-15,4.45,3.000000000000025,-8.000000000000007,-2.000000000000046,2.398668331252626,-10.365159128978231,-9.418654173764953,56.602739726027394,83.01792580016976,9.479452054794521,18.52054794520548,66.35616438356165,83.23287671232876,40.273972602739725,11.123287671232873,90.41095890410959,31.397260273972606,58.57534246575343
2025-05-16,4.43,15.000000000000036,-2.999999999999936,7.000000000000028,14.398668331252637,-5.36515912897816,-0.4186541737648781,58.95890410958904,85.1300743995606,10.63013698630137,16.93150684931507,63.50684931506849,83.23287671232876,35.178082191780824,12.273972602739718,89.20547945205479,30.52054794520548,58.794520547945204
2025-05-17,4.43,11.000000000000032,8.000000000000007,3.000000000000025,10.398668331252633,5.634840871021783,-4.418654173764882,58.52054794520548,85.1300743995606,28.493150684931507,15.561643835616437,63.561643835616444,83.23287671232876,59.397260273972606,12.38356164383562,89.15068493150685,30.52054794520548,58.95890410958904
2025-05-18,4.43,8.000000000000007,8.000000000000007,4.0000000000000036,7.398668331252608,5.634840871021783,-3.418654173764903,58.19178082191781,85.1300743995606,44.273972602739725,13.863013698630127,63.61643835616439,83.23287671232876,71.61643835616438,12.712328767123296,89.0958904109589,30.52054794520548,59.013698630136986
2025-05-19,4.46,4.999999999999982,4.999999999999982,-1.9999999999999574,4.398668331252583,2.634840871021758,-9.418654173764864,54.13698630136986,85.54950816397863,36.054794520547944,12.438356164383563,65.58904109589041,83.78082191780823,81.97260273972603,11.506849315068493,90.68493150684931,37.479452054794514,59.06849315068493
2025-05-20,4.48,2.999999999999936,0.9999999999999787,-4.0000000000000036,2.398668331252537,-1.3651591289782457,-11.41865417376491,51.28767123287671,83.95665851101015,53.04109589041096,10.575342465753423,67.6164383561644,83.61643835616438,70.1917808219178,13.75342465753424,91.45205479452055,37.479452054794514,59.12328767123288
2025-05-21,4.58,-7.000000000000028,-11.000000000000032,-13.999999999999968,-7.601331668747427,-13.365159128978256,-21.418654173764875,37.09589041095891,78.15449143656065,32.87671232876712,9.260273972602732,72.43835616438356,83.61643835616438,50.52054794520547,10.739726027397253,94.52054794520548,33.26027397260273,59.23287671232877
2025-05-22,4.54,-11.000000000000032,-12.99999999999999,-16.000000000000014,-11.60133166874743,-15.365159128978213,-23.41865417376492,42.73972602739726,78.58391171917911,36.87671232876713,8.821917808219183,70.1917808219178,83.23287671232876,56.49315068493151,9.698630136986296,93.47945205479452,37.534246575342465,59.342465753424655
2025-05-23,4.51,-4.0000000000000036,-14.999999999999947,-16.000000000000014,-4.601331668747402,-17.36515912897817,-23.41865417376492,47.178082191780824,74.52439207070455,37.75342465753425,8.38356164383562,67.01369863013699,83.06849315068493,64.87671232876713,9.260273972602732,92.65753424657534,33.26027397260273,59.3972602739726
2025-05-24,4.51,-8.000000000000007,-9.999999999999964,-10.999999999999943,-8.601331668747406,-12.365159128978188,-18.41865417376485,47.01369863013699,74.52439207070455,33.64383561643835,8.054794520547944,67.01369863013699,83.06849315068493,43.06849315068494,9.479452054794521,92.6027397260274,33.26027397260273,59.45205479452055
2025-05-25,4.51,-9.999999999999964,-9.999999999999964,-8.000000000000007,-10.601331668747363,-12.365159128978188,-15.418654173764914,46.9041095890411,74.52439207070455,30.191780821917806,7.013698630136986,67.06849315068493,83.06849315068493,47.23287671232877,9.808219178082183,92.54794520547945,33.26027397260273,59.56164383561644
2025-05-26,4.51,-9.999999999999964,-9.999999999999964,-10.999999999999943,-10.601331668747363,-12.365159128978188,-18.41865417376485,46.68493150684932,74.52439207070455,26.9041095890411,6.958904109589042,67.06849315068493,83.06849315068493,61.698630136986296,10.191780821917803,92.4931506849315,33.26027397260273,59.671232876712324
2025-05-27,4.43,-1.9999999999999574,3.000000000000025,-2.999999999999936,-2.601331668747356,0.6348408710218005,-10.418654173764843,57.36986301369863,84.2213012433215,46.465753424657535,6.958904109589042,67.12328767123287,82.35616438356165,48.10958904109589,14.520547945205479,88.6027397260274,24.27397260273972,59.726027397260275
2025-05-28,4.47,-0.9999999999999787,-8.000000000000007,-6.99999999999994,-1.6013316687473778,-10.365159128978231,-14.418654173764846,52.05479452054795,82.60847855395217,43.890410958904106,7.287671232876718,67.12328767123287,82.35616438356165,37.534246575342465,15.945205479452056,90.52054794520548,17.972602739726028,59.78082191780822
2025-05-29,4.43,3.000000000000025,-4.999999999999982,-0.9999999999999787,2.398668331252626,-7.365159128978206,-8.418654173764885,57.0958904109589,83.18270335047686,50.19178082191781,7.671232876712324,67.12328767123287,82.35616438356165,34.41095890410959,18.30136986301369,88.4931506849315,20.493150684931507,59.83561643835616
2025-05-30,4.41,-4.0000000000000036,-3.000000000000025,-7.000000000000028,-4.601331668747402,-5.365159128978249,-14.418654173764935,59.726027397260275,82.54855944474959,50.35616438356164,8.164383561643845,68.43835616438356,83.61643835616438,40.10958904109589,15.561643835616437,87.28767123287672,17.0958904109589,59.945205479452056
2025-05-31,4.41,-0.9999999999999787,-3.000000000000025,-3.000000000000025,-1.6013316687473778,-5.365159128978249,-10.418654173764931,59.45205479452055,82.54855944474959,65.53424657534246,8.438356164383563,68.43835616438356,83.61643835616438,63.50684931506849,15.945205479452056,87.23287671232876,17.0958904109589,60.0
2025-06-01,4.41,9.999999999999964,-3.000000000000025,-4.0000000000000036,9.398668331252566,-5.365159128978249,-11.41865417376491,59.23287671232877,82.54855944474959,61.42465753424658,8.54794520547945,68.43835616438356,76.98630136986301,39.3972602739726,16.38356164383562,87.17808219178082,17.0958904109589,74.84931506849315
2025-06-02,4.46,4.999999999999982,-8.000000000000007,-22.999999999999954,4.398668331252583,-10.365159128978231,-30.41865417376486,52.49315068493151,85.69930593698507,44.21917808219178,8.328767123287676,68.4931506849315,76.4931506849315,28.93150684931507,16.657534246575352,90.1917808219178,17.0958904109589,74.79452054794521
2025-06-03,4.46,4.999999999999982,-12.00000000000001,-22.999999999999954,4.398668331252583,-14.365159128978235,-30.41865417376486,52.38356164383562,89.12468167973236,35.013698630136986,8.109589041095887,66.63013698630137,76.0,37.80821917808219,19.45205479452055,90.13698630136986,20.712328767123296,74.73972602739727
2025-06-04,4.37,12.00000000000001,-7.000000000000028,-13.999999999999968,11.398668331252612,-9.365159128978252,-21.418654173764875,64.38356164383562,90.33305038198432,41.97260273972603,7.671232876712324,66.68493150684931,75.23287671232876,33.04109589041096,20.876712328767127,85.58904109589041,32.712328767123296,74.68493150684932
2025-06-05,4.4,6.99999999999994,-11.000000000000032,-18.00000000000006,6.398668331252541,-13.365159128978256,-25.418654173764967,60.38356164383561,86.65301842512608,43.45205479452055,7.561643835616437,65.58904109589041,73.31506849315069,45.75342465753425,26.575342465753423,86.63013698630137,32.0,74.63013698630137
2025-06-06,4.51,-9.999999999999964,-25.0,-29.000000000000004,-10.601331668747363,-27.365159128978224,-36.41865417376491,44.93150684931507,90.79243021920408,33.42465753424658,8.164383561643845,64.54794520547945,75.2876712328767,38.136986301369866,33.97260273972603,92.43835616438356,32.0,74.57534246575342
2025-06-07,4.51,-14.999999999999947,-21.999999999999975,-29.000000000000004,-15.601331668747346,-24.3651591289782,-36.41865417376491,44.87671232876712,90.79243021920408,28.712328767123285,8.493150684931507,64.60273972602741,75.2876712328767,50.68493150684932,34.63013698630138,92.38356164383562,32.0,74.52054794520548
2025-06-08,4.51,-9.999999999999964,-21.999999999999975,-27.999999999999936,-10.601331668747363,-24.3651591289782,-35.41865417376484,44.87671232876712,90.79243021920408,22.575342465753426,8.273972602739718,64.65753424657534,75.2876712328767,49.97260273972603,35.17808219178082,92.32876712328768,32.0,74.46575342465754
2025-06-09,4.49,-8.000000000000007,-20.000000000000018,-22.000000000000064,-8.601331668747406,-22.36515912897824,-29.41865417376497,47.890410958904106,91.43156738403155,31.013698630136986,7.178082191780817,65.8082191780822,75.2876712328767,86.9041095890411,38.19178082191781,91.2876712328767,32.0,74.41095890410959
2025-06-10,4.47,-5.999999999999961,-22.999999999999954,-20.000000000000018,-6.60133166874736,-25.365159128978178,-27.418654173764924,50.68493150684932,94.24776551655265,38.136986301369866,7.287671232876718,64.4931506849315,73.31506849315069,72.38356164383562,40.54794520547945,90.24657534246575,33.42465753424658,74.3013698630137
2025-06-11,4.41,4.999999999999982,-15.000000000000036,-14.000000000000057,4.398668331252583,-17.36515912897826,-21.418654173764963,58.794520547945204,92.74978778648824,47.342465753424655,7.561643835616437,65.15068493150686,72.65753424657535,57.42465753424657,34.301369863013704,86.73972602739727,33.42465753424658,74.24657534246575
2025-06-12,4.36,2.999999999999936,-6.00000000000005,-9.000000000000075,2.398668331252537,-8.365159128978274,-16.41865417376498,65.0958904109589,93.64857442452688,57.205479452054796,8.109589041095887,64.54794520547945,72.4931506849315,46.19178082191781,37.369863013698634,84.6027397260274,35.28767123287672,74.13698630136986
2025-06-13,4.41,-3.000000000000025,-6.00000000000005,-12.00000000000001,-3.6013316687474237,-8.365159128978274,-19.418654173764917,58.52054794520548,87.89134668197933,49.04109589041096,7.945205479452056,64.21917808219179,73.0958904109589,31.34246575342466,33.2054794520548,86.68493150684931,33.42465753424658,74.08219178082192
2025-06-14,4.41,-3.000000000000025,-6.00000000000005,-16.999999999999993,-3.6013316687474237,-8.365159128978274,-24.4186541737649,58.465753424657535,87.89134668197933,53.53424657534247,7.780821917808225,64.27397260273973,73.0958904109589,46.136986301369866,33.97260273972603,86.63013698630137,33.42465753424658,73.97260273972603
2025-06-15,4.41,-3.000000000000025,-6.00000000000005,-12.00000000000001,-3.6013316687474237,-8.365159128978274,-19.418654173764917,58.35616438356164,87.89134668197933,51.178082191780824,7.7260273972602675,64.32876712328766,73.0958904109589,56.657534246575345,34.24657534246576,86.57534246575342,33.42465753424658,73.86301369863014
2025-06-16,4.46,-8.000000000000007,-11.000000000000032,-12.99999999999999,-8.601331668747406,-13.365159128978256,-20.418654173764896,51.67123287671233,93.82833175213462,39.61643835616439,7.945205479452056,66.19178082191782,74.95890410958904,78.02739726027397,37.26027397260274,89.8082191780822,20.712328767123296,73.75342465753424
2025-06-17,4.39,-0.9999999999999787,1.0000000000000675,-5.999999999999961,-1.6013316687473778,-1.3651591289781568,-13.418654173764867,61.205479452054796,89.61402107155341,58.136986301369866,7.561643835616437,63.671232876712324,75.67123287671234,68.0,38.136986301369866,85.64383561643835,22.52054794520548,73.64383561643837
2025-06-18,4.38,-4.0000000000000036,4.0000000000000036,-4.999999999999982,-4.601331668747402,1.6348408710217792,-12.418654173764889,62.73972602739726,89.4092974484446,58.41095890410959,7.561643835616437,63.178082191780824,75.67123287671234,74.52054794520548,31.506849315068493,85.42465753424658,31.06849315068493,73.53424657534246
2025-06-19,4.38,-8.000000000000007,-4.0000000000000036,-4.0000000000000036,-8.601331668747406,-6.365159128978227,-11.41865417376491,62.410958904109584,89.4092974484446,58.46575342465753,7.61643835616438,63.23287671232877,75.67123287671234,74.57534246575342,31.83561643835617,85.36986301369863,31.06849315068493,73.42465753424658
2025-06-20,4.38,-8.999999999999986,-3.000000000000025,-8.000000000000007,-9.601331668747385,-5.365159128978249,-15.418654173764914,62.082191780821915,92.79753582663405,55.61643835616439,8.328767123287676,66.13698630136986,77.42465753424658,76.16438356164383,35.17808219178082,85.31506849315068,20.712328767123296,73.0958904109589
2025-06-21,4.38,-12.00000000000001,4.999999999999982,-8.999999999999986,-12.60133166874741,2.634840871021758,-16.418654173764892,61.80821917808219,92.79753582663405,62.90410958904109,8.54794520547945,66.19178082191782,77.42465753424658,56.054794520547944,35.61643835616438,85.26027397260273,20.712328767123296,72.71232876712328
2025-06-22,4.38,-8.999999999999986,4.999999999999982,-4.999999999999982,-9.601331668747385,2.634840871021758,-12.418654173764889,61.80821917808219,92.79753582663405,65.91780821917808,8.93150684931507,66.24657534246575,77.42465753424658,42.24657534246575,36.10958904109589,85.20547945205479,20.712328767123296,72.32876712328768
2025-06-23,4.34,-4.999999999999982,8.999999999999986,-8.000000000000007,-5.601331668747381,6.634840871021762,-15.418654173764914,66.46575342465754,96.46477255704798,71.56164383561644,8.821917808219183,67.6164383561644,74.95890410958904,40.054794520547944,34.1917808219178,83.2876712328767,17.0958904109589,71.94520547945206
2025-06-24,4.3,-0.9999999999999787,12.99999999999999,-4.0000000000000036,-1.6013316687473778,10.634840871021765,-11.41865417376491,70.13698630136986,100.0,71.17808219178082,8.767123287671225,71.01369863013699,73.58904109589041,63.23287671232877,32.49315068493151,80.65753424657535,15.61643835616438,71.6164383561644
2025-06-25,4.29,-4.999999999999982,20.999999999999996,-3.000000000000025,-5.601331668747381,18.634840871021773,-10.418654173764931,71.06849315068493,100.0,70.1917808219178,8.767123287671225,71.01369863013699,73.0958904109589,73.6986301369863,30.9041095890411,79.89041095890411,9.205479452054803,71.28767123287672
2025-06-26,4.26,0.0,20.000000000000018,2.000000000000046,-0.6013316687473991,17.634840871021794,-5.41865417376486,74.24657534246575,100.0,72.54794520547945,9.260273972602732,71.45205479452055,73.0958904109589,86.79452054794521,29.808219178082197,77.36986301369863,7.342465753424648,71.17808219178082
2025-06-27,4.29,0.9999999999999787,17.99999999999997,-3.000000000000025,0.3986683312525796,15.634840871021748,-10.418654173764931,70.68493150684931,100.0,68.38356164383562,10.027397260273972,71.72602739726027,73.69863013698631,90.24657534246575,31.945205479452056,79.83561643835617,7.671232876712324,71.06849315068493
2025-06-28,4.29,5.999999999999961,15.000000000000036,-4.999999999999982,5.398668331252562,12.634840871021812,-12.418654173764889,70.63013698630137,100.0,70.9041095890411,10.301369863013704,71.72602739726027,73.69863013698631,89.91780821917808,32.65753424657534,79.78082191780823,7.671232876712324,70.95890410958904
2025-06-29,4.29,5.999999999999961,15.000000000000036,-7.000000000000028,5.398668331252562,12.634840871021812,-14.418654173764935,70.52054794520548,100.0,75.5068493150685,10.63013698630138,71.72602739726027,73.69863013698631,92.05479452054794,33.31506849315069,79.72602739726028,7.671232876712324,70.73972602739727
2025-06-30,4.24,10.999999999999943,20.000000000000018,-0.9999999999999787,10.398668331252544,17.634840871021794,-8.418654173764885,76.98630136986301,100.0,89.58904109589041,10.575342465753423,68.71232876712328,73.69863013698631,91.01369863013699,43.83561643835616,75.17808219178082,6.904109589041099,70.57534246575342
2025-07-01,4.26,8.999999999999986,12.00000000000001,-2.999999999999936,8.398668331252587,9.634840871021787,-10.418654173764843,73.8082191780822,96.45101336401451,88.76712328767124,10.13698630136986,66.08219178082192,72.0,88.38356164383562,52.10958904109589,77.15068493150685,7.123287671232887,31.890410958904113
2025-07-02,4.3,10.000000000000053,4.999999999999982,-6.99999999999994,9.398668331252654,2.634840871021758,-14.418654173764846,69.53424657534246,99.1105407558191,85.47945205479452,9.260273972602732,68.71232876712328,72.32876712328768,89.26027397260275,57.0958904109589,80.6027397260274,10.082191780821915,32.0
2025-07-03,4.35,7.000000000000028,5.000000000000071,-11.999999999999922,6.39866833125263,2.6348408710218467,-19.41865417376483,64.93150684931507,100.0,82.57534246575342,7.06849315068493,65.15068493150686,72.82191780821918,87.78082191780821,67.12328767123287,83.83561643835617,18.739726027397268,32.10958904109589
2025-07-04,4.35,-0.9999999999999787,8.000000000000007,-6.99999999999994,-1.6013316687473778,5.634840871021783,-14.418654173764846,65.26027397260273,97.32330827067669,82.57534246575342,5.808219178082197,65.20547945205479,72.82191780821918,83.61643835616438,67.2876712328767,83.78082191780823,18.739726027397268,32.602739726027394
2025-07-05,4.35,0.0,5.000000000000071,-12.99999999999999,-0.6013316687473991,2.6348408710218467,-20.418654173764896,65.36986301369863,97.32330827067669,82.57534246575342,5.205479452054789,65.26027397260275,72.82191780821918,83.67123287671234,67.67123287671234,83.72602739726028,18.739726027397268,33.26027397260273
2025-07-06,4.35,8.000000000000007,5.000000000000071,-17.99999999999997,7.398668331252608,2.6348408710218467,-25.418654173764878,65.42465753424658,97.32330827067669,73.53424657534246,5.041095890410958,65.31506849315069,72.82191780821918,84.21917808219177,67.78082191780823,83.67123287671232,18.739726027397268,34.02739726027397
2025-07-07,4.4,2.999999999999936,0.0,-30.00000000000007,2.398668331252537,-2.3651591289782243,-37.41865417376498,58.24657534246575,96.9452201933405,69.69863013698631,5.150684931506859,67.6164383561644,74.02739726027397,86.41095890410959,55.78082191780822,86.02739726027397,24.54794520547945,34.79452054794521
2025-07-08,4.42,0.9999999999999787,0.0,-32.00000000000003,0.3986683312525796,-2.3651591289782243,-39.418654173764935,56.16438356164384,97.15145005370569,62.246575342465746,4.712328767123282,68.76712328767123,74.02739726027397,99.61643835616438,56.109589041095894,87.28767123287672,21.47945205479452,35.56164383561644
2025-07-09,4.34,8.999999999999986,0.0,-24.00000000000002,8.398668331252587,-2.3651591289782243,-31.418654173764928,66.68493150684932,99.83243823845328,69.69863013698631,4.493150684931507,66.3013698630137,72.82191780821918,97.53424657534246,51.45205479452055,82.9041095890411,27.72602739726028,36.273972602739725
2025-07-10,4.35,15.000000000000036,3.000000000000025,-29.999999999999982,14.398668331252637,0.6348408710218005,-37.41865417376489,65.86301369863014,99.15359828141783,70.24657534246576,4.986301369863014,66.63013698630137,73.47945205479452,98.68493150684931,59.3972602739726,83.5068493150685,28.76712328767124,36.986301369863014
2025-07-11,4.43,3.000000000000025,-5.999999999999961,-34.999999999999964,2.398668331252626,-8.365159128978185,-42.41865417376487,55.013698630136986,98.22126745435015,59.28767123287672,6.356164383561648,69.15068493150685,76.43835616438356,98.13698630136986,54.465753424657535,88.0,28.76712328767124,37.80821917808219
2025-07-12,4.43,4.0000000000000036,-19.99999999999993,-38.99999999999997,3.3986683312526047,-22.365159128978153,-46.41865417376488,55.12328767123288,98.22126745435015,66.52054794520548,12.273972602739718,69.15068493150685,76.43835616438356,97.15068493150685,54.630136986301366,87.94520547945206,28.76712328767124,38.41095890410959
2025-07-13,4.43,1.0000000000000675,-19.99999999999993,-41.99999999999999,0.39866833125266843,-22.365159128978153,-49.4186541737649,55.45205479452055,98.22126745435015,67.5068493150685,16.76712328767124,69.15068493150685,76.43835616438356,97.0958904109589,54.90410958904109,87.89041095890411,28.76712328767124,39.06849315068494
2025-07-14,4.43,1.0000000000000675,-19.99999999999993,-37.000000000000014,0.39866833125266843,-22.365159128978153,-44.41865417376492,55.67123287671233,99.5359828141783,52.93150684931507,16.821917808219183,69.15068493150685,78.35616438356165,96.21917808219177,52.38356164383562,87.83561643835617,24.602739726027394,39.56164383561644
2025-07-15,4.5,-5.999999999999961,-28.000000000000025,-44.00000000000004,-6.60133166874736,-30.36515912897825,-51.41865417376495,45.534246575342465,99.90118152524168,46.57534246575342,16.1095890410959,70.79452054794521,79.56164383561644,96.10958904109589,60.76712328767123,91.67123287671232,14.13698630136986,40.493150684931514
2025-07-16,4.46,-8.000000000000007,-24.00000000000002,-40.000000000000036,-8.601331668747406,-26.365159128978245,-47.41865417376494,51.61643835616439,100.0,56.38356164383561,14.794520547945197,72.76712328767123,79.56164383561644,95.12328767123289,52.602739726027394,89.6986301369863,17.643835616438352,41.26027397260273
2025-07-17,4.47,-12.00000000000001,-25.0,-41.99999999999999,-12.60133166874741,-27.365159128978224,-49.4186541737649,50.13698630136986,100.0,56.657534246575345,14.027397260273972,71.23287671232876,79.94520547945206,95.45205479452055,57.80821917808219,90.13698630136986,17.643835616438352,42.08219178082192
2025-07-18,4.44,-4.0000000000000036,-20.999999999999996,-40.000000000000036,-4.601331668747402,-23.36515912897822,-47.41865417376494,55.06849315068493,99.55470473178242,57.36986301369863,13.808219178082197,71.78082191780823,79.56164383561644,96.54794520547945,52.87671232876712,88.76712328767124,28.986301369863014,42.958904109589035
2025-07-19,4.44,-1.0000000000000675,-17.00000000000008,-38.00000000000008,-1.6013316687474666,-19.365159128978306,-45.418654173764985,55.28767123287671,99.55470473178242,57.041095890410965,13.479452054794521,71.78082191780823,79.56164383561644,95.23287671232876,53.0958904109589,88.71232876712328,28.986301369863014,43.99999999999999
2025-07-20,4.44,-4.0000000000000036,-17.00000000000008,-33.00000000000001,-4.601331668747402,-19.365159128978306,-40.418654173764914,55.45205479452055,99.55470473178242,51.89041095890411,30.739726027397268,71.78082191780823,79.56164383561644,95.67123287671234,53.534246575342465,88.65753424657534,28.986301369863014,44.93150684931507
2025-07-21,4.38,2.000000000000046,-11.000000000000032,-24.00000000000002,1.3986683312526471,-13.365159128978256,-31.418654173764928,64.4931506849315,100.0,59.06849315068493,40.273972602739725,68.82191780821918,79.23287671232876,96.32876712328768,53.58904109589041,84.4931506849315,33.917808219178085,45.75342465753425
2025-07-22,4.35,5.000000000000071,-8.000000000000007,-20.999999999999996,4.398668331252672,-10.365159128978231,-28.418654173764903,67.83561643835617,98.10191448366335,52.76712328767124,50.02739726027397,67.56164383561644,78.35616438356165,97.42465753424658,53.80821917808219,82.84931506849315,33.917808219178085,46.57534246575342
2025-07-23,4.4,1.9999999999999574,-11.000000000000032,-26.000000000000068,1.3986683312525583,-13.365159128978256,-33.41865417376498,61.64383561643836,99.48755790595662,57.36986301369863,47.890410958904106,68.32876712328768,76.43835616438356,99.61643835616438,59.178082191780824,85.36986301369863,35.013698630136986,47.342465753424655
2025-07-24,4.43,-8.999999999999986,-18.99999999999995,-27.999999999999936,-9.601331668747385,-21.365159128978174,-35.41865417376484,57.6986301369863,100.0,56.27397260273973,47.01369863013699,67.5068493150685,80.76712328767124,99.67123287671232,69.26027397260273,87.45205479452055,32.767123287671225,49.15068493150685
2025-07-25,4.4,-2.000000000000046,-11.000000000000032,-28.000000000000025,-2.601331668747445,-13.365159128978256,-35.418654173764935,62.082191780821915,100.0,62.3013698630137,45.97260273972603,66.35616438356165,80.65753424657535,99.72602739726028,66.02739726027397,85.26027397260273,15.06849315068493,49.863013698630134
2025-07-26,4.4,-3.000000000000025,-7.000000000000028,-24.00000000000002,-3.6013316687474237,-9.365159128978252,-31.418654173764928,62.24657534246575,100.0,70.35616438356165,44.71232876712329,66.35616438356165,80.65753424657535,99.28767123287672,66.08219178082192,85.20547945205479,15.06849315068493,50.410958904109584
2025-07-27,4.4,-16.999999999999993,-7.000000000000028,-22.000000000000064,-17.60133166874739,-9.365159128978252,-29.41865417376497,62.3013698630137,100.0,60.87671232876713,48.821917808219176,66.35616438356165,80.65753424657535,99.45205479452055,66.30136986301369,85.15068493150685,15.06849315068493,51.12328767123287
2025-07-28,4.42,-18.99999999999995,-8.999999999999986,-21.999999999999975,-19.60133166874735,-11.36515912897821,-29.41865417376488,59.342465753424655,100.0,52.71232876712328,56.21917808219178,67.2876712328767,80.65753424657535,98.24657534246576,66.46575342465754,86.63013698630137,14.13698630136986,52.71232876712329
2025-07-29,4.34,-10.999999999999943,0.0,-13.999999999999968,-11.601331668747342,-2.3651591289782243,-21.418654173764875,69.97260273972603,99.3717486994798,67.89041095890411,68.32876712328766,65.58904109589041,80.27397260273972,97.97260273972603,63.12328767123287,81.8082191780822,14.13698630136986,53.47945205479452
2025-07-30,4.38,-16.000000000000014,-8.000000000000007,-17.99999999999997,-16.601331668747413,-10.365159128978231,-25.418654173764878,65.36986301369863,99.827931172469,66.57534246575342,70.52054794520548,63.23287671232877,80.16438356164383,97.91780821917808,66.79452054794521,84.10958904109589,25.041095890410958,53.917808219178085
2025-07-31,4.37,-15.000000000000036,-8.000000000000007,-21.999999999999975,-15.601331668747434,-10.365159128978231,-29.41865417376488,67.01369863013699,97.97919167667067,66.95890410958904,70.68493150684931,62.90410958904109,78.41095890410959,9.917808219178083,72.65753424657535,83.5068493150685,11.23287671232876,54.19178082191781
2025-08-01,4.23,-1.0000000000000675,9.999999999999964,-7.000000000000028,-1.6013316687474666,7.634840871021741,-14.418654173764935,80.98630136986301,90.27611044417768,73.53424657534246,68.93150684931507,70.08219178082193,67.45205479452055,10.136986301369863,48.54794520547945,72.87671232876713,11.23287671232876,60.21917808219178
2025-08-02,4.23,0.0,2.999999999999936,-11.000000000000032,-0.6013316687473991,0.6348408710217117,-18.41865417376494,80.93150684931507,90.27611044417768,72.21917808219177,66.02739726027397,70.08219178082193,67.45205479452055,10.027397260273972,48.6027397260274,72.82191780821918,11.23287671232876,60.21917808219178
2025-08-03,4.23,3.9999999999999147,2.999999999999936,-13.000000000000078,3.398668331252516,0.6348408710217117,-20.418654173764985,80.98630136986301,90.27611044417768,67.34246575342466,65.42465753424658,70.08219178082193,67.45205479452055,6.575342465753424,48.6027397260274,72.76712328767124,11.23287671232876,60.273972602739725
2025-08-04,4.22,4.999999999999982,4.0000000000000036,-8.999999999999986,4.398668331252583,1.6348408710217792,-16.418654173764892,82.1917808219178,96.8827531012405,68.38356164383562,68.0,68.65753424657535,68.82191780821918,4.931506849315069,51.61643835616439,72.0,9.534246575342465,60.21917808219178
2025-08-05,4.22,4.999999999999982,6.00000000000005,-8.999999999999986,4.398668331252583,3.6348408710218254,-16.418654173764892,82.1917808219178,94.24969987995198,68.21917808219177,64.76712328767124,66.08219178082192,68.54794520547945,1.4246575342465753,56.986301369863014,71.94520547945206,8.767123287671225,60.16438356164384
2025-08-06,4.22,4.999999999999982,4.0000000000000036,-8.999999999999986,4.398668331252583,1.6348408710217792,-16.418654173764892,82.30136986301369,98.90356142456983,68.10958904109589,60.54794520547945,68.65753424657535,67.72602739726028,0.9863013698630136,48.21917808219178,71.89041095890411,7.123287671232887,60.0
2025-08-07,4.23,5.999999999999961,0.9999999999999787,-5.000000000000071,5.398668331252562,-1.3651591289782457,-12.418654173764978,81.36986301369863,100.0,66.9041095890411,59.89041095890411,67.12328767123287,68.05479452054794,0.8767123287671232,50.73972602739726,72.71232876712328,6.904109589041099,59.945205479452056
2025-08-08,4.27,-2.999999999999936,-4.999999999999982,-12.99999999999999,-3.601331668747335,-7.365159128978206,-20.418654173764896,77.47945205479452,100.0,63.726027397260275,60.43835616438356,66.95890410958904,69.91780821917808,0.9863013698630136,50.19178082191781,76.32876712328768,6.904109589041099,59.89041095890411
2025-08-09,4.27,2.000000000000046,-3.9999999999999147,-13.999999999999968,1.3986683312526471,-6.365159128978139,-21.418654173764875,77.75342465753425,100.0,54.68493150684931,60.71232876712329,66.95890410958904,69.91780821917808,1.36986301369863,49.698630136986296,76.27397260273972,6.904109589041099,59.78082191780822
2025-08-10,4.27,6.00000000000005,-3.9999999999999147,-12.99999999999999,5.398668331252651,-6.365159128978139,-20.418654173764896,77.75342465753425,100.0,51.78082191780822,63.45205479452055,66.95890410958904,69.91780821917808,2.191780821917808,49.26027397260274,76.21917808219177,6.904109589041099,59.671232876712324
2025-08-11,4.27,6.00000000000005,-3.9999999999999147,-21.999999999999975,5.398668331252651,-6.365159128978139,-29.41865417376488,77.75342465753425,98.82148377125193,59.67123287671233,60.16438356164384,67.01369863013699,70.35616438356163,2.8493150684931505,54.79452054794521,76.16438356164383,8.054794520547944,59.61643835616439
2025-08-12,4.29,4.0000000000000036,-5.999999999999961,-24.00000000000002,3.3986683312526047,-8.365159128978185,-31.418654173764928,75.12328767123287,100.0,59.780821917808225,63.50684931506849,71.83561643835617,69.64383561643835,4.821917808219178,51.013698630136986,78.02739726027397,6.904109589041099,59.56164383561644
2025-08-13,4.24,9.999999999999964,4.0000000000000036,-19.00000000000004,9.398668331252566,1.6348408710217792,-26.418654173764946,80.54794520547945,100.0,65.8082191780822,64.27397260273972,72.21917808219177,68.98630136986301,5.534246575342466,56.43835616438356,73.15068493150685,6.958904109589042,59.50684931506849
2025-08-14,4.29,0.9999999999999787,-7.000000000000028,-24.00000000000002,0.3986683312525796,-9.365159128978252,-31.418654173764928,74.63013698630137,99.76129200701205,60.38356164383561,65.36986301369863,70.57534246575342,70.02739726027397,6.027397260273973,56.16438356164384,77.97260273972603,6.958904109589042,59.45205479452055
2025-08-15,4.33,-4.0000000000000036,-16.000000000000014,-29.999999999999982,-4.601331668747402,-18.365159128978238,-37.41865417376489,71.01369863013699,97.87400693745104,52.76712328767124,65.86301369863014,72.76712328767123,69.6986301369863,6.301369863013699,61.205479452054796,81.15068493150685,6.191780821917803,59.342465753424655
2025-08-16,4.33,0.0,-23.000000000000043,-28.000000000000025,-0.6013316687473991,-25.365159128978267,-35.418654173764935,70.84931506849315,97.87400693745104,62.90410958904109,65.58904109589041,72.76712328767123,69.6986301369863,7.232876712328768,60.49315068493151,81.0958904109589,6.191780821917803,59.28767123287671
2025-08-17,4.33,-7.000000000000028,-23.000000000000043,-33.999999999999986,-7.601331668747427,-25.365159128978267,-41.41865417376489,70.73972602739727,97.87400693745104,63.89041095890411,70.46575342465754,72.76712328767123,69.6986301369863,0.0547945205479452,59.726027397260275,81.04109589041096,6.191780821917803,59.23287671232877
2025-08-18,4.34,-8.000000000000007,-24.00000000000002,-32.00000000000003,-8.601331668747406,-26.365159128978245,-39.418654173764935,69.86301369863014,97.78076162769013,51.06849315068494,70.02739726027397,71.78082191780823,69.6986301369863,0.6027397260273972,56.93150684931506,81.64383561643835,7.671232876712324,59.178082191780824
2025-08-19,4.3,-4.0000000000000036,-25.0,-28.000000000000025,-4.601331668747402,-27.365159128978224,-35.418654173764935,73.58904109589041,92.88351795904666,55.72602739726027,70.63013698630137,70.46575342465754,68.05479452054794,0.16438356164383564,53.42465753424658,78.73972602739727,7.2328767123287605,59.06849315068493
2025-08-20,4.29,-0.9999999999999787,-20.999999999999996,-27.000000000000046,-1.6013316687473778,-23.36515912897822,-34.41865417376495,74.1917808219178,90.71276714781247,70.52054794520548,69.6986301369863,70.46575342465754,68.05479452054794,0.273972602739726,46.9041095890411,77.64383561643835,8.493150684931507,59.013698630136986
2025-08-21,4.33,-7.000000000000028,-29.000000000000004,-33.00000000000001,-7.601331668747427,-31.365159128978227,-40.418654173764914,70.46575342465754,89.15743538100034,66.68493150684931,70.35616438356163,69.64383561643835,70.35616438356163,0.4931506849315068,49.42465753424658,80.93150684931507,9.479452054794521,58.95890410958904
2025-08-22,4.26,-1.9999999999999574,-25.0,-27.99999999999998,-2.601331668747356,-27.365159128978224,-35.418654173764885,78.02739726027397,94.3791727276118,71.3972602739726,72.3835616438356,72.05479452054794,71.34246575342465,0.16438356164383564,46.3013698630137,74.73972602739727,5.589041095890408,58.9041095890411
2025-08-23,4.26,-4.0000000000000036,-20.000000000000018,-28.999999999999957,-4.601331668747402,-22.36515912897824,-36.418654173764864,77.91780821917808,94.3791727276118,72.82191780821918,74.9041095890411,72.05479452054794,71.34246575342465,0.3835616438356164,45.91780821917808,74.68493150684932,5.589041095890408,58.849315068493155
2025-08-24,4.26,-2.999999999999936,-20.000000000000018,-25.0,-3.601331668747335,-22.36515912897824,-32.41865417376491,77.69863013698631,94.3791727276118,76.76712328767124,79.23287671232876,72.05479452054794,71.34246575342465,0.1095890410958904,45.589041095890416,74.63013698630137,5.589041095890408,58.73972602739726
2025-08-25,4.28,-4.999999999999982,-22.000000000000064,-26.000000000000068,-5.601331668747381,-24.365159128978288,-33.41865417376498,74.9041095890411,93.31244638394689,75.2876712328767,79.83561643835617,70.63013698630137,71.34246575342465,0.821917808219178,53.80821917808219,76.65753424657534,5.150684931506859,58.68493150684932
2025-08-26,4.26,-2.999999999999936,-20.999999999999996,-24.00000000000002,-3.601331668747335,-23.36515912897822,-31.418654173764928,77.31506849315068,94.7036664055798,73.97260273972603,76.7123287671233,74.52054794520548,71.89041095890411,0.3835616438356164,40.219178082191775,74.52054794520548,4.657534246575352,58.630136986301366
2025-08-27,4.24,-0.9999999999999787,-20.000000000000018,-22.000000000000064,-1.6013316687473778,-22.36515912897824,-29.41865417376497,79.28767123287672,95.25940845175488,72.21917808219177,74.13698630136986,74.79452054794521,72.0,0.0547945205479452,34.52054794520548,72.3835616438356,4.657534246575352,58.57534246575343
2025-08-28,4.22,6.00000000000005,-16.000000000000014,-20.999999999999996,5.398668331252651,-18.365159128978238,-28.418654173764903,81.8082191780822,97.35183320278989,77.20547945205479,72.16438356164383,72.87671232876713,71.34246575342465,0.1095890410958904,39.89041095890411,70.68493150684931,5.972602739726028,58.465753424657535
2025-08-29,4.23,-1.0000000000000675,-12.00000000000001,-24.00000000000002,-1.6013316687474666,-14.365159128978235,-31.418654173764928,80.32876712328766,92.76789377494312,71.56164383561644,69.42465753424658,74.41095890410959,71.34246575342465,0.0547945205479452,28.328767123287662,71.56164383561644,4.328767123287662,58.41095890410959
2025-08-30,4.23,-6.00000000000005,-9.000000000000075,-15.000000000000036,-6.601331668747449,-11.365159128978298,-22.418654173764942,80.27397260273972,92.76789377494312,64.16438356164383,66.08219178082192,74.41095890410959,71.34246575342465,0.2191780821917808,28.273972602739732,71.5068493150685,4.328767123287662,58.35616438356164
2025-08-31,4.23,-13.000000000000078,-9.000000000000075,-12.00000000000001,-13.601331668747477,-11.365159128978298,-19.418654173764917,80.21917808219177,92.76789377494312,59.67123287671233,63.013698630136986,74.41095890410959,71.34246575342465,0.2191780821917808,28.219178082191775,71.45205479452055,4.328767123287662,58.3013698630137
2025-09-01,4.23,-13.000000000000078,-9.000000000000075,-12.00000000000001,-13.601331668747477,-11.365159128978298,-19.418654173764917,80.27397260273972,92.76789377494312,63.726027397260275,68.38356164383562,74.41095890410959,67.17808219178082,0.0547945205479452,28.1095890410959,71.3972602739726,4.328767123287662,43.67123287671233
2025-09-02,4.28,-18.00000000000006,-12.99999999999999,-16.999999999999993,-18.60133166874746,-15.365159128978213,-24.4186541737649,74.1917808219178,89.98172391928686,57.150684931506845,69.26027397260273,73.42465753424658,67.17808219178082,0.0547945205479452,26.356164383561648,76.6027397260274,2.3013698630137043,43.50684931506849
2025-09-03,4.22,-16.999999999999993,-9.999999999999964,-10.999999999999943,-17.60133166874739,-12.365159128978188,-18.41865417376485,81.75342465753425,92.5739435306404,61.753424657534254,70.02739726027397,72.76712328767123,66.79452054794521,0.0547945205479452,31.232876712328775,70.35616438356163,2.027397260273972,43.72602739726027
2025-09-04,4.17,-8.999999999999986,-0.9999999999999787,-4.0000000000000036,-9.601331668747385,-3.365159128978203,-11.41865417376491,85.91780821917808,95.84498899705345,67.83561643835615,69.8082191780822,72.43835616438356,66.41095890410959,0.0547945205479452,27.342465753424662,67.06849315068493,1.150684931506845,43.89041095890411
2025-09-05,4.1,-5.999999999999961,8.000000000000007,0.0,-6.60133166874736,5.634840871021783,-7.4186541737649065,91.23287671232876,96.0836969900414,78.13698630136986,68.27397260273972,72.43835616438356,66.02739726027397,0.0547945205479452,31.178082191780817,64.98630136986301,0.38356164383561975,44.054794520547944
2025-09-06,4.1,-8.999999999999986,10.000000000000053,7.000000000000028,-9.601331668747385,7.634840871021829,-0.4186541737648781,91.01369863013699,96.0836969900414,81.47945205479452,66.24657534246575,72.43835616438356,66.02739726027397,0.16438356164383564,30.849315068493155,64.93150684931507,0.38356164383561975,44.32876712328767
2025-09-07,4.1,-4.0000000000000036,10.000000000000053,1.0000000000000675,-4.601331668747402,7.634840871021829,-6.418654173764839,90.95890410958904,96.0836969900414,71.3972602739726,63.89041095890411,72.43835616438356,66.02739726027397,0.2191780821917808,30.68493150684931,64.87671232876713,0.38356164383561975,44.32876712328767
2025-09-08,4.05,0.9999999999999787,15.000000000000036,6.00000000000005,0.3986683312525796,12.634840871021812,-1.4186541737648568,93.58904109589041,97.81060012681363,82.35616438356165,60.6027397260274,70.57534246575342,64.93150684931507,0.1095890410958904,35.06849315068493,62.73972602739726,0.7123287671232816,44.49315068493151
2025-09-09,4.08,-2.000000000000046,7.000000000000028,3.000000000000025,-2.601331668747445,4.6348408710218045,-4.418654173764882,91.72602739726027,98.91835440677333,79.01369863013699,56.657534246575345,69.31506849315069,65.69863013698631,15.397260273972602,37.20547945205479,63.61643835616439,0.7123287671232816,44.602739726027394
2025-09-10,4.04,0.9999999999999787,12.00000000000001,7.000000000000028,0.3986683312525796,9.634840871021787,-0.4186541737648781,93.86301369863014,98.97430159262989,77.15068493150685,53.534246575342465,66.02739726027397,64.93150684931507,18.84931506849315,36.93150684931506,62.410958904109584,1.0410958904109577,44.657534246575345
2025-09-11,4.01,3.000000000000025,11.000000000000032,12.00000000000001,2.398668331252626,8.634840871021808,4.581345826235104,94.68493150684931,100.0,80.87671232876713,55.28767123287671,65.26027397260275,64.76712328767124,22.301369863013697,39.671232876712324,61.26027397260274,0.657534246575338,44.767123287671225
2025-09-12,4.06,0.0,4.0000000000000036,7.000000000000028,-0.6013316687473991,1.6348408710217792,-0.4186541737648781,92.4931506849315,100.0,78.46575342465754,61.589041095890416,65.75342465753424,65.8082191780822,20.82191780821918,49.09589041095891,63.12328767123287,0.657534246575338,45.04109589041095
2025-09-13,4.06,5.000000000000071,7.000000000000028,2.000000000000046,4.398668331252672,4.6348408710218045,-5.41865417376486,92.32876712328768,100.0,76.43835616438356,67.67123287671234,65.8082191780822,65.8082191780822,23.397260273972602,48.71232876712329,63.06849315068493,0.657534246575338,45.42465753424657
2025-09-14,4.06,8.000000000000007,7.000000000000028,5.000000000000071,7.398668331252608,4.6348408710218045,-2.4186541737648355,92.16438356164383,100.0,74.1917808219178,69.8082191780822,65.86301369863014,65.8082191780822,30.191780821917806,48.43835616438356,63.013698630136986,0.657534246575338,45.75342465753425
2025-09-15,4.05,8.999999999999986,8.000000000000007,8.999999999999986,8.398668331252587,5.634840871021783,1.5813458262350792,92.54794520547945,100.0,79.56164383561644,74.41095890410959,67.12328767123287,66.41095890410959,29.698630136986303,54.57534246575342,62.465753424657535,0.16438356164383094,45.97260273972603
2025-09-16,4.04,9.999999999999964,13.999999999999968,9.999999999999964,9.398668331252566,11.634840871021744,2.581345826235058,93.15068493150685,99.64262967942821,81.15068493150685,74.08219178082192,68.87671232876713,66.41095890410959,30.739726027397264,51.06849315068493,62.13698630136986,0.6027397260274086,46.46575342465753
2025-09-17,4.06,9.000000000000075,8.000000000000007,8.000000000000007,8.398668331252676,5.634840871021783,0.5813458262351006,91.12328767123287,98.77220295803552,82.79452054794521,74.79452054794521,68.93150684931507,67.06849315068493,23.068493150684933,47.61643835616438,62.95890410958904,0.4383561643835634,46.84931506849315
2025-09-18,4.11,0.9999999999999787,1.9999999999999574,1.9999999999999574,0.3986683312525796,-0.36515912897826697,-5.418654173764949,87.5068493150685,100.0,75.83561643835617,77.31506849315068,69.75342465753425,67.06849315068493,24.32876712328767,53.863013698630134,65.26027397260273,7.671232876712324,47.06849315068493
2025-09-19,4.14,2.000000000000046,0.0,-1.9999999999999574,1.3986683312526471,-2.3651591289782243,-9.418654173764864,84.27397260273973,100.0,74.52054794520548,78.02739726027397,71.45205479452055,67.3972602739726,23.506849315068493,53.58904109589041,65.64383561643837,7.671232876712324,47.23287671232876
2025-09-20,4.14,4.0000000000000036,-8.999999999999986,-0.9999999999999787,3.3986683312526047,-11.36515912897821,-8.418654173764885,84.21917808219177,100.0,73.42465753424658,78.46575342465754,71.45205479452055,67.3972602739726,16.821917808219176,53.205479452054796,65.58904109589041,7.671232876712324,47.397260273972606
2025-09-21,4.14,6.00000000000005,-8.999999999999986,-4.0000000000000036,5.398668331252651,-11.36515912897821,-11.41865417376491,83.94520547945206,100.0,77.8082191780822,84.05479452054794,71.45205479452055,67.3972602739726,11.068493150684931,52.821917808219176,65.53424657534246,7.671232876712324,47.506849315068486
2025-09-22,4.15,4.999999999999982,-10.000000000000053,-9.000000000000075,4.398668331252583,-12.365159128978277,-16.41865417376498,83.17808219178082,100.0,70.41095890410959,84.27397260273973,69.69863013698631,66.41095890410959,9.698630136986301,55.726027397260275,66.02739726027397,6.0821917808219155,47.61643835616438
2025-09-23,4.12,8.000000000000007,-7.000000000000028,-6.00000000000005,7.398668331252608,-9.365159128978252,-13.418654173764956,85.20547945205479,97.73496149756741,79.56164383561644,83.34246575342466,72.54794520547945,66.41095890410959,7.780821917808218,48.43835616438356,65.15068493150685,7.123287671232887,47.726027397260275
2025-09-24,4.16,-0.9999999999999787,-12.99999999999999,-10.000000000000053,-1.6013316687473778,-15.365159128978213,-17.41865417376496,81.20547945205479,96.60083126590843,81.75342465753424,81.26027397260273,72.54794520547945,67.17808219178082,19.068493150684933,51.178082191780824,66.68493150684932,7.178082191780817,47.945205479452056
2025-09-25,4.18,-1.9999999999999574,-12.99999999999999,-13.999999999999968,-2.601331668747356,-15.365159128978213,-21.418654173764875,78.02739726027397,95.1831684763347,82.57534246575342,78.52054794520548,68.93150684931507,67.17808219178082,14.356164383561643,54.19178082191781,67.78082191780823,5.753424657534239,48.0
2025-09-26,4.2,-8.000000000000007,-20.999999999999996,-19.00000000000004,-8.601331668747406,-23.36515912897822,-26.418654173764946,75.67123287671234,96.43973322163869,81.04109589041096,75.83561643835617,71.56164383561644,67.17808219178082,12.32876712328767,59.61643835616439,68.98630136986301,5.205479452054789,48.10958904109589
2025-09-27,4.2,-10.000000000000053,-18.00000000000006,-20.000000000000018,-10.601331668747452,-20.365159128978284,-27.418654173764924,75.34246575342466,96.43973322163869,83.5068493150685,72.76712328767124,71.56164383561644,67.17808219178082,13.150684931506849,59.178082191780824,68.93150684931507,5.205479452054789,48.273972602739725
2025-09-28,4.2,-7.000000000000028,-18.00000000000006,-20.000000000000018,-7.601331668747427,-20.365159128978284,-27.418654173764924,74.84931506849315,96.43973322163869,79.67123287671232,72.0,71.56164383561644,67.17808219178082,14.73972602739726,58.57534246575343,68.87671232876713,5.205479452054789,48.328767123287676
2025-09-29,4.15,-2.000000000000046,-13.000000000000078,-13.000000000000078,-2.601331668747445,-15.365159128978302,-20.418654173764985,80.87671232876713,97.870283854754,84.16438356164385,75.72602739726028,68.10958904109589,64.98630136986301,22.027397260273972,60.76712328767123,65.69863013698631,6.849315068493155,48.43835616438356
2025-09-30,4.16,-3.000000000000025,-16.000000000000014,-14.000000000000057,-3.6013316687474237,-18.365159128978238,-21.418654173764963,79.23287671232876,98.69510584141509,84.54794520547945,76.4931506849315,70.57534246575342,65.86301369863014,15.945205479452055,50.84931506849315,66.41095890410959,2.2465753424657464,48.65753424657534
2025-10-01,4.12,5.999999999999961,-14.000000000000012,-10.000000000000053,5.398668331252562,-16.365159128978238,-17.41865417376496,83.61643835616438,100.0,80.93150684931507,73.53424657534246,71.56164383561644,79.67123287671232,18.301369863013697,44.71232876712329,64.7123287671233,3.013698630136986,57.97260273972603
2025-10-02,4.1,4.0000000000000036,-12.999999999999945,-0.9999999999999787,3.3986683312526047,-15.365159128978169,-8.418654173764885,84.65753424657534,100.0,83.23287671232876,73.36986301369862,70.13698630136986,78.41095890410959,26.630136986301373,47.06849315068493,64.05479452054794,3.2328767123287747,58.02739726027397
2025-10-03,4.13,0.0,-12.00000000000001,-4.0000000000000036,-0.6013316687473991,-14.365159128978235,-11.41865417376491,82.02739726027397,98.49992054663912,81.86301369863014,76.16438356164383,70.1917808219178,77.15068493150685,40.49315068493151,53.26027397260274,64.98630136986301,4.712328767123282,58.082191780821915
2025-10-04,4.13,0.9999999999999787,-11.000000000000032,-7.000000000000028,0.3986683312525796,-13.365159128978256,-14.418654173764935,81.86301369863014,98.49992054663912,84.10958904109589,77.58904109589041,70.24657534246576,77.15068493150685,36.93150684931507,52.76712328767123,64.93150684931507,4.712328767123282,58.19178082191781
2025-10-05,4.13,-8.000000000000007,-11.000000000000032,-1.9999999999999574,-8.601331668747406,-13.365159128978256,-9.418654173764864,81.31506849315069,98.49992054663912,84.93150684931507,79.17808219178082,70.30136986301369,77.15068493150685,44.0,52.10958904109589,64.87671232876713,4.712328767123282,58.3013698630137
2025-10-06,4.18,-12.99999999999999,-16.000000000000014,-4.0000000000000036,-13.601331668747388,-18.365159128978238,-11.41865417376491,74.68493150684932,100.0,80.16438356164383,76.93150684931507,71.8904109589041,78.57534246575342,30.082191780821915,55.23287671232877,67.56164383561644,5.534246575342465,58.41095890410959
2025-10-07,4.14,-8.999999999999986,-12.99999999999999,0.0,-9.601331668747385,-15.365159128978213,-7.4186541737649065,79.56164383561644,98.16773706082358,79.17808219178082,72.87671232876713,71.45205479452055,79.94520547945206,31.17808219178082,47.726027397260275,64.98630136986301,6.30136986301369,58.465753424657535
2025-10-08,4.13,-8.000000000000007,-13.999999999999968,0.9999999999999787,-8.601331668747406,-16.365159128978192,-6.418654173764928,80.4931506849315,100.0,85.53424657534246,71.06849315068493,70.35616438356165,79.94520547945206,22.794520547945204,44.986301369863014,64.7123287671233,7.287671232876718,58.57534246575343
2025-10-09,4.14,-10.999999999999943,-5.999999999999961,3.000000000000025,-11.601331668747342,-8.365159128978185,-4.418654173764882,78.68493150684931,99.4837552938267,85.2054794520548,68.0,68.98630136986301,78.57534246575342,40.821917808219176,42.19178082191781,64.93150684931507,7.945205479452056,58.68493150684932
2025-10-10,4.05,0.0,6.00000000000005,12.99999999999999,-0.6013316687473991,3.6348408710218254,5.581345826235083,87.61643835616438,88.45095675291354,91.3972602739726,67.06849315068493,68.76712328767123,76.05479452054794,14.082191780821917,34.68493150684931,61.15068493150685,5.534246575342465,58.849315068493155
2025-10-11,4.05,-5.999999999999961,6.00000000000005,8.000000000000007,-6.60133166874736,3.6348408710218254,0.5813458262351006,87.45205479452055,88.45095675291354,91.3972602739726,65.97260273972603,68.82191780821918,76.05479452054794,14.136986301369864,34.68493150684931,61.0958904109589,5.534246575342465,59.013698630136986
2025-10-12,4.05,-3.000000000000025,6.00000000000005,8.999999999999986,-3.6013316687474237,3.6348408710218254,1.5813458262350792,86.57534246575342,88.45095675291354,94.13698630136986,69.53424657534246,68.87671232876713,76.05479452054794,18.794520547945208,34.68493150684931,61.04109589041096,5.534246575342465,59.178082191780824
2025-10-13,4.05,-3.000000000000025,6.00000000000005,14.000000000000057,-3.6013316687474237,3.6348408710218254,6.58134582623515,86.24657534246575,94.94574793656682,89.04109589041096,70.9041095890411,68.93150684931507,76.05479452054794,33.09589041095891,34.79452054794521,60.986301369863014,5.534246575342465,59.28767123287671
2025-10-14,4.03,-1.0000000000000675,9.999999999999964,16.000000000000014,-1.6013316687474666,7.634840871021741,8.581345826235108,88.43835616438356,92.97041639617916,87.61643835616438,72.6027397260274,70.79452054794521,76.05479452054794,21.424657534246574,37.534246575342465,60.32876712328767,3.2328767123287747,59.45205479452055
2025-10-15,4.05,-4.999999999999982,4.999999999999982,14.000000000000057,-5.601331668747381,2.634840871021758,6.58134582623515,85.6986301369863,94.9735695075582,78.08219178082192,69.97260273972603,70.68493150684931,75.89041095890411,23.123287671232877,44.82191780821918,60.93150684931507,1.6438356164383663,59.61643835616439
2025-10-16,3.99,-1.000000000000023,17.99999999999997,18.99999999999995,-1.6013316687474222,15.634840871021748,11.581345826235044,90.68493150684931,93.82051995424897,82.84931506849314,69.31506849315068,72.82191780821918,75.45205479452055,12.383561643835616,37.369863013698634,58.849315068493155,1.5342465753424648,59.78082191780822
2025-10-17,4.02,-4.999999999999938,9.000000000000075,13.000000000000078,-5.601331668747337,6.634840871021851,5.581345826235172,88.4931506849315,95.74020835265387,81.75342465753424,67.34246575342465,71.06849315068493,74.95890410958904,18.63013698630137,40.273972602739725,59.83561643835616,3.4520547945205493,59.89041095890411
2025-10-18,4.02,-0.9999999999999787,9.000000000000075,14.000000000000057,-1.6013316687473778,6.634840871021851,6.58134582623515,87.94520547945206,95.74020835265387,72.10958904109589,64.65753424657535,71.12328767123289,74.95890410958904,20.54794520547945,40.16438356164384,59.78082191780822,3.4520547945205493,60.054794520547944
2025-10-19,4.02,0.0,9.000000000000075,10.000000000000053,-0.6013316687473991,6.634840871021851,2.5813458262351467,87.45205479452055,95.74020835265387,76.05479452054794,62.57534246575342,71.17808219178082,74.95890410958904,20.43835616438356,40.16438356164384,59.726027397260275,3.4520547945205493,60.21917808219178
2025-10-20,4.0,1.9999999999999574,11.000000000000032,16.000000000000014,1.3986683312525583,8.634840871021808,8.581345826235108,89.53424657534246,99.68159757643204,74.3013698630137,67.34246575342465,69.47945205479452,74.68493150684932,10.027397260273972,44.602739726027394,58.95890410958904,3.123287671232873,60.38356164383561
2025-10-21,3.98,3.999999999999959,14.999999999999991,18.000000000000014,3.3986683312525603,12.634840871021767,10.581345826235108,90.24657534246575,99.55176357847229,73.42465753424658,64.93150684931507,68.98630136986301,75.67123287671234,22.027397260273972,47.01369863013699,58.24657534246575,1.6438356164383663,60.6027397260274
2025-10-22,3.97,3.999999999999959,15.99999999999997,18.999999999999993,3.3986683312525603,13.634840871021746,11.581345826235086,90.79452054794521,96.39246962811833,76.93150684931507,60.16438356164384,67.89041095890411,76.21917808219177,32.16438356164383,41.64383561643835,57.80821917808219,1.8082191780821972,60.71232876712329
2025-10-23,4.01,-1.9999999999999574,7.000000000000028,16.000000000000014,-2.601331668747356,4.6348408710218045,8.581345826235108,87.12328767123287,99.04788401496182,72.0,56.0,69.0958904109589,76.4931506849315,34.630136986301366,49.64383561643836,59.178082191780824,1.4794520547945211,60.93150684931507
2025-10-24,4.02,6.00000000000005,9.000000000000075,16.000000000000014,5.398668331252651,6.634840871021851,8.581345826235108,85.47945205479452,100.0,71.72602739726027,58.849315068493155,69.42465753424656,76.21917808219177,37.589041095890416,52.76712328767123,59.671232876712324,0.9863013698630141,61.0958904109589
2025-10-25,4.02,9.000000000000075,12.00000000000001,13.000000000000078,8.398668331252676,9.634840871021787,5.581345826235172,84.93150684931507,100.0,70.41095890410959,61.04109589041096,69.47945205479452,76.21917808219177,33.6986301369863,52.273972602739725,59.61643835616439,0.9863013698630141,61.15068493150685
2025-10-26,4.02,9.000000000000075,12.00000000000001,13.000000000000078,8.398668331252676,9.634840871021787,5.581345826235172,84.82191780821918,100.0,69.36986301369863,61.75342465753425,69.53424657534246,76.21917808219177,38.57534246575342,51.83561643835616,59.56164383561644,0.9863013698630141,61.205479452054796
2025-10-27,4.01,10.000000000000053,12.99999999999999,12.99999999999999,9.398668331252654,10.634840871021765,5.581345826235083,85.64383561643835,100.0,73.58904109589041,68.05479452054794,69.15068493150685,75.67123287671234,78.52054794520548,58.35616438356164,58.95890410958904,0.4383561643835634,61.26027397260274
2025-10-28,3.99,12.00000000000001,13.999999999999968,14.999999999999947,11.398668331252612,11.634840871021744,7.58134582623504,87.89041095890411,100.0,83.45205479452055,70.13698630136986,67.94520547945206,75.67123287671234,80.71232876712328,51.12328767123287,58.3013698630137,0.2191780821917888,61.31506849315069
2025-10-29,4.08,4.999999999999982,4.0000000000000036,5.999999999999961,4.398668331252583,1.6348408710217792,-1.4186541737649456,77.64383561643835,100.0,78.3013698630137,75.12328767123287,65.6986301369863,76.76712328767124,86.3013698630137,63.50684931506849,62.35616438356165,0.7671232876712395,61.36986301369863
2025-10-30,4.11,-1.0000000000000675,1.9999999999999574,0.9999999999999787,-1.6013316687474666,-0.36515912897826697,-6.418654173764928,73.69863013698631,95.7893277893278,73.91780821917808,76.43835616438356,66.41095890410959,76.32876712328768,67.67123287671232,53.917808219178085,64.10958904109589,7.506849315068493,61.42465753424658
2025-10-31,4.11,5.999999999999961,-1.0000000000000675,2.999999999999936,5.398668331252562,-3.365159128978292,-4.4186541737649705,73.36986301369862,97.13374913374913,70.95890410958904,77.31506849315068,67.3972602739726,76.82191780821918,69.26027397260273,39.671232876712324,64.05479452054794,0.8219178082191689,61.47945205479452
2025-11-01,4.11,0.0,-5.000000000000071,6.99999999999994,-0.6013316687473991,-7.365159128978295,-0.41865417376496694,72.93150684931507,97.13374913374913,73.64383561643835,77.8082191780822,67.45205479452055,78.84931506849315,80.6027397260274,39.45205479452055,64.0,0.8219178082191689,63.34246575342466
2025-11-02,4.11,0.0,-5.000000000000071,6.99999999999994,-0.6013316687473991,-7.365159128978295,-0.41865417376496694,72.71232876712328,97.13374913374913,68.54794520547945,81.53424657534246,67.5068493150685,78.84931506849315,83.34246575342465,39.28767123287671,63.945205479452056,0.8219178082191689,63.78082191780822
2025-11-03,4.13,-1.9999999999999574,-7.000000000000028,6.00000000000005,-2.601331668747356,-9.365159128978252,-1.4186541737648568,70.08219178082192,98.23423423423424,68.71232876712328,87.01369863013699,69.53424657534246,80.27397260273972,43.890410958904106,33.47945205479452,64.6027397260274,5.753424657534239,63.67123287671233
2025-11-04,4.1,1.0000000000000675,-5.999999999999961,9.000000000000075,0.39866833125266843,-8.365159128978185,1.581345826235168,74.1917808219178,92.37976437976438,69.42465753424656,85.53424657534246,67.67123287671232,78.02739726027397,45.58904109589041,31.178082191780817,63.34246575342466,11.780821917808211,63.56164383561644
2025-11-05,4.17,-4.0000000000000036,-16.000000000000014,2.000000000000046,-4.601331668747402,-18.365159128978238,-5.41865417376486,65.97260273972603,94.27581427581427,61.863013698630134,82.79452054794521,70.35616438356165,78.9041095890411,51.3972602739726,36.65753424657534,66.73972602739727,20.493150684931507,63.50684931506849
2025-11-06,4.11,1.9999999999999574,-11.000000000000032,5.999999999999961,1.3986683312525583,-13.365159128978256,-1.4186541737649456,72.05479452054794,88.70963270963271,68.76712328767123,80.38356164383562,70.73972602739727,77.36986301369863,48.38356164383561,31.342465753424648,63.78082191780822,16.328767123287662,63.34246575342466
2025-11-07,4.11,-3.000000000000025,-11.000000000000032,6.99999999999994,-3.6013316687474237,-13.365159128978256,-0.41865417376496694,71.72602739726027,87.84476784476784,66.24657534246575,77.91780821917808,72.7123287671233,77.36986301369863,42.52054794520548,26.41095890410959,63.726027397260275,15.178082191780817,63.23287671232877
2025-11-08,4.11,0.0,-9.000000000000075,4.0000000000000036,-0.6013316687473991,-11.365159128978298,-3.418654173764903,71.34246575342465,87.84476784476784,59.342465753424655,75.34246575342466,72.76712328767123,77.36986301369863,32.49315068493151,26.575342465753423,63.67123287671233,15.178082191780817,63.178082191780824
2025-11-09,4.11,2.999999999999936,-9.000000000000075,8.000000000000007,2.398668331252537,-11.365159128978298,0.5813458262351006,71.01369863013699,87.84476784476784,62.136986301369866,72.10958904109589,72.82191780821918,77.36986301369863,41.0958904109589,26.739726027397253,63.61643835616439,15.178082191780817,63.12328767123287
2025-11-10,4.13,0.9999999999999787,-11.000000000000032,4.999999999999982,0.3986683312525796,-13.365159128978256,-2.4186541737649243,68.82191780821918,93.92376992376992,61.42465753424658,72.65753424657535,71.72602739726027,78.24657534246575,44.0,30.027397260273972,64.4931506849315,15.178082191780817,63.06849315068493
2025-11-11,4.13,0.9999999999999787,-4.0000000000000036,4.999999999999982,0.3986683312525796,-6.365159128978227,-2.4186541737649243,68.65753424657534,93.10602910602911,62.19178082191781,73.47945205479452,71.78082191780823,78.24657534246575,26.35616438356164,30.027397260273972,64.43835616438355,15.178082191780817,62.95890410958904
2025-11-12,4.08,4.999999999999982,0.9999999999999787,9.999999999999964,4.398668331252583,-1.3651591289782457,2.581345826235058,75.01369863013699,92.91753291753292,65.58904109589041,75.5068493150685,68.32876712328768,77.26027397260273,12.821917808219178,26.79452054794521,61.589041095890416,12.602739726027394,62.84931506849315
2025-11-13,4.11,0.9999999999999787,-5.000000000000071,8.000000000000007,0.3986683312525796,-7.365159128978295,0.5813458262351006,69.75342465753425,87.05197505197505,58.9041095890411,76.7123287671233,69.80821917808218,77.42465753424658,13.917808219178083,22.958904109589042,63.45205479452055,11.780821917808211,62.794520547945204
2025-11-14,4.14,-0.9999999999999787,-2.999999999999936,4.0000000000000036,-1.6013316687473778,-5.36515912897816,-3.418654173764903,66.57534246575342,87.04365904365903,52.54794520547945,78.30136986301369,67.72602739726027,77.42465753424658,20.273972602739725,23.06849315068493,64.82191780821918,16.54794520547945,62.68493150684932
2025-11-15,4.14,-4.0000000000000036,0.0,1.0000000000000675,-4.601331668747402,-2.3651591289782243,-6.418654173764839,66.46575342465754,87.04365904365903,60.21917808219178,79.45205479452055,67.78082191780823,77.42465753424658,35.28767123287671,23.17808219178083,64.76712328767124,16.54794520547945,62.57534246575342
2025-11-16,4.14,-8.000000000000007,0.0,3.000000000000025,-8.601331668747406,-2.3651591289782243,-4.418654173764882,66.08219178082192,87.04365904365903,55.342465753424655,79.17808219178082,67.83561643835615,77.42465753424658,32.16438356164383,23.23287671232876,64.7123287671233,16.54794520547945,62.52054794520548
2025-11-17,4.13,-7.000000000000028,0.9999999999999787,11.000000000000032,-7.601331668747427,-1.3651591289782457,3.5813458262351254,66.73972602739727,84.65973665973667,57.150684931506845,79.12328767123287,69.86301369863014,77.42465753424658,39.945205479452056,23.39726027397259,64.21917808219177,11.780821917808211,62.410958904109584
2025-11-18,4.12,-6.00000000000005,4.999999999999982,12.00000000000001,-6.601331668747449,2.634840871021758,4.581345826235104,67.61643835616438,81.51905751905751,56.767123287671225,78.63013698630137,70.73972602739727,77.26027397260273,21.698630136986303,20.54794520547945,63.83561643835616,15.342465753424662,62.35616438356165
2025-11-19,4.13,-8.999999999999986,4.999999999999982,11.000000000000032,-9.601331668747385,2.634840871021758,3.5813458262351254,66.24657534246575,82.91614691614691,42.3013698630137,77.75342465753425,72.21917808219177,77.26027397260273,59.12328767123287,20.657534246575338,64.16438356164383,20.164383561643845,62.24657534246575
2025-11-20,4.1,-8.999999999999986,3.000000000000025,14.000000000000057,-9.601331668747385,0.6348408710218005,6.58134582623515,69.04109589041096,76.37144837144837,44.986301369863014,77.53424657534246,72.27397260273972,75.56164383561644,55.61643835616439,19.45205479452055,62.52054794520548,19.232876712328775,62.19178082191781
2025-11-21,4.06,-5.999999999999961,8.000000000000007,24.00000000000002,-6.60133166874736,5.634840871021783,16.581345826235115,74.3013698630137,78.3007623007623,46.24657534246575,78.13698630136986,72.32876712328768,75.56164383561644,59.506849315068486,18.24657534246576,60.43835616438356,13.917808219178085,62.13698630136986
2025-11-22,4.06,-5.999999999999961,13.000000000000078,20.000000000000018,-6.60133166874736,10.634840871021854,12.581345826235111,73.64383561643837,78.3007623007623,48.16438356164384,78.41095890410959,72.38356164383562,75.56164383561644,44.32876712328767,18.30136986301369,60.38356164383561,13.917808219178085,62.02739726027397
2025-11-23,4.06,-4.0000000000000036,13.000000000000078,20.000000000000018,-4.601331668747402,10.634840871021854,12.581345826235111,73.0958904109589,78.3007623007623,45.15068493150685,79.01369863013699,72.43835616438356,75.56164383561644,67.89041095890411,18.356164383561648,60.32876712328767,13.917808219178085,61.97260273972603
2025-11-24,4.04,-2.000000000000046,15.000000000000036,20.000000000000018,-2.601331668747445,12.634840871021812,12.581345826235111,75.89041095890411,85.42758142758143,51.23287671232877,77.47945205479452,74.95890410958904,74.84931506849315,66.68493150684931,19.945205479452056,59.12328767123288,11.287671232876718,61.917808219178085
2025-11-25,4.01,0.9999999999999787,16.999999999999993,23.000000000000043,0.3986683312525796,14.634840871021769,15.581345826235136,79.34246575342466,86.94941094941096,47.23287671232877,74.79452054794521,74.52054794520548,74.68493150684932,80.71232876712328,21.205479452054803,57.42465753424658,8.767123287671225,61.863013698630134
2025-11-26,4.0,8.999999999999986,15.000000000000036,24.00000000000002,8.398668331252587,12.634840871021812,16.581345826235115,80.10958904109589,89.35273735273735,52.821917808219176,71.67123287671232,72.4931506849315,74.9041095890411,80.4931506849315,23.28767123287672,57.0958904109589,6.904109589041099,61.80821917808219
2025-11-27,4.0,8.999999999999986,16.000000000000014,21.999999999999975,8.398668331252587,13.63484087102179,14.581345826235069,79.72602739726028,89.35273735273735,52.87671232876713,69.0958904109589,72.54794520547945,74.9041095890411,80.54794520547945,23.39726027397259,57.04109589041096,6.904109589041099,61.75342465753425
2025-11-28,4.02,4.0000000000000036,10.000000000000053,22.000000000000064,3.3986683312526047,7.634840871021829,14.581345826235157,76.10958904109589,91.34580734580734,48.38356164383561,66.35616438356165,71.17808219178082,74.9041095890411,82.1917808219178,23.45205479452055,58.02739726027397,2.849315068493155,61.75342465753425
2025-11-29,4.02,9.000000000000075,14.000000000000057,24.00000000000002,8.398668331252676,11.634840871021833,16.581345826235115,75.78082191780823,91.34580734580734,45.64383561643835,63.34246575342466,71.23287671232876,74.9041095890411,88.10958904109589,23.561643835616437,57.97260273972603,2.849315068493155,61.698630136986296
2025-11-30,4.02,12.00000000000001,14.000000000000057,22.000000000000064,11.398668331252612,11.634840871021833,14.581345826235157,75.67123287671234,91.34580734580734,42.08219178082192,59.342465753424655,71.28767123287672,74.9041095890411,67.45205479452055,23.78082191780821,57.91780821917808,2.849315068493155,61.589041095890416
2025-12-01,4.09,4.999999999999982,7.000000000000028,16.999999999999993,4.398668331252583,4.6348408710218045,9.581345826235086,66.02739726027397,90.33957033957034,32.273972602739725,56.0,72.76712328767123,78.63013698630137,56.657534246575345,23.945205479452056,61.80821917808219,2.356164383561648,11.561643835616437
2025-12-02,4.09,4.999999999999982,8.000000000000007,16.999999999999993,4.398668331252583,5.634840871021783,9.581345826235086,65.75342465753425,92.72072072072072,36.65753424657534,65.8082191780822,75.3972602739726,78.63013698630137,54.08219178082192,28.219178082191775,61.75342465753425,5.4246575342465775,11.835616438356169
2025-12-03,4.06,11.000000000000032,12.00000000000001,20.000000000000018,10.398668331252633,9.634840871021787,12.581345826235111,68.76712328767124,93.29175329175328,39.28767123287671,72.6027397260274,73.97260273972603,78.63013698630137,69.2054794520548,26.575342465753423,60.16438356164384,6.027397260273972,12.054794520547944
2025-12-04,4.11,6.99999999999994,4.0000000000000036,17.99999999999997,6.398668331252541,1.6348408710217792,10.581345826235065,63.178082191780824,92.9064449064449,34.849315068493155,75.94520547945206,75.83561643835617,80.6027397260274,65.42465753424658,28.328767123287662,63.06849315068493,7.2328767123287605,12.273972602739718
2025-12-05,4.14,-0.9999999999999787,1.0000000000000675,14.000000000000057,-1.6013316687473778,-1.3651591289781568,6.58134582623515,60.76712328767123,94.11781011781012,31.67123287671233,78.13698630136986,74.95890410958904,80.6027397260274,76.87671232876713,32.054794520547944,64.65753424657535,6.027397260273972,12.54794520547945
2025-12-06,4.14,0.0,0.0,15.000000000000036,-0.6013316687473991,-2.3651591289782243,7.581345826235129,60.43835616438356,94.11781011781012,28.821917808219176,80.7123287671233,75.01369863013699,80.6027397260274,48.71232876712329,32.054794520547944,64.6027397260274,6.027397260273972,12.986301369863014
2025-12-07,4.14,5.000000000000071,0.0,7.000000000000028,4.398668331252672,-2.3651591289782243,-0.4186541737648781,60.38356164383561,94.11781011781012,27.232876712328768,80.93150684931507,75.06849315068493,80.6027397260274,40.16438356164384,32.054794520547944,64.54794520547945,6.027397260273972,13.31506849315069
2025-12-08,4.17,2.000000000000046,-3.000000000000025,4.999999999999982,1.3986683312526471,-5.365159128978249,-2.4186541737649243,57.205479452054796,93.36382536382536,31.013698630136986,79.56164383561644,76.10958904109589,80.6027397260274,32.986301369863014,34.082191780821915,66.68493150684932,6.027397260273972,13.534246575342465
2025-12-09,4.18,1.0000000000000675,-5.999999999999961,4.0000000000000036,0.39866833125266843,-8.365159128978185,-3.418654173764903,55.67123287671233,93.76022176022177,36.76712328767123,78.24657534246575,74.41095890410959,80.6027397260274,37.80821917808219,34.02739726027397,67.5068493150685,7.452054794520549,13.863013698630127
2025-12-10,4.13,4.999999999999982,0.9999999999999787,8.999999999999986,4.398668331252583,-1.3651591289782457,1.5813458262350792,61.534246575342465,94.84961884961885,41.42465753424657,75.3972602739726,75.89041095890411,79.61643835616438,43.17808219178082,28.328767123287662,63.83561643835616,6.794520547945211,14.13698630136986
2025-12-11,4.14,1.0000000000000675,4.0000000000000036,8.000000000000007,0.39866833125266843,1.6348408710217792,0.5813458262351006,60.054794520547944,93.91268191268192,40.49315068493151,73.36986301369862,76.43835616438356,79.61643835616438,49.97260273972603,34.1917808219178,64.38356164383562,29.20547945205479,14.410958904109592
2025-12-12,4.19,-3.000000000000025,-1.0000000000000675,-3.000000000000025,-3.6013316687474237,-3.365159128978292,-10.418654173764931,53.863013698630134,88.36867636867638,32.49315068493151,71.5068493150685,77.58904109589041,80.7123287671233,27.506849315068493,28.38356164383562,68.27397260273972,20.383561643835606,14.739726027397253
2025-12-13,4.19,-7.000000000000028,0.0,-1.0000000000000675,-7.601331668747427,-2.3651591289782243,-8.418654173764974,53.80821917808219,88.36867636867638,34.630136986301366,70.08219178082192,77.64383561643837,80.7123287671233,32.109589041095894,28.602739726027394,68.21917808219177,20.383561643835606,14.849315068493155
2025-12-14,4.19,-3.000000000000025,0.0,-10.000000000000053,-3.6013316687474237,-2.3651591289782243,-17.41865417376496,53.75342465753425,88.36867636867638,33.369863013698634,67.23287671232876,77.6986301369863,80.7123287671233,39.56164383561644,28.657534246575338,68.16438356164383,20.383561643835606,15.06849315068493
2025-12-15,4.18,-1.9999999999999574,1.0000000000000675,-13.999999999999968,-2.601331668747356,-1.3651591289781568,-21.418654173764875,54.79452054794521,87.03534303534303,41.64383561643836,65.58904109589041,77.58904109589041,79.61643835616438,48.43835616438356,26.739726027397253,67.2876712328767,13.643835616438366,15.342465753424662
2025-12-16,4.15,0.9999999999999787,1.9999999999999574,-11.000000000000032,0.3986683312525796,-0.36515912897826697,-18.41865417376494,59.013698630136986,86.52918077995264,39.78082191780822,62.9041095890411,77.8082191780822,78.02739726027397,42.95890410958904,24.54794520547945,65.15068493150685,20.438356164383563,15.45205479452055
2025-12-17,4.16,0.9999999999999787,1.9999999999999574,-12.00000000000001,0.3986683312525796,-0.36515912897826697,-19.418654173764917,57.36986301369863,80.89086058571385,41.150684931506845,68.43835616438356,77.64383561643837,78.68493150684931,53.75342465753425,24.76712328767124,65.91780821917808,19.397260273972606,15.671232876712324
2025-12-18,4.12,5.999999999999961,3.000000000000025,-8.000000000000007,5.398668331252562,0.6348408710218005,-15.418654173764914,61.80821917808219,85.20128293516382,43.78082191780822,80.27397260273972,77.53424657534246,78.68493150684931,55.83561643835616,24.876712328767127,63.013698630136986,20.438356164383563,15.780821917808225
2025-12-19,4.16,-0.9999999999999787,3.000000000000025,-11.000000000000032,-1.6013316687473778,0.6348408710218005,-18.41865417376494,56.93150684931506,86.45471133958814,40.821917808219176,87.72602739726028,77.97260273972603,78.68493150684931,62.84931506849315,29.31506849315069,65.86301369863014,21.698630136986296,15.945205479452056
2025-12-20,4.16,-0.9999999999999787,1.9999999999999574,-7.000000000000028,-1.6013316687473778,-0.36515912897826697,-14.418654173764935,56.657534246575345,86.45471133958814,40.76712328767123,91.94520547945206,78.02739726027397,78.68493150684931,61.42465753424658,29.424657534246577,65.8082191780822,21.698630136986296,16.1095890410959
2025-12-21,4.16,-2.000000000000046,1.9999999999999574,-8.000000000000007,-2.601331668747445,-0.36515912897826697,-15.418654173764914,56.32876712328767,86.45471133958814,37.589041095890416,93.0958904109589,78.08219178082192,78.68493150684931,65.58904109589041,29.58904109589041,65.75342465753425,21.698630136986296,16.219178082191775
2025-12-22,4.17,-3.000000000000025,0.9999999999999787,-8.999999999999986,-3.6013316687474237,-1.3651591289782457,-16.418654173764892,54.57534246575342,93.16267497976679,34.35616438356164,92.76712328767124,78.24657534246575,78.02739726027397,63.12328767123287,29.75342465753424,66.35616438356165,21.698630136986296,16.38356164383562
2025-12-23,4.18,-4.0000000000000036,1.0000000000000675,-9.999999999999964,-4.601331668747402,-1.3651591289781568,-17.41865417376487,53.26027397260274,94.6014807709601,42.57534246575342,92.32876712328768,78.13698630136986,78.73972602739727,58.9041095890411,33.698630136986296,67.23287671232876,25.808219178082197,16.493150684931507
2025-12-24,4.15,-3.000000000000025,2.999999999999936,-7.000000000000028,-3.6013316687474237,0.6348408710217117,-14.418654173764935,57.36986301369863,95.4198015647013,51.34246575342466,92.71232876712328,78.13698630136986,78.73972602739727,47.78082191780822,36.438356164383556,64.76712328767124,37.31506849315068,16.602739726027394
2025-12-25,4.15,-1.0000000000000675,0.0,-12.00000000000001,-1.6013316687474666,-2.3651591289782243,-19.418654173764917,57.205479452054796,95.4198015647013,51.3972602739726,92.82191780821918,78.19178082191782,78.73972602739727,47.83561643835617,36.49315068493151,64.7123287671233,37.31506849315068,16.71232876712328
2025-12-26,4.14,4.0000000000000036,3.000000000000025,-9.999999999999964,3.3986683312526047,0.6348408710218005,-17.41865417376487,58.52054794520548,95.21297323221725,47.78082191780822,93.04109589041096,77.97260273972603,78.02739726027397,78.08219178082192,31.726027397260268,63.61643835616439,13.31506849315069,16.876712328767113
2025-12-27,4.14,4.0000000000000036,10.000000000000053,-8.999999999999986,3.3986683312526047,7.634840871021829,-16.418654173764892,58.24657534246575,95.21297323221725,46.082191780821915,93.04109589041096,78.02739726027397,78.02739726027397,81.58904109589041,31.83561643835617,63.56164383561644,13.31506849315069,16.986301369863014
2025-12-28,4.14,5.000000000000071,10.000000000000053,-12.00000000000001,4.398668331252672,7.634840871021829,-19.418654173764917,58.02739726027397,95.21297323221725,46.95890410958904,92.71232876712328,78.08219178082192,78.02739726027397,84.54794520547945,31.945205479452056,63.50684931506849,13.31506849315069,17.15068493150686
2025-12-29,4.12,7.000000000000028,12.00000000000001,-14.999999999999991,6.39866833125263,9.634840871021787,-22.4186541737649,60.10958904109589,93.36401142494447,50.95890410958904,91.56164383561644,77.75342465753424,77.26027397260273,79.23287671232877,30.13698630136986,62.410958904109584,12.712328767123296,17.369863013698634
2025-12-30,4.14,5.000000000000071,10.000000000000053,-16.99999999999995,4.398668331252672,7.634840871021829,-24.418654173764857,57.86301369863014,92.1264329288731,46.465753424657535,89.75342465753425,78.46575342465754,78.95890410958904,91.78082191780823,32.0,63.45205479452055,16.71232876712328,17.58904109589041
2025-12-31,4.18,-0.9999999999999787,12.00000000000001,-20.99999999999995,-1.6013316687473778,9.634840871021787,-28.418654173764857,51.83561643835616,88.39060586413082,39.178082191780824,88.54794520547945,78.57534246575342,80.43835616438356,89.42465753424658,39.78082191780822,67.17808219178082,6.794520547945211,17.808219178082197
2026-01-01,4.18,0.0,8.000000000000007,-12.99999999999999,-0.6013316687473991,5.634840871021783,-20.418654173764896,51.78082191780822,88.03548890043804,39.23287671232877,87.45205479452055,78.63013698630137,91.83561643835617,89.42465753424658,39.671232876712324,67.12328767123287,6.794520547945211,78.13698630136986
2026-01-02,4.19,-4.0000000000000036,6.99999999999994,-13.000000000000078,-4.601331668747402,4.634840871021716,-20.418654173764985,50.19178082191781,86.97379166976019,37.15068493150685,86.3013698630137,78.7945205479452,91.83561643835617,90.24657534246575,33.80821917808218,68.10958904109589,12.273972602739718,78.02739726027397
2026-01-03,4.19,0.0,4.999999999999982,-10.000000000000053,-0.6013316687473991,2.634840871021758,-17.41865417376496,50.13698630136986,86.97379166976019,32.87671232876712,85.47945205479452,78.84931506849315,91.83561643835617,92.27397260273973,33.753424657534254,68.05479452054794,12.273972602739718,77.91780821917808
2026-01-04,4.19,-1.0000000000000675,4.999999999999982,-6.00000000000005,-1.6013316687474666,2.634840871021758,-13.418654173764956,49.917808219178085,86.97379166976019,31.17808219178082,82.84931506849315,78.9041095890411,91.83561643835617,92.65753424657535,33.753424657534254,68.0,12.273972602739718,77.69863013698631
2026-01-05,4.17,0.9999999999999787,7.000000000000028,-1.9999999999999574,0.3986683312525796,4.6348408710218045,-9.418654173764864,52.87671232876712,89.6571255947436,31.17808219178082,80.27397260273972,78.68493150684932,92.21917808219177,93.58904109589041,31.561643835616437,65.97260273972603,16.986301369863014,77.47945205479452
2026-01-06,4.18,0.0,4.0000000000000036,-2.999999999999936,-0.6013316687473991,1.6348408710217792,-10.418654173764843,51.45205479452055,93.3298001211387,29.47945205479452,76.87671232876713,78.68493150684932,92.54794520547945,94.1917808219178,33.753424657534254,66.9041095890411,21.041095890410958,77.31506849315068
2026-01-07,4.15,4.0000000000000036,8.999999999999986,0.0,3.3986683312526047,6.634840871021762,-7.4186541737649065,55.45205479452055,93.37036022998396,38.410958904109584,73.31506849315069,78.46575342465754,92.54794520547945,89.53424657534246,36.05479452054795,64.27397260273972,21.205479452054803,77.15068493150685
2026-01-08,4.19,-1.0000000000000675,6.99999999999994,-7.000000000000028,-1.6013316687474666,4.634840871021716,-14.418654173764935,49.64383561643836,90.99592859379894,34.41095890410959,70.02739726027397,78.63013698630137,92.54794520547945,86.57534246575342,35.89041095890411,67.94520547945206,22.41095890410959,76.93150684931507
2026-01-09,4.18,-2.999999999999936,6.00000000000005,-2.999999999999936,-3.601331668747335,3.6348408710218254,-10.418654173764843,51.56164383561644,94.92248668963357,40.54794520547945,67.89041095890411,77.15068493150685,92.76712328767124,89.31506849315069,45.04109589041095,66.79452054794521,22.41095890410959,76.76712328767124
2026-01-10,4.18,-0.9999999999999787,8.000000000000007,3.000000000000025,-1.6013316687473778,5.634840871021783,-4.418654173764882,51.56164383561644,94.92248668963357,49.589041095890416,65.58904109589041,77.20547945205479,92.76712328767124,88.93150684931507,44.87671232876712,66.73972602739727,22.41095890410959,76.16438356164383
2026-01-11,4.18,6.00000000000005,8.000000000000007,8.999999999999986,5.398668331252651,5.634840871021783,1.5813458262350792,51.78082191780822,94.92248668963357,49.589041095890416,63.28767123287671,77.26027397260275,92.76712328767124,88.71232876712328,44.767123287671225,66.68493150684932,22.41095890410959,75.17808219178082
2026-01-12,4.19,4.999999999999982,6.99999999999994,8.999999999999986,4.398668331252583,4.634840871021716,1.5813458262350792,50.19178082191781,95.21218290009395,45.6986301369863,58.73972602739726,77.6986301369863,93.26027397260273,76.16438356164383,44.54794520547946,67.89041095890411,30.794520547945197,74.73972602739727
2026-01-13,4.18,6.00000000000005,11.000000000000032,10.000000000000053,5.398668331252651,8.634840871021808,2.5813458262351467,52.0,94.34261683726098,50.52054794520547,54.630136986301366,77.58904109589041,93.91780821917808,80.82191780821918,46.68493150684932,66.57534246575342,30.794520547945197,74.57534246575342
2026-01-14,4.15,8.999999999999986,12.99999999999999,12.99999999999999,8.398668331252587,10.634840871021765,5.581345826235083,56.657534246575345,89.69105823776681,60.05479452054795,53.0958904109589,77.53424657534246,93.26027397260273,67.67123287671232,49.26027397260274,63.89041095890411,34.082191780821915,74.35616438356165
2026-01-15,4.17,12.99999999999999,12.00000000000001,6.00000000000005,12.39866833125259,9.634840871021787,-1.4186541737648568,53.42465753424658,90.9113169815941,60.49315068493151,52.87671232876712,76.38356164383562,93.26027397260273,61.97260273972602,58.465753424657535,65.53424657534246,28.054794520547944,74.3013698630137
2026-01-16,4.24,1.9999999999999574,-3.000000000000025,-4.0000000000000036,1.3986683312525583,-5.365159128978249,-11.41865417376491,44.657534246575345,90.63788107578664,55.397260273972606,50.9041095890411,77.91780821917808,94.84931506849315,41.97260273972603,63.945205479452056,72.27397260273973,30.849315068493155,74.1917808219178
2026-01-17,4.24,1.9999999999999574,-2.000000000000046,1.9999999999999574,1.3986683312525583,-4.36515912897827,-5.418654173764949,44.767123287671225,90.63788107578664,58.1917808219178,48.65753424657534,77.97260273972603,94.84931506849315,39.56164383561644,63.726027397260275,72.21917808219177,30.849315068493155,74.08219178082192
2026-01-18,4.24,0.0,-2.000000000000046,0.9999999999999787,-0.6013316687473991,-4.36515912897827,-6.418654173764928,44.93150684931507,89.20724535403434,56.82191780821918,46.1917808219178,78.02739726027397,94.84931506849315,64.71232876712328,63.726027397260275,72.16438356164383,30.849315068493155,73.91780821917808
2026-01-19,4.24,0.0,-2.000000000000046,14.999999999999947,-0.6013316687473991,-4.36515912897827,7.58134582623504,45.04109589041095,89.15366430260048,54.630136986301366,44.10958904109589,78.08219178082192,94.84931506849315,57.589041095890416,63.726027397260275,72.10958904109589,30.849315068493155,73.86301369863014
2026-01-20,4.3,-5.999999999999961,-8.000000000000007,8.999999999999986,-6.60133166874736,-10.365159128978231,1.5813458262350792,38.082191780821915,78.56737588652483,44.16438356164383,41.58904109589041,79.23287671232877,94.84931506849315,23.671232876712327,57.75342465753425,78.63013698630137,42.57534246575343,73.8082191780822
2026-01-21,4.26,-4.0000000000000036,-9.999999999999964,12.99999999999999,-4.601331668747402,-12.365159128978188,5.581345826235083,43.28767123287671,85.0307328605201,59.45205479452055,37.863013698630134,78.13698630136986,96.05479452054794,26.410958904109588,66.52054794520548,74.35616438356165,43.83561643835616,73.69863013698631
2026-01-22,4.26,-1.9999999999999574,-8.000000000000007,8.000000000000007,-2.601331668747356,-10.365159128978231,0.5813458262351006,43.342465753424655,88.57210401891254,63.50684931506849,37.97260273972603,77.75342465753424,94.57534246575342,20.43835616438356,76.43835616438356,74.3013698630137,43.83561643835616,73.58904109589041
2026-01-23,4.24,1.9999999999999574,-15.000000000000036,14.999999999999947,1.3986683312525583,-17.36515912897826,7.58134582623504,45.369863013698634,90.08510638297872,65.31506849315069,38.301369863013704,77.36986301369862,94.9041095890411,26.84931506849315,69.58904109589041,71.89041095890411,38.68493150684932,73.47945205479452
2026-01-24,4.24,0.0,-20.000000000000018,8.999999999999986,-0.6013316687473991,-22.36515912897824,1.5813458262350792,45.42465753424657,90.08510638297872,65.26027397260275,38.246575342465746,77.42465753424658,94.9041095890411,23.506849315068493,69.53424657534246,71.83561643835617,38.68493150684932,73.36986301369862
2026-01-25,4.24,1.9999999999999574,-20.000000000000018,17.99999999999997,1.3986683312525583,-22.36515912897824,10.581345826235065,45.42465753424657,90.08510638297872,61.04109589041096,38.73972602739726,77.47945205479452,94.9041095890411,27.123287671232877,69.47945205479452,71.78082191780823,38.68493150684932,73.26027397260273
2026-01-26,4.22,4.0000000000000036,-17.99999999999997,22.000000000000064,3.3986683312526047,-20.365159128978195,14.581345826235157,47.83561643835617,92.17021276595744,65.64383561643835,39.50684931506849,78.41095890410958,94.9041095890411,21.15068493150685,69.15068493150685,69.75342465753425,34.35616438356165,73.20547945205479
2026-01-27,4.24,1.9999999999999574,-20.000000000000018,20.000000000000018,1.3986683312525583,-22.36515912897824,12.581345826235111,45.64383561643835,96.4160756501182,56.32876712328767,40.38356164383562,79.89041095890411,96.32876712328768,10.95890410958904,69.04109589041096,71.72602739726027,30.849315068493155,73.0958904109589
2026-01-28,4.26,3.000000000000025,-20.999999999999996,18.00000000000006,2.398668331252626,-23.36515912897822,10.581345826235154,43.61643835616439,97.99054373522459,58.1917808219178,39.06849315068494,79.6164383561644,97.36986301369863,4.931506849315069,65.36986301369863,74.24657534246575,42.849315068493155,73.04109589041096
2026-01-29,4.24,4.0000000000000036,-15.000000000000036,10.999999999999943,3.3986683312526047,-17.36515912897826,3.5813458262350366,45.75342465753425,95.02127659574468,57.97260273972603,37.479452054794514,80.0,96.82191780821918,11.068493150684931,62.68493150684932,71.6164383561644,38.79452054794521,72.93150684931507
2026-01-30,4.26,3.000000000000025,-17.99999999999997,4.0000000000000036,2.398668331252626,-20.365159128978195,-3.418654173764903,43.61643835616439,88.79432624113474,51.3972602739726,36.49315068493151,80.38356164383562,97.42465753424658,57.80821917808219,65.26027397260273,74.1917808219178,26.739726027397253,72.82191780821918
2026-01-31,4.26,-4.999999999999982,-17.99999999999997,7.000000000000028,-5.601331668747381,-20.365159128978195,-0.4186541737648781,43.61643835616439,88.79432624113474,53.15068493150685,35.78082191780821,80.43835616438356,97.42465753424658,71.45205479452055,65.15068493150685,74.13698630136986,26.739726027397253,72.76712328767124
2026-02-01,4.26,-4.0000000000000036,-17.99999999999997,4.999999999999982,-4.601331668747402,-20.365159128978195,-2.4186541737649243,43.67123287671233,88.79432624113474,51.06849315068494,34.57534246575342,80.4931506849315,94.68493150684931,72.6027397260274,65.15068493150685,74.08219178082192,26.739726027397253,72.65753424657535
2026-02-02,4.29,-7.000000000000028,-20.999999999999996,5.999999999999961,-7.601331668747427,-23.36515912897822,-1.4186541737649456,40.273972602739725,91.55707926111651,43.83561643835616,33.26027397260273,80.32876712328768,94.35616438356165,71.23287671232876,68.87671232876713,77.47945205479452,28.273972602739732,72.54794520547945
2026-02-03,4.28,-6.00000000000005,-25.0,6.99999999999994,-6.601331668747449,-27.365159128978224,-0.41865417376496694,41.53424657534247,83.41093997850892,45.64383561643835,30.630136986301366,80.05479452054794,94.73972602739725,61.534246575342465,62.24657534246575,76.43835616438356,28.273972602739732,72.43835616438356
2026-02-04,4.29,-7.000000000000028,-25.0,5.999999999999961,-7.601331668747427,-27.365159128978224,-1.4186541737649456,40.54794520547945,74.14419485237681,46.35616438356164,28.602739726027394,80.43835616438356,94.35616438356165,13.26027397260274,58.9041095890411,77.42465753424658,43.28767123287671,72.3835616438356
2026-02-05,4.21,-4.999999999999982,-16.000000000000014,12.99999999999999,-5.601331668747381,-18.365159128978238,5.581345826235083,50.73972602739726,67.01632298009518,55.28767123287671,25.863013698630127,80.71232876712328,92.76712328767124,16.273972602739725,49.80821917808219,68.93150684931507,39.06849315068494,72.27397260273973
2026-02-06,4.22,-4.0000000000000036,-20.000000000000018,11.000000000000032,-4.601331668747402,-22.36515912897824,3.5813458262351254,48.986301369863014,77.50089546129048,56.16438356164384,24.054794520547944,80.10958904109589,93.97260273972603,13.205479452054794,55.17808219178082,69.20547945205479,44.602739726027394,72.16438356164383
2026-02-07,4.22,-12.99999999999999,-24.999999999999957,7.000000000000028,-13.601331668747388,-27.36515912897818,-0.4186541737648781,48.986301369863014,77.50089546129048,52.273972602739725,21.041095890410958,80.16438356164383,93.97260273972603,13.095890410958905,55.12328767123288,69.15068493150685,44.602739726027394,72.10958904109589
2026-02-08,4.22,-17.99999999999997,-24.999999999999957,7.000000000000028,-18.60133166874737,-27.36515912897818,-0.4186541737648781,49.15068493150685,76.75021150592217,55.28767123287671,18.41095890410959,80.21917808219177,93.97260273972603,7.561643835616438,55.23287671232877,69.0958904109589,44.602739726027394,72.0
2026-02-09,4.22,-17.99999999999997,-24.999999999999957,8.999999999999986,-18.60133166874737,-27.36515912897818,1.5813458262350792,49.15068493150685,80.58864376902943,62.082191780821915,16.54794520547945,80.93150684931507,94.57534246575342,7.287671232876712,59.013698630136986,69.04109589041096,46.24657534246575,71.94520547945206
2026-02-10,4.16,-12.00000000000001,-11.000000000000032,14.999999999999947,-12.60133166874741,-13.365159128978256,7.58134582623504,59.013698630136986,77.68815768388441,71.23287671232876,15.506849315068493,79.94520547945206,92.76712328767124,7.616438356164383,52.0,63.45205479452055,43.342465753424655,71.83561643835617
2026-02-11,4.18,-13.999999999999968,-12.00000000000001,12.99999999999999,-14.601331668747367,-14.365159128978235,5.581345826235083,55.50684931506849,79.18914587895945,69.36986301369863,14.410958904109592,78.46575342465754,92.76712328767124,6.136986301369863,49.534246575342465,65.15068493150685,44.657534246575345,71.72602739726027
2026-02-12,4.09,-4.0000000000000036,0.0,20.999999999999996,-4.601331668747402,-2.3651591289782243,13.58134582623509,65.75342465753425,67.63925729442971,79.23287671232877,14.082191780821915,76.54794520547945,91.83561643835617,6.465753424657534,46.41095890410959,57.86301369863014,44.657534246575345,71.67123287671232
2026-02-13,4.04,4.999999999999982,8.999999999999986,21.999999999999975,4.398668331252583,6.634840871021762,14.581345826235069,71.72602739726027,68.40253342716397,81.97260273972603,14.027397260273972,77.58904109589041,91.56164383561644,4.712328767123288,35.013698630136986,55.013698630136986,39.06849315068494,71.56164383561644
2026-02-14,4.04,4.0000000000000036,11.000000000000032,25.0,3.3986683312526047,8.634840871021808,17.581345826235093,71.67123287671232,68.40253342716397,78.52054794520548,14.027397260273972,77.64383561643837,91.56164383561644,2.904109589041096,35.013698630136986,54.95890410958904,39.06849315068494,71.45205479452055
2026-02-15,4.04,4.0000000000000036,11.000000000000032,28.000000000000025,3.3986683312526047,8.634840871021808,20.58134582623512,71.6164383561644,68.40253342716397,79.72602739726027,15.178082191780817,77.6986301369863,91.56164383561644,2.7945205479452055,35.013698630136986,54.90410958904109,39.06849315068494,71.34246575342465
2026-02-16,4.04,4.0000000000000036,11.000000000000032,21.999999999999975,3.3986683312526047,8.634840871021808,14.581345826235069,71.6164383561644,68.40253342716397,75.72602739726028,17.58904109589041,77.75342465753424,91.56164383561644,5.205479452054795,35.17808219178082,54.84931506849315,39.06849315068494,71.28767123287672
2026-02-17,4.05,3.000000000000025,7.000000000000028,20.999999999999996,2.398668331252626,4.6348408710218045,13.58134582623509,69.97260273972603,67.6338439885238,80.38356164383562,27.561643835616437,76.60273972602741,91.56164383561644,6.904109589041097,41.36986301369863,55.397260273972606,26.739726027397253,71.23287671232876
2026-02-18,4.09,-5.999999999999961,6.00000000000005,16.999999999999993,-6.60133166874736,3.6348408710218254,9.581345826235086,65.58904109589041,71.7100633356791,72.87671232876713,27.890410958904113,76.65753424657534,92.10958904109589,6.3561643835616435,49.47945205479453,57.80821917808219,22.41095890410959,71.01369863013699
2026-02-19,4.08,-4.0000000000000036,12.99999999999999,17.99999999999997,-4.601331668747402,10.634840871021765,10.581345826235065,67.06849315068493,69.60428733827749,73.53424657534246,31.890410958904113,76.43835616438356,92.10958904109589,5.534246575342466,46.68493150684932,57.04109589041096,39.17808219178082,70.95890410958904
2026-02-20,4.08,-3.000000000000025,18.99999999999995,21.999999999999975,-3.6013316687474237,16.634840871021726,14.581345826235069,67.23287671232876,74.12439776971796,71.3972602739726,36.65753424657534,76.27397260273973,91.89041095890411,5.315068493150685,44.602739726027394,56.986301369863014,39.17808219178082,70.84931506849315
2026-02-21,4.08,-6.00000000000005,20.000000000000018,21.999999999999975,-6.601331668747449,17.634840871021794,14.581345826235069,67.23287671232876,74.12439776971796,73.8082191780822,45.64383561643835,76.32876712328766,91.89041095890411,6.191780821917808,44.602739726027394,56.93150684931506,39.17808219178082,70.73972602739727
2026-02-22,4.08,-10.999999999999988,20.000000000000018,25.99999999999998,-11.601331668747386,17.634840871021794,18.581345826235072,67.34246575342465,73.69145247399416,72.82191780821918,51.56164383561644,76.38356164383562,91.89041095890411,6.082191780821917,44.657534246575345,56.87671232876712,39.17808219178082,70.68493150684931
2026-02-23,4.03,-6.000000000000005,25.0,27.999999999999936,-6.601331668747404,22.634840871021776,20.58134582623503,74.41095890410959,66.98222246683912,69.97260273972603,53.205479452054796,76.43835616438356,91.56164383561644,2.410958904109589,32.65753424657534,54.13698630136986,39.17808219178082,70.57534246575342
2026-02-24,4.04,-6.999999999999984,19.00000000000004,26.999999999999957,-7.601331668747383,16.634840871021815,19.58134582623505,72.16438356164383,72.83835103748142,71.45205479452055,53.0958904109589,76.71232876712328,91.56164383561644,6.684931506849315,32.82191780821918,54.465753424657535,36.21917808219178,70.46575342465754
2026-02-25,4.05,0.0,15.000000000000036,25.99999999999998,-0.6013316687473991,12.634840871021812,18.581345826235072,70.68493150684931,80.61533381033628,76.4931506849315,51.726027397260275,76.21917808219179,92.0,9.698630136986301,32.986301369863014,55.06849315068493,36.21917808219178,70.30136986301369
2026-02-26,4.02,4.0000000000000036,24.00000000000002,33.00000000000001,3.3986683312526047,21.634840871021797,25.5813458262351,75.67123287671234,72.97952095252049,79.23287671232877,49.47945205479453,76.27397260273973,92.0,9.863013698630137,28.54794520547945,53.0958904109589,36.21917808219178,70.13698630136986
2026-02-27,3.97,11.999999999999966,27.99999999999998,39.000000000000014,11.398668331252567,25.634840871021755,31.581345826235108,82.13698630136986,71.23571094205047,83.45205479452055,46.3013698630137,76.16438356164383,91.56164383561644,9.58904109589041,19.671232876712324,50.794520547945204,28.328767123287662,69.86301369863014
2026-02-28,3.97,15.99999999999997,41.99999999999995,44.99999999999997,15.398668331252571,39.63484087102172,37.581345826235065,82.08219178082192,71.23571094205047,83.45205479452055,44.10958904109589,76.21917808219179,91.5068493150685,9.643835616438356,19.83561643835617,50.73972602739726,28.328767123287662,69.64383561643835
2026-03-01,3.97,18.000000000000014,41.99999999999995,43.000000000000014,17.398668331252615,39.63484087102172,35.58134582623511,82.02739726027397,69.97493435187396,89.64383561643837,42.410958904109584,76.27397260273973,50.73972602739726,20.82191780821918,20.054794520547944,50.68493150684932,28.328767123287662,92.0
2026-03-02,4.05,10.000000000000053,33.999999999999986,33.999999999999986,9.398668331252654,31.634840871021762,26.58134582623508,70.24657534246576,67.86154945126307,80.0,39.83561643835617,75.17808219178083,51.3972602739726,17.643835616438356,23.28767123287672,55.013698630136986,26.79452054794521,91.83561643835617
2026-03-03,4.06,9.000000000000075,28.000000000000025,33.00000000000001,8.398668331252676,25.6348408710218,25.5813458262351,68.54794520547945,60.36432986978825,75.34246575342466,31.61643835616438,72.82191780821918,51.3972602739726,30.41095890410959,23.671232876712338,55.945205479452056,26.79452054794521,91.67123287671232
2026-03-04,4.09,3.000000000000025,29.999999999999982,29.999999999999982,2.398668331252626,27.63484087102176,22.581345826235076,65.04109589041096,68.43386906004314,71.01369863013699,32.87671232876713,72.87671232876713,51.3972602739726,28.657534246575345,32.767123287671225,57.75342465753425,36.49315068493151,91.56164383561644
2026-03-05,4.13,2.000000000000046,20.000000000000018,32.00000000000003,1.3986683312526471,17.634840871021794,24.581345826235122,61.0958904109589,66.0200294138245,68.0,32.054794520547944,73.64383561643835,51.78082191780822,26.52054794520548,28.493150684931507,60.43835616438356,35.06849315068493,91.34246575342466
2026-03-06,4.15,5.999999999999961,26.999999999999957,27.999999999999936,5.398668331252562,24.634840871021733,20.58134582623503,59.013698630136986,55.396036136984385,64.10958904109589,21.315068493150676,76.54794520547945,53.42465753424658,20.164383561643838,30.958904109589042,62.3013698630137,36.54794520547945,91.23287671232876
2026-03-07,4.15,11.999999999999922,29.000000000000004,20.999999999999996,11.398668331252523,26.63484087102178,13.58134582623509,59.06849315068493,55.396036136984385,60.21917808219178,15.506849315068493,76.60273972602741,53.42465753424658,23.726027397260275,31.178082191780817,62.24657534246575,36.54794520547945,90.9041095890411
2026-03-08,4.15,12.99999999999999,29.000000000000004,25.99999999999998,12.39866833125259,26.63484087102178,18.581345826235072,59.06849315068493,55.396036136984385,65.8082191780822,13.205479452054789,76.65753424657534,53.42465753424658,35.726027397260275,31.232876712328775,62.19178082191781,36.54794520547945,90.68493150684931
2026-03-09,4.12,16.000000000000014,32.00000000000003,25.99999999999998,15.398668331252615,29.634840871021805,18.581345826235072,61.75342465753425,64.38125919182015,75.3972602739726,12.054794520547944,73.6986301369863,52.821917808219176,73.42465753424658,24.438356164383563,59.726027397260275,45.97260273972603,90.41095890410959
2026-03-10,4.15,12.99999999999999,19.99999999999993,22.999999999999954,12.39866833125259,17.634840871021705,15.581345826235047,58.95890410958904,62.56762684603012,66.35616438356165,12.38356164383562,76.0,52.273972602739725,34.794520547945204,27.06849315068493,62.13698630136986,45.97260273972603,90.13698630136986
2026-03-11,4.21,2.000000000000046,8.999999999999986,16.999999999999993,1.3986683312526471,6.634840871021762,9.581345826235086,50.410958904109584,62.14576396596374,61.31506849315068,12.328767123287676,74.68493150684932,54.41095890410959,9.205479452054794,16.986301369863014,68.65753424657534,47.561643835616444,89.8082191780822
2026-03-12,4.27,-6.99999999999994,6.00000000000005,15.000000000000036,-7.6013316687473385,3.6348408710218254,7.581345826235129,42.02739726027397,49.61154273029967,60.986301369863014,2.7397260273972535,67.2876712328767,56.38356164383562,10.41095890410959,17.041095890410958,75.2876712328767,45.97260273972603,89.42465753424658
2026-03-13,4.28,-2.000000000000046,2.999999999999936,17.99999999999997,-2.601331668747445,0.6348408710217117,10.581345826235065,40.98630136986301,44.70588235294118,55.945205479452056,2.356164383561648,73.15068493150685,54.41095890410959,9.58904109589041,18.41095890410959,76.32876712328768,45.97260273972603,89.20547945205479
2026-03-14,4.28,-3.000000000000025,6.99999999999994,17.99999999999997,-3.6013316687474237,4.634840871021716,10.581345826235065,41.205479452054796,44.70588235294118,58.9041095890411,1.9178082191780845,73.20547945205479,54.41095890410959,8.657534246575342,18.52054794520548,76.27397260273972,45.97260273972603,88.87671232876713
2026-03-15,4.28,10.999999999999943,6.99999999999994,18.99999999999995,10.398668331252544,4.634840871021716,11.581345826235044,41.26027397260273,44.70588235294118,56.602739726027394,1.6986301369862957,73.26027397260275,54.41095890410959,12.0,18.68493150684931,76.21917808219177,45.97260273972603,88.54794520547945
2026-03-16,4.23,15.999999999999925,11.999999999999922,35.99999999999994,15.398668331252527,9.634840871021698,28.581345826235037,47.945205479452056,53.03736588975213,65.31506849315069,2.520547945205479,73.31506849315068,54.41095890410959,39.78082191780822,16.219178082191775,70.02739726027397,28.438356164383563,88.21917808219177
2026-03-17,4.2,18.99999999999995,13.999999999999968,38.99999999999997,18.39866833125255,11.634840871021744,31.581345826235065,52.986301369863014,56.58157602663707,59.178082191780824,2.9589041095890423,68.6027397260274,55.67123287671233,27.835616438356166,16.328767123287662,67.12328767123287,46.02739726027397,87.94520547945206
2026-03-18,4.26,8.000000000000007,7.000000000000028,33.00000000000001,7.398668331252608,4.6348408710218045,25.5813458262351,44.10958904109589,45.897151313355536,54.68493150684931,3.342465753424662,66.35616438356165,57.86301369863014,28.21917808219178,21.0958904109589,73.64383561643837,52.49315068493151,87.67123287671232
2026-03-19,4.25,13.999999999999968,4.0000000000000036,36.00000000000003,13.39866833125257,1.6348408710217792,28.581345826235122,45.150684931506845,43.810580836108024,60.82191780821918,4.0,63.78082191780822,55.67123287671233,55.28767123287671,21.205479452054803,72.10958904109589,52.49315068493151,87.45205479452055
2026-03-20,4.39,-5.999999999999961,-9.999999999999964,28.000000000000025,-6.60133166874736,-12.365159128978188,20.58134582623512,28.493150684931507,41.673083148353676,44.054794520547944,1.6986301369862957,67.45205479452055,56.71232876712329,46.57534246575342,24.16438356164383,84.6027397260274,60.10958904109589,87.12328767123287
2026-03-21,4.39,3.000000000000025,-8.000000000000007,18.00000000000006,2.398668331252626,-10.365159128978231,10.581345826235154,28.71232876712328,41.673083148353676,44.273972602739725,1.3150684931506902,67.5068493150685,56.71232876712329,51.78082191780822,24.27397260273972,84.54794520547945,60.10958904109589,86.73972602739727
2026-03-22,4.39,5.000000000000071,-8.000000000000007,18.00000000000006,4.398668331252672,-10.365159128978231,10.581345826235154,29.369863013698634,41.673083148353676,36.273972602739725,1.0958904109589014,67.56164383561644,56.71232876712329,50.79452054794521,24.328767123287676,84.4931506849315,60.054794520547944,86.52054794520548
2026-03-23,4.34,10.000000000000053,-3.000000000000025,21.999999999999975,9.398668331252654,-5.365159128978249,14.581345826235069,34.95890410958904,45.120236773954865,43.17808219178082,1.7534246575342394,67.6164383561644,52.273972602739725,86.63013698630137,24.328767123287676,81.42465753424658,60.054794520547944,86.24657534246575
2026-03-24,4.39,5.000000000000071,-8.999999999999986,16.999999999999993,4.398668331252672,-11.36515912897821,9.581345826235086,29.58904109589041,39.3636699963004,31.068493150684933,2.136986301369859,65.36986301369862,52.273972602739725,86.73972602739725,33.58904109589041,84.43835616438356,52.49315068493151,85.97260273972603
2026-03-25,4.33,1.9999999999999574,-7.000000000000028,22.999999999999954,1.3986683312525583,-9.365159128978252,15.581345826235047,36.76712328767123,43.92156862745098,35.178082191780824,3.013698630136986,65.86301369863014,51.78082191780822,87.34246575342466,31.397260273972606,80.6027397260274,50.35616438356164,85.75342465753425
2026-03-26,4.42,-12.00000000000001,-12.99999999999999,13.999999999999968,-12.60133166874741,-15.365159128978213,6.5813458262350615,26.52054794520548,26.947835738068814,29.863013698630137,2.9589041095890423,63.83561643835617,53.04109589041096,92.82191780821918,39.12328767123287,86.57534246575342,48.76712328767123,85.53424657534246
2026-03-27,4.44,-11.000000000000032,-12.00000000000001,5.999999999999961,-11.60133166874743,-14.365159128978235,-1.4186541737649456,24.876712328767127,13.16315205327414,23.945205479452056,3.178082191780817,75.01369863013699,51.78082191780822,87.67123287671232,26.9041095890411,88.6027397260274,51.78082191780822,85.20547945205479
2026-03-28,4.44,-13.000000000000078,-18.00000000000006,4.0000000000000036,-13.601331668747477,-20.365159128978284,-3.418654173764903,25.041095890410958,13.16315205327414,23.945205479452056,3.506849315068493,75.06849315068493,51.78082191780822,87.72602739726028,26.849315068493155,88.54794520547945,51.78082191780822,84.98630136986301
2026-03-29,4.44,-9.000000000000075,-18.00000000000006,0.9999999999999787,-9.601331668747473,-20.365159128978284,-6.418654173764928,25.315068493150676,13.16315205327414,22.301369863013697,3.7808219178082254,75.12328767123287,51.78082191780822,88.21917808219179,26.739726027397253,88.4931506849315,51.78082191780822,84.76712328767124
2026-03-30,4.35,0.0,-8.999999999999986,10.000000000000053,-0.6013316687473991,-11.36515912897821,2.5813458262351467,35.83561643835617,7.5767665556788755,34.24657534246575,4.2739726027397325,70.52054794520548,51.78082191780822,83.01369863013699,23.61643835616438,81.91780821917808,51.78082191780822,84.54794520547945
2026-03-31,4.3,4.999999999999982,-4.0000000000000036,15.000000000000036,4.398668331252583,-6.365159128978227,7.581345826235129,42.68493150684931,30.52164261931188,31.616438356164384,5.205479452054789,67.83561643835615,51.67123287671233,84.65753424657534,23.671232876712338,77.97260273972603,35.12328767123287,84.16438356164383
2026-04-01,4.33,0.9999999999999787,-3.000000000000025,12.00000000000001,0.3986683312525796,-5.365159128978249,4.581345826235104,39.17808219178082,38.801331853496116,32.16438356164383,6.5753424657534225,69.2054794520548,43.28767123287671,70.9041095890411,33.534246575342465,80.27397260273972,46.082191780821915,4.054794520547944
2026-04-02,4.31,2.000000000000046,-0.9999999999999787,16.000000000000014,1.3986683312526471,-3.365159128978203,8.581345826235108,42.02739726027397,39.48945615982242,37.26027397260274,8.328767123287676,68.4931506849315,43.342465753424655,80.82191780821918,35.945205479452056,78.95890410958904,44.657534246575345,4.164383561643831
2026-04-03,4.35,-5.999999999999961,-0.9999999999999787,11.000000000000032,-6.60133166874736,-3.365159128978203,3.5813458262351254,37.20547945205479,39.48945615982242,37.26027397260274,9.698630136986296,67.89041095890411,43.67123287671233,80.82191780821918,35.89041095890411,81.86301369863014,46.136986301369866,4.2739726027397325
2026-04-04,4.35,-5.999999999999961,-4.0000000000000036,14.000000000000057,-6.60133166874736,-6.365159128978227,6.58134582623515,37.534246575342465,39.48945615982242,34.68493150684932,10.68493150684931,67.94520547945206,43.61643835616439,92.93150684931507,35.83561643835617,81.8082191780822,46.136986301369866,4.38356164383562
2026-04-05,4.35,-4.0000000000000036,-4.0000000000000036,12.00000000000001,-4.601331668747402,-6.365159128978227,4.581345826235104,37.80821917808219,39.48945615982242,32.657534246575345,11.561643835616437,68.0,43.56164383561644,82.46575342465754,35.83561643835617,81.75342465753425,46.136986301369866,4.493150684931507
2026-04-06,4.34,-3.000000000000025,-3.000000000000025,20.999999999999996,-3.6013316687474237,-5.365159128978249,13.58134582623509,39.3972602739726,43.64779874213836,32.054794520547944,12.328767123287676,66.63013698630137,43.50684931506849,83.72602739726027,48.05479452054795,80.87671232876713,52.10958904109589,4.547945205479451
2026-04-07,4.33,-2.000000000000046,1.9999999999999574,21.999999999999975,-2.601331668747445,-0.36515912897826697,14.581345826235069,40.87671232876713,44.01775804661487,28.383561643835613,13.150684931506845,69.53424657534246,43.67123287671233,79.3972602739726,33.26027397260273,80.0,53.205479452054796,4.602739726027394
2026-04-08,4.29,0.9999999999999787,7.000000000000028,25.99999999999998,0.3986683312525796,4.6348408710218045,18.581345826235072,46.136986301369866,64.8316685164632,26.35616438356164,13.589041095890408,66.68493150684931,43.013698630136986,88.38356164383562,38.68493150684932,76.32876712328768,68.7123287671233,4.657534246575352
2026-04-09,4.29,-3.000000000000025,12.99999999999999,26.999999999999957,-3.6013316687474237,10.634840871021765,19.58134582623505,46.35616438356165,70.07769145394008,24.10958904109589,14.13698630136986,68.43835616438356,43.013698630136986,84.4931506849315,38.57534246575342,76.27397260273972,70.13698630136986,4.712328767123282
2026-04-10,4.31,-1.9999999999999574,9.000000000000075,22.000000000000064,-2.601331668747356,6.634840871021851,14.581345826235157,43.945205479452056,70.95819459859416,23.013698630136986,14.301369863013704,66.19178082191782,43.397260273972606,92.38356164383562,41.917808219178085,78.63013698630137,52.10958904109589,4.7671232876712395
2026-04-11,4.31,1.0000000000000675,8.000000000000007,24.00000000000002,0.39866833125266843,5.634840871021783,16.581345826235115,44.10958904109589,70.95819459859416,30.027397260273975,14.520547945205479,66.24657534246575,43.342465753424655,96.05479452054794,41.917808219178085,78.57534246575342,52.10958904109589,4.821917808219183
2026-04-12,4.31,-4.999999999999982,8.000000000000007,14.000000000000057,-5.601331668747381,5.634840871021783,6.58134582623515,44.16438356164384,68.65516690624501,31.17808219178082,14.794520547945197,66.3013698630137,43.28767123287671,94.95890410958904,41.863013698630134,78.52054794520548,52.10958904109589,4.876712328767113
2026-04-13,4.3,-4.0000000000000036,8.999999999999986,18.00000000000006,-4.601331668747402,6.634840871021762,10.581345826235154,45.31506849315069,77.03242293563328,35.83561643835617,14.958904109589042,69.86301369863014,43.99999999999999,95.8904109589041,41.8082191780822,77.36986301369863,52.10958904109589,4.986301369863014
2026-04-14,4.26,0.0,19.00000000000004,22.000000000000064,-0.6013316687473991,16.634840871021815,14.581345826235157,52.16438356164383,91.48987270835002,41.863013698630134,15.178082191780817,66.9041095890411,43.56164383561644,96.54794520547945,48.328767123287676,72.21917808219177,46.136986301369866,5.095890410958901
2026-04-15,4.29,-3.000000000000025,13.999999999999968,19.00000000000004,-3.6013316687474237,11.634840871021744,11.581345826235133,47.28767123287672,100.0,41.917808219178085,14.958904109589042,71.56164383561644,44.32876712328767,97.53424657534246,50.24657534246575,76.0,26.79452054794521,5.205479452054789
2026-04-16,4.32,-2.000000000000046,4.0000000000000036,14.999999999999947,-2.601331668747445,1.6348408710217792,7.58134582623504,43.06849315068493,100.0,37.64383561643835,14.630136986301366,72.7123287671233,44.27397260273973,97.58904109589042,44.49315068493151,79.45205479452055,44.87671232876712,5.260273972602732
2026-04-17,4.26,4.0000000000000036,15.000000000000036,16.999999999999993,3.3986683312526047,12.634840871021812,9.581345826235086,52.71232876712329,100.0,42.84931506849315,14.410958904109592,74.52054794520548,43.013698630136986,97.31506849315068,41.26027397260273,72.05479452054794,46.24657534246575,5.31506849315069
2026-04-18,4.26,8.000000000000007,12.00000000000001,23.000000000000043,7.398668331252608,9.634840871021787,15.581345826235136,52.76712328767123,100.0,36.821917808219176,14.191780821917803,74.57534246575342,42.958904109589035,95.94520547945206,41.15068493150685,72.0,46.24657534246575,5.369863013698634
2026-04-19,4.26,4.999999999999982,12.00000000000001,20.000000000000018,4.398668331252583,9.634840871021787,12.581345826235111,52.986301369863014,100.0,44.54794520547945,13.698630136986296,74.63013698630137,42.9041095890411,96.54794520547945,41.0958904109589,71.94520547945206,46.24657534246575,5.4246575342465775
2026-04-20,4.26,4.999999999999982,12.00000000000001,20.000000000000018,4.398668331252583,9.634840871021787,12.581345826235111,53.0958904109589,97.91765583666825,56.87671232876712,13.75342465753424,71.94520547945206,42.57534246575343,96.27397260273972,40.821917808219176,71.89041095890411,52.438356164383556,5.479452054794521
2026-04-21,4.3,0.9999999999999787,12.00000000000001,16.000000000000014,0.3986683312525796,9.634840871021787,8.581345826235108,46.1917808219178,94.82466255171946,52.93150684931507,13.589041095890408,69.97260273972603,43.83561643835616,97.0958904109589,47.61643835616438,77.26027397260273,48.87671232876713,5.534246575342465
2026-04-22,4.3,4.999999999999982,16.000000000000014,16.000000000000014,4.398668331252583,13.63484087102179,8.581345826235108,46.52054794520548,100.0,59.780821917808225,13.205479452054789,68.38356164383562,43.78082191780822,98.52054794520548,49.534246575342465,77.20547945205479,46.24657534246575,5.589041095890408
2026-04-23,4.34,2.000000000000046,12.00000000000001,16.999999999999993,1.3986683312526471,9.634840871021787,9.581345826235086,41.04109589041096,96.22139098459392,58.35616438356165,12.93150684931507,68.43835616438356,44.986301369863014,98.24657534246576,52.328767123287676,80.82191780821918,44.87671232876712,5.643835616438352
2026-04-24,4.31,11.000000000000032,16.000000000000014,19.00000000000004,10.398668331252633,13.63484087102179,11.581345826235133,45.04109589041095,100.0,59.23287671232876,12.438356164383563,71.56164383561644,44.93150684931507,97.31506849315068,46.9041095890411,78.35616438356165,40.054794520547944,5.753424657534239
2026-04-25,4.31,9.000000000000075,28.000000000000025,10.000000000000053,8.398668331252676,25.6348408710218,2.5813458262351467,45.26027397260274,100.0,52.38356164383562,11.945205479452056,71.61643835616438,44.87671232876712,95.28767123287672,46.73972602739725,78.30136986301369,40.054794520547944,5.808219178082197
2026-04-26,4.31,8.000000000000007,28.000000000000025,9.000000000000075,7.398668331252608,25.6348408710218,1.581345826235168,45.47945205479452,100.0,49.589041095890416,11.23287671232876,71.67123287671234,44.82191780821918,96.54794520547945,46.52054794520548,78.24657534246575,40.054794520547944,5.863013698630141
2026-04-27,4.35,4.0000000000000036,24.00000000000002,3.000000000000025,3.3986683312526047,21.634840871021797,-4.418654173764882,40.219178082191775,100.0,48.49315068493151,10.63013698630138,77.26027397260275,45.64383561643835,97.53424657534246,46.41095890410959,81.69863013698631,40.054794520547944,5.972602739726028
2026-04-28,4.36,2.999999999999936,25.0,1.9999999999999574,2.398668331252537,22.634840871021776,-5.418654173764949,38.95890410958904,93.68133465093298,44.43835616438356,10.082191780821915,70.41095890410959,45.589041095890416,94.79452054794521,46.24657534246575,82.41095890410959,46.52054794520548,6.027397260273972
2026-04-29,4.42,3.000000000000025,25.0,-4.0000000000000036,2.398668331252626,22.634840871021776,-11.41865417376491,31.726027397260268,97.32023484275997,55.17808219178082,9.917808219178085,66.95890410958904,46.136986301369866,96.38356164383562,49.26027397260274,86.35616438356165,49.26027397260274,6.0821917808219155
2026-04-30,4.4,2.999999999999936,16.999999999999993,-2.000000000000046,2.398668331252537,14.634840871021769,-9.418654173764953,33.58904109589041,100.0,52.821917808219176,9.589041095890423,70.52054794520548,46.082191780821915,95.67123287671234,45.97260273972603,84.76712328767124,35.17808219178082,6.136986301369859
2026-05-01,4.39,-2.999999999999936,18.00000000000006,5.000000000000071,-3.601331668747335,15.634840871021837,-2.4186541737648355,35.78082191780821,100.0,56.10958904109589,8.986301369863014,68.54794520547945,41.58904109589041,95.3972602739726,49.26027397260274,84.05479452054794,44.986301369863014,0.9863013698630141
2026-05-02,4.39,2.000000000000046,16.999999999999993,9.000000000000075,1.3986683312526471,14.634840871021769,1.581345826235168,36.0,100.0,50.19178082191781,8.273972602739718,68.6027397260274,41.53424657534247,82.79452054794521,49.20547945205479,84.0,44.986301369863014,1.0410958904109577
2026-05-03,4.39,-0.9999999999999787,16.999999999999993,10.000000000000053,-1.6013316687473778,14.634840871021769,2.5813458262351467,36.38356164383561,100.0,53.53424657534247,7.506849315068493,68.65753424657535,41.47945205479452,84.16438356164385,49.20547945205479,83.94520547945206,44.986301369863014,1.0958904109589014
2026-05-04,4.45,-7.000000000000028,10.999999999999943,4.0000000000000036,-7.601331668747427,8.63484087102172,-3.418654173764903,28.71232876712328,98.7276405451448,39.78082191780822,6.356164383561648,67.01369863013699,41.58904109589041,88.87671232876713,49.15068493150685,89.26027397260273,50.13698630136986,1.150684931506845
2026-05-05,4.43,-4.999999999999982,12.99999999999999,6.00000000000005,-5.601331668747381,10.634840871021765,-1.4186541737648568,31.890410958904113,100.0,49.64383561643836,5.479452054794521,66.35616438356165,41.36986301369863,87.12328767123287,60.10958904109589,87.17808219178082,51.83561643835616,1.2054794520547887
2026-05-06,4.36,5.999999999999961,13.999999999999968,12.99999999999999,5.398668331252562,11.634840871021744,5.581345826235083,41.26027397260273,100.0,64.21917808219179,5.4246575342465775,65.97260273972603,41.31506849315068,93.8082191780822,56.986301369863014,81.97260273972603,54.630136986301366,1.3150684931506902
2026-05-07,4.41,4.999999999999982,7.000000000000028,7.000000000000028,4.398668331252583,4.6348408710218045,-0.4186541737648781,34.41095890410959,99.3813878429263,60.16438356164383,5.260273972602732,66.02739726027397,41.31506849315068,92.98630136986301,59.945205479452056,85.36986301369863,61.97260273972603,1.4794520547945211
2026-05-08,4.38,8.000000000000007,7.000000000000028,16.999999999999993,7.398668331252608,4.6348408710218045,9.581345826235086,38.73972602739726,100.0,64.32876712328766,4.986301369863014,65.04109589041096,41.26027397260273,95.01369863013699,59.726027397260275,83.17808219178082,54.630136986301366,1.5890410958904084
2026-05-09,4.38,8.999999999999986,7.000000000000028,17.99999999999997,8.398668331252587,4.6348408710218045,10.581345826235065,38.90410958904109,100.0,51.89041095890411,4.93150684931507,65.0958904109589,41.205479452054796,95.72602739726027,59.178082191780824,83.12328767123287,54.630136986301366,1.7534246575342394
2026-05-10,4.38,20.999999999999996,7.000000000000028,16.000000000000014,20.398668331252598,4.6348408710218045,8.581345826235108,39.17808219178082,100.0,53.97260273972603,4.7671232876712395,65.15068493150686,41.15068493150685,96.32876712328768,59.12328767123288,83.06849315068493,54.630136986301366,1.8630136986301409
2026-05-11,4.42,16.999999999999993,3.000000000000025,13.999999999999968,16.398668331252594,0.6348408710218005,6.5813458262350615,33.47945205479452,100.0,50.082191780821915,4.7671232876712395,64.38356164383562,41.31506849315068,99.06849315068493,58.9041095890411,86.1917808219178,62.082191780821915,2.027397260273972
2026-05-12,4.46,12.99999999999999,0.9999999999999787,9.999999999999964,12.39866833125259,-1.3651591289782457,2.581345826235058,29.041095890410958,95.95814934160799,39.89041095890411,4.438356164383563,63.89041095890411,41.26027397260273,99.23287671232876,55.67123287671233,89.58904109589041,62.082191780821915,2.136986301369859
2026-05-13,4.46,15.000000000000036,0.0,9.999999999999964,14.398668331252637,-2.3651591289782243,2.581345826235058,29.47945205479452,100.0,38.35616438356164,4.438356164383563,65.31506849315069,41.205479452054796,99.61643835616438,55.61643835616438,89.53424657534246,68.65753424657534,2.2465753424657464
2026-05-14,4.47,20.000000000000018,2.000000000000046,15.000000000000036,19.39866833125262,-0.36515912897817815,7.581345826235129,28.602739726027394,100.0,39.56164383561644,4.493150684931507,64.4931506849315,41.15068493150685,99.28767123287672,68.10958904109589,90.08219178082192,70.84931506849315,2.465753424657535
2026-05-15,4.59,-1.9999999999999574,-12.00000000000001,-0.9999999999999787,-2.601331668747356,-14.365159128978235,-8.418654173764885,19.671232876712324,93.03604153940135,27.56164383561644,4.876712328767113,67.6164383561644,41.53424657534247,98.57534246575342,67.89041095890411,95.01369863013699,72.6027397260274,2.5753424657534225
2026-05-16,4.59,-1.9999999999999574,-4.0000000000000036,-4.0000000000000036,-2.601331668747356,-6.365159128978227,-11.41865417376491,19.890410958904113,93.03604153940135,28.21917808219178,5.041095890410958,67.67123287671232,41.47945205479452,98.46575342465754,67.78082191780823,94.95890410958904,72.54794520547945,2.794520547945197
2026-05-17,4.59,-3.000000000000025,-4.0000000000000036,-1.9999999999999574,-3.6013316687474237,-6.365159128978227,-9.418654173764864,20.109589041095887,93.03604153940135,29.0958904109589,5.31506849315069,67.72602739726027,41.42465753424658,98.79452054794521,67.61643835616438,94.9041095890411,72.4931506849315,2.9589041095890423
2026-05-18,4.61,-5.000000000000071,-6.00000000000005,-6.00000000000005,-5.60133166874747,-8.365159128978274,-13.418654173764956,19.178082191780817,90.96288943188759,25.863013698630137,6.136986301369859,73.8082191780822,41.205479452054796,97.6986301369863,76.7123287671233,95.67123287671232,73.53424657534246,3.178082191780817
2026-05-19,4.67,-11.000000000000032,-11.000000000000032,-12.00000000000001,-11.60133166874743,-13.365159128978256,-19.418654173764917,15.726027397260282,88.33995113011606,23.671232876712327,6.465753424657535,73.86301369863014,41.36986301369863,97.86301369863014,81.75342465753425,97.64383561643835,74.24657534246575,3.3972602739726057
2026-05-20,4.57,-1.0000000000000675,-4.0000000000000036,-2.000000000000046,-1.6013316687474666,-6.365159128978227,-9.418654173764953,22.41095890410959,95.46044593769089,32.76712328767123,6.958904109589042,73.04109589041096,40.602739726027394,96.93150684931507,76.10958904109589,93.86301369863014,73.0958904109589,3.5616438356164366
2026-05-21,4.57,-7.000000000000028,-2.000000000000046,2.999999999999936,-7.601331668747427,-4.36515912897827,-4.4186541737649705,22.575342465753423,96.32712278558338,36.87671232876713,6.958904109589042,66.46575342465754,40.493150684931514,96.6027397260274,76.0,93.8082191780822,74.1917808219178,3.7260273972602818
2026-05-22,4.56,-7.999999999999918,-10.999999999999943,7.000000000000028,-8.601331668747317,-13.365159128978167,-0.4186541737648781,23.23287671232876,98.02993280390959,41.26027397260274,6.68493150684931,62.84931506849315,40.493150684931514,97.75342465753425,81.47945205479452,93.64383561643835,70.41095890410959,3.8904109589041127
2026-05-23,4.56,-10.999999999999943,-7.999999999999918,11.000000000000032,-11.601331668747342,-10.365159128978142,3.5813458262351254,23.561643835616437,98.02993280390959,39.56164383561644,6.465753424657535,62.90410958904109,40.43835616438356,96.27397260273972,81.42465753424658,93.58904109589041,70.35616438356163,4.164383561643831
2026-05-24,4.56,-10.999999999999943,-7.999999999999918,15.000000000000036,-11.601331668747342,-10.365159128978142,7.581345826235129,23.83561643835617,98.02993280390959,35.89041095890411,6.630136986301366,62.95890410958904,40.38356164383562,96.21917808219177,81.26027397260273,93.53424657534246,70.30136986301369,4.328767123287662
2026-05-25,4.56,-10.999999999999943,-7.999999999999918,13.000000000000078,-11.601331668747342,-10.365159128978142,5.581345826235172,24.0,98.02993280390959,39.34246575342466,6.356164383561648,63.013698630136986,40.32876712328767,95.56164383561644,81.0958904109589,93.47945205479452,70.24657534246576,4.493150684931507
2026-05-26,4.5,-4.999999999999982,-3.000000000000025,19.00000000000004,-5.601331668747381,-5.365159128978249,11.581345826235133,29.69863013698631,100.0,47.23287671232877,5.69863013698631,66.73972602739727,40.273972602739725,96.27397260273972,83.72602739726028,91.01369863013699,49.47945205479453,4.657534246575352
2026-05-27,4.48,-1.0000000000000675,-5.000000000000071,20.999999999999996,-1.6013316687474666,-7.365159128978295,13.58134582623509,32.93150684931507,99.62141698215251,43.28767123287671,5.150684931506859,65.8082191780822,40.16438356164384,96.76712328767123,80.82191780821918,90.13698630136986,46.73972602739725,4.821917808219183
2026-05-28,4.45,0.9999999999999787,4.0000000000000036,20.000000000000018,0.3986683312525796,1.6348408710217792,12.581345826235111,36.54794520547945,100.0,47.23287671232877,5.31506849315069,64.16438356164383,40.109589041095894,96.87671232876713,80.6027397260274,88.32876712328768,50.24657534246575,4.986301369863014
2026-05-29,4.45,4.0000000000000036,0.9999999999999787,16.000000000000014,3.3986683312526047,-1.3651591289782457,8.581345826235108,36.87671232876713,100.0,47.06849315068493,5.4246575342465775,64.98630136986301,40.054794520547944,95.5068493150685,80.4931506849315,88.27397260273972,49.534246575342465,5.150684931506859
2026-05-30,4.45,1.9999999999999574,0.9999999999999787,21.999999999999975,1.3986683312525583,-1.3651591289782457,14.581345826235069,37.31506849315068,100.0,46.794520547945204,5.479452054794521,65.04109589041096,40.0,95.67123287671234,80.43835616438356,88.21917808219177,49.534246575342465,5.260273972602732
2026-05-31,4.45,9.999999999999964,0.9999999999999787,22.999999999999954,9.398668331252566,-1.3651591289782457,15.581345826235047,37.58904109589041,100.0,50.68493150684932,5.534246575342465,65.0958904109589,39.94520547945205,93.69863013698631,80.27397260273972,88.16438356164383,49.534246575342465,5.479452054794521
2026-06-01,4.47,8.000000000000007,-0.9999999999999787,28.000000000000025,7.398668331252608,-3.365159128978203,20.58134582623512,34.57534246575342,100.0,49.26027397260274,5.369863013698634,62.73972602739726,50.082191780821915,96.82191780821918,87.67123287671232,89.31506849315069,50.410958904109584,50.35616438356164
2026-06-02,4.46,8.999999999999986,4.999999999999982,29.000000000000004,8.398668331252587,2.634840871021758,21.581345826235097,36.328767123287676,100.0,53.31506849315068,5.260273972602732,62.3013698630137,49.863013698630134,98.35616438356163,87.3972602739726,88.65753424657534,55.013698630136986,50.73972602739726
2026-06-03,4.49,6.99999999999994,0.9999999999999787,25.99999999999998,6.398668331252541,-1.3651591289782457,18.581345826235072,33.2054794520548,98.95021787930807,48.76712328767123,5.205479452054789,62.35616438356164,49.80821917808219,98.13698630136986,87.23287671232876,90.52054794520548,67.94520547945206,50.95890410958904
2026-06-04,4.47,6.00000000000005,-5.999999999999961,23.000000000000043,5.398668331252651,-8.365159128978185,15.581345826235136,35.56164383561644,97.03552092961839,50.465753424657535,4.986301369863014,62.90410958904109,49.369863013698634,97.91780821917808,87.12328767123287,89.20547945205479,61.863013698630134,51.12328767123287
2026-06-05,4.55,0.0,-14.999999999999947,15.000000000000036,-0.6013316687473991,-17.36515912897817,7.581345826235129,26.465753424657535,77.7333949557639,47.28767123287671,4.712328767123282,61.534246575342465,49.31506849315068,96.65753424657534,92.98630136986301,93.04109589041096,55.013698630136986,51.50684931506849
2026-06-06,4.55,-9.999999999999964,-16.999999999999993,,-10.601331668747363,-19.365159128978217,,26.684931506849324,77.7333949557639,52.32876712328767,4.438356164383563,61.58904109589041,49.26027397260274,96.16438356164385,92.87671232876713,92.98630136986301,55.013698630136986,51.89041095890411
2026-06-07,4.55,-6.99999999999994,-16.999999999999993,,-7.6013316687473385,-19.365159128978217,,27.013698630136986,77.7333949557639,50.57534246575342,4.219178082191775,61.64383561643836,49.20547945205479,96.16438356164385,92.71232876712328,92.93150684931507,55.013698630136986,52.328767123287676
2026-06-08,4.56,-7.999999999999918,-17.99999999999997,,-8.601331668747317,-20.365159128978195,,26.191780821917803,83.38835336062327,51.3972602739726,4.2739726027397325,62.19178082191781,48.87671232876713,96.82191780821918,90.41095890410959,93.42465753424658,67.89041095890411,52.657534246575345
2026-06-09,4.53,-4.999999999999982,-15.000000000000036,,-5.601331668747381,-17.36515912897826,,29.58904109589041,78.92842994850126,59.12328767123287,4.219178082191775,62.19178082191781,48.38356164383561,98.35616438356163,88.43835616438356,92.38356164383562,70.1917808219178,53.0958904109589
2026-06-10,4.55,-8.000000000000007,-10.999999999999943,,-8.601331668747406,-13.365159128978167,,28.273972602739732,71.49412386108544,53.58904109589041,3.7808219178082254,63.23287671232877,48.821917808219176,99.23287671232876,88.05479452054794,92.82191780821918,72.21917808219177,53.42465753424658
2026-06-11,4.45,-2.000000000000046,3.000000000000025,,-2.601331668747445,0.6348408710218005,,41.15068493150685,83.52040142611911,64.71232876712328,3.5616438356164366,62.246575342465746,46.73972602739725,99.23287671232876,83.06849315068493,87.56164383561644,68.82191780821918,54.24657534246575
2026-06-12,4.48,0.9999999999999787,0.9999999999999787,,0.3986683312525796,-1.3651591289782457,,36.986301369863014,86.12504951802457,62.3013698630137,3.0684931506849296,61.97260273972602,47.83561643835617,99.23287671232876,87.5068493150685,89.6986301369863,50.410958904109584,55.013698630136986
2026-06-13,4.48,-2.000000000000046,0.9999999999999787,,-2.601331668747445,-1.3651591289782457,,37.534246575342465,86.12504951802457,68.43835616438356,2.684931506849324,62.02739726027397,47.78082191780821,99.5068493150685,87.06849315068493,89.64383561643835,50.410958904109584,55.50684931506849
2026-06-14,4.48,-2.000000000000046,0.9999999999999787,,-2.601331668747445,-1.3651591289782457,,38.136986301369866,86.12504951802457,63.83561643835617,2.136986301369859,62.082191780821915,47.726027397260275,98.84931506849315,86.9041095890411,89.58904109589041,50.410958904109584,56.054794520547944
2026-06-15,4.47,-0.9999999999999787,2.000000000000046,,-1.6013316687473778,-0.36515912897817815,,39.45205479452055,97.97306219463884,57.0958904109589,2.0821917808219155,62.136986301369866,48.05479452054795,97.31506849315068,86.52054794520548,88.65753424657534,45.31506849315069,56.109589041095894
2026-06-16,4.43,3.000000000000025,5.000000000000071,,2.398668331252626,2.6348408710218467,,45.42465753424657,90.52225009903606,65.86301369863014,1.9178082191780845,61.698630136986296,46.46575342465753,97.80821917808218,81.42465753424658,85.20547945205479,66.35616438356165,56.21917808219178
2026-06-17,4.49,1.9999999999999574,5.999999999999961,,1.3986683312525583,3.6348408710217366,,37.479452054794514,86.46177208503896,66.24657534246575,1.8630136986301409,57.150684931506845,45.97260273972603,95.61643835616438,92.82191780821918,90.13698630136986,72.16438356164383,56.273972602739725
2026-06-18,4.46,4.0000000000000036,9.999999999999964,,3.3986683312526047,7.634840871021741,,42.465753424657535,94.06575477848938,69.31506849315069,1.4794520547945211,55.83561643835616,45.69863013698631,96.43835616438356,90.3013698630137,87.89041095890411,71.6164383561644,56.49315068493151
2026-06-19,4.46,-4.999999999999982,8.000000000000007,,-5.601331668747381,5.634840871021783,,43.013698630136986,94.06575477848938,69.36986301369863,1.0410958904109577,55.89041095890411,45.64383561643835,96.43835616438356,89.97260273972603,87.83561643835617,71.56164383561644,56.657534246575345
2026-06-20,4.46,-5.999999999999961,9.999999999999964,,-6.60133166874736,7.634840871021741,,43.28767123287671,94.06575477848938,73.91780821917808,0.8767123287671268,55.945205479452056,45.589041095890416,93.75342465753424,89.64383561643835,87.78082191780823,71.5068493150685,56.76712328767123
2026-06-21,4.46,-8.000000000000007,9.999999999999964,,-8.601331668747406,7.634840871021741,,43.72602739726027,94.06575477848938,78.35616438356165,0.38356164383561975,56.00000000000001,45.534246575342465,91.78082191780823,89.42465753424658,87.72602739726028,71.45205479452055,56.87671232876712
2026-06-22,4.51,-12.99999999999999,4.999999999999982,,-13.601331668747388,2.634840871021758,,36.821917808219176,99.21761521193714,75.61643835616438,0.0,56.054794520547944,45.42465753424657,89.97260273972603,89.04109589041096,91.34246575342466,74.79452054794521,56.986301369863014
2026-06-23,4.5,-12.00000000000001,12.00000000000001,,-12.60133166874741,9.634840871021787,,39.12328767123287,86.17786874422289,74.41095890410959,0.0,60.05479452054795,45.369863013698634,85.91780821917808,88.82191780821918,90.57534246575342,74.08219178082192,57.205479452054796
2026-06-24,4.41,-3.000000000000025,16.999999999999993,,-3.6013316687474237,14.634840871021769,,53.205479452054796,84.17403935032351,90.41095890410958,0.0,57.97260273972603,45.31506849315069,91.01369863013699,85.8082191780822,82.9041095890411,74.02739726027397,57.42465753424658
2026-06-25,4.4,4.0000000000000036,14.999999999999947,,3.3986683312526047,12.634840871021723,,55.56164383561644,86.95365112901095,90.08219178082192,0.0,58.63013698630137,45.31506849315069,92.38356164383562,80.38356164383562,82.08219178082192,71.23287671232876,57.58904109589041
2026-06-26,4.38,10.000000000000053,19.00000000000004,,9.398668331252654,16.634840871021815,,59.23287671232877,82.24613759408425,89.64383561643837,0.1095890410958873,58.1917808219178,45.26027397260274,92.38356164383562,74.1917808219178,80.4931506849315,71.17808219178082,57.80821917808219
2026-06-27,4.38,11.000000000000032,16.999999999999993,,10.398668331252633,14.634840871021769,,59.45205479452055,82.24613759408425,90.46575342465754,1.150684931506845,58.24657534246575,45.205479452054796,91.83561643835615,73.97260273972603,80.43835616438356,71.12328767123287,57.97260273972603
2026-06-28,4.38,11.000000000000032,16.999999999999993,,10.398668331252633,14.634840871021769,,59.61643835616439,82.24613759408425,93.04109589041096,11.06849315068493,58.3013698630137,45.150684931506845,92.87671232876711,73.31506849315069,80.38356164383562,71.06849315068493,58.19178082191781
2026-06-29,4.38,11.000000000000032,16.999999999999993,,10.398668331252633,14.634840871021769,,59.671232876712324,91.28482767727452,89.26027397260275,19.06849315068493,56.93150684931507,45.369863013698634,91.67123287671232,76.54794520547945,80.32876712328766,76.38356164383562,58.41095890410959
2026-06-30,4.44,4.999999999999982,15.999999999999925,,4.398668331252583,13.634840871021702,,51.45205479452055,97.50099036049123,80.98630136986301,21.589041095890423,58.082191780821915,45.42465753424657,94.46575342465754,81.42465753424658,86.08219178082192,72.54794520547945,58.57534246575343
2026-07-01,4.48,0.0,14.999999999999947,,-0.6013316687473991,12.634840871021723,,45.31506849315069,91.83282714908226,70.79452054794521,20.438356164383563,58.95890410958904,51.28767123287671,89.0958904109589,78.35616438356165,89.36986301369863,70.9041095890411,96.05479452054794
2026-07-02,4.49,5.999999999999961,17.99999999999997,,5.398668331252562,15.634840871021748,,44.657534246575345,84.72534002376865,69.91780821917808,20.328767123287676,60.986301369863014,51.23287671232877,86.46575342465754,77.86301369863014,89.97260273972603,69.26027397260273,96.0
2026-07-03,4.49,6.99999999999994,21.999999999999975,,6.398668331252541,19.63484087102175,,45.26027397260274,84.72534002376865,69.97260273972603,20.219178082191775,61.04109589041096,51.178082191780824,86.46575342465754,77.53424657534246,89.91780821917808,69.20547945205479,95.94520547945206
2026-07-04,4.49,4.999999999999982,20.000000000000018,,4.398668331252583,17.634840871021794,,45.80821917808219,84.72534002376865,70.02739726027397,20.383561643835606,61.09589041095891,51.12328767123287,86.46575342465754,76.82191780821918,89.86301369863014,69.15068493150685,95.94520547945206
2026-07-05,4.49,6.99999999999994,20.000000000000018,,6.398668331252541,17.634840871021794,,46.1917808219178,84.72534002376865,66.35616438356165,19.397260273972606,61.15068493150685,51.06849315068493,83.78082191780823,75.83561643835617,89.8082191780822,69.0958904109589,95.94520547945206
2026-07-06,4.48,7.999999999999918,20.999999999999996,,7.398668331252519,18.634840871021773,,48.54794520547945,89.8091905453585,63.23287671232877,19.123287671232873,61.20547945205479,51.61643835616439,83.06849315068493,68.7123287671233,89.0958904109589,75.67123287671234,96.0
2026-07-07,4.55,0.9999999999999787,10.000000000000053,,0.3986683312525796,7.634840871021829,,38.630136986301366,82.55314934636208,48.6027397260274,16.876712328767113,61.31506849315068,51.726027397260275,82.24657534246576,71.3972602739726,92.76712328767124,75.3972602739726,96.0
2026-07-08,4.56,6.00000000000005,5.000000000000071,,5.398668331252651,2.6348408710218467,,37.479452054794514,83.56991945068005,47.06849315068493,16.602739726027394,60.986301369863014,51.67123287671233,87.72602739726028,67.5068493150685,93.36986301369863,78.02739726027397,96.05479452054794
2026-07-09,4.54,4.0000000000000036,12.99999999999999,,3.3986683312526047,10.634840871021765,,40.87671232876713,89.75637131916018,47.671232876712324,16.1095890410959,62.95890410958904,50.84931506849315,90.13698630136986,67.23287671232876,92.43835616438356,79.23287671232876,96.10958904109589
2026-07-10,4.56,-0.9999999999999787,12.00000000000001,,-1.6013316687473778,9.634840871021787,,38.68493150684932,91.01412914300806,47.83561643835617,15.726027397260282,61.04109589041096,51.45205479452055,91.56164383561644,62.02739726027397,93.31506849315069,79.17808219178082,96.16438356164383
2026-07-11,4.56,1.0000000000000675,19.00000000000004,,0.39866833125266843,16.634840871021815,,39.06849315068494,91.01412914300806,47.61643835616438,15.178082191780817,61.09589041095891,51.3972602739726,79.6164383561644,61.534246575342465,93.26027397260273,79.12328767123287,96.16438356164383
2026-07-12,4.56,-0.9999999999999787,19.00000000000004,,-1.6013316687473778,16.634840871021815,,39.726027397260275,91.01412914300806,45.58904109589041,14.356164383561648,61.15068493150685,51.34246575342466,69.80821917808218,60.93150684931507,93.20547945205479,79.06849315068493,96.16438356164383
2026-07-13,4.62,-7.000000000000028,12.99999999999999,,-7.601331668747427,10.634840871021765,,32.054794520547944,83.66565429816453,44.76712328767123,14.904109589041099,62.3013698630137,52.273972602739725,87.78082191780821,65.75342465753425,96.21917808219177,78.73972602739727,96.16438356164383
2026-07-14,4.58,-3.000000000000025,12.00000000000001,,-3.6013316687474237,9.634840871021787,,37.534246575342465,87.8185659580087,43.06849315068494,16.328767123287662,64.05479452054794,51.56164383561644,88.76712328767124,54.02739726027397,94.13698630136986,73.47945205479452,96.16438356164383
2026-07-15,4.55,4.999999999999982,15.000000000000036,,4.398668331252583,12.634840871021812,,42.63013698630137,86.53769972269906,46.68493150684932,16.0,65.15068493150686,50.52054794520548,90.24657534246575,53.04109589041096,92.38356164383562,72.0,96.16438356164383
2026-07-16,4.57,5.999999999999961,,,5.398668331252562,,,39.94520547945205,80.36445266076852,46.3013698630137,15.671232876712324,64.54794520547945,50.301369863013704,92.16438356164383,55.397260273972606,93.64383561643835,73.42465753424658,96.16438356164383
2026-07-17,4.55,12.00000000000001,,,11.398668331252612,,,43.50684931506849,74.38927769708174,50.68493150684932,15.506849315068493,62.68493150684932,51.178082191780824,89.47945205479452,55.013698630136986,92.27397260273973,76.0,96.16438356164383
2026-07-18,4.55,16.000000000000014,,,15.398668331252615,,,43.945205479452056,74.38927769708174,57.150684931506845,15.178082191780817,62.73972602739726,51.12328767123287,86.63013698630137,54.630136986301366,92.21917808219177,75.94520547945206,96.16438356164383
2026-07-19,4.55,14.000000000000057,,,13.398668331252658,,,44.16438356164384,74.38927769708174,50.84931506849315,15.61643835616438,62.79452054794521,51.06849315068493,82.30136986301369,54.13698630136986,92.16438356164383,75.89041095890411,96.16438356164383
2026-07-20,4.6,9.000000000000075,,,8.398668331252676,,,36.438356164383556,74.46190413310445,46.136986301369866,15.726027397260282,63.50684931506849,51.50684931506849,75.17808219178083,47.61643835616438,95.28767123287672,79.01369863013699,96.16438356164383
2026-07-21,4.63,6.00000000000005,,,5.398668331252651,,,33.369863013698634,81.55618645186848,34.95890410958904,16.0,62.84931506849315,52.21917808219178,82.24657534246576,49.753424657534254,96.76712328767124,76.76712328767124,96.16438356164383
2026-07-22,4.67,-1.9999999999999574,,,-2.601331668747356,,,28.76712328767124,79.77683876931204,35.61643835616438,16.219178082191775,62.35616438356164,53.04109589041096,67.06849315068493,55.06849315068493,97.58904109589041,76.16438356164383,96.21917808219177
2026-07-23,4.71,-9.999999999999964,,,-10.601331668747363,,,24.76712328767124,72.37554469827016,32.821917808219176,16.38356164383562,60.54794520547945,52.986301369863014,67.6164383561644,54.68493150684932,98.35616438356165,79.83561643835617,96.21917808219177
2026-07-24,4.69,-2.000000000000046,,,-2.601331668747445,,,26.79452054794521,67.90571768123597,32.76712328767123,16.493150684931507,62.465753424657535,52.05479452054795,66.08219178082192,51.23287671232877,98.08219178082192,79.78082191780823,96.21917808219177
2026-07-25,4.69,-1.0000000000000675,,,-1.6013316687474666,,,27.232876712328775,67.90571768123597,33.91780821917808,16.54794520547945,62.520547945205486,52.0,77.15068493150685,50.794520547945204,98.02739726027397,79.72602739726028,96.27397260273973
2026-07-26,4.69,5.999999999999961,,,5.398668331252562,,,27.561643835616437,67.90571768123597,29.47945205479452,16.986301369863014,62.57534246575342,51.945205479452056,76.98630136986301,50.082191780821915,97.97260273972603,79.67123287671232,96.27397260273973
2026-07-27,4.65,9.999999999999964,,,9.398668331252566,,,33.04109589041096,66.68757427703684,30.46575342465753,17.15068493150686,60.93150684931506,49.42465753424658,81.75342465753424,43.397260273972606,97.0958904109589,80.27397260273972,96.27397260273973
2026-07-28,4.61,13.999999999999968,,,13.39866833125257,,,39.17808219178082,63.14868612174832,31.561643835616437,15.945205479452056,61.58904109589041,49.20547945205479,77.91780821917808,40.054794520547944,95.12328767123287,75.3972602739726,96.27397260273973
2026-07-29,4.67,3.000000000000025,,,2.398668331252626,,,30.575342465753437,55.489898322989575,18.84931506849315,15.342465753424662,67.12328767123287,51.89041095890411,73.36986301369863,46.02739726027397,97.31506849315069,70.57534246575342,96.27397260273973
2026-07-30,4.68,2.000000000000046,,,1.3986683312526471,,,29.643835616438352,67.31810378977949,18.356164383561644,15.671232876712324,66.52054794520548,52.38356164383562,80.21917808219177,33.47945205479452,97.86301369863014,67.72602739726028,96.27397260273973
2026-07-31,4.75,,,,,,,22.9041095890411,69.51670408028522,15.232876712328766,15.945205479452056,68.10958904109589,52.93150684931507,84.82191780821918,35.78082191780821,98.52054794520548,66.41095890410959,96.27397260273973
2026-08-01,4.75,,,,,,,23.23287671232876,69.51670408028522,18.575342465753426,16.1095890410959,68.16438356164383,71.28767123287672,82.08219178082192,35.34246575342466,98.46575342465754,66.35616438356165,96.27397260273973
2026-08-02,4.75,,,,,,,23.45205479452055,69.51670408028522,18.027397260273972,13.972602739726028,68.21917808219177,71.23287671232876,89.36986301369862,35.06849315068493,98.41095890410959,66.30136986301369,96.27397260273973
2026-08-03,4.7,,,,,,,29.15068493150686,77.0764558299221,13.095890410958905,14.191780821917803,67.23287671232877,70.84931506849315,91.2876712328767,34.63013698630138,98.35616438356165,66.24657534246575,96.32876712328768
2026-08-04,4.7,,,,,,,29.47945205479452,77.0764558299221,13.36986301369863,16.438356164383563,67.2876712328767,70.79452054794521,88.93150684931507,34.52054794520548,98.3013698630137,66.1917808219178,95.72602739726027
