combo_key,combo_label,n_factors,ic_5d,ic_20d,ic_60d,tail_reversion_score,fear_n,greed_n,fear_excess_20d,greed_excess_20d,fear_win_rate,greed_win_rate,is_sharpe,oos_sharpe,sharpe_decay
move+curve+inflation+cand_copper_gold+cand_swap_spread+cand_sofr_ted_spread,波動度 (MOVE偏態) + 殖利率曲線 (10Y-2Y) + 通膨意外 (CPI-10YBE) + 銅金比報酬差 + 10Y Swap Spread + SOFR-3M利差,6,-0.025394593026013417,-0.004364272971563233,,44.310810810810814,111,4,-11.175969939789036,33.13484087102178,68.46846846846847,100.0,0.2495884496240098,-1.712014462599732,-6.8593497222278526
momentum+strength+inflation+cand_credit_spread+cand_swap_spread+cand_sofr_ted_spread+cand_inflation_1y,動能 (10Y-SMA125) + 強度 (NQ 52W區間) + 通膨意外 (CPI-10YBE) + IG企業債利差 + 10Y Swap Spread + SOFR-3M利差 + 1年通膨預期價差,7,-0.03995092428685003,-0.03576604793510688,,41.22935779816517,109,1,9.405483072856637,50.6348408710218,36.69724770642202,100.0,-0.5252282640000498,-1.281678379950429,0.0
momentum+curve+cand_copper_gold+cand_swap_spread+cand_sofr_ted_spread,動能 (10Y-SMA125) + 殖利率曲線 (10Y-2Y) + 銅金比報酬差 + 10Y Swap Spread + SOFR-3M利差,5,0.017468053099607216,0.07475443156869234,,39.53182579564489,12,0,-39.53182579564489,0.0,91.66666666666666,0.0,0.35892378577712314,0.2518169903069784,0.7015890288846623
momentum+move+inflation+cand_credit_spread+cand_sofr_ted_spread+cand_inflation_1y,動能 (10Y-SMA125) + 波動度 (MOVE偏態) + 通膨意外 (CPI-10YBE) + IG企業債利差 + SOFR-3M利差 + 1年通膨預期價差,6,-0.057370720341322914,-0.06604497958822264,,37.15909090909093,132,2,14.975749961930868,52.134840871021794,28.78787878787879,100.0,-1.378617053955902,-0.8981840065842289,0.0
momentum+move+inflation+cand_credit_spread+cand_inflation_1y,動能 (10Y-SMA125) + 波動度 (MOVE偏態) + 通膨意外 (CPI-10YBE) + IG企業債利差 + 1年通膨預期價差,5,-0.05876362890163736,-0.08250574228550205,,37.15909090909093,132,2,14.975749961930868,52.134840871021794,28.78787878787879,100.0,-1.3083735849033122,-1.0724637916291826,0.0
momentum+move+inflation+cand_swap_spread+cand_sofr_ted_spread+cand_inflation_1y,動能 (10Y-SMA125) + 波動度 (MOVE偏態) + 通膨意外 (CPI-10YBE) + 10Y Swap Spread + SOFR-3M利差 + 1年通膨預期價差,6,-0.045755528780729464,-0.0755934742922346,,35.70652173913045,92,2,16.42831913189134,52.134840871021794,27.173913043478258,100.0,-1.2665394600754514,-1.4640465887577456,0.0
momentum+strength+move+inflation+cand_credit_spread+cand_sofr_ted_spread+cand_inflation_1y,動能 (10Y-SMA125) + 強度 (NQ 52W區間) + 波動度 (MOVE偏態) + 通膨意外 (CPI-10YBE) + IG企業債利差 + SOFR-3M利差 + 1年通膨預期價差,7,-0.04764632876152699,-0.04042631592514371,,35.67375886524825,141,1,14.96108200577355,50.6348408710218,28.368794326241137,100.0,-0.9731646677784921,-1.0606344687238947,0.0
momentum+strength+duration+inflation+cand_credit_spread+cand_swap_spread+cand_sofr_ted_spread+cand_inflation_1y,動能 (10Y-SMA125) + 強度 (NQ 52W區間) + 存續期間避險 (TLT-SHY) + 通膨意外 (CPI-10YBE) + IG企業債利差 + 10Y Swap Spread + SOFR-3M利差 + 1年通膨預期價差,8,-0.05320446752557661,-0.06579924734430397,,35.6589147286822,129,3,12.309259475672938,47.96817420435514,29.457364341085274,100.0,-0.8767864788362458,-0.7602793900696745,0.0
momentum+curve+cand_copper_gold+cand_swap_spread,動能 (10Y-SMA125) + 殖利率曲線 (10Y-2Y) + 銅金比報酬差 + 10Y Swap Spread,4,-0.007913748101056618,0.021307924341483875,,32.068627450980394,12,51,-39.53182579564489,-7.463198344664499,91.66666666666666,35.294117647058826,0.3387558468834639,0.10293004464393585,0.30384728585760773
strength+move+curve+inflation+cand_copper_gold+cand_swap_spread+cand_sofr_ted_spread,強度 (NQ 52W區間) + 波動度 (MOVE偏態) + 殖利率曲線 (10Y-2Y) + 通膨意外 (CPI-10YBE) + 銅金比報酬差 + 10Y Swap Spread + SOFR-3M利差,7,-0.031419619167018804,-0.008906672261882296,,30.463030303030305,75,11,-2.1918257956448914,28.271204507385413,62.66666666666667,100.0,0.3754710886951384,-1.3761247464606137,-3.6650618060714395
momentum+move+inflation+cand_copper_gold+cand_credit_spread+cand_swap_spread+cand_sofr_ted_spread,動能 (10Y-SMA125) + 波動度 (MOVE偏態) + 通膨意外 (CPI-10YBE) + 銅金比報酬差 + IG企業債利差 + 10Y Swap Spread + SOFR-3M利差,7,0.00047767283255767916,0.027108413449728308,,29.70555555555557,90,4,5.179285315466222,34.884840871021794,50.0,100.0,-0.0033720574237573178,-1.1948822273241413,0.0
curve+inflation+cand_copper_gold+cand_swap_spread+cand_sofr_ted_spread+cand_inflation_1y,殖利率曲線 (10Y-2Y) + 通膨意外 (CPI-10YBE) + 銅金比報酬差 + 10Y Swap Spread + SOFR-3M利差 + 1年通膨預期價差,6,-0.013374829258763304,0.010332610622539602,,28.100000000000016,66,15,-14.865159128978224,13.23484087102179,69.6969696969697,100.0,-0.02524300063765966,-1.235308845287516,0.0
momentum+duration+move+inflation+cand_copper_gold+cand_credit_spread+cand_sofr_ted_spread+cand_inflation_1y,動能 (10Y-SMA125) + 存續期間避險 (TLT-SHY) + 波動度 (MOVE偏態) + 通膨意外 (CPI-10YBE) + 銅金比報酬差 + IG企業債利差 + SOFR-3M利差 + 1年通膨預期價差,8,-0.047543929164883314,-0.049003812863539414,,27.83636363636367,110,1,11.798477234658137,39.63484087102181,31.818181818181817,100.0,-1.1011271472797322,-0.28467194054844164,0.0
momentum+duration+inflation+cand_copper_gold+cand_credit_spread+cand_swap_spread+cand_sofr_ted_spread,動能 (10Y-SMA125) + 存續期間避險 (TLT-SHY) + 通膨意外 (CPI-10YBE) + 銅金比報酬差 + IG企業債利差 + 10Y Swap Spread + SOFR-3M利差,7,-0.019102720822152357,0.0063663684737227996,,27.61333333333334,100,3,7.354840871021775,34.968174204355115,30.0,100.0,-0.4134032809769837,-0.09225292243413254,0.0
momentum+strength+duration+move+cand_copper_gold+cand_credit_spread+cand_sofr_ted_spread+cand_inflation_1y,動能 (10Y-SMA125) + 強度 (NQ 52W區間) + 存續期間避險 (TLT-SHY) + 波動度 (MOVE偏態) + 銅金比報酬差 + IG企業債利差 + SOFR-3M利差 + 1年通膨預期價差,8,-0.02601756732747231,-0.01871525498684631,,25.967948717948723,104,12,7.750225486406391,33.718174204355115,38.46153846153847,100.0,-0.6700609514312863,-0.21793876590018907,0.0
strength+move+curve+inflation+cand_copper_gold+cand_credit_spread+cand_swap_spread+cand_sofr_ted_spread,強度 (NQ 52W區間) + 波動度 (MOVE偏態) + 殖利率曲線 (10Y-2Y) + 通膨意外 (CPI-10YBE) + 銅金比報酬差 + IG企業債利差 + 10Y Swap Spread + SOFR-3M利差,8,-0.024592096644199594,-0.0034375976637252546,,25.595547309833027,98,11,2.6756571975523875,28.271204507385413,53.06122448979592,100.0,0.3696325120781019,-1.4079935449405527,-3.8091712685789103
momentum+strength+move+curve+inflation+cand_sofr_ted_spread,動能 (10Y-SMA125) + 強度 (NQ 52W區間) + 波動度 (MOVE偏態) + 殖利率曲線 (10Y-2Y) + 通膨意外 (CPI-10YBE) + SOFR-3M利差,6,-0.059286192973719724,-0.05388406721001566,,25.05958549222799,193,4,8.075255378793793,33.13484087102178,36.787564766839374,100.0,-0.8392587239980122,-0.632326451858317,0.0
momentum+move+cand_copper_gold+cand_sofr_ted_spread,動能 (10Y-SMA125) + 波動度 (MOVE偏態) + 銅金比報酬差 + SOFR-3M利差,4,0.015482071646075336,0.053525615405304844,,24.580931263858098,123,11,9.781182334436407,34.362113598294506,43.08943089430895,100.0,-0.25060758088142854,0.3235793615883823,0.0
strength+move+curve+inflation+cand_swap_spread+cand_sofr_ted_spread,強度 (NQ 52W區間) + 波動度 (MOVE偏態) + 殖利率曲線 (10Y-2Y) + 通膨意外 (CPI-10YBE) + 10Y Swap Spread + SOFR-3M利差,6,-0.055516710238413036,-0.06281442845366769,,24.52368758002561,71,11,3.747516927359804,28.271204507385413,59.154929577464785,100.0,-0.1177924725857553,-1.7422481697914496,0.0
momentum+strength+duration+move+inflation+cand_swap_spread+cand_sofr_ted_spread+cand_inflation_1y,動能 (10Y-SMA125) + 強度 (NQ 52W區間) + 存續期間避險 (TLT-SHY) + 波動度 (MOVE偏態) + 通膨意外 (CPI-10YBE) + 10Y Swap Spread + SOFR-3M利差 + 1年通膨預期價差,8,-0.05348413778975226,-0.08196878124882914,,24.36904761904765,84,3,23.599126585307488,47.96817420435514,9.523809523809524,100.0,-1.1852457221790287,-0.8561524870754558,0.0
momentum+duration+inflation+cand_swap_spread+cand_sofr_ted_spread+cand_inflation_1y,動能 (10Y-SMA125) + 存續期間避險 (TLT-SHY) + 通膨意外 (CPI-10YBE) + 10Y Swap Spread + SOFR-3M利差 + 1年通膨預期價差,6,-0.052028418653639594,-0.08604348519154188,,23.927958833619215,212,11,6.615972946493472,30.543931780112686,38.67924528301887,100.0,-1.3907250657357098,-0.18884125764789567,0.0
momentum+strength+move+curve+inflation+cand_copper_gold+cand_credit_spread+cand_sofr_ted_spread,動能 (10Y-SMA125) + 強度 (NQ 52W區間) + 波動度 (MOVE偏態) + 殖利率曲線 (10Y-2Y) + 通膨意外 (CPI-10YBE) + 銅金比報酬差 + IG企業債利差 + SOFR-3M利差,8,-0.03025889425332195,-0.006084607634751017,,23.852112676056343,142,8,5.282728194965435,29.13484087102178,43.66197183098591,100.0,-0.23057255999521814,-0.653027546411836,0.0
momentum+strength+move+inflation+cand_swap_spread+cand_sofr_ted_spread+cand_inflation_1y,動能 (10Y-SMA125) + 強度 (NQ 52W區間) + 波動度 (MOVE偏態) + 通膨意外 (CPI-10YBE) + 10Y Swap Spread + SOFR-3M利差 + 1年通膨預期價差,7,-0.043256547557422885,-0.06107138856119204,,22.891304347826097,46,1,27.743536523195704,50.6348408710218,15.217391304347828,100.0,-0.8877968025954988,-1.4200005892690908,0.0
momentum+duration+inflation+cand_credit_spread+cand_swap_spread+cand_sofr_ted_spread,動能 (10Y-SMA125) + 存續期間避險 (TLT-SHY) + 通膨意外 (CPI-10YBE) + IG企業債利差 + 10Y Swap Spread + SOFR-3M利差,6,-0.04942821637555762,-0.06153519281008615,,22.573674752920045,159,14,8.70402326095888,31.277698013878926,32.075471698113205,100.0,-1.0272903946567895,-0.19660664079663323,0.0
strength+move+curve+inflation+cand_credit_spread+cand_swap_spread+cand_sofr_ted_spread,強度 (NQ 52W區間) + 波動度 (MOVE偏態) + 殖利率曲線 (10Y-2Y) + 通膨意外 (CPI-10YBE) + IG企業債利差 + 10Y Swap Spread + SOFR-3M利差,7,-0.04667928658580182,-0.04531196837743532,,22.400000000000002,101,5,2.6348408710217757,25.03484087102178,55.44554455445545,100.0,-0.005978605547921607,-1.8161775396169844,0.0
momentum+cand_copper_gold+cand_swap_spread+cand_sofr_ted_spread,動能 (10Y-SMA125) + 銅金比報酬差 + 10Y Swap Spread + SOFR-3M利差,4,0.05182787718165765,0.08035186062762252,,22.297540983606567,40,61,-1.5151591289782242,20.78238185462834,67.5,86.88524590163934,0.7426459691640686,0.28379115298647534,0.38213518253645695
momentum+strength+move+cand_credit_spread+cand_sofr_ted_spread+cand_inflation_1y,動能 (10Y-SMA125) + 強度 (NQ 52W區間) + 波動度 (MOVE偏態) + IG企業債利差 + SOFR-3M利差 + 1年通膨預期價差,6,-0.03583615578546699,-0.03189241252858585,,22.224528301886803,106,10,13.210312569134988,35.43484087102179,32.075471698113205,100.0,-0.8027677618586135,-0.6457714547934519,0.0
momentum+strength+duration+move+cand_copper_gold+cand_sofr_ted_spread+cand_inflation_1y,動能 (10Y-SMA125) + 強度 (NQ 52W區間) + 存續期間避險 (TLT-SHY) + 波動度 (MOVE偏態) + 銅金比報酬差 + SOFR-3M利差 + 1年通膨預期價差,7,-0.020293429098210213,-0.009336248168689066,,22.144082332761585,106,11,10.67257672007838,32.81665905283997,30.18867924528302,100.0,-0.8423600450783799,-0.027197547637538018,0.0
momentum+strength+move+curve+inflation+cand_copper_gold+cand_sofr_ted_spread,動能 (10Y-SMA125) + 強度 (NQ 52W區間) + 波動度 (MOVE偏態) + 殖利率曲線 (10Y-2Y) + 通膨意外 (CPI-10YBE) + 銅金比報酬差 + SOFR-3M利差,7,-0.03500613926994261,-0.0085383547983322,,21.878406708595392,159,9,6.534211940204163,28.412618648799555,40.25157232704403,100.0,-0.35205859905459963,-0.48127880587925886,0.0
momentum+strength+move+cand_copper_gold+cand_credit_spread+cand_sofr_ted_spread+cand_inflation_1y,動能 (10Y-SMA125) + 強度 (NQ 52W區間) + 波動度 (MOVE偏態) + 銅金比報酬差 + IG企業債利差 + SOFR-3M利差 + 1年通膨預期價差,7,-0.016034444174187812,0.012435807103398557,,21.770642201834864,109,13,9.86419866918692,31.634840871021783,36.69724770642202,100.0,-0.2643817401407939,-0.50312255678361,0.0
momentum+duration+inflation+cand_copper_gold+cand_credit_spread+cand_swap_spread+cand_sofr_ted_spread+cand_inflation_1y,動能 (10Y-SMA125) + 存續期間避險 (TLT-SHY) + 通膨意外 (CPI-10YBE) + 銅金比報酬差 + IG企業債利差 + 10Y Swap Spread + SOFR-3M利差 + 1年通膨預期價差,8,-0.038244301993900366,-0.04032474526078593,,21.742812742812752,99,13,11.584335820516726,33.32714856332948,31.313131313131315,100.0,-0.7310961708115097,-0.43548067605482016,0.0
momentum+move+inflation+cand_credit_spread+cand_swap_spread+cand_sofr_ted_spread,動能 (10Y-SMA125) + 波動度 (MOVE偏態) + 通膨意外 (CPI-10YBE) + IG企業債利差 + 10Y Swap Spread + SOFR-3M利差,6,-0.03093585163894901,-0.03914583648690305,,21.631250000000026,64,5,21.603590871021776,43.2348408710218,12.5,100.0,-0.5998204727195555,-1.9299398677370525,0.0
momentum+duration+inflation+cand_copper_gold+cand_credit_spread+cand_swap_spread+cand_inflation_1y,動能 (10Y-SMA125) + 存續期間避險 (TLT-SHY) + 通膨意外 (CPI-10YBE) + 銅金比報酬差 + IG企業債利差 + 10Y Swap Spread + 1年通膨預期價差,7,-0.035343185800427966,-0.045627430088804176,,21.121933621933636,99,14,11.584335820516726,32.70626944245036,31.313131313131315,100.0,-0.6615738132431633,-0.4534805060476937,0.0
duration+move+inflation+cand_copper_gold+cand_credit_spread+cand_swap_spread+cand_sofr_ted_spread,存續期間避險 (TLT-SHY) + 波動度 (MOVE偏態) + 通膨意外 (CPI-10YBE) + 銅金比報酬差 + IG企業債利差 + 10Y Swap Spread + SOFR-3M利差,7,-0.013150428226026913,0.0034335599768910113,,20.730769230769234,102,13,5.134840871021777,25.86561010179101,47.05882352941176,84.61538461538461,-0.14279754711855125,-1.169752765877961,0.0
momentum+strength+duration+move+curve+cand_credit_spread+cand_swap_spread+cand_sofr_ted_spread+cand_inflation_1y,動能 (10Y-SMA125) + 強度 (NQ 52W區間) + 存續期間避險 (TLT-SHY) + 波動度 (MOVE偏態) + 殖利率曲線 (10Y-2Y) + IG企業債利差 + 10Y Swap Spread + SOFR-3M利差 + 1年通膨預期價差,9,-0.050953840094700574,-0.06035478976037637,,19.923076923076945,39,1,30.711763947944856,50.6348408710218,10.256410256410255,100.0,-0.9422449866967746,-0.7824142847280036,0.0
momentum+move+cand_copper_gold+cand_credit_spread+cand_swap_spread+cand_sofr_ted_spread,動能 (10Y-SMA125) + 波動度 (MOVE偏態) + 銅金比報酬差 + IG企業債利差 + 10Y Swap Spread + SOFR-3M利差,6,0.025424715267940337,0.05049017386257463,,19.88157894736842,76,38,3.490104028916513,23.371682976284934,55.26315789473685,92.10526315789474,0.28190254393269343,-0.6319542734815389,-2.241747323970312
curve+cand_copper_gold+cand_swap_spread+cand_sofr_ted_spread+cand_inflation_1y,殖利率曲線 (10Y-2Y) + 銅金比報酬差 + 10Y Swap Spread + SOFR-3M利差 + 1年通膨預期價差,5,0.008540506393837532,0.0324740050561898,,19.455000000000005,75,24,-16.77849246231156,2.6765075376884453,68.0,62.5,0.30960880491982,-0.8994933259795808,-2.905257575644608
momentum+duration+cand_copper_gold+cand_credit_spread+cand_sofr_ted_spread+cand_inflation_1y,動能 (10Y-SMA125) + 存續期間避險 (TLT-SHY) + 銅金比報酬差 + IG企業債利差 + SOFR-3M利差 + 1年通膨預期價差,6,-0.0402377976306759,-0.04886459182335877,,18.692874692874692,148,44,5.101057087237995,23.793931780112686,41.21621621621622,93.18181818181817,-0.7968694120187988,0.46259722879841114,0.0
momentum+strength+duration+move+inflation+cand_copper_gold+cand_credit_spread+cand_swap_spread+cand_sofr_ted_spread+cand_inflation_1y,動能 (10Y-SMA125) + 強度 (NQ 52W區間) + 存續期間避險 (TLT-SHY) + 波動度 (MOVE偏態) + 通膨意外 (CPI-10YBE) + 銅金比報酬差 + IG企業債利差 + 10Y Swap Spread + SOFR-3M利差 + 1年通膨預期價差,10,-0.037131101188610426,-0.03047397671179077,,18.529629629629646,54,5,18.505211241392146,37.03484087102179,27.77777777777778,100.0,-0.5964988684003975,-0.8929477267964243,0.0
duration+curve+cand_swap_spread+cand_sofr_ted_spread,存續期間避險 (TLT-SHY) + 殖利率曲線 (10Y-2Y) + 10Y Swap Spread + SOFR-3M利差,4,-0.05734444289341639,-0.07155384883389838,,18.158823529411748,68,5,-3.92398265838999,14.23484087102176,63.23529411764706,100.0,-0.9490376608434098,-0.13706804004206,0.0
curve+cand_copper_gold+cand_swap_spread+cand_sofr_ted_spread,殖利率曲線 (10Y-2Y) + 銅金比報酬差 + 10Y Swap Spread + SOFR-3M利差,4,0.011978344083672978,0.07136858851997224,,17.933662280701764,114,64,-16.830071409679984,1.103590871021778,71.9298245614035,54.6875,1.0329671639211682,-0.5608459779297712,-0.5429465693766938
inflation+cand_swap_spread+cand_sofr_ted_spread,通膨意外 (CPI-10YBE) + 10Y Swap Spread + SOFR-3M利差,3,-0.02077266239316573,-0.024049029622358158,,17.735537190082656,484,4,-3.3506963190608707,14.384840871021785,58.057851239669425,75.0,0.30065620197656256,-1.8563175956510116,-6.174220200505691
move+curve+inflation+cand_copper_gold+cand_sofr_ted_spread,波動度 (MOVE偏態) + 殖利率曲線 (10Y-2Y) + 通膨意外 (CPI-10YBE) + 銅金比報酬差 + SOFR-3M利差,5,-0.0267341906314081,0.006392809769047833,,17.691876750700285,204,28,1.335821263178637,19.027698013878922,48.529411764705884,92.85714285714286,-0.08413213207888093,-1.0693705398638607,0.0
momentum+duration+move+cand_copper_gold+cand_credit_spread+cand_sofr_ted_spread+cand_inflation_1y,動能 (10Y-SMA125) + 存續期間避險 (TLT-SHY) + 波動度 (MOVE偏態) + 銅金比報酬差 + IG企業債利差 + SOFR-3M利差 + 1年通膨預期價差,7,-0.04017465980305835,-0.05452926126376368,,17.51515151515152,96,33,8.968174204355108,26.483325719506627,35.41666666666667,96.96969696969697,-0.9692459537999103,0.02678135231367502,0.0
momentum+duration+cand_copper_gold+cand_swap_spread+cand_sofr_ted_spread,動能 (10Y-SMA125) + 存續期間避險 (TLT-SHY) + 銅金比報酬差 + 10Y Swap Spread + SOFR-3M利差,5,-0.007068272874227589,0.00117839778903924,,17.47202521670607,54,47,4.375581611762514,21.84760682846858,53.70370370370371,89.36170212765957,-0.30815692569471076,0.7713688653924445,0.0
strength+cand_swap_spread+cand_sofr_ted_spread,強度 (NQ 52W區間) + 10Y Swap Spread + SOFR-3M利差,3,-0.0025765007966879433,-0.012271319535744557,,17.395989974937343,45,266,-11.031825795644892,6.3641641792924535,91.11111111111111,66.9172932330827,0.9425753099706,-1.1206512272484472,-1.1889248693384527
move+inflation+cand_copper_gold+cand_credit_spread+cand_swap_spread+cand_sofr_ted_spread+cand_inflation_1y,波動度 (MOVE偏態) + 通膨意外 (CPI-10YBE) + 銅金比報酬差 + IG企業債利差 + 10Y Swap Spread + SOFR-3M利差 + 1年通膨預期價差,7,0.0014983747648479274,0.0035144499938631266,,17.357142857142854,94,14,5.134840871021775,22.49198372816463,50.0,100.0,0.010538123484488363,-1.7560690444654559,-166.6396343761116
momentum+duration+cand_copper_gold+cand_credit_spread+cand_inflation_1y,動能 (10Y-SMA125) + 存續期間避險 (TLT-SHY) + 銅金比報酬差 + IG企業債利差 + 1年通膨預期價差,5,-0.04143831421621055,-0.053145337952502605,,17.25500515995872,170,57,4.0289585180806,21.28396367803932,38.82352941176471,92.98245614035088,-0.7644970801570511,0.47427775537233335,0.0
momentum+duration+inflation+cand_credit_spread+cand_sofr_ted_spread+cand_inflation_1y,動能 (10Y-SMA125) + 存續期間避險 (TLT-SHY) + 通膨意外 (CPI-10YBE) + IG企業債利差 + SOFR-3M利差 + 1年通膨預期價差,6,-0.06393577318920361,-0.07918261791747401,,17.13222222222223,225,8,13.252618648799551,30.38484087102178,24.88888888888889,87.5,-1.3837159034114188,0.11600037833030742,0.0
move+cand_copper_gold+cand_swap_spread+cand_sofr_ted_spread,波動度 (MOVE偏態) + 銅金比報酬差 + 10Y Swap Spread + SOFR-3M利差,4,0.03820747758977501,0.06360757736269149,,16.968361581920913,120,118,-14.231825795644896,2.7365357862760167,71.66666666666667,57.6271186440678,0.7230832477204339,-1.1084873746843633,-1.5330010454244938
momentum+duration+move+cand_copper_gold+cand_sofr_ted_spread+cand_inflation_1y,動能 (10Y-SMA125) + 存續期間避險 (TLT-SHY) + 波動度 (MOVE偏態) + 銅金比報酬差 + SOFR-3M利差 + 1年通膨預期價差,6,-0.03717338281147955,-0.053698624941203005,,16.565314685314693,143,25,11.94952618570709,28.514840871021782,34.96503496503497,100.0,-1.1675839433184725,0.308151495778917,0.0
momentum+strength+duration+move+inflation+cand_credit_spread+cand_swap_spread+cand_sofr_ted_spread+cand_inflation_1y,動能 (10Y-SMA125) + 強度 (NQ 52W區間) + 存續期間避險 (TLT-SHY) + 波動度 (MOVE偏態) + 通膨意外 (CPI-10YBE) + IG企業債利差 + 10Y Swap Spread + SOFR-3M利差 + 1年通膨預期價差,9,-0.05196580962825162,-0.07187842689641623,,16.375000000000018,56,7,22.545555156736068,38.920555156736086,16.071428571428573,100.0,-0.9910322647522195,-1.0904882753523428,0.0
momentum+move+cand_copper_gold+cand_credit_spread+cand_sofr_ted_spread+cand_inflation_1y,動能 (10Y-SMA125) + 波動度 (MOVE偏態) + 銅金比報酬差 + IG企業債利差 + SOFR-3M利差 + 1年通膨預期價差,6,-0.01667050757378041,-0.015207006644735984,,16.258828417116746,83,29,13.75532279873262,30.014151215849367,28.915662650602407,100.0,-0.5592689650424504,-0.29269324377305767,0.0
move+curve+inflation+cand_credit_spread+cand_sofr_ted_spread,波動度 (MOVE偏態) + 殖利率曲線 (10Y-2Y) + 通膨意外 (CPI-10YBE) + IG企業債利差 + SOFR-3M利差,5,-0.051134122490381746,-0.05392090004281406,,16.231878253904682,227,22,5.493871708026181,21.725749961930862,43.17180616740088,100.0,-0.5329789009453683,-1.479555485431771,0.0
move+curve+inflation+cand_sofr_ted_spread+cand_inflation_1y,波動度 (MOVE偏態) + 殖利率曲線 (10Y-2Y) + 通膨意外 (CPI-10YBE) + SOFR-3M利差 + 1年通膨預期價差,5,-0.062398968976190496,-0.07248106390039903,,16.189542483660134,153,1,17.445298387361646,33.63484087102178,26.797385620915033,100.0,-1.3477993868737892,-1.6413812520935993,0.0
momentum+move+cand_copper_gold+cand_credit_spread+cand_inflation_1y,動能 (10Y-SMA125) + 波動度 (MOVE偏態) + 銅金比報酬差 + IG企業債利差 + 1年通膨預期價差,5,-0.021068264287853623,-0.027267993300362864,,16.136818687430477,87,31,12.014151215849369,28.150969903279844,32.18390804597701,96.7741935483871,-0.5579754645691373,-0.450045908972098,0.0
momentum+duration+move+cand_copper_gold+cand_sofr_ted_spread,動能 (10Y-SMA125) + 存續期間避險 (TLT-SHY) + 波動度 (MOVE偏態) + 銅金比報酬差 + SOFR-3M利差,5,-0.015572139703025125,-0.00987095169035582,,16.076687116564422,163,22,8.05815375445736,24.13484087102178,39.263803680981596,81.81818181818183,-0.9007154772143123,0.7247221756009531,0.0
duration+cand_copper_gold+cand_swap_spread+cand_sofr_ted_spread,存續期間避險 (TLT-SHY) + 銅金比報酬差 + 10Y Swap Spread + SOFR-3M利差,4,0.03165374719322175,0.049390739696376175,,16.029411764705884,30,102,-3.3651591289782257,12.664252635727658,63.33333333333333,78.43137254901961,0.41265937831782146,-0.03129332096831094,-0.07583329644869839
curve+cand_copper_gold+cand_credit_spread+cand_swap_spread+cand_sofr_ted_spread,殖利率曲線 (10Y-2Y) + 銅金比報酬差 + IG企業債利差 + 10Y Swap Spread + SOFR-3M利差,5,0.013212786816739746,0.05094626166503918,,16.01754385964913,114,60,-15.216036321960686,0.801507537688443,72.80701754385966,48.333333333333336,0.8293133853310822,-0.7187830992978458,-0.8667207258579216
momentum+duration+move+inflation+cand_copper_gold+cand_swap_spread+cand_sofr_ted_spread,動能 (10Y-SMA125) + 存續期間避險 (TLT-SHY) + 波動度 (MOVE偏態) + 通膨意外 (CPI-10YBE) + 銅金比報酬差 + 10Y Swap Spread + SOFR-3M利差,7,-0.022918195507587103,-0.012834367802295491,,15.913043478260896,46,1,23.721797392760912,39.63484087102181,8.695652173913043,100.0,-0.797479669875716,-0.2807655045353206,0.0
duration+move+inflation+cand_copper_gold+cand_credit_spread+cand_sofr_ted_spread+cand_inflation_1y,存續期間避險 (TLT-SHY) + 波動度 (MOVE偏態) + 通膨意外 (CPI-10YBE) + 銅金比報酬差 + IG企業債利差 + SOFR-3M利差 + 1年通膨預期價差,7,-0.0435240448987428,-0.05101031190489839,,15.891025641025642,104,6,9.57714856332947,25.468174204355112,35.57692307692308,100.0,-0.9044161266174884,-0.7516466347197398,0.0
move+curve+inflation+cand_credit_spread,波動度 (MOVE偏態) + 殖利率曲線 (10Y-2Y) + 通膨意外 (CPI-10YBE) + IG企業債利差,4,-0.05818352049721638,-0.06521655199376318,,15.729898260584179,277,22,5.995851701346684,21.725749961930862,40.07220216606498,100.0,-0.5641029868365226,-1.9730742585486571,0.0
strength+curve+cand_copper_gold+cand_swap_spread+cand_sofr_ted_spread,強度 (NQ 52W區間) + 殖利率曲線 (10Y-2Y) + 銅金比報酬差 + 10Y Swap Spread + SOFR-3M利差,5,-0.010677990865273533,0.0296503714739536,,15.716666666666669,60,132,-11.665159128978223,4.051507537688447,81.66666666666667,59.09090909090909,1.1680342143654368,-0.6873426469971254,-0.5884610558009563
momentum+cand_copper_gold+cand_credit_spread+cand_inflation_1y,動能 (10Y-SMA125) + 銅金比報酬差 + IG企業債利差 + 1年通膨預期價差,4,-0.01178109024084085,-0.006644728753741027,,15.665496049165935,134,51,4.381109527738194,20.046605576904128,44.02985074626866,86.27450980392157,-0.31470636172414707,0.019316509545676507,0.0
duration+move+inflation+cand_copper_gold+cand_credit_spread+cand_inflation_1y,存續期間避險 (TLT-SHY) + 波動度 (MOVE偏態) + 通膨意外 (CPI-10YBE) + 銅金比報酬差 + IG企業債利差 + 1年通膨預期價差,6,-0.04240716985814811,-0.0534994412345533,,15.532448377581122,113,6,9.93572582677399,25.468174204355112,31.858407079646017,100.0,-0.8949661976924147,-0.9513442754137352,0.0
momentum+move+cand_copper_gold+cand_credit_spread+cand_sofr_ted_spread,動能 (10Y-SMA125) + 波動度 (MOVE偏態) + 銅金比報酬差 + IG企業債利差 + SOFR-3M利差,5,0.015723590299253427,0.042152365804035974,,15.425724637681164,96,23,13.426507537688437,28.8522321753696,27.083333333333332,100.0,-0.08800002387944857,-0.025895422914452352,0.0
cand_copper_gold+cand_credit_spread+cand_swap_spread+cand_sofr_ted_spread,銅金比報酬差 + IG企業債利差 + 10Y Swap Spread + SOFR-3M利差,4,0.04779766625726985,0.08404118387515261,,15.298080105925191,159,228,-10.987800638412187,4.310279467513005,69.81132075471697,61.8421052631579,1.0286709880690257,-0.6893417556658762,-0.6701285091746167
momentum+strength+duration+inflation+cand_copper_gold+cand_credit_spread+cand_swap_spread+cand_sofr_ted_spread+cand_inflation_1y,動能 (10Y-SMA125) + 強度 (NQ 52W區間) + 存續期間避險 (TLT-SHY) + 通膨意外 (CPI-10YBE) + 銅金比報酬差 + IG企業債利差 + 10Y Swap Spread + SOFR-3M利差 + 1年通膨預期價差,9,-0.03590944356459833,-0.023130289879586027,,15.156862745098028,102,2,10.977978125923737,26.134840871021765,34.31372549019608,100.0,-0.4684644694714587,-0.5964174638559517,0.0
strength+curve+cand_swap_spread+cand_sofr_ted_spread,強度 (NQ 52W區間) + 殖利率曲線 (10Y-2Y) + 10Y Swap Spread + SOFR-3M利差,4,-0.03381669734195969,-0.02499937533818194,,15.14166666666667,40,60,-12.590159128978224,2.551507537688445,90.0,60.0,0.6442707640798421,-0.9708580527850563,-1.5069099933032837
momentum+duration+move+inflation+cand_credit_spread+cand_sofr_ted_spread+cand_inflation_1y,動能 (10Y-SMA125) + 存續期間避險 (TLT-SHY) + 波動度 (MOVE偏態) + 通膨意外 (CPI-10YBE) + IG企業債利差 + SOFR-3M利差 + 1年通膨預期價差,7,-0.06876568630357004,-0.09446500859790247,,15.12500000000001,168,14,16.152698013878915,31.277698013878926,20.833333333333336,100.0,-1.5516292972866697,-0.37459011302056605,0.0
cand_copper_gold+cand_swap_spread+cand_sofr_ted_spread,銅金比報酬差 + 10Y Swap Spread + SOFR-3M利差,3,0.06182486168233549,0.10649746701945727,,15.048035095480353,198,274,-10.314654078473176,4.7333810170071775,67.67676767676768,63.138686131386855,1.2753005804201765,-0.5740067536969529,-0.4500952657826231
momentum+duration+move+inflation+cand_swap_spread+cand_sofr_ted_spread,動能 (10Y-SMA125) + 存續期間避險 (TLT-SHY) + 波動度 (MOVE偏態) + 通膨意外 (CPI-10YBE) + 10Y Swap Spread + SOFR-3M利差,6,-0.05157070327321202,-0.08396955793437774,,14.98496240601504,133,7,13.07844989357817,28.06341229959321,32.33082706766917,100.0,-1.4091440531389428,-0.3642391274912658,0.0
momentum+strength+duration+curve+inflation+cand_credit_spread+cand_swap_spread+cand_inflation_1y,動能 (10Y-SMA125) + 強度 (NQ 52W區間) + 存續期間避險 (TLT-SHY) + 殖利率曲線 (10Y-2Y) + 通膨意外 (CPI-10YBE) + IG企業債利差 + 10Y Swap Spread + 1年通膨預期價差,8,-0.05534368372253295,-0.07095267755553322,,14.730158730158776,126,1,9.904682140863047,24.634840871021822,36.507936507936506,100.0,-0.8237352937343567,-0.6114864197574071,0.0
curve+cand_copper_gold+cand_swap_spread,殖利率曲線 (10Y-2Y) + 銅金比報酬差 + 10Y Swap Spread,3,-0.005341034927549972,0.040115758216535694,,14.727538543328025,114,198,-16.830071409679984,-2.1025328663519587,71.9298245614035,49.494949494949495,1.0323298466096928,-0.6149203898327895,-0.5956627059193038
momentum+inflation+cand_copper_gold+cand_credit_spread+cand_swap_spread+cand_sofr_ted_spread,動能 (10Y-SMA125) + 通膨意外 (CPI-10YBE) + 銅金比報酬差 + IG企業債利差 + 10Y Swap Spread + SOFR-3M利差,6,0.012435668455926481,0.06103157578543185,,14.567164179104457,67,1,15.0676766919173,29.63484087102176,25.37313432835821,100.0,0.2307273766164349,-0.6580493551596481,-2.8520644789092393
move+curve+inflation+cand_sofr_ted_spread,波動度 (MOVE偏態) + 殖利率曲線 (10Y-2Y) + 通膨意外 (CPI-10YBE) + SOFR-3M利差,4,-0.05504900111884285,-0.04667299879704111,,14.497245179063365,242,18,9.80426235862508,24.301507537688444,35.53719008264463,100.0,-0.7430417586410812,-1.775459970245409,0.0
momentum+strength+duration+inflation+cand_swap_spread+cand_sofr_ted_spread+cand_inflation_1y,動能 (10Y-SMA125) + 強度 (NQ 52W區間) + 存續期間避險 (TLT-SHY) + 通膨意外 (CPI-10YBE) + 10Y Swap Spread + SOFR-3M利差 + 1年通膨預期價差,7,-0.05359063485290947,-0.07508998504789442,,14.43037974683546,158,2,12.70446112418633,27.13484087102179,26.582278481012654,100.0,-1.0454082628809573,-0.47104215472999367,0.0
duration+curve+cand_copper_gold+cand_swap_spread+cand_sofr_ted_spread,存續期間避險 (TLT-SHY) + 殖利率曲線 (10Y-2Y) + 銅金比報酬差 + 10Y Swap Spread + SOFR-3M利差,5,-0.005767262897698692,0.03183700741506748,,14.30434782608695,10,23,-6.365159128978226,7.939188697108723,50.0,86.95652173913044,0.09430679592429765,-0.02854689896821157,-0.30270245837984844
momentum+strength+duration+cand_copper_gold+cand_credit_spread+cand_sofr_ted_spread+cand_inflation_1y,動能 (10Y-SMA125) + 強度 (NQ 52W區間) + 存續期間避險 (TLT-SHY) + 銅金比報酬差 + IG企業債利差 + SOFR-3M利差 + 1年通膨預期價差,7,-0.026218825240580664,-0.02307828049821568,,14.263605442176864,147,28,7.621235428844905,21.88484087102177,37.41496598639456,100.0,-0.5065694166132981,0.10565257084413866,0.0
momentum+strength+move+inflation+cand_credit_spread+cand_swap_spread+cand_sofr_ted_spread+cand_inflation_1y,動能 (10Y-SMA125) + 強度 (NQ 52W區間) + 波動度 (MOVE偏態) + 通膨意外 (CPI-10YBE) + IG企業債利差 + 10Y Swap Spread + SOFR-3M利差 + 1年通膨預期價差,8,-0.041149770289656704,-0.051079962157924846,,14.26190476190478,42,4,26.37293610911702,40.6348408710218,16.666666666666664,100.0,-0.6565929900397938,-1.613629127597166,0.0
cand_copper_gold+cand_credit_spread+cand_swap_spread,銅金比報酬差 + IG企業債利差 + 10Y Swap Spread,3,0.03874014757205953,0.06613537506384039,,14.131706528765354,119,364,-14.213898624776547,-0.0821920960111922,73.10924369747899,53.02197802197802,1.0656428349273368,-0.9660125379768271,-0.9065068579405376
momentum+duration+cand_copper_gold+cand_swap_spread+cand_sofr_ted_spread+cand_inflation_1y,動能 (10Y-SMA125) + 存續期間避險 (TLT-SHY) + 銅金比報酬差 + 10Y Swap Spread + SOFR-3M利差 + 1年通膨預期價差,6,-0.025970125172006434,-0.05418302611013419,,14.102112676056336,76,71,4.884840871021775,18.986953547078112,47.368421052631575,88.73239436619718,-0.7032519941605767,0.27962680127231093,0.0
curve+cand_copper_gold+cand_swap_spread+cand_inflation_1y,殖利率曲線 (10Y-2Y) + 銅金比報酬差 + 10Y Swap Spread + 1年通膨預期價差,4,-0.00874798665987223,-0.005748147249807427,,13.863882783882788,75,91,-16.77849246231156,-2.9146096784287727,68.0,48.35164835164835,0.30206637663626273,-0.9574568116634528,-3.169690126804107
momentum+duration+move+inflation+cand_credit_spread+cand_inflation_1y,動能 (10Y-SMA125) + 存續期間避險 (TLT-SHY) + 波動度 (MOVE偏態) + 通膨意外 (CPI-10YBE) + IG企業債利差 + 1年通膨預期價差,6,-0.06676895081091687,-0.1035957084280498,,13.78970588235295,170,16,15.970134988668834,29.759840871021783,20.588235294117645,100.0,-1.4871886891457269,-0.4500742462260896,0.0
inflation+cand_copper_gold+cand_swap_spread+cand_sofr_ted_spread+cand_inflation_1y,通膨意外 (CPI-10YBE) + 銅金比報酬差 + 10Y Swap Spread + SOFR-3M利差 + 1年通膨預期價差,5,0.006807483119317422,0.020091535424125197,,13.78835978835979,216,28,-3.1892332030522996,10.59912658530749,55.55555555555556,89.28571428571429,0.18570349230905386,-1.389109903611448,-7.4802572980137905
momentum+duration+move+inflation+cand_copper_gold+cand_swap_spread+cand_sofr_ted_spread+cand_inflation_1y,動能 (10Y-SMA125) + 存續期間避險 (TLT-SHY) + 波動度 (MOVE偏態) + 通膨意外 (CPI-10YBE) + 銅金比報酬差 + 10Y Swap Spread + SOFR-3M利差 + 1年通膨預期價差,8,-0.04076335603603985,-0.060651570129513194,,13.534883720930257,43,4,27.099957150091544,40.6348408710218,9.30232558139535,100.0,-1.0767711242084899,-0.5830257299032309,0.0
move+curve+cand_copper_gold+cand_swap_spread+cand_sofr_ted_spread,波動度 (MOVE偏態) + 殖利率曲線 (10Y-2Y) + 銅金比報酬差 + 10Y Swap Spread + SOFR-3M利差,5,-0.00018739586338015432,0.018822224269404383,,13.407500000000006,100,16,-17.335159128978226,-3.9276591289782212,76.0,6.25,0.5279410881699171,-1.2015236369114615,-2.2758668795347723
move+inflation+cand_copper_gold+cand_credit_spread+cand_swap_spread+cand_inflation_1y,波動度 (MOVE偏態) + 通膨意外 (CPI-10YBE) + 銅金比報酬差 + IG企業債利差 + 10Y Swap Spread + 1年通膨預期價差,6,-0.013672792038534588,-0.020489534814644245,,13.088235294117649,94,17,5.134840871021775,18.223076165139425,50.0,94.11764705882352,0.025197034476546157,-2.0231483317461953,-80.29311281172303
curve+cand_copper_gold+cand_credit_spread+cand_swap_spread,殖利率曲線 (10Y-2Y) + 銅金比報酬差 + IG企業債利差 + 10Y Swap Spread,4,0.0012035733365612193,0.03348341900029909,,13.008771929824572,114,95,-15.216036321960686,-2.207264392136115,72.80701754385966,44.21052631578947,0.8573169000507521,-0.9167478720276143,-1.069322058124999
momentum+cand_copper_gold+cand_credit_spread+cand_sofr_ted_spread+cand_inflation_1y,動能 (10Y-SMA125) + 銅金比報酬差 + IG企業債利差 + SOFR-3M利差 + 1年通膨預期價差,5,-0.005812469946744242,0.01106064815984937,,13.005910165484632,126,47,7.245951982132888,20.25186214761752,39.682539682539684,85.1063829787234,-0.3459445709883791,0.09041568686105582,0.0
momentum+duration+cand_copper_gold+cand_credit_spread+cand_sofr_ted_spread,動能 (10Y-SMA125) + 存續期間避險 (TLT-SHY) + 銅金比報酬差 + IG企業債利差 + SOFR-3M利差,5,-0.014831314608553334,0.00016865575690260331,,12.962055335968378,184,55,1.2000582623261256,14.162113598294503,46.73913043478261,69.0909090909091,-0.48245753433406474,0.8735390384710958,0.0
momentum+move+cand_copper_gold+cand_sofr_ted_spread+cand_inflation_1y,動能 (10Y-SMA125) + 波動度 (MOVE偏態) + 銅金比報酬差 + SOFR-3M利差 + 1年通膨預期價差,5,-0.02045456570482113,-0.02421066114537732,,12.95054945054946,91,26,18.338137574318477,31.288687024867937,34.065934065934066,100.0,-0.7889020013101329,-0.07918225434228734,0.0
momentum+duration+curve+cand_credit_spread+cand_swap_spread+cand_sofr_ted_spread+cand_inflation_1y,動能 (10Y-SMA125) + 存續期間避險 (TLT-SHY) + 殖利率曲線 (10Y-2Y) + IG企業債利差 + 10Y Swap Spread + SOFR-3M利差 + 1年通膨預期價差,7,-0.06401429794894124,-0.09477136423319751,,12.818913480885303,71,7,13.958784532993608,26.77769801387891,29.577464788732392,100.0,-1.1954988715260677,-0.13889395463041218,0.0
momentum+duration+inflation+cand_credit_spread+cand_swap_spread+cand_sofr_ted_spread+cand_inflation_1y,動能 (10Y-SMA125) + 存續期間避險 (TLT-SHY) + 通膨意外 (CPI-10YBE) + IG企業債利差 + 10Y Swap Spread + SOFR-3M利差 + 1年通膨預期價差,7,-0.05827950037324945,-0.08542262432766345,,12.633048433048433,135,26,13.694100130281036,26.32714856332947,24.444444444444443,96.15384615384616,-1.222273291784882,-0.6085603627625761,0.0
strength+move+cand_copper_gold+cand_credit_spread+cand_swap_spread+cand_sofr_ted_spread,強度 (NQ 52W區間) + 波動度 (MOVE偏態) + 銅金比報酬差 + IG企業債利差 + 10Y Swap Spread + SOFR-3M利差,6,0.01955013472665199,0.04085764755791069,,12.595483415666896,109,65,-2.099104083106663,10.496379332560233,57.798165137614674,70.76923076923077,0.8119533061657322,-1.0584748813076712,-1.3036154582657984
duration+move+inflation+cand_credit_spread+cand_swap_spread+cand_sofr_ted_spread,存續期間避險 (TLT-SHY) + 波動度 (MOVE偏態) + 通膨意外 (CPI-10YBE) + IG企業債利差 + 10Y Swap Spread + SOFR-3M利差,6,-0.047873503232723304,-0.07092123618986623,,12.459905660377359,106,32,10.04993521064442,22.50984087102178,31.132075471698112,87.5,-0.7247598820103904,-1.7734064485177932,0.0
strength+curve+inflation+cand_copper_gold+cand_swap_spread+cand_sofr_ted_spread,強度 (NQ 52W區間) + 殖利率曲線 (10Y-2Y) + 通膨意外 (CPI-10YBE) + 銅金比報酬差 + 10Y Swap Spread + SOFR-3M利差,6,-0.026812463975339478,0.005647897661619269,,12.349441907661088,108,73,-8.207751721570817,4.141690186090272,69.44444444444444,54.794520547945204,0.6403821148463447,-0.9406910295858436,-1.468952688991878
momentum+strength+move+inflation+cand_copper_gold+cand_sofr_ted_spread,動能 (10Y-SMA125) + 強度 (NQ 52W區間) + 波動度 (MOVE偏態) + 通膨意外 (CPI-10YBE) + 銅金比報酬差 + SOFR-3M利差,6,-0.021577844111894194,0.0121784590363668,,12.300000000000002,120,10,8.834840871021774,21.134840871021776,33.33333333333333,90.0,-0.29785313658302603,-0.5035469009509996,0.0
momentum+strength+duration+move+cand_credit_spread+cand_sofr_ted_spread+cand_inflation_1y,動能 (10Y-SMA125) + 強度 (NQ 52W區間) + 存續期間避險 (TLT-SHY) + 波動度 (MOVE偏態) + IG企業債利差 + SOFR-3M利差 + 1年通膨預期價差,7,-0.0469943902506569,-0.059378149496419036,,12.276524644945699,126,19,14.095158331339235,26.371682976284934,27.77777777777778,94.73684210526315,-1.0801478842615886,-0.2942153231490426,0.0
momentum+duration+move+curve+cand_credit_spread+cand_swap_spread+cand_sofr_ted_spread,動能 (10Y-SMA125) + 存續期間避險 (TLT-SHY) + 波動度 (MOVE偏態) + 殖利率曲線 (10Y-2Y) + IG企業債利差 + 10Y Swap Spread + SOFR-3M利差,7,-0.04626162341691517,-0.05257180882314089,,12.125000000000021,32,1,38.50984087102178,50.6348408710218,6.25,100.0,-1.0280887625983302,-0.3227872704096638,0.0
curve+inflation+cand_copper_gold+cand_swap_spread+cand_inflation_1y,殖利率曲線 (10Y-2Y) + 通膨意外 (CPI-10YBE) + 銅金比報酬差 + 10Y Swap Spread + 1年通膨預期價差,5,-0.024211280590305424,-0.008388592275270355,,11.976744186046508,66,86,-14.865159128978224,-2.8884149429317163,69.6969696969697,52.32558139534884,-0.02369554145591595,-1.0910844104163469,0.0
momentum+cand_copper_gold+cand_swap_spread+cand_sofr_ted_spread+cand_inflation_1y,動能 (10Y-SMA125) + 銅金比報酬差 + 10Y Swap Spread + SOFR-3M利差 + 1年通膨預期價差,5,0.013224822003151993,-0.002798198692424453,,11.94900605012965,52,89,6.865610101791006,18.814616151920657,50.0,87.64044943820225,-0.08632464793950378,-0.23712484011661755,0.0
momentum+move+cand_swap_spread+cand_sofr_ted_spread,動能 (10Y-SMA125) + 波動度 (MOVE偏態) + 10Y Swap Spread + SOFR-3M利差,4,-0.015019368945717513,-0.04744381247984103,,11.94149659863946,147,60,6.226677605715655,18.168174204355115,40.816326530612244,85.0,-0.52580995782493,-0.8523141201289318,0.0
momentum+strength+duration+curve+cand_copper_gold+cand_swap_spread+cand_sofr_ted_spread+cand_inflation_1y,動能 (10Y-SMA125) + 強度 (NQ 52W區間) + 存續期間避險 (TLT-SHY) + 殖利率曲線 (10Y-2Y) + 銅金比報酬差 + 10Y Swap Spread + SOFR-3M利差 + 1年通膨預期價差,8,-0.027545040396809165,-0.01799781124186135,,11.847619047619038,70,6,4.6205551567360565,16.468174204355094,40.0,100.0,-0.5274528621255491,-0.10000591250966469,0.0
move+cand_copper_gold+cand_credit_spread+cand_sofr_ted_spread,波動度 (MOVE偏態) + 銅金比報酬差 + IG企業債利差 + SOFR-3M利差,4,0.029355401070576524,0.057552870028617004,,11.739540229885058,290,150,-2.0513660255299504,9.688174204355109,55.86206896551724,70.0,0.451100961580998,-0.4593784229436283,-1.018349465125545
momentum+strength+duration+cand_copper_gold+cand_swap_spread+cand_sofr_ted_spread+cand_inflation_1y,動能 (10Y-SMA125) + 強度 (NQ 52W區間) + 存續期間避險 (TLT-SHY) + 銅金比報酬差 + 10Y Swap Spread + SOFR-3M利差 + 1年通膨預期價差,7,-0.027744316859391518,-0.03108420487053345,,11.735526315789471,57,40,7.4243145552323,19.15984087102177,31.57894736842105,97.5,-0.39364143360306464,-0.11042820629500705,0.0
momentum+move+cand_copper_gold+cand_swap_spread+cand_sofr_ted_spread,動能 (10Y-SMA125) + 波動度 (MOVE偏態) + 銅金比報酬差 + 10Y Swap Spread + SOFR-3M利差,5,0.02528027778593469,0.04272465347437375,,11.541176470588251,25,34,20.03484087102177,31.576017341610022,12.0,100.0,0.24383518728174497,-0.4438483892675466,-1.8202803057898769
momentum+duration+cand_copper_gold+cand_credit_spread+cand_swap_spread+cand_sofr_ted_spread+cand_inflation_1y,動能 (10Y-SMA125) + 存續期間避險 (TLT-SHY) + 銅金比報酬差 + IG企業債利差 + 10Y Swap Spread + SOFR-3M利差 + 1年通膨預期價差,7,-0.025481385584084904,-0.05380419534368356,,11.451871657754005,66,68,7.771204507385414,19.223076165139418,33.33333333333333,88.23529411764706,-0.5268166902313954,-0.0583050878994535,0.0
momentum+duration+move+inflation+cand_swap_spread+cand_sofr_ted_spread+cand_inflation_1y,動能 (10Y-SMA125) + 存續期間避險 (TLT-SHY) + 波動度 (MOVE偏態) + 通膨意外 (CPI-10YBE) + 10Y Swap Spread + SOFR-3M利差 + 1年通膨預期價差,7,-0.058940672032355076,-0.1060532907568819,,11.430459770114947,116,15,17.471047767573502,28.90150753768845,18.96551724137931,93.33333333333333,-1.5393913844842626,-0.677869547922222,0.0
move+curve+inflation+cand_copper_gold+cand_sofr_ted_spread+cand_inflation_1y,波動度 (MOVE偏態) + 殖利率曲線 (10Y-2Y) + 通膨意外 (CPI-10YBE) + 銅金比報酬差 + SOFR-3M利差 + 1年通膨預期價差,6,-0.03303408393502239,-0.007609341181989588,,11.318571428571428,100,7,18.744840871021776,30.063412299593203,24.0,100.0,-0.607134941999976,-1.238526862958847,0.0
momentum+duration+curve+cand_credit_spread+cand_swap_spread+cand_inflation_1y,動能 (10Y-SMA125) + 存續期間避險 (TLT-SHY) + 殖利率曲線 (10Y-2Y) + IG企業債利差 + 10Y Swap Spread + 1年通膨預期價差,6,-0.05985631690858853,-0.09266151906826824,,11.120500782472611,71,9,13.958784532993608,25.07928531546622,29.577464788732392,100.0,-1.10113975484204,-0.20237898706443164,0.0
curve+inflation+cand_copper_gold+cand_swap_spread+cand_sofr_ted_spread,殖利率曲線 (10Y-2Y) + 通膨意外 (CPI-10YBE) + 銅金比報酬差 + 10Y Swap Spread + SOFR-3M利差,5,-0.010722938645895318,0.03203439009972649,,11.11363636363636,132,11,-13.933340947160044,-2.819704583523685,73.48484848484848,36.36363636363637,0.5771832901384963,-0.9527303187987198,-1.650654714155204
momentum+duration+move+inflation+cand_copper_gold+cand_credit_spread+cand_inflation_1y,動能 (10Y-SMA125) + 存續期間避險 (TLT-SHY) + 波動度 (MOVE偏態) + 通膨意外 (CPI-10YBE) + 銅金比報酬差 + IG企業債利差 + 1年通膨預期價差,7,-0.045862392654833745,-0.05638111665616302,,11.112068965517262,116,2,11.522771905504532,22.634840871021794,30.17241379310345,100.0,-1.0723749745978086,-0.37292473175004026,0.0
momentum+inflation+cand_copper_gold+cand_credit_spread+cand_swap_spread+cand_inflation_1y,動能 (10Y-SMA125) + 通膨意外 (CPI-10YBE) + 銅金比報酬差 + IG企業債利差 + 10Y Swap Spread + 1年通膨預期價差,6,-0.017196099674244406,-0.014851002003181556,,10.978494623655907,93,6,11.32301291403253,22.301507537688437,33.33333333333333,83.33333333333334,-0.18801835665417968,-0.9772449302726179,0.0
momentum+inflation+cand_copper_gold+cand_credit_spread+cand_swap_spread+cand_sofr_ted_spread+cand_inflation_1y,動能 (10Y-SMA125) + 通膨意外 (CPI-10YBE) + 銅金比報酬差 + IG企業債利差 + 10Y Swap Spread + SOFR-3M利差 + 1年通膨預期價差,7,-0.00615984717987411,0.008757892846210117,,10.978494623655907,93,6,11.32301291403253,22.301507537688437,33.33333333333333,83.33333333333334,-0.2485656900863014,-0.9840382220318119,0.0
curve+cand_swap_spread+cand_sofr_ted_spread,殖利率曲線 (10Y-2Y) + 10Y Swap Spread + SOFR-3M利差,3,-0.026352366082272382,-0.031895697168668455,,10.932367149758475,207,23,-11.036656713519287,-0.1042895637608112,69.56521739130434,43.47826086956522,0.3710225682586065,-1.0788993615894351,-2.9079076419885896
strength+move+curve+cand_copper_gold+cand_swap_spread+cand_sofr_ted_spread,強度 (NQ 52W區間) + 波動度 (MOVE偏態) + 殖利率曲線 (10Y-2Y) + 銅金比報酬差 + 10Y Swap Spread + SOFR-3M利差,6,-0.009589981594506325,0.018805021090138357,,10.694041867954915,69,27,-4.799941737673879,5.8941001302810365,68.11594202898551,40.74074074074074,0.7320066261715786,-1.0913120573049435,-1.4908499708705445
move+inflation+cand_copper_gold+cand_swap_spread+cand_sofr_ted_spread,波動度 (MOVE偏態) + 通膨意外 (CPI-10YBE) + 銅金比報酬差 + 10Y Swap Spread + SOFR-3M利差,5,0.007182200692546448,0.028795634375685504,,10.650873414692516,147,0,-10.650873414692516,0.0,68.70748299319727,0.0,0.47508330035749796,-1.802069797428266,-3.7931659481026103
momentum+strength+move+curve+inflation+cand_copper_gold+cand_credit_spread,動能 (10Y-SMA125) + 強度 (NQ 52W區間) + 波動度 (MOVE偏態) + 殖利率曲線 (10Y-2Y) + 通膨意外 (CPI-10YBE) + 銅金比報酬差 + IG企業債利差,7,-0.033822349419999995,-0.01887850982783921,,10.618779342723005,142,15,5.282728194965435,15.901507537688442,43.66197183098591,80.0,-0.2160592610983282,-0.7150535360778923,0.0
strength+curve+cand_copper_gold+cand_swap_spread,強度 (NQ 52W區間) + 殖利率曲線 (10Y-2Y) + 銅金比報酬差 + 10Y Swap Spread,4,-0.025937783093822532,-0.003309246294364268,,10.566159695817491,60,263,-11.665159128978223,-1.0989994331607307,81.66666666666667,49.80988593155893,1.160228638200706,-0.7100523455416038,-0.6119934659109604
move+cand_copper_gold+cand_sofr_ted_spread,波動度 (MOVE偏態) + 銅金比報酬差 + SOFR-3M利差,3,0.03192359923867361,0.07427862600350835,,10.529799631977104,292,134,-3.0740632385672657,7.455736393409839,59.93150684931506,68.65671641791045,0.5770347429224667,-0.3406921621939,-0.5904188029795584
move+curve+cand_copper_gold+cand_swap_spread,波動度 (MOVE偏態) + 殖利率曲線 (10Y-2Y) + 銅金比報酬差 + 10Y Swap Spread,4,-0.016720434018018007,-0.015379423362648888,,10.440816326530621,98,70,-17.90597545550884,-7.46515912897822,77.55102040816327,28.57142857142857,0.45536381417775684,-1.305498372933092,-2.8669348162642425
curve+cand_copper_gold+cand_credit_spread+cand_swap_spread+cand_sofr_ted_spread+cand_inflation_1y,殖利率曲線 (10Y-2Y) + 銅金比報酬差 + IG企業債利差 + 10Y Swap Spread + SOFR-3M利差 + 1年通膨預期價差,6,0.013823324684021083,0.03551540051326275,,10.271347248576857,31,34,-7.107094612849196,3.1642526357276615,61.29032258064516,70.58823529411765,0.33386246551552484,-0.976909453604691,-2.9260835059617207
strength+cand_swap_spread,強度 (NQ 52W區間) + 10Y Swap Spread,2,-0.01734195501528497,-0.022709066947513522,,10.108187134502925,45,1026,-11.031825795644892,-0.923638661141967,91.11111111111111,49.902534113060426,0.917817038637881,-1.0789565581058096,-1.1755682371151808
curve+cand_swap_spread+cand_sofr_ted_spread+cand_inflation_1y,殖利率曲線 (10Y-2Y) + 10Y Swap Spread + SOFR-3M利差 + 1年通膨預期價差,4,-0.042110076850193426,-0.06271594081484129,,10.083333333333336,120,18,-2.1151591289782243,7.968174204355112,56.666666666666664,83.33333333333334,-0.6148965179326151,-1.4276402622533746,0.0
momentum+duration+move+cand_copper_gold+cand_credit_spread+cand_sofr_ted_spread,動能 (10Y-SMA125) + 存續期間避險 (TLT-SHY) + 波動度 (MOVE偏態) + 銅金比報酬差 + IG企業債利差 + SOFR-3M利差,6,-0.01592215735699492,-0.009418837059711898,,9.96601731601732,105,44,9.282459918640823,19.248477234658143,35.23809523809524,93.18181818181817,-0.67075581306178,0.3159358667116746,0.0
curve+cand_copper_gold+cand_credit_spread+cand_swap_spread+cand_inflation_1y,殖利率曲線 (10Y-2Y) + 銅金比報酬差 + IG企業債利差 + 10Y Swap Spread + 1年通膨預期價差,5,-0.0006745349369541028,0.012899049571688428,,9.95622119815669,31,42,-7.107094612849196,2.8491265853074936,61.29032258064516,64.28571428571429,0.36094780297953133,-1.2076186863166627,-3.3456878705122484
duration+inflation+cand_copper_gold+cand_credit_spread+cand_swap_spread+cand_sofr_ted_spread+cand_inflation_1y,存續期間避險 (TLT-SHY) + 通膨意外 (CPI-10YBE) + 銅金比報酬差 + IG企業債利差 + 10Y Swap Spread + SOFR-3M利差 + 1年通膨預期價差,7,-0.017382704415029815,-0.012126636036333694,,9.899358460304732,86,29,9.390654824510147,19.29001328481488,30.23255813953488,96.55172413793103,-0.40323893773871006,-1.017876640781822,0.0
strength+move+cand_swap_spread+cand_sofr_ted_spread,強度 (NQ 52W區間) + 波動度 (MOVE偏態) + 10Y Swap Spread + SOFR-3M利差,4,-0.010870014418756091,-0.04548125970975832,,9.882617382617381,77,78,-0.20931497313406675,9.673302409483314,62.33766233766234,69.23076923076923,0.4298187175288107,-1.592123125944645,-3.7041735527441872
cand_copper_gold+cand_swap_spread,銅金比報酬差 + 10Y Swap Spread,2,0.048371313267113185,0.0781094355097713,,9.825851393188858,190,544,-10.970422286872964,-1.1445708936841055,69.47368421052632,52.20588235294118,1.2670981108562043,-0.7250913664282739,-0.5722456376628284
strength+move+curve+cand_copper_gold+cand_credit_spread+cand_swap_spread+cand_sofr_ted_spread,強度 (NQ 52W區間) + 波動度 (MOVE偏態) + 殖利率曲線 (10Y-2Y) + 銅金比報酬差 + IG企業債利差 + 10Y Swap Spread + SOFR-3M利差,7,-0.006252134998794588,0.018998952745367618,,9.782608695652172,86,23,-2.3651591289782234,7.417449566673948,60.46511627906976,43.47826086956522,0.6433116342716934,-1.0823152205487432,-1.6824120113637537
strength+cand_copper_gold+cand_credit_spread+cand_swap_spread+cand_sofr_ted_spread,強度 (NQ 52W區間) + 銅金比報酬差 + IG企業債利差 + 10Y Swap Spread + SOFR-3M利差,5,0.026830031818067288,0.0699693701517252,,9.75813664596273,92,175,-2.7347243463695263,7.023412299593204,58.69565217391305,65.71428571428571,1.1665775893781174,-0.7927079021642524,-0.679515798504951
strength+cand_copper_gold+cand_swap_spread+cand_sofr_ted_spread,強度 (NQ 52W區間) + 銅金比報酬差 + 10Y Swap Spread + SOFR-3M利差,4,0.038587480610652425,0.08899540365046138,,9.713320191495352,67,212,-6.021875546888669,3.691444644606683,68.65671641791045,59.43396226415094,1.5057639628109554,-0.7279243000318978,-0.4834252366307207
momentum+strength+duration+cand_copper_gold+cand_credit_spread+cand_swap_spread+cand_sofr_ted_spread+cand_inflation_1y,動能 (10Y-SMA125) + 強度 (NQ 52W區間) + 存續期間避險 (TLT-SHY) + 銅金比報酬差 + IG企業債利差 + 10Y Swap Spread + SOFR-3M利差 + 1年通膨預期價差,8,-0.028229142547414016,-0.03546093141227911,,9.518518518518517,70,54,10.634840871021774,20.15335938954029,34.285714285714285,98.14814814814815,-0.2522817709176115,-0.32553675541875626,0.0
curve+inflation+cand_sofr_ted_spread,殖利率曲線 (10Y-2Y) + 通膨意外 (CPI-10YBE) + SOFR-3M利差,3,-0.050573291096573866,-0.025330536216839738,,9.50225449310951,487,97,1.431555450077216,10.933809943186725,44.76386036960985,76.28865979381443,-0.4761521658905317,-0.9244099429015772,0.0
momentum+duration+inflation+cand_credit_spread+cand_inflation_1y,動能 (10Y-SMA125) + 存續期間避險 (TLT-SHY) + 通膨意外 (CPI-10YBE) + IG企業債利差 + 1年通膨預期價差,5,-0.06580091786209123,-0.09172605682548118,,9.448101265822777,237,15,12.453406271865658,21.901507537688435,24.894514767932492,86.66666666666667,-1.3179896599313932,0.010677075639204786,0.0
momentum+duration+cand_swap_spread+cand_sofr_ted_spread,動能 (10Y-SMA125) + 存續期間避險 (TLT-SHY) + 10Y Swap Spread + SOFR-3M利差,4,-0.03586235293580179,-0.05905555513639888,,9.307603057603062,296,99,4.276732762913667,13.58433582051673,39.189189189189186,77.77777777777779,-1.0197806112407,0.9258082811569951,0.0
curve+inflation+cand_copper_gold+cand_credit_spread+cand_swap_spread+cand_sofr_ted_spread+cand_inflation_1y,殖利率曲線 (10Y-2Y) + 通膨意外 (CPI-10YBE) + 銅金比報酬差 + IG企業債利差 + 10Y Swap Spread + SOFR-3M利差 + 1年通膨預期價差,7,-0.008277195904783843,0.017740025734127012,,9.280303030303035,60,11,3.718174204355109,12.998477234658145,46.666666666666664,100.0,0.059931892972693884,-1.4059245952582151,-23.458704965297546
momentum+strength+cand_copper_gold+cand_swap_spread+cand_sofr_ted_spread+cand_inflation_1y,動能 (10Y-SMA125) + 強度 (NQ 52W區間) + 銅金比報酬差 + 10Y Swap Spread + SOFR-3M利差 + 1年通膨預期價差,6,-0.004775768333856402,0.0013953491192703162,,9.172619047619046,42,56,9.587221823402727,18.759840871021773,30.952380952380953,96.42857142857143,0.20892133605077406,-0.5153805764883991,-2.466864257287472
strength+duration+cand_copper_gold+cand_swap_spread+cand_sofr_ted_spread+cand_inflation_1y,強度 (NQ 52W區間) + 存續期間避險 (TLT-SHY) + 銅金比報酬差 + 10Y Swap Spread + SOFR-3M利差 + 1年通膨預期價差,6,-0.02401968340402955,-0.03263350651535446,,9.147461724415791,34,73,6.281899694551187,15.429361418966979,38.23529411764706,90.41095890410958,0.019669206740898875,-0.6123531663651575,-31.132580710124415
momentum+duration+move+inflation+cand_copper_gold+cand_credit_spread+cand_swap_spread+cand_sofr_ted_spread+cand_inflation_1y,動能 (10Y-SMA125) + 存續期間避險 (TLT-SHY) + 波動度 (MOVE偏態) + 通膨意外 (CPI-10YBE) + 銅金比報酬差 + IG企業債利差 + 10Y Swap Spread + SOFR-3M利差 + 1年通膨預期價差,9,-0.04069101685669066,-0.054146605883305464,,9.045454545454547,44,16,24.08938632556724,33.13484087102179,15.909090909090908,100.0,-0.8572716269595361,-0.8324861193089613,0.0
curve+inflation+cand_copper_gold+cand_sofr_ted_spread,殖利率曲線 (10Y-2Y) + 通膨意外 (CPI-10YBE) + 銅金比報酬差 + SOFR-3M利差,4,-0.017258374389115743,0.027756798070422677,,9.039279786752504,337,118,-1.0654558648832708,7.973823921869233,51.33531157270029,75.42372881355932,0.1850008071684808,-0.4079811904104128,-2.205294110089277
duration+cand_copper_gold+cand_credit_spread+cand_sofr_ted_spread,存續期間避險 (TLT-SHY) + 銅金比報酬差 + IG企業債利差 + SOFR-3M利差,4,0.008076785855080698,0.03378181353566059,,8.974442988204457,218,126,-0.9110306886112542,8.063412299593203,52.293577981651374,67.46031746031747,-0.016442492053481226,0.21052232224423656,0.0
strength+curve+inflation+cand_copper_gold+cand_swap_spread,強度 (NQ 52W區間) + 殖利率曲線 (10Y-2Y) + 通膨意外 (CPI-10YBE) + 銅金比報酬差 + 10Y Swap Spread,5,-0.034382018080920625,-0.014542491278816029,,8.8610257723161,108,217,-8.207751721570817,0.653274050745283,69.44444444444444,54.377880184331794,0.6586596378714802,-0.8674663140676977,-1.317017567481432
cand_sofr_ted_spread,SOFR-3M利差,1,0.019356824980440626,0.06365195974452133,,8.847107906063588,779,68,-2.3446199762182762,6.502487929845311,52.88831835686778,66.17647058823529,-0.23256519333264392,0.16205860101039946,0.0
momentum+strength+cand_credit_spread+cand_sofr_ted_spread+cand_inflation_1y,動能 (10Y-SMA125) + 強度 (NQ 52W區間) + IG企業債利差 + SOFR-3M利差 + 1年通膨預期價差,5,-0.04053040786950129,-0.03479402083847776,,8.83625070581592,154,23,11.972503208684111,20.80875391450003,31.16883116883117,95.65217391304348,-0.6073751561046896,-0.3313450561247509,0.0
duration+inflation+cand_credit_spread+cand_sofr_ted_spread+cand_inflation_1y,存續期間避險 (TLT-SHY) + 通膨意外 (CPI-10YBE) + IG企業債利差 + SOFR-3M利差 + 1年通膨預期價差,5,-0.07404929117134801,-0.09679476583474318,,8.794642857142863,203,16,13.777698013878917,22.57234087102178,25.12315270935961,100.0,-1.4065050029394415,-0.6771572756362861,0.0
momentum+duration+move+cand_copper_gold+cand_credit_spread+cand_inflation_1y,動能 (10Y-SMA125) + 存續期間避險 (TLT-SHY) + 波動度 (MOVE偏態) + 銅金比報酬差 + IG企業債利差 + 1年通膨預期價差,6,-0.03855342976229324,-0.05696369743980683,,8.793650793650787,112,45,7.063412299593206,15.857063093243992,36.607142857142854,82.22222222222221,-0.9480934714175521,-0.03920444701059253,0.0
strength+move+curve+inflation+cand_sofr_ted_spread+cand_inflation_1y,強度 (NQ 52W區間) + 波動度 (MOVE偏態) + 殖利率曲線 (10Y-2Y) + 通膨意外 (CPI-10YBE) + SOFR-3M利差 + 1年通膨預期價差,6,-0.06466529143610819,-0.06164943497559439,,8.784615384615389,130,13,18.234840871021774,27.019456255637163,23.846153846153847,100.0,-0.9562193070045855,-1.5138964086771807,0.0
duration+cand_copper_gold+cand_credit_spread+cand_inflation_1y,存續期間避險 (TLT-SHY) + 銅金比報酬差 + IG企業債利差 + 1年通膨預期價差,4,-0.026416143022474314,-0.03673107028686321,,8.782945736434106,172,84,6.518561801254334,15.30150753768844,36.627906976744185,89.28571428571429,-0.5112869051103222,-0.1928975801023304,0.0
momentum+strength+curve+cand_copper_gold+cand_swap_spread+cand_sofr_ted_spread+cand_inflation_1y,動能 (10Y-SMA125) + 強度 (NQ 52W區間) + 殖利率曲線 (10Y-2Y) + 銅金比報酬差 + 10Y Swap Spread + SOFR-3M利差 + 1年通膨預期價差,7,-0.008850916268382903,0.030620617568970127,,8.781818181818199,44,15,4.453022689203592,13.23484087102179,45.45454545454545,100.0,0.0014110867149826677,-0.4676430307125357,-331.40630249522246
momentum+cand_swap_spread+cand_sofr_ted_spread,動能 (10Y-SMA125) + 10Y Swap Spread + SOFR-3M利差,3,0.004080402467546214,-0.002894777694353386,,8.73239788830231,305,118,2.690578575939808,11.422976464242119,43.278688524590166,68.64406779661016,-0.35200362447948164,0.3803986230740337,0.0
duration+move+inflation+cand_credit_spread+cand_inflation_1y,存續期間避險 (TLT-SHY) + 波動度 (MOVE偏態) + 通膨意外 (CPI-10YBE) + IG企業債利差 + 1年通膨預期價差,5,-0.07290092136553424,-0.11167384751515601,,8.706709956709968,132,21,15.309083295264198,24.015793251974166,23.484848484848484,95.23809523809523,-1.491220800256266,-1.1939724219453052,0.0
strength+cand_copper_gold+cand_swap_spread,強度 (NQ 52W區間) + 銅金比報酬差 + 10Y Swap Spread,3,0.032731282702958636,0.0653379831201303,,8.688682645521718,62,537,-7.897417193494353,0.7912654520273645,72.58064516129032,55.679702048417134,1.397514561980853,-0.7966095269664523,-0.5700187666290424
curve+cand_copper_gold+cand_sofr_ted_spread,殖利率曲線 (10Y-2Y) + 銅金比報酬差 + SOFR-3M利差,3,0.016568841888610332,0.0882938651668484,,8.675350123338907,472,213,-6.697786247622295,1.9775638757166123,62.07627118644068,48.82629107981221,0.5323011604724501,0.181839755239818,0.34161066843894156
move+inflation+cand_copper_gold+cand_credit_spread+cand_swap_spread+cand_sofr_ted_spread,波動度 (MOVE偏態) + 通膨意外 (CPI-10YBE) + 銅金比報酬差 + IG企業債利差 + 10Y Swap Spread + SOFR-3M利差,6,0.01077611257199084,0.030482586266913712,,8.630208333333341,128,12,0.3379658710217748,8.968174204355115,55.46875,50.0,0.42365995173820453,-1.6242516481440419,-3.8338569446557655
strength+curve+cand_swap_spread,強度 (NQ 52W區間) + 殖利率曲線 (10Y-2Y) + 10Y Swap Spread,3,-0.053972290817852576,-0.07920493983793356,,8.62545766590389,40,437,-12.590159128978224,-3.9647014630743342,90.0,40.274599542334094,0.69954438659966,-0.885089851567555,-1.265237586809599
move+cand_copper_gold+cand_swap_spread,波動度 (MOVE偏態) + 銅金比報酬差 + 10Y Swap Spread,3,0.024977998321721012,0.031228869015348458,,8.61842198205835,117,242,-14.322424086243185,-5.704002104184834,70.94017094017094,42.97520661157025,0.6567453963874131,-1.3945436325025575,-2.123415923695213
strength+move+cand_copper_gold+cand_swap_spread+cand_sofr_ted_spread,強度 (NQ 52W區間) + 波動度 (MOVE偏態) + 銅金比報酬差 + 10Y Swap Spread + SOFR-3M利差,5,0.0256183721958143,0.05962299654296042,,8.584228971962613,80,107,-3.9026591289782226,4.68156984298439,63.74999999999999,52.336448598130836,0.951431273994225,-1.1000518870568272,-1.156207407854773
momentum+strength+duration+curve+cand_copper_gold+cand_credit_spread+cand_swap_spread+cand_inflation_1y,動能 (10Y-SMA125) + 強度 (NQ 52W區間) + 存續期間避險 (TLT-SHY) + 殖利率曲線 (10Y-2Y) + 銅金比報酬差 + IG企業債利差 + 10Y Swap Spread + 1年通膨預期價差,8,-0.03503959831301342,-0.03208758211437194,,8.512626262626249,72,11,7.940396426577331,16.45302268920358,38.88888888888889,100.0,-0.317425560797393,-0.3526314892880939,0.0
momentum+move+cand_credit_spread+cand_sofr_ted_spread,動能 (10Y-SMA125) + 波動度 (MOVE偏態) + IG企業債利差 + SOFR-3M利差,4,-0.025603805486250953,-0.0323732111580851,,8.37357750163506,139,55,9.879445187568537,18.253022689203597,39.568345323741006,90.9090909090909,-0.8902020457091999,-0.08347356604340321,0.0
duration+move+inflation+cand_credit_spread+cand_sofr_ted_spread+cand_inflation_1y,存續期間避險 (TLT-SHY) + 波動度 (MOVE偏態) + 通膨意外 (CPI-10YBE) + IG企業債利差 + SOFR-3M利差 + 1年通膨預期價差,6,-0.07595200222352695,-0.10693105445283228,,8.364692218350767,123,21,15.6511010336234,24.015793251974166,26.01626016260163,95.23809523809523,-1.5488751065799826,-0.959830856764461,0.0
curve+cand_credit_spread+cand_swap_spread+cand_sofr_ted_spread,殖利率曲線 (10Y-2Y) + IG企業債利差 + 10Y Swap Spread + SOFR-3M利差,4,-0.0028946217300744024,0.006114439560264422,,8.348806713873602,123,31,-12.617191649303432,-4.268384935429831,70.73170731707317,38.70967741935484,0.3661479771300129,-1.2026268095953447,-3.284537631538826
momentum+duration+move+inflation+cand_copper_gold+cand_credit_spread+cand_swap_spread+cand_sofr_ted_spread,動能 (10Y-SMA125) + 存續期間避險 (TLT-SHY) + 波動度 (MOVE偏態) + 通膨意外 (CPI-10YBE) + 銅金比報酬差 + IG企業債利差 + 10Y Swap Spread + SOFR-3M利差,8,-0.020482849901253316,-0.010006128802878668,,8.285714285714299,42,12,22.682459918640824,30.968174204355122,16.666666666666664,91.66666666666666,-0.5580084924165292,-0.5838893205744264,0.0
strength+duration+curve+inflation+cand_copper_gold+cand_swap_spread+cand_sofr_ted_spread+cand_inflation_1y,強度 (NQ 52W區間) + 存續期間避險 (TLT-SHY) + 殖利率曲線 (10Y-2Y) + 通膨意外 (CPI-10YBE) + 銅金比報酬差 + 10Y Swap Spread + SOFR-3M利差 + 1年通膨預期價差,8,-0.03591090772203291,-0.011538797662276144,,8.271111111111104,75,9,6.474840871021772,14.745951982132876,38.666666666666664,100.0,-0.43469775886775586,-0.7979356626874998,0.0
duration+inflation+cand_swap_spread+cand_sofr_ted_spread+cand_inflation_1y,存續期間避險 (TLT-SHY) + 通膨意外 (CPI-10YBE) + 10Y Swap Spread + SOFR-3M利差 + 1年通膨預期價差,5,-0.0601542575003512,-0.10294451285241994,,8.254385964912284,190,30,8.213788239442827,16.468174204355112,38.94736842105263,93.33333333333333,-1.3821445275837492,-1.1067742191111771,0.0
momentum+duration+move+inflation+cand_credit_spread+cand_swap_spread+cand_sofr_ted_spread,動能 (10Y-SMA125) + 存續期間避險 (TLT-SHY) + 波動度 (MOVE偏態) + 通膨意外 (CPI-10YBE) + IG企業債利差 + 10Y Swap Spread + SOFR-3M利差,7,-0.047765905959849725,-0.06935873333998228,,8.231968810916182,81,19,17.560766796947703,25.792735607863886,20.98765432098765,89.47368421052632,-1.1080257734811616,-0.8113465925651449,0.0
momentum+strength+duration+cand_credit_spread+cand_swap_spread+cand_sofr_ted_spread+cand_inflation_1y,動能 (10Y-SMA125) + 強度 (NQ 52W區間) + 存續期間避險 (TLT-SHY) + IG企業債利差 + 10Y Swap Spread + SOFR-3M利差 + 1年通膨預期價差,7,-0.05040841288810491,-0.07991621990633237,,8.202141900937082,83,54,12.321587858973583,20.523729759910665,30.120481927710845,94.44444444444444,-0.6903239159765099,-0.4647615840498077,0.0
duration+inflation+cand_copper_gold+cand_credit_spread+cand_swap_spread+cand_inflation_1y,存續期間避險 (TLT-SHY) + 通膨意外 (CPI-10YBE) + 銅金比報酬差 + IG企業債利差 + 10Y Swap Spread + 1年通膨預期價差,6,-0.026608414113957115,-0.030446280309277932,,8.17966991747937,86,31,9.390654824510147,17.570324741989516,30.23255813953488,90.32258064516128,-0.3447099063594903,-1.0900877732664134,0.0
cand_copper_gold+cand_sofr_ted_spread,銅金比報酬差 + SOFR-3M利差,2,0.07844085171410234,0.15775355579237832,,8.143676062509131,668,410,-4.5942010451458914,3.5494750173632403,57.63473053892215,55.85365853658537,1.3672086993115455,0.15807071907031664,0.11561564752324408
momentum+move+cand_sofr_ted_spread+cand_inflation_1y,動能 (10Y-SMA125) + 波動度 (MOVE偏態) + SOFR-3M利差 + 1年通膨預期價差,4,-0.04669692188772892,-0.08684620761845187,,8.078062478062487,259,55,13.793142029322931,21.871204507385418,30.115830115830118,90.9090909090909,-1.4941661726376383,-0.15164100317797524,0.0
move+curve+inflation+cand_copper_gold+cand_credit_spread+cand_sofr_ted_spread,波動度 (MOVE偏態) + 殖利率曲線 (10Y-2Y) + 通膨意外 (CPI-10YBE) + 銅金比報酬差 + IG企業債利差 + SOFR-3M利差,6,-0.020968252193116203,0.0011263980387689989,,8.075340998357493,209,67,1.9027834547538331,9.978124453111327,49.282296650717704,80.59701492537313,-0.021878743681355946,-1.0154060500493112,0.0
momentum+duration+move+cand_copper_gold+cand_inflation_1y,動能 (10Y-SMA125) + 存續期間避險 (TLT-SHY) + 波動度 (MOVE偏態) + 銅金比報酬差 + 1年通膨預期價差,5,-0.039933625171393324,-0.06435387107818137,,7.976086956521739,184,40,11.058753914500036,19.034840871021775,31.521739130434785,87.5,-1.153153663386756,0.2489866199562908,0.0
strength+move+curve+inflation+cand_sofr_ted_spread,強度 (NQ 52W區間) + 波動度 (MOVE偏態) + 殖利率曲線 (10Y-2Y) + 通膨意外 (CPI-10YBE) + SOFR-3M利差,5,-0.06490887637946022,-0.06817759568715796,,7.959595959595966,198,44,6.99342672960763,14.953022689203596,43.43434343434344,84.0909090909091,-0.49397887314148475,-1.4153997303919805,0.0
momentum+strength+duration+curve+cand_copper_gold+cand_credit_spread+cand_swap_spread+cand_sofr_ted_spread+cand_inflation_1y,動能 (10Y-SMA125) + 強度 (NQ 52W區間) + 存續期間避險 (TLT-SHY) + 殖利率曲線 (10Y-2Y) + 銅金比報酬差 + IG企業債利差 + 10Y Swap Spread + SOFR-3M利差 + 1年通膨預期價差,9,-0.03052406995461173,-0.018023190510690408,,7.944444444444422,72,8,7.940396426577331,15.884840871021753,38.88888888888889,100.0,-0.3783874108436821,-0.3115803487126491,0.0
strength+move+inflation+cand_credit_spread+cand_swap_spread+cand_sofr_ted_spread,強度 (NQ 52W區間) + 波動度 (MOVE偏態) + 通膨意外 (CPI-10YBE) + IG企業債利差 + 10Y Swap Spread + SOFR-3M利差,6,-0.028766821785381952,-0.0353149894705148,,7.899178255372949,113,28,2.3428054727916887,10.241983728164637,53.98230088495575,64.28571428571429,0.12991933085427168,-1.8984070607564156,-14.612198571787802
duration+move+cand_copper_gold+cand_credit_spread+cand_swap_spread+cand_sofr_ted_spread,存續期間避險 (TLT-SHY) + 波動度 (MOVE偏態) + 銅金比報酬差 + IG企業債利差 + 10Y Swap Spread + SOFR-3M利差,6,0.010327565675286492,0.023510655257580195,,7.78956089478044,102,71,1.2818996945511887,9.071460589331629,53.92156862745098,69.01408450704226,0.10433893875100993,-0.687691221237555,-6.590935555503708
duration+inflation+cand_credit_spread+cand_swap_spread+cand_sofr_ted_spread+cand_inflation_1y,存續期間避險 (TLT-SHY) + 通膨意外 (CPI-10YBE) + IG企業債利差 + 10Y Swap Spread + SOFR-3M利差 + 1年通膨預期價差,6,-0.05427376699152487,-0.07560429449021777,,7.776145972407653,107,42,11.382504422423649,19.1586503948313,27.102803738317753,88.09523809523809,-1.0579452177095232,-1.5164736013263365,0.0
duration+inflation+cand_credit_spread+cand_swap_spread+cand_sofr_ted_spread,存續期間避險 (TLT-SHY) + 通膨意外 (CPI-10YBE) + IG企業債利差 + 10Y Swap Spread + SOFR-3M利差,5,-0.0389059385370344,-0.03998571843215602,,7.766391326794011,149,26,11.983834159612382,19.750225486406393,21.476510067114095,88.46153846153845,-0.6492824277530439,-1.307836333674394,0.0
curve+cand_credit_spread+cand_swap_spread,殖利率曲線 (10Y-2Y) + IG企業債利差 + 10Y Swap Spread,3,-0.026114993395736603,-0.030994692885505284,,7.713570981863675,123,65,-12.617191649303432,-4.903620667439758,70.73170731707317,33.84615384615385,0.4540946349976625,-1.5103742966613534,-3.326122310758259
inflation+cand_credit_spread+cand_swap_spread+cand_sofr_ted_spread,通膨意外 (CPI-10YBE) + IG企業債利差 + 10Y Swap Spread + SOFR-3M利差,4,-0.00024024094283292744,0.02271622725321963,,7.692034500253683,292,27,1.1279915559532832,8.820026056206967,48.63013698630137,59.25925925925925,0.24140917155806166,-2.179000200065267,-9.026169908963846
cand_copper_gold,銅金比報酬差,1,0.058318326315301545,0.12421536338374625,,7.65481512800236,617,621,-6.775207751344514,0.8796073766578467,60.6158833063209,52.17391304347826,1.2140905977672736,0.09470434261247757,0.07800434562843986
duration+cand_copper_gold+cand_sofr_ted_spread,存續期間避險 (TLT-SHY) + 銅金比報酬差 + SOFR-3M利差,3,0.006587538802212295,0.04123617183063595,,7.606787017855382,279,109,-1.3113956881180104,6.295391329737371,50.179211469534046,60.550458715596335,-0.15739350379800013,0.6842233559015642,0.0
duration+cand_copper_gold+cand_sofr_ted_spread+cand_inflation_1y,存續期間避險 (TLT-SHY) + 銅金比報酬差 + SOFR-3M利差 + 1年通膨預期價差,4,-0.034653034690700635,-0.04506184931238828,,7.58974358974359,213,78,5.968174204355109,13.5579177940987,42.72300469483568,82.05128205128204,-0.7632641892438659,0.20996828003045348,0.0
strength+curve+cand_copper_gold+cand_credit_spread+cand_swap_spread+cand_sofr_ted_spread,強度 (NQ 52W區間) + 殖利率曲線 (10Y-2Y) + 銅金比報酬差 + IG企業債利差 + 10Y Swap Spread + SOFR-3M利差,6,-0.006307621665155731,0.03008180809324888,,7.564959944270294,99,87,-4.769199533018629,2.7957604112516647,62.62626262626263,55.172413793103445,0.9460391745619381,-0.7866274456592002,-0.8314956365559034
duration+move+cand_copper_gold+cand_sofr_ted_spread,存續期間避險 (TLT-SHY) + 波動度 (MOVE偏態) + 銅金比報酬差 + SOFR-3M利差,4,-0.0059537564178188855,0.0036014309028546327,,7.5107142857142914,160,56,7.659840871021771,15.170555156736063,41.25,75.0,-0.4754323576462256,0.06909931170071958,0.0
strength+move+inflation+cand_copper_gold+cand_credit_spread+cand_swap_spread+cand_sofr_ted_spread,強度 (NQ 52W區間) + 波動度 (MOVE偏態) + 通膨意外 (CPI-10YBE) + 銅金比報酬差 + IG企業債利差 + 10Y Swap Spread + SOFR-3M利差,7,-6.261841578413824e-05,0.022538533782129187,,7.501165501165506,99,26,2.210598446779351,9.711763947944856,52.52525252525253,65.38461538461539,0.5260449764944338,-1.4295869724113117,-2.7176135811391755
momentum+duration+move+cand_credit_spread+cand_sofr_ted_spread+cand_inflation_1y,動能 (10Y-SMA125) + 存續期間避險 (TLT-SHY) + 波動度 (MOVE偏態) + IG企業債利差 + SOFR-3M利差 + 1年通膨預期價差,6,-0.059756666055376106,-0.10139269944440044,,7.498170731707324,164,40,11.061670139314456,18.55984087102178,32.926829268292686,82.5,-1.4488370335976843,-0.010943471347013673,0.0
duration+cand_copper_gold+cand_credit_spread+cand_sofr_ted_spread+cand_inflation_1y,存續期間避險 (TLT-SHY) + 銅金比報酬差 + IG企業債利差 + SOFR-3M利差 + 1年通膨預期價差,5,-0.024661280383993223,-0.031674887920278554,,7.49685640036885,151,79,9.277224976982039,16.77408137735089,34.437086092715234,93.67088607594937,-0.5279359486435894,-0.0826815620958198,0.0
strength+duration+move+cand_credit_spread+cand_sofr_ted_spread+cand_inflation_1y,強度 (NQ 52W區間) + 存續期間避險 (TLT-SHY) + 波動度 (MOVE偏態) + IG企業債利差 + SOFR-3M利差 + 1年通膨預期價差,6,-0.057306821169430096,-0.07372779650494056,,7.464394932284842,109,42,13.07520784349884,20.53960277578368,29.357798165137616,95.23809523809523,-0.9447293993015551,-0.6972507835306506,0.0
curve+cand_copper_gold,殖利率曲線 (10Y-2Y) + 銅金比報酬差,2,-0.0045337167471205435,0.047815429018169674,,7.3522901641859795,456,343,-5.9506854447677,1.4016047194182797,58.99122807017544,52.1865889212828,0.4000632095204511,0.09376842420747715,0.234384022264571
momentum+strength+duration+inflation+cand_copper_gold+cand_swap_spread+cand_sofr_ted_spread,動能 (10Y-SMA125) + 強度 (NQ 52W區間) + 存續期間避險 (TLT-SHY) + 通膨意外 (CPI-10YBE) + 銅金比報酬差 + 10Y Swap Spread + SOFR-3M利差,7,-0.025616020703553684,0.0032787959316710052,,7.325581395348794,86,2,6.809259475672939,14.134840871021733,32.55813953488372,100.0,-0.31339561784254333,-0.12472210315107687,0.0
strength+duration+move+curve+inflation+cand_copper_gold+cand_sofr_ted_spread,強度 (NQ 52W區間) + 存續期間避險 (TLT-SHY) + 波動度 (MOVE偏態) + 殖利率曲線 (10Y-2Y) + 通膨意外 (CPI-10YBE) + 銅金比報酬差 + SOFR-3M利差,7,-0.042188035190660014,-0.032648969370917616,,7.319984744469868,138,19,7.946435073920324,15.266419818390192,36.231884057971016,78.94736842105263,-0.48338319618237874,-0.6019187490332908,0.0
cand_copper_gold+cand_credit_spread+cand_sofr_ted_spread,銅金比報酬差 + IG企業債利差 + SOFR-3M利差,3,0.048126681328896824,0.09751167876945714,,7.24732488865753,459,339,-2.96646631852071,4.28085857013682,55.99128540305011,56.342182890855455,0.8460621735679822,-0.14121774077460242,-0.16691177691949538
duration+move+cand_copper_gold+cand_sofr_ted_spread+cand_inflation_1y,存續期間避險 (TLT-SHY) + 波動度 (MOVE偏態) + 銅金比報酬差 + SOFR-3M利差 + 1年通膨預期價差,5,-0.038497788395755454,-0.06243860051920196,,7.22500000000001,95,40,15.63484087102177,22.85984087102178,34.73684210526316,95.0,-0.9947040602103477,-0.24074577414196924,0.0
strength+curve+inflation+cand_copper_gold+cand_credit_spread+cand_swap_spread+cand_sofr_ted_spread,強度 (NQ 52W區間) + 殖利率曲線 (10Y-2Y) + 通膨意外 (CPI-10YBE) + 銅金比報酬差 + IG企業債利差 + 10Y Swap Spread + SOFR-3M利差,7,-0.020698859124512175,0.011695879219660253,,7.176785714285716,140,96,-2.229444843263938,4.947340871021778,57.85714285714286,60.416666666666664,0.5792613283809734,-1.0735963875714656,-1.8533886779083821
move+curve+inflation+cand_copper_gold+cand_swap_spread,波動度 (MOVE偏態) + 殖利率曲線 (10Y-2Y) + 通膨意外 (CPI-10YBE) + 銅金比報酬差 + 10Y Swap Spread,5,-0.036584289231842794,-0.031174756886078098,,7.172512938470391,111,47,-11.175969939789036,-4.003457001318645,68.46846846846847,44.680851063829785,0.2053268322368834,-1.423728065408535,-6.933960115675456
inflation+cand_copper_gold+cand_swap_spread+cand_sofr_ted_spread,通膨意外 (CPI-10YBE) + 銅金比報酬差 + 10Y Swap Spread + SOFR-3M利差,4,0.0196788503234307,0.0639348837511263,,7.16812865497077,266,36,-7.338843339504541,-0.17071468453377067,63.90977443609023,47.22222222222222,0.9179897537350487,-1.1022738805091121,-1.200747476782025
duration+move+cand_copper_gold+cand_swap_spread+cand_sofr_ted_spread,存續期間避險 (TLT-SHY) + 波動度 (MOVE偏態) + 銅金比報酬差 + 10Y Swap Spread + SOFR-3M利差,5,0.008319458282184755,0.016541517738404656,,7.1120155038759645,43,60,6.2394920338124695,13.351507537688434,32.55813953488372,76.66666666666667,0.022606933909542885,-0.5876043812687778,-25.99221918460765
momentum+inflation+cand_credit_spread+cand_swap_spread+cand_sofr_ted_spread+cand_inflation_1y,動能 (10Y-SMA125) + 通膨意外 (CPI-10YBE) + IG企業債利差 + 10Y Swap Spread + SOFR-3M利差 + 1年通膨預期價差,6,-0.033266021180870346,-0.041605662022155925,,6.961878829135456,113,13,14.74988511880939,21.711763947944846,30.08849557522124,84.61538461538461,-0.8730586828198741,-1.5077154420717336,0.0
duration+move+inflation+cand_swap_spread+cand_sofr_ted_spread,存續期間避險 (TLT-SHY) + 波動度 (MOVE偏態) + 通膨意外 (CPI-10YBE) + 10Y Swap Spread + SOFR-3M利差,5,-0.055362352123198344,-0.0857143628453505,,6.913043478260869,115,6,7.721797392760905,14.634840871021774,43.47826086956522,83.33333333333334,-1.0951462267338616,-1.577327059433472,0.0
momentum+strength+duration+cand_swap_spread+cand_sofr_ted_spread+cand_inflation_1y,動能 (10Y-SMA125) + 強度 (NQ 52W區間) + 存續期間避險 (TLT-SHY) + 10Y Swap Spread + SOFR-3M利差 + 1年通膨預期價差,6,-0.04241808306993547,-0.06230742551726171,,6.863965744400533,92,66,7.058753914500036,13.922719658900569,32.608695652173914,83.33333333333334,-0.8514018438820967,-0.18764244059222746,0.0
momentum+strength+duration+curve+cand_copper_gold+cand_credit_spread+cand_swap_spread+cand_sofr_ted_spread,動能 (10Y-SMA125) + 強度 (NQ 52W區間) + 存續期間避險 (TLT-SHY) + 殖利率曲線 (10Y-2Y) + 銅金比報酬差 + IG企業債利差 + 10Y Swap Spread + SOFR-3M利差,8,-0.025725101104188963,0.009954314119636046,,6.862820512820494,65,12,4.188687024867929,11.051507537688423,40.0,100.0,-0.038980930150562365,-0.06198244279412846,0.0
cand_copper_gold+cand_swap_spread+cand_sofr_ted_spread+cand_inflation_1y,銅金比報酬差 + 10Y Swap Spread + SOFR-3M利差 + 1年通膨預期價差,4,0.04844918959835413,0.06047528978729016,,6.8602258713571755,142,217,-5.907412650104986,0.9528132212521899,57.04225352112676,59.44700460829493,0.5151837222980402,-0.9165370945126643,-1.7790490165806057
momentum+duration+cand_copper_gold+cand_sofr_ted_spread,動能 (10Y-SMA125) + 存續期間避險 (TLT-SHY) + 銅金比報酬差 + SOFR-3M利差,4,-0.01325816464623254,0.008722371327504327,,6.571428571428572,308,55,0.06341229959320435,6.634840871021776,49.67532467532468,47.27272727272727,-0.661502136988442,1.5861702956950383,0.0
momentum+duration+inflation+cand_credit_spread+cand_swap_spread+cand_inflation_1y,動能 (10Y-SMA125) + 存續期間避險 (TLT-SHY) + 通膨意外 (CPI-10YBE) + IG企業債利差 + 10Y Swap Spread + 1年通膨預期價差,6,-0.0534964473751334,-0.0836611997279774,,6.530484330484338,135,39,13.694100130281036,20.224584460765374,24.444444444444443,89.74358974358975,-1.093685276231206,-0.5405111951170003,0.0
move+inflation+cand_copper_gold+cand_sofr_ted_spread,波動度 (MOVE偏態) + 通膨意外 (CPI-10YBE) + 銅金比報酬差 + SOFR-3M利差,4,0.004887618700241149,0.03803933316755618,,6.486453201970444,203,84,2.5412448119084745,9.027698013878918,50.24630541871922,84.52380952380952,0.1481752022271738,-0.9447173160711783,-6.37567758890446
move+cand_copper_gold+cand_credit_spread+cand_swap_spread+cand_sofr_ted_spread,波動度 (MOVE偏態) + 銅金比報酬差 + IG企業債利差 + 10Y Swap Spread + SOFR-3M利差,5,0.030973669110606967,0.0536228779225789,,6.481342281879201,149,100,-3.5665014108574193,2.9148408710217812,63.08724832214765,62.0,0.6480080081135728,-1.0261319741962076,-1.58351742779136
move+inflation+cand_copper_gold+cand_credit_spread+cand_sofr_ted_spread,波動度 (MOVE偏態) + 通膨意外 (CPI-10YBE) + 銅金比報酬差 + IG企業債利差 + SOFR-3M利差,5,0.005210357324299653,0.02465762430187593,,6.457148538476835,214,94,1.2096072261619635,7.666755764638798,52.80373831775701,77.6595744680851,0.14911512236736857,-0.9100932657276364,-6.103292887259808
duration+curve+inflation+cand_copper_gold+cand_credit_spread+cand_swap_spread+cand_sofr_ted_spread,存續期間避險 (TLT-SHY) + 殖利率曲線 (10Y-2Y) + 通膨意外 (CPI-10YBE) + 銅金比報酬差 + IG企業債利差 + 10Y Swap Spread + SOFR-3M利差,7,-0.028308826060851475,0.007441957784253643,,6.442622950819663,61,1,8.192217920202104,14.634840871021767,36.0655737704918,100.0,-0.09800702147371011,-0.7170597255579508,0.0
strength+move+curve+inflation+cand_copper_gold+cand_credit_spread+cand_sofr_ted_spread,強度 (NQ 52W區間) + 波動度 (MOVE偏態) + 殖利率曲線 (10Y-2Y) + 通膨意外 (CPI-10YBE) + 銅金比報酬差 + IG企業債利差 + SOFR-3M利差,7,-0.027983698229105593,-0.012856796212534018,,6.4230607209484285,191,87,2.2002858971997847,8.623346618148213,51.30890052356021,74.71264367816092,0.10354180211682834,-1.0292328309083145,-9.940263834185636
momentum+duration+cand_credit_spread+cand_sofr_ted_spread+cand_inflation_1y,動能 (10Y-SMA125) + 存續期間避險 (TLT-SHY) + IG企業債利差 + SOFR-3M利差 + 1年通膨預期價差,5,-0.05612050462370664,-0.08805049347773732,,6.3759209344115035,210,53,9.787221823402728,16.16314275781423,33.33333333333333,75.47169811320755,-1.2788337177508415,0.5277771929085293,0.0
strength+duration+curve+inflation+cand_copper_gold+cand_credit_spread+cand_swap_spread+cand_sofr_ted_spread,強度 (NQ 52W區間) + 存續期間避險 (TLT-SHY) + 殖利率曲線 (10Y-2Y) + 通膨意外 (CPI-10YBE) + 銅金比報酬差 + IG企業債利差 + 10Y Swap Spread + SOFR-3M利差,8,-0.037207381130242224,-0.004244245490195871,,6.287782805429835,85,13,2.270134988668834,8.55791779409867,45.88235294117647,92.3076923076923,0.0772134961140787,-0.7616881976869994,-9.864702882532956
move+curve+inflation+cand_copper_gold+cand_credit_spread,波動度 (MOVE偏態) + 殖利率曲線 (10Y-2Y) + 通膨意外 (CPI-10YBE) + 銅金比報酬差 + IG企業債利差,5,-0.029525981134077096,-0.01729959539451634,,6.217023367547499,241,76,2.8257122403163812,9.04273560786388,45.643153526970956,80.26315789473685,-0.059206287994964794,-1.3481211825302737,0.0
curve+inflation+cand_copper_gold+cand_credit_spread+cand_sofr_ted_spread,殖利率曲線 (10Y-2Y) + 通膨意外 (CPI-10YBE) + 銅金比報酬差 + IG企業債利差 + SOFR-3M利差,5,-0.015158172597597408,0.025197101378929318,,6.196281362007173,288,155,-1.8582146845337821,4.338066677473391,52.77777777777778,58.06451612903226,0.18134806577760762,-0.6260609749561109,-3.452261661968138
momentum+duration+cand_copper_gold+cand_swap_spread+cand_inflation_1y,動能 (10Y-SMA125) + 存續期間避險 (TLT-SHY) + 銅金比報酬差 + 10Y Swap Spread + 1年通膨預期價差,5,-0.023750523731296717,-0.05359180925088687,,6.157692307692309,76,130,4.884840871021775,11.042533178714084,47.368421052631575,77.6923076923077,-0.6314685742395506,0.1578318516729914,0.0
curve+cand_copper_gold+cand_credit_spread+cand_sofr_ted_spread,殖利率曲線 (10Y-2Y) + 銅金比報酬差 + IG企業債利差 + SOFR-3M利差,4,0.014421609318708999,0.06733898825170892,,6.142005997474751,396,256,-5.112633876452975,1.0293721210217766,58.58585858585859,48.046875,0.4605962635831238,-0.1558676097574704,-0.338403982144638
momentum+cand_copper_gold+cand_swap_spread+cand_inflation_1y,動能 (10Y-SMA125) + 銅金比報酬差 + 10Y Swap Spread + 1年通膨預期價差,4,0.004664502422552649,-0.012880601051465788,,6.141025641025642,52,156,6.865610101791006,13.006635742816648,50.0,78.84615384615384,-0.03753218230427864,-0.30427863588468546,0.0
strength+duration+cand_copper_gold+cand_credit_spread+cand_swap_spread+cand_sofr_ted_spread+cand_inflation_1y,強度 (NQ 52W區間) + 存續期間避險 (TLT-SHY) + 銅金比報酬差 + IG企業債利差 + 10Y Swap Spread + SOFR-3M利差 + 1年通膨預期價差,7,-0.01762592532737179,-0.019780802291397007,,6.099436392914659,54,92,7.894100130281031,13.99353652319569,35.18518518518518,83.69565217391305,0.11986583601502322,-0.7143351181562878,-5.959455520476723
momentum+duration+move+inflation+cand_credit_spread+cand_swap_spread+cand_sofr_ted_spread+cand_inflation_1y,動能 (10Y-SMA125) + 存續期間避險 (TLT-SHY) + 波動度 (MOVE偏態) + 通膨意外 (CPI-10YBE) + IG企業債利差 + 10Y Swap Spread + SOFR-3M利差 + 1年通膨預期價差,8,-0.05954885676407672,-0.09675402018798049,,6.0966666666666605,75,28,20.288174204355116,26.384840871021776,14.666666666666666,96.42857142857143,-1.3264512368646464,-1.0569813012415756,0.0
duration+inflation+cand_copper_gold+cand_swap_spread+cand_sofr_ted_spread+cand_inflation_1y,存續期間避險 (TLT-SHY) + 通膨意外 (CPI-10YBE) + 銅金比報酬差 + 10Y Swap Spread + SOFR-3M利差 + 1年通膨預期價差,6,-0.03035302296420042,-0.03876089689808012,,6.064393939393937,88,21,7.2371135982945,13.301507537688437,39.77272727272727,95.23809523809523,-0.6338575134246817,-0.8189314695372849,0.0
duration+curve+cand_credit_spread+cand_inflation_1y,存續期間避險 (TLT-SHY) + 殖利率曲線 (10Y-2Y) + IG企業債利差 + 1年通膨預期價差,4,-0.07369714003446226,-0.0939807657252608,,6.044930875576016,217,4,10.339909995445739,16.384840871021755,30.87557603686636,100.0,-1.2250795511353507,-0.3537292526324087,0.0
strength+duration+move+curve+inflation+cand_copper_gold+cand_credit_spread+cand_sofr_ted_spread,強度 (NQ 52W區間) + 存續期間避險 (TLT-SHY) + 波動度 (MOVE偏態) + 殖利率曲線 (10Y-2Y) + 通膨意外 (CPI-10YBE) + 銅金比報酬差 + IG企業債利差 + SOFR-3M利差,8,-0.039543820179209786,-0.029442108518853247,,5.9894160583941645,137,40,4.795424812627612,10.784840871021776,43.79562043795621,87.5,-0.3376488052925116,-0.711495268638593,0.0
curve+inflation+cand_copper_gold+cand_swap_spread,殖利率曲線 (10Y-2Y) + 通膨意外 (CPI-10YBE) + 銅金比報酬差 + 10Y Swap Spread,4,-0.027617542233192224,-0.002734023612794041,,5.966486902927586,132,118,-13.933340947160044,-7.966854044232458,73.48484848484848,35.59322033898305,0.5686272529779819,-0.820249115072503,-1.4425075667350475
momentum+move+inflation+cand_copper_gold+cand_credit_spread+cand_swap_spread+cand_sofr_ted_spread+cand_inflation_1y,動能 (10Y-SMA125) + 波動度 (MOVE偏態) + 通膨意外 (CPI-10YBE) + 銅金比報酬差 + IG企業債利差 + 10Y Swap Spread + SOFR-3M利差 + 1年通膨預期價差,8,-0.016888746110801007,-0.01552191851944473,,5.928571428571438,42,6,29.87293610911702,35.80150753768846,9.523809523809524,100.0,-0.41461232810906046,-1.386503911555947,0.0
momentum+move+inflation+cand_copper_gold+cand_credit_spread+cand_swap_spread+cand_inflation_1y,動能 (10Y-SMA125) + 波動度 (MOVE偏態) + 通膨意外 (CPI-10YBE) + 銅金比報酬差 + IG企業債利差 + 10Y Swap Spread + 1年通膨預期價差,7,-0.01915566765795916,-0.029474333898680122,,5.928571428571438,42,6,29.87293610911702,35.80150753768846,9.523809523809524,100.0,-0.37402568065549285,-1.424852995133483,0.0
momentum+inflation+cand_copper_gold+cand_swap_spread+cand_sofr_ted_spread+cand_inflation_1y,動能 (10Y-SMA125) + 通膨意外 (CPI-10YBE) + 銅金比報酬差 + 10Y Swap Spread + SOFR-3M利差 + 1年通膨預期價差,6,-0.014281741926549971,-0.007991331768941694,,5.900000000000013,160,1,3.7348408710217753,9.634840871021789,51.24999999999999,100.0,-0.4213445071433749,-0.6533777483536587,0.0
momentum+duration+cand_swap_spread+cand_sofr_ted_spread+cand_inflation_1y,動能 (10Y-SMA125) + 存續期間避險 (TLT-SHY) + 10Y Swap Spread + SOFR-3M利差 + 1年通膨預期價差,5,-0.044884408255791965,-0.08569632190094169,,5.889710389212381,251,104,7.543207404886318,13.4329177940987,38.645418326693225,74.03846153846155,-1.196623361166299,0.2761531012185002,0.0
momentum+strength+move+cand_copper_gold+cand_sofr_ted_spread+cand_inflation_1y,動能 (10Y-SMA125) + 強度 (NQ 52W區間) + 波動度 (MOVE偏態) + 銅金比報酬差 + SOFR-3M利差 + 1年通膨預期價差,6,-0.009220588515080128,0.03223716565701901,,5.8827586206896605,87,15,9.485415583665453,15.368174204355114,37.93103448275862,80.0,-0.4360000807421873,-0.3852899161241988,0.0
strength+cand_credit_spread+cand_swap_spread+cand_sofr_ted_spread,強度 (NQ 52W區間) + IG企業債利差 + 10Y Swap Spread + SOFR-3M利差,4,0.003420056014610133,0.014409927183153773,,5.8124999999999964,96,184,1.8223408710217786,7.634840871021775,56.25,66.84782608695652,0.7784456014472172,-1.1100012611300327,-1.4259201401696104
strength+move+inflation+cand_copper_gold+cand_swap_spread+cand_sofr_ted_spread,強度 (NQ 52W區間) + 波動度 (MOVE偏態) + 通膨意外 (CPI-10YBE) + 銅金比報酬差 + 10Y Swap Spread + SOFR-3M利差,6,-0.0015821046332385729,0.027321554043609336,,5.808333333333342,88,30,-1.2401591289782254,4.568174204355116,57.95454545454546,56.666666666666664,0.5816077662323522,-1.4692869609907477,-2.526250587245026
strength+duration+move+cand_copper_gold+cand_credit_spread+cand_swap_spread+cand_sofr_ted_spread+cand_inflation_1y,強度 (NQ 52W區間) + 存續期間避險 (TLT-SHY) + 波動度 (MOVE偏態) + 銅金比報酬差 + IG企業債利差 + 10Y Swap Spread + SOFR-3M利差 + 1年通膨預期價差,8,-0.026666140423207155,-0.0372727570551981,,5.741666666666665,42,40,15.46817420435511,21.209840871021775,28.57142857142857,90.0,-0.07973328931316262,-0.9545853892823672,0.0
momentum+duration+move+cand_swap_spread+cand_sofr_ted_spread+cand_inflation_1y,動能 (10Y-SMA125) + 存續期間避險 (TLT-SHY) + 波動度 (MOVE偏態) + 10Y Swap Spread + SOFR-3M利差 + 1年通膨預期價差,6,-0.053891569377837026,-0.11075462573895757,,5.740844282918651,147,73,10.798106177144223,16.538950460062875,35.374149659863946,78.08219178082192,-1.3189774200141957,-0.3446244131720845,0.0
move+inflation+cand_sofr_ted_spread,波動度 (MOVE偏態) + 通膨意外 (CPI-10YBE) + SOFR-3M利差,3,-0.047260207339533504,-0.07166527519440895,,5.735562310030398,329,56,4.184992846705665,9.920555156736063,45.59270516717325,80.35714285714286,-0.8147958146010266,-1.481895551640288,0.0
strength+move+cand_copper_gold+cand_credit_spread+cand_swap_spread+cand_sofr_ted_spread+cand_inflation_1y,強度 (NQ 52W區間) + 波動度 (MOVE偏態) + 銅金比報酬差 + IG企業債利差 + 10Y Swap Spread + SOFR-3M利差 + 1年通膨預期價差,7,0.008140413471796362,0.009112065793836855,,5.726176808266359,67,52,6.485587139678493,12.211763947944853,55.223880597014926,75.0,0.4346035102005007,-1.2123697634852781,-2.7895995661101805
strength+curve+cand_copper_gold+cand_credit_spread+cand_swap_spread,強度 (NQ 52W區間) + 殖利率曲線 (10Y-2Y) + 銅金比報酬差 + IG企業債利差 + 10Y Swap Spread,5,-0.012209529985454468,0.014518074729183213,,5.702651515151519,99,144,-4.769199533018629,0.9334519821328908,62.62626262626263,54.861111111111114,0.9763680014578859,-0.8833814933403473,-0.9047628476366557
strength+curve+inflation+cand_copper_gold+cand_swap_spread+cand_sofr_ted_spread+cand_inflation_1y,強度 (NQ 52W區間) + 殖利率曲線 (10Y-2Y) + 通膨意外 (CPI-10YBE) + 銅金比報酬差 + 10Y Swap Spread + SOFR-3M利差 + 1年通膨預期價差,7,-0.021599472725931188,0.004697387730792444,,5.69803921568629,51,15,7.5368016553355,13.23484087102179,43.13725490196079,100.0,0.16127548300680153,-1.1477570034878042,-7.1167482005891705
duration+cand_swap_spread+cand_sofr_ted_spread,存續期間避險 (TLT-SHY) + 10Y Swap Spread + SOFR-3M利差,3,-0.01873533138289804,-0.05157612575896834,,5.626433532547246,302,164,2.770602460425749,8.397035992972995,42.05298013245033,70.1219512195122,-0.6018431408501296,-0.17878396921910925,0.0
momentum+strength+inflation+cand_swap_spread+cand_sofr_ted_spread,動能 (10Y-SMA125) + 強度 (NQ 52W區間) + 通膨意外 (CPI-10YBE) + 10Y Swap Spread + SOFR-3M利差,5,-0.03327680630285093,-0.04162149651796305,,5.5897435897436125,78,3,15.711763947944856,21.30150753768847,24.358974358974358,100.0,-0.371092886385127,-0.6775055680506407,0.0
strength+duration+cand_credit_spread+cand_swap_spread+cand_sofr_ted_spread+cand_inflation_1y,強度 (NQ 52W區間) + 存續期間避險 (TLT-SHY) + IG企業債利差 + 10Y Swap Spread + SOFR-3M利差 + 1年通膨預期價差,6,-0.04669119097833092,-0.08614119968670989,,5.555069930069923,65,88,11.250225486406393,16.805295416476316,32.30769230769231,92.04545454545455,-0.4089331549522166,-0.966490834971144,0.0
duration+inflation+cand_credit_spread+cand_swap_spread+cand_inflation_1y,存續期間避險 (TLT-SHY) + 通膨意外 (CPI-10YBE) + IG企業債利差 + 10Y Swap Spread + 1年通膨預期價差,5,-0.0544574939992433,-0.0820786572676185,,5.521567217828897,107,52,11.382504422423649,16.904071640252546,27.102803738317753,84.61538461538461,-0.9110114566251946,-1.4124696893577877,0.0
strength+move+curve+inflation+cand_copper_gold+cand_sofr_ted_spread,強度 (NQ 52W區間) + 波動度 (MOVE偏態) + 殖利率曲線 (10Y-2Y) + 通膨意外 (CPI-10YBE) + 銅金比報酬差 + SOFR-3M利差,6,-0.037054680820698224,-0.01644031852131958,,5.484431834715559,158,87,3.6791446684901272,9.163576503205686,52.53164556962025,77.01149425287356,0.04466387831257371,-1.033966111426548,-23.149940186351156
momentum+strength+inflation+cand_copper_gold+cand_credit_spread+cand_swap_spread+cand_sofr_ted_spread+cand_inflation_1y,動能 (10Y-SMA125) + 強度 (NQ 52W區間) + 通膨意外 (CPI-10YBE) + 銅金比報酬差 + IG企業債利差 + 10Y Swap Spread + SOFR-3M利差 + 1年通膨預期價差,8,-0.012968136490403615,0.018685664515911374,,5.471306471306457,91,9,10.052423288604194,15.523729759910651,37.362637362637365,100.0,-0.035239058116632194,-0.9741125655789432,0.0
move+inflation+cand_credit_spread+cand_swap_spread+cand_sofr_ted_spread,波動度 (MOVE偏態) + 通膨意外 (CPI-10YBE) + IG企業債利差 + 10Y Swap Spread + SOFR-3M利差,5,-0.023178688943239188,-0.02877038668004779,,5.440476190476213,168,7,3.9086503948313003,9.349126585307513,45.23809523809524,42.857142857142854,-0.020858397174608894,-2.603294666801769,0.0
momentum+strength+cand_copper_gold+cand_credit_spread+cand_swap_spread+cand_sofr_ted_spread+cand_inflation_1y,動能 (10Y-SMA125) + 強度 (NQ 52W區間) + 銅金比報酬差 + IG企業債利差 + 10Y Swap Spread + SOFR-3M利差 + 1年通膨預期價差,7,0.0038553196226561635,0.016241523119862232,,5.336306653809062,61,68,11.225004805448004,16.561311459257066,32.78688524590164,92.64705882352942,0.27582891759192657,-0.6694142596065146,-2.4269183429015064
inflation+cand_copper_gold+cand_sofr_ted_spread,通膨意外 (CPI-10YBE) + 銅金比報酬差 + SOFR-3M利差,3,0.032063728900679704,0.08181759037190527,,5.328517594185321,451,223,-2.0613897276478497,3.267127866537472,52.993348115299334,60.0896860986547,0.6099346246695251,-0.4094627067288248,-0.6713222863035198
curve+inflation+cand_credit_spread+cand_sofr_ted_spread,殖利率曲線 (10Y-2Y) + 通膨意外 (CPI-10YBE) + IG企業債利差 + SOFR-3M利差,4,-0.03777366074308951,-0.021271958836309248,,5.299859488890841,386,118,3.733286466876698,9.033145955767539,44.81865284974093,76.27118644067797,-0.3467008438974717,-1.1224163543172125,0.0
curve+cand_swap_spread,殖利率曲線 (10Y-2Y) + 10Y Swap Spread,2,-0.06181880500747595,-0.10282127382686697,,5.263772262652651,207,233,-11.036656713519287,-5.772884450866636,69.56521739130434,31.759656652360512,0.41561509633124044,-0.832841408062192,-2.0038767008559932
cand_copper_gold+cand_swap_spread+cand_inflation_1y,銅金比報酬差 + 10Y Swap Spread + 1年通膨預期價差,3,0.027759553664811882,0.017476869372558077,,5.249945828819069,142,325,-5.907412650104986,-0.6574668212859173,57.04225352112676,56.00000000000001,0.5439693123568943,-1.101571739065597,-2.025062285761561
momentum+move+inflation+cand_credit_spread+cand_swap_spread+cand_sofr_ted_spread+cand_inflation_1y,動能 (10Y-SMA125) + 波動度 (MOVE偏態) + 通膨意外 (CPI-10YBE) + IG企業債利差 + 10Y Swap Spread + SOFR-3M利差 + 1年通膨預期價差,7,-0.04200222682420533,-0.06939938500797782,,5.218181818181812,55,15,25.81665905283997,31.034840871021782,12.727272727272727,100.0,-0.9837654420616889,-1.9186202869257027,0.0
curve+cand_copper_gold+cand_credit_spread,殖利率曲線 (10Y-2Y) + 銅金比報酬差 + IG企業債利差,3,-0.003600410182634675,0.03503105180503895,,5.2009335247329895,397,279,-4.601934947618024,0.5989985771149655,57.17884130982368,45.51971326164875,0.43749945409677315,-0.32471849839944844,-0.7422146367470026
duration+cand_copper_gold+cand_swap_spread+cand_sofr_ted_spread+cand_inflation_1y,存續期間避險 (TLT-SHY) + 銅金比報酬差 + 10Y Swap Spread + SOFR-3M利差 + 1年通膨預期價差,5,-0.004465696014998816,-0.03502852614529025,,5.166562824506752,45,107,9.057063093243995,14.223625917750747,40.0,83.17757009345794,-0.29909478859104566,-0.4245431819790618,0.0
momentum+move+cand_inflation_1y,動能 (10Y-SMA125) + 波動度 (MOVE偏態) + 1年通膨預期價差,3,-0.04593558452304538,-0.09231451468687749,,5.129293603592666,308,107,13.365360351541254,18.49465395513392,27.5974025974026,85.98130841121495,-1.4263653690114912,-0.2715781255698533,0.0
strength+cand_copper_gold+cand_credit_spread+cand_swap_spread,強度 (NQ 52W區間) + 銅金比報酬差 + IG企業債利差 + 10Y Swap Spread,4,0.023892278304456716,0.054686053958952055,,5.052671466464569,91,406,-2.683840447659541,2.3688310188050283,58.24175824175825,58.3743842364532,1.1716865663591824,-0.9371535343582996,-0.7998329598250371
momentum+strength+duration+curve+cand_copper_gold+cand_swap_spread+cand_inflation_1y,動能 (10Y-SMA125) + 強度 (NQ 52W區間) + 存續期間避險 (TLT-SHY) + 殖利率曲線 (10Y-2Y) + 銅金比報酬差 + 10Y Swap Spread + 1年通膨預期價差,7,-0.03467351878873957,-0.0370661446041524,,4.97428571428571,70,25,4.6205551567360565,9.594840871021766,40.0,80.0,-0.45688253618334496,-0.14118773883089003,0.0
momentum+duration+cand_credit_spread+cand_inflation_1y,動能 (10Y-SMA125) + 存續期間避險 (TLT-SHY) + IG企業債利差 + 1年通膨預期價差,4,-0.05957957423740547,-0.09573182729101952,,4.9005802476520905,229,73,8.857548294602562,13.758128542254653,32.314410480349345,76.71232876712328,-1.2030758908165817,0.5247719157413823,0.0
cand_copper_gold+cand_credit_spread,銅金比報酬差 + IG企業債利差,2,0.040209459979807106,0.09020072643639081,,4.887879814752065,454,390,-2.5171415078328523,2.370738306919212,54.40528634361234,53.84615384615385,0.8671931474409581,-0.3008704420457502,-0.3469474394875043
strength+duration+move+cand_copper_gold+cand_credit_spread+cand_sofr_ted_spread+cand_inflation_1y,強度 (NQ 52W區間) + 存續期間避險 (TLT-SHY) + 波動度 (MOVE偏態) + 銅金比報酬差 + IG企業債利差 + SOFR-3M利差 + 1年通膨預期價差,7,-0.033341699004641304,-0.03083102528270479,,4.871437234687688,97,34,12.05752128339291,16.9289585180806,29.896907216494846,85.29411764705883,-0.4055272283785668,-0.5586936390803792,0.0
move+curve+cand_copper_gold+cand_credit_spread+cand_sofr_ted_spread,波動度 (MOVE偏態) + 殖利率曲線 (10Y-2Y) + 銅金比報酬差 + IG企業債利差 + SOFR-3M利差,5,0.005504288153625315,0.03776370962637956,,4.859375000000002,248,64,-0.11515912897822567,4.744215871021776,52.82258064516129,50.0,0.19546121109603937,-0.5142968183991613,-2.631196315193519
strength+duration+curve+inflation+cand_copper_gold+cand_credit_spread+cand_swap_spread+cand_sofr_ted_spread+cand_inflation_1y,強度 (NQ 52W區間) + 存續期間避險 (TLT-SHY) + 殖利率曲線 (10Y-2Y) + 通膨意外 (CPI-10YBE) + 銅金比報酬差 + IG企業債利差 + 10Y Swap Spread + SOFR-3M利差 + 1年通膨預期價差,9,-0.036736915209392484,-0.010096383318878192,,4.843881856540067,79,9,9.457625681148356,14.301507537688423,37.9746835443038,100.0,-0.27468978733675004,-0.9504482209029678,0.0
cand_credit_spread+cand_swap_spread,IG企業債利差 + 10Y Swap Spread,2,0.008568331560414906,-0.008834237937559577,,4.765809662036078,159,546,-2.0192471792926914,2.7465624827433874,49.056603773584904,58.60805860805861,0.6884786823481208,-1.912585697369762,-2.777988260793653
inflation+cand_copper_gold+cand_credit_spread+cand_swap_spread+cand_sofr_ted_spread,通膨意外 (CPI-10YBE) + 銅金比報酬差 + IG企業債利差 + 10Y Swap Spread + SOFR-3M利差,5,0.021382147729364896,0.06152207143881466,,4.736671223513335,209,56,-4.566116066777269,0.1705551567360659,52.63157894736842,50.0,0.7214046459753514,-1.219006889672695,-1.6897685598137187
momentum+cand_credit_spread+cand_sofr_ted_spread+cand_inflation_1y,動能 (10Y-SMA125) + IG企業債利差 + SOFR-3M利差 + 1年通膨預期價差,4,-0.04349541727725093,-0.06978070902384076,,4.730263157894742,152,62,12.404577713127038,17.13484087102178,30.92105263157895,79.03225806451613,-1.0497490486445737,0.0588320428522811,0.0
momentum+strength+curve+inflation+cand_copper_gold+cand_swap_spread+cand_sofr_ted_spread+cand_inflation_1y,動能 (10Y-SMA125) + 強度 (NQ 52W區間) + 殖利率曲線 (10Y-2Y) + 通膨意外 (CPI-10YBE) + 銅金比報酬差 + 10Y Swap Spread + SOFR-3M利差 + 1年通膨預期價差,8,-0.023836950696053197,0.012715090330104527,,4.7235294117647095,85,2,5.411311459257067,10.134840871021776,42.35294117647059,100.0,-0.275606851983635,-0.6919086362674904,0.0
strength+move+cand_credit_spread+cand_swap_spread+cand_sofr_ted_spread,強度 (NQ 52W區間) + 波動度 (MOVE偏態) + IG企業債利差 + 10Y Swap Spread + SOFR-3M利差,5,-0.010196148001155632,-0.028305134197709803,,4.721850613154958,104,69,1.0579177940987003,5.779768407253658,55.769230769230774,68.11594202898551,0.43298828239355464,-1.4013538334499198,-3.236470570758291
strength+move+curve+inflation+cand_copper_gold+cand_credit_spread,強度 (NQ 52W區間) + 波動度 (MOVE偏態) + 殖利率曲線 (10Y-2Y) + 通膨意外 (CPI-10YBE) + 銅金比報酬差 + IG企業債利差,6,-0.03388767351212708,-0.030839281165561085,,4.682963320463323,185,112,1.9429489791298822,6.625912299593206,52.43243243243243,73.21428571428571,0.10998348990569143,-1.1752606493204438,-10.685791570427575
move+curve+cand_copper_gold+cand_credit_spread+cand_swap_spread+cand_sofr_ted_spread,波動度 (MOVE偏態) + 殖利率曲線 (10Y-2Y) + 銅金比報酬差 + IG企業債利差 + 10Y Swap Spread + SOFR-3M利差,6,0.004645349296475792,0.02217801000658952,,4.626106194690269,113,4,-7.241265323668494,-2.6151591289782243,64.60176991150442,0.0,0.48563311450100877,-1.1179845710345593,-2.30211766383208
momentum+cand_credit_spread+cand_inflation_1y,動能 (10Y-SMA125) + IG企業債利差 + 1年通膨預期價差,3,-0.04668198489737326,-0.0799564129727651,,4.582931739156958,169,97,10.031290575163787,14.614222314320745,32.544378698224854,78.35051546391753,-0.9481216952018567,-0.06561350103402884,0.0
strength+move+curve+cand_swap_spread+cand_sofr_ted_spread,強度 (NQ 52W區間) + 波動度 (MOVE偏態) + 殖利率曲線 (10Y-2Y) + 10Y Swap Spread + SOFR-3M利差,5,-0.03752946894148973,-0.05631152888815933,,4.5784632034632,56,33,-3.883016271835367,0.6954469316278333,75.0,33.33333333333333,0.21896132413704653,-1.5209698306614032,-6.946294450199058
cand_credit_spread+cand_swap_spread+cand_sofr_ted_spread,IG企業債利差 + 10Y Swap Spread + SOFR-3M利差,3,0.019359738790554658,0.02230351799817342,,4.57199849807566,159,268,-2.0192471792926914,2.5527513187829687,49.056603773584904,60.447761194029844,0.5520736108322252,-1.1407185479484439,-2.066243568912602
strength+curve+cand_copper_gold+cand_sofr_ted_spread,強度 (NQ 52W區間) + 殖利率曲線 (10Y-2Y) + 銅金比報酬差 + SOFR-3M利差,4,-0.011849592562221683,0.032568030136797696,,4.547840735766158,218,403,-3.0991040831066643,1.448736652659494,56.42201834862385,51.36476426799007,0.6246957632226743,-0.23313059633636454,-0.37319061543445203
strength+move+inflation+cand_copper_gold+cand_credit_spread+cand_sofr_ted_spread,強度 (NQ 52W區間) + 波動度 (MOVE偏態) + 通膨意外 (CPI-10YBE) + 銅金比報酬差 + IG企業債利差 + SOFR-3M利差,6,-0.011028091490648253,0.008485980109538778,,4.530749250749251,175,143,0.06912658530749079,4.599875836056742,56.57142857142857,61.53846153846154,0.25818083152811977,-0.9960997049934146,-3.858147404273599
strength+duration+move+curve+inflation+cand_copper_gold+cand_credit_spread,強度 (NQ 52W區間) + 存續期間避險 (TLT-SHY) + 波動度 (MOVE偏態) + 殖利率曲線 (10Y-2Y) + 通膨意外 (CPI-10YBE) + 銅金比報酬差 + IG企業債利差,7,-0.04052206401148721,-0.03691474196967815,,4.5202614379085,136,45,4.8701349886688305,9.39039642657733,43.38235294117647,82.22222222222221,-0.3271224417745229,-0.7971929378249553,0.0
strength+inflation+cand_copper_gold+cand_swap_spread+cand_sofr_ted_spread,強度 (NQ 52W區間) + 通膨意外 (CPI-10YBE) + 銅金比報酬差 + 10Y Swap Spread + SOFR-3M利差,5,0.0035609627601353557,0.04320280786105499,,4.5177015250544645,81,136,-2.7725665363856296,1.7451349886688354,61.72839506172839,53.67647058823529,0.9283687269819485,-1.0477729121213557,-1.1286171988231233
momentum+duration+move+cand_swap_spread+cand_sofr_ted_spread,動能 (10Y-SMA125) + 存續期間避險 (TLT-SHY) + 波動度 (MOVE偏態) + 10Y Swap Spread + SOFR-3M利差,5,-0.04028192675872628,-0.07544636198727057,,4.507944569397078,179,77,6.243779418507812,10.75172398790489,42.45810055865922,74.02597402597402,-1.110931682835515,0.10338335072115465,0.0
momentum+duration+cand_copper_gold+cand_credit_spread+cand_swap_spread+cand_inflation_1y,動能 (10Y-SMA125) + 存續期間避險 (TLT-SHY) + 銅金比報酬差 + IG企業債利差 + 10Y Swap Spread + 1年通膨預期價差,6,-0.02581055087456072,-0.05731216420831969,,4.499999999999994,66,99,7.771204507385414,12.271204507385407,33.33333333333333,80.8080808080808,-0.45947015567754634,-0.1443154502395605,0.0
momentum+strength+duration+inflation+cand_copper_gold+cand_swap_spread+cand_sofr_ted_spread+cand_inflation_1y,動能 (10Y-SMA125) + 強度 (NQ 52W區間) + 存續期間避險 (TLT-SHY) + 通膨意外 (CPI-10YBE) + 銅金比報酬差 + 10Y Swap Spread + SOFR-3M利差 + 1年通膨預期價差,8,-0.0366407280951649,-0.027762463087757944,,4.48076923076918,104,1,8.154071640252544,12.634840871021725,36.53846153846153,100.0,-0.6248986631084505,-0.3846234969563935,0.0
momentum+duration+cand_copper_gold+cand_credit_spread,動能 (10Y-SMA125) + 存續期間避險 (TLT-SHY) + 銅金比報酬差 + IG企業債利差,4,-0.015332766291990074,-0.009848102948600643,,4.437083333333328,200,96,0.9998408710217768,5.436924204355106,46.0,65.625,-0.45728458109243825,0.9917736240030393,0.0
momentum+duration+cand_copper_gold+cand_credit_spread+cand_swap_spread+cand_sofr_ted_spread,動能 (10Y-SMA125) + 存續期間避險 (TLT-SHY) + 銅金比報酬差 + IG企業債利差 + 10Y Swap Spread + SOFR-3M利差,6,0.003538195840188588,0.01518637367200215,,4.433182922596318,43,67,13.42553854544038,17.8587214680367,20.930232558139537,89.55223880597015,-0.13297938516054758,0.32682496517520543,0.0
momentum+cand_copper_gold+cand_swap_spread,動能 (10Y-SMA125) + 銅金比報酬差 + 10Y Swap Spread,3,0.033116911068169115,0.05437911257528865,,4.4024752475247535,40,202,-1.5151591289782242,2.887316118546529,67.5,58.415841584158414,0.7197961283798094,0.123667505680535,0.17180907315922697
strength+cand_copper_gold+cand_credit_spread+cand_sofr_ted_spread,強度 (NQ 52W區間) + 銅金比報酬差 + IG企業債利差 + SOFR-3M利差,4,0.0178375422732543,0.06855962307977993,,4.385656401130114,257,387,-1.1978439538809482,3.187812447249166,55.252918287937746,56.07235142118863,0.9060363828134469,-0.3783920318008816,-0.4176344780171953
duration+move+curve+inflation+cand_copper_gold+cand_credit_spread,存續期間避險 (TLT-SHY) + 波動度 (MOVE偏態) + 殖利率曲線 (10Y-2Y) + 通膨意外 (CPI-10YBE) + 銅金比報酬差 + IG企業債利差,6,-0.036424829995450145,-0.02694750992372002,,4.337748344370855,151,3,9.297092526650916,13.63484087102177,34.437086092715234,100.0,-0.5760230990224413,-0.7447598577579961,0.0
duration+curve+cand_copper_gold+cand_credit_spread+cand_inflation_1y,存續期間避險 (TLT-SHY) + 殖利率曲線 (10Y-2Y) + 銅金比報酬差 + IG企業債利差 + 1年通膨預期價差,5,-0.03848701374450471,-0.024856030554205783,,4.3327044025157075,159,10,6.402136468506054,10.734840871021762,40.25157232704403,80.0,-0.6271514666900737,-0.19903871799703246,0.0
momentum+duration+curve+cand_copper_gold+cand_credit_spread+cand_swap_spread+cand_inflation_1y,動能 (10Y-SMA125) + 存續期間避險 (TLT-SHY) + 殖利率曲線 (10Y-2Y) + 銅金比報酬差 + IG企業債利差 + 10Y Swap Spread + 1年通膨預期價差,7,-0.0407826126090599,-0.05093451481697152,,4.2236842105262955,57,4,12.16115666049546,16.384840871021755,29.82456140350877,100.0,-0.6280568460608427,-0.12986974695773432,0.0
duration+move+inflation+cand_inflation_1y,存續期間避險 (TLT-SHY) + 波動度 (MOVE偏態) + 通膨意外 (CPI-10YBE) + 1年通膨預期價差,4,-0.07387651227827931,-0.1292802367170526,,4.215506715506709,234,14,12.562191298372202,16.77769801387891,30.34188034188034,78.57142857142857,-1.8279834859525295,-0.8789752620457534,0.0
strength+inflation+cand_copper_gold+cand_credit_spread+cand_swap_spread+cand_sofr_ted_spread,強度 (NQ 52W區間) + 通膨意外 (CPI-10YBE) + 銅金比報酬差 + IG企業債利差 + 10Y Swap Spread + SOFR-3M利差,6,0.0074620703467106735,0.04461222784309354,,4.140692640692639,132,154,-1.4409167047357982,2.6997759359568407,56.060606060606055,54.54545454545454,0.7758772350298595,-1.1300708970642355,-1.456507351992026
momentum+cand_swap_spread+cand_sofr_ted_spread+cand_inflation_1y,動能 (10Y-SMA125) + 10Y Swap Spread + SOFR-3M利差 + 1年通膨預期價差,4,-0.01922144630753008,-0.06080066620836398,,4.137044842524297,234,146,6.16902890520981,10.306073747734107,41.88034188034188,72.6027397260274,-0.8137460330487228,-0.45458218592177413,0.0
duration+cand_copper_gold+cand_credit_spread+cand_swap_spread+cand_sofr_ted_spread,存續期間避險 (TLT-SHY) + 銅金比報酬差 + IG企業債利差 + 10Y Swap Spread + SOFR-3M利差,5,0.020543803791673088,0.04408578879293305,,4.121280991735535,40,121,4.959840871021777,9.081121862757312,45.0,68.59504132231406,0.3944784989288257,-0.3147749361605248,-0.7979520734723707
momentum+cand_credit_spread+cand_sofr_ted_spread,動能 (10Y-SMA125) + IG企業債利差 + SOFR-3M利差,3,-0.023500180246013424,-0.007566074211947149,,4.064883645766001,238,104,4.118034148332699,8.1829177940987,40.7563025210084,58.65384615384615,-0.7098293218338545,0.6012857017518759,0.0
momentum+duration+cand_credit_spread+cand_swap_spread+cand_sofr_ted_spread+cand_inflation_1y,動能 (10Y-SMA125) + 存續期間避險 (TLT-SHY) + IG企業債利差 + 10Y Swap Spread + SOFR-3M利差 + 1年通膨預期價差,6,-0.04538147162979519,-0.0966969025300968,,4.059631544925663,91,68,9.854621090801995,13.914252635727658,27.472527472527474,75.0,-1.0425554285788738,-0.15018843952942262,0.0
cand_swap_spread+cand_sofr_ted_spread,10Y Swap Spread + SOFR-3M利差,2,0.044572118737713294,0.04880471562696455,,4.033081064451625,591,550,-1.7018765570662127,2.331204507385412,50.592216582064296,58.909090909090914,0.5540368203439217,-1.3411202586376365,-2.4206338087875245
duration+move+cand_copper_gold+cand_credit_spread+cand_sofr_ted_spread+cand_inflation_1y,存續期間避險 (TLT-SHY) + 波動度 (MOVE偏態) + 銅金比報酬差 + IG企業債利差 + SOFR-3M利差 + 1年通膨預期價差,6,-0.028785940094282297,-0.0508555949068969,,3.954885460495559,93,46,15.484303236613174,19.439188697108733,21.50537634408602,89.13043478260869,-0.7095702384060837,-0.3882010712670977,0.0
duration+move+curve+inflation+cand_copper_gold+cand_credit_spread+cand_sofr_ted_spread,存續期間避險 (TLT-SHY) + 波動度 (MOVE偏態) + 殖利率曲線 (10Y-2Y) + 通膨意外 (CPI-10YBE) + 銅金比報酬差 + IG企業債利差 + SOFR-3M利差,7,-0.03361623178953964,-0.01901815679952033,,3.925373134328355,134,3,9.709467736693416,13.63484087102177,33.582089552238806,100.0,-0.5467947501246374,-0.588445950450033,0.0
momentum+move+cand_copper_gold+cand_credit_spread+cand_swap_spread,動能 (10Y-SMA125) + 波動度 (MOVE偏態) + 銅金比報酬差 + IG企業債利差 + 10Y Swap Spread,5,0.017178962488597245,0.02742064656947355,,3.9152286453839475,76,61,3.490104028916513,7.40533267430046,55.26315789473685,68.85245901639344,0.2809770496711083,-0.843286246811275,-3.001263796450157
move+cand_credit_spread+cand_sofr_ted_spread,波動度 (MOVE偏態) + IG企業債利差 + SOFR-3M利差,3,-0.012537428726812933,-0.025591757295525704,,3.8909641035389546,378,167,-0.3519316157507114,3.5390324877882433,52.116402116402114,55.688622754491014,-0.19614803992840943,-0.6044308814107284,0.0
momentum+move+cand_copper_gold+cand_inflation_1y,動能 (10Y-SMA125) + 波動度 (MOVE偏態) + 銅金比報酬差 + 1年通膨預期價差,4,-0.022861663260283605,-0.044185870356672804,,3.8695100279258696,101,39,19.714048791813852,23.58355881973972,27.722772277227726,97.43589743589743,-0.8128377663228826,-0.1902028462870183,0.0
strength+duration+cand_copper_gold+cand_sofr_ted_spread+cand_inflation_1y,強度 (NQ 52W區間) + 存續期間避險 (TLT-SHY) + 銅金比報酬差 + SOFR-3M利差 + 1年通膨預期價差,5,-0.028225196512672485,-0.01672346073507812,,3.816176470588232,136,68,7.406899694551186,11.223076165139418,37.5,86.76470588235294,-0.38830173809282836,-0.15075141973906028,0.0
move+curve+inflation+cand_swap_spread+cand_sofr_ted_spread,波動度 (MOVE偏態) + 殖利率曲線 (10Y-2Y) + 通膨意外 (CPI-10YBE) + 10Y Swap Spread + SOFR-3M利差,5,-0.0577918168680925,-0.07821999353514693,,3.815159128978229,160,0,-3.815159128978229,0.0,59.375,0.0,-0.32279065460187784,-2.560440958952814,0.0
duration+cand_copper_gold+cand_inflation_1y,存續期間避險 (TLT-SHY) + 銅金比報酬差 + 1年通膨預期價差,3,-0.03539303317216463,-0.052259313629851374,,3.8104570217917697,224,118,5.612519442450344,9.422976464242113,39.285714285714285,75.42372881355932,-0.7919709939770898,0.1549768214085175,0.0
move+curve+cand_copper_gold+cand_credit_spread,波動度 (MOVE偏態) + 殖利率曲線 (10Y-2Y) + 銅金比報酬差 + IG企業債利差,4,-0.008671953348193692,0.01071958607801518,,3.7906936813186825,273,64,0.9535221897030939,4.744215871021776,49.45054945054945,50.0,0.13319294787487032,-0.7746444076320307,-5.815956625269526
momentum+strength+duration+curve+inflation+cand_sofr_ted_spread,動能 (10Y-SMA125) + 強度 (NQ 52W區間) + 存續期間避險 (TLT-SHY) + 殖利率曲線 (10Y-2Y) + 通膨意外 (CPI-10YBE) + SOFR-3M利差,6,-0.07014924209889911,-0.09975863650518273,,3.7887323943661966,284,1,3.8461084766555778,7.634840871021774,40.845070422535215,100.0,-0.9576192418207606,0.38445742307907305,0.0
duration+inflation+cand_copper_gold+cand_swap_spread+cand_sofr_ted_spread,存續期間避險 (TLT-SHY) + 通膨意外 (CPI-10YBE) + 銅金比報酬差 + 10Y Swap Spread + SOFR-3M利差,5,-0.007970516477508821,0.026992712669735845,,3.77187499999999,64,10,5.9629658710217734,9.734840871021763,37.5,80.0,-0.04907684665977489,-0.49397371022451325,0.0
move+curve+inflation+cand_copper_gold,波動度 (MOVE偏態) + 殖利率曲線 (10Y-2Y) + 通膨意外 (CPI-10YBE) + 銅金比報酬差,4,-0.03723647909399992,-0.022556640659018797,,3.7649780245200146,262,66,2.657741634380552,6.422719658900567,44.656488549618324,72.72727272727273,-0.17348899306719467,-1.1652713305431892,0.0
momentum+strength+duration+curve+cand_copper_gold+cand_credit_spread+cand_sofr_ted_spread+cand_inflation_1y,動能 (10Y-SMA125) + 強度 (NQ 52W區間) + 存續期間避險 (TLT-SHY) + 殖利率曲線 (10Y-2Y) + 銅金比報酬差 + IG企業債利差 + SOFR-3M利差 + 1年通膨預期價差,8,-0.028839161081342355,-0.012024905522643998,,3.7464788732394094,142,2,9.888361997782336,13.634840871021746,35.2112676056338,100.0,-0.5645591510166662,0.10735830957860826,0.0
duration+curve+cand_swap_spread,存續期間避險 (TLT-SHY) + 殖利率曲線 (10Y-2Y) + 10Y Swap Spread,3,-0.06578702240901911,-0.10011168140487169,,3.6967545638945216,68,29,-3.92398265838999,-0.22722809449546832,63.23529411764706,58.620689655172406,-0.8740687471181218,-0.18666262971181455,0.0
curve+inflation+cand_credit_spread+cand_swap_spread+cand_sofr_ted_spread,殖利率曲線 (10Y-2Y) + 通膨意外 (CPI-10YBE) + IG企業債利差 + 10Y Swap Spread + SOFR-3M利差,5,-0.03032889222969165,0.0005677207918183935,,3.6927453358747786,174,0,-3.6927453358747786,0.0,55.74712643678161,0.0,0.042669448919218186,-1.8540983805408238,-43.4525972915892
momentum+strength+move+inflation+cand_credit_spread+cand_inflation_1y,動能 (10Y-SMA125) + 強度 (NQ 52W區間) + 波動度 (MOVE偏態) + 通膨意外 (CPI-10YBE) + IG企業債利差 + 1年通膨預期價差,6,-0.051299476110099745,-0.061994312615640305,,3.6737588652482227,141,9,14.96108200577355,18.634840871021773,28.368794326241137,88.88888888888889,-0.868542406477992,-1.1506721039937133,0.0
strength+curve+cand_copper_gold,強度 (NQ 52W區間) + 殖利率曲線 (10Y-2Y) + 銅金比報酬差,3,-0.0234300967713909,0.002407397958294764,,3.6157517466654596,214,515,-3.1595516523427105,0.45620009432274894,56.54205607476636,51.262135922330096,0.6573429159438049,-0.33649627438464647,-0.5119037053917426
duration+curve+cand_copper_gold+cand_swap_spread,存續期間避險 (TLT-SHY) + 殖利率曲線 (10Y-2Y) + 銅金比報酬差 + 10Y Swap Spread,4,-0.02161746424068494,-0.007544714274250179,,3.556701030927839,10,97,-6.365159128978226,-2.808458098050387,50.0,49.48453608247423,0.05813713764950951,-0.1103996612105868,-1.8989524712439676
momentum+move+cand_credit_spread+cand_sofr_ted_spread+cand_inflation_1y,動能 (10Y-SMA125) + 波動度 (MOVE偏態) + IG企業債利差 + SOFR-3M利差 + 1年通膨預期價差,5,-0.0474667110587952,-0.08103109359617029,,3.5476190476190474,84,42,16.753888490069397,20.301507537688444,30.952380952380953,85.71428571428571,-1.2435037308499002,-0.39332967982618045,0.0
momentum+strength+cand_credit_spread+cand_swap_spread+cand_sofr_ted_spread+cand_inflation_1y,動能 (10Y-SMA125) + 強度 (NQ 52W區間) + IG企業債利差 + 10Y Swap Spread + SOFR-3M利差 + 1年通膨預期價差,6,-0.02685578407094213,-0.04977086366685552,,3.459340659340656,70,65,14.606269442450346,18.065610101791002,28.57142857142857,92.3076923076923,-0.24684833719826274,-0.95200465338128,0.0
move+curve+cand_copper_gold+cand_sofr_ted_spread,波動度 (MOVE偏態) + 殖利率曲線 (10Y-2Y) + 銅金比報酬差 + SOFR-3M利差,4,-0.0009390583941086729,0.046293864635470486,,3.4148085376833883,239,79,-1.2103474134970542,2.2044611241863343,56.903765690376574,43.037974683544306,0.17436886288171077,-0.39956242791732444,-2.291478084526947
strength+cand_copper_gold+cand_sofr_ted_spread,強度 (NQ 52W區間) + 銅金比報酬差 + SOFR-3M利差,3,0.024312879606865265,0.08009273186810086,,3.3975320721896085,219,504,-0.885707074183706,2.5118249980059026,53.88127853881278,56.34920634920635,1.1790529551679858,-0.23036847451174408,-0.1953843324016963
curve+inflation+cand_copper_gold,殖利率曲線 (10Y-2Y) + 通膨意外 (CPI-10YBE) + 銅金比報酬差,3,-0.03001673619934922,-0.0014192028863978356,,3.350072150072153,385,198,-0.058665622484719494,3.2914065275874336,48.83116883116883,65.15151515151516,0.12336079069067149,-0.4704157696085691,-3.8133329640221074
strength+move+curve+inflation+cand_credit_spread+cand_sofr_ted_spread,強度 (NQ 52W區間) + 波動度 (MOVE偏態) + 殖利率曲線 (10Y-2Y) + 通膨意外 (CPI-10YBE) + IG企業債利差 + SOFR-3M利差,6,-0.05525506373089753,-0.06208834619652482,,3.3417632759910285,191,112,4.587720452173606,7.929483728164635,50.26178010471204,75.89285714285714,-0.318246100692847,-1.3481047116590343,0.0
momentum+cand_copper_gold+cand_sofr_ted_spread+cand_inflation_1y,動能 (10Y-SMA125) + 銅金比報酬差 + SOFR-3M利差 + 1年通膨預期價差,4,-0.010254536372346626,0.0039921825322843186,,3.3290711346266884,243,84,6.531960212585562,9.86103134721225,41.56378600823045,67.85714285714286,-0.5162628539180634,0.524417697331893,0.0
strength+curve+inflation+cand_copper_gold+cand_credit_spread+cand_swap_spread,強度 (NQ 52W區間) + 殖利率曲線 (10Y-2Y) + 通膨意外 (CPI-10YBE) + 銅金比報酬差 + IG企業債利差 + 10Y Swap Spread,6,-0.025321304251131133,-0.0024316589057036355,,3.3263110307414117,140,158,-2.229444843263938,1.0968661874774732,57.85714285714286,52.53164556962025,0.6125755299928152,-1.0820109442210426,-1.7663306665771212
momentum+strength+curve+cand_copper_gold+cand_credit_spread+cand_swap_spread+cand_sofr_ted_spread+cand_inflation_1y,動能 (10Y-SMA125) + 強度 (NQ 52W區間) + 殖利率曲線 (10Y-2Y) + 銅金比報酬差 + IG企業債利差 + 10Y Swap Spread + SOFR-3M利差 + 1年通膨預期價差,8,-0.014597060082976397,0.02260293790343732,,3.3230769230769255,65,13,10.004071640252546,13.327148563329471,36.92307692307693,100.0,0.10028454900352973,-0.6460269979585637,-6.441939504916409
momentum+strength+inflation+cand_copper_gold+cand_swap_spread+cand_sofr_ted_spread+cand_inflation_1y,動能 (10Y-SMA125) + 強度 (NQ 52W區間) + 通膨意外 (CPI-10YBE) + 銅金比報酬差 + 10Y Swap Spread + SOFR-3M利差 + 1年通膨預期價差,7,-0.02005038909107997,0.006531731237429215,,3.2888888888888914,90,14,8.345951982132886,11.634840871021778,38.88888888888889,92.85714285714286,-0.16127019892869546,-0.7859721095378378,0.0
strength+duration+cand_copper_gold+cand_credit_spread+cand_sofr_ted_spread+cand_inflation_1y,強度 (NQ 52W區間) + 存續期間避險 (TLT-SHY) + 銅金比報酬差 + IG企業債利差 + SOFR-3M利差 + 1年通膨預期價差,6,-0.026045735631674737,-0.013987648211416953,,3.273568536726428,133,78,8.822810795833805,12.096379332560232,36.84210526315789,85.8974358974359,-0.2196144723918847,-0.3178441407249512,0.0
momentum+strength+duration+move+curve+inflation+cand_credit_spread+cand_sofr_ted_spread,動能 (10Y-SMA125) + 強度 (NQ 52W區間) + 存續期間避險 (TLT-SHY) + 波動度 (MOVE偏態) + 殖利率曲線 (10Y-2Y) + 通膨意外 (CPI-10YBE) + IG企業債利差 + SOFR-3M利差,8,-0.052958548648350305,-0.0593227165434263,,3.2157453936348404,199,15,6.1524288107202665,9.368174204355107,39.19597989949749,100.0,-0.9538949063857282,-0.3750167589931344,0.0
momentum+curve+cand_copper_gold+cand_swap_spread+cand_sofr_ted_spread+cand_inflation_1y,動能 (10Y-SMA125) + 殖利率曲線 (10Y-2Y) + 銅金比報酬差 + 10Y Swap Spread + SOFR-3M利差 + 1年通膨預期價差,6,-0.0073566969492761015,0.008456363640635537,,3.2093023255814055,43,7,7.425538545440385,10.63484087102179,44.18604651162791,100.0,-0.3196454238332149,-0.21419615612235993,0.0
momentum+strength+duration+move+curve+inflation+cand_copper_gold+cand_credit_spread+cand_sofr_ted_spread,動能 (10Y-SMA125) + 強度 (NQ 52W區間) + 存續期間避險 (TLT-SHY) + 波動度 (MOVE偏態) + 殖利率曲線 (10Y-2Y) + 通膨意外 (CPI-10YBE) + 銅金比報酬差 + IG企業債利差 + SOFR-3M利差,9,-0.03518111731525785,-0.023211084765614044,,3.1993464052287592,153,2,6.935494465793017,10.134840871021776,39.21568627450981,100.0,-0.5867755880757981,-0.27852252947051165,0.0
strength+inflation+cand_swap_spread+cand_sofr_ted_spread,強度 (NQ 52W區間) + 通膨意外 (CPI-10YBE) + 10Y Swap Spread + SOFR-3M利差,4,-0.025425174040139525,-0.020724534599591955,,3.081908831908833,78,108,2.8399690761499814,5.921877908058814,58.97435897435898,64.81481481481481,0.2990457472070543,-1.4237728430613177,-4.761053639313323
duration+move+cand_copper_gold+cand_credit_spread+cand_sofr_ted_spread,存續期間避險 (TLT-SHY) + 波動度 (MOVE偏態) + 銅金比報酬差 + IG企業債利差 + SOFR-3M利差,5,-0.0024949907293429618,0.0055012878990806134,,3.0495945469502868,127,67,9.256888115116265,12.306482662066552,36.22047244094488,70.1492537313433,-0.25918053961094,-0.1682148947320341,0.0
momentum+move+inflation+cand_credit_spread+cand_swap_spread+cand_inflation_1y,動能 (10Y-SMA125) + 波動度 (MOVE偏態) + 通膨意外 (CPI-10YBE) + IG企業債利差 + 10Y Swap Spread + 1年通膨預期價差,6,-0.038695711100915076,-0.07698019692012223,,3.040404040404031,55,18,25.81665905283997,28.857063093244,12.727272727272727,100.0,-0.8664650739472307,-1.6988795666123444,0.0
momentum+strength+curve+inflation+cand_copper_gold+cand_sofr_ted_spread,動能 (10Y-SMA125) + 強度 (NQ 52W區間) + 殖利率曲線 (10Y-2Y) + 通膨意外 (CPI-10YBE) + 銅金比報酬差 + SOFR-3M利差,6,-0.03344509929138008,-0.0028373922422134396,,3.014793433158943,241,46,3.4896126552541396,6.5044060884130825,44.398340248962654,63.04347826086957,-0.18744898088101308,0.0031602099586351623,0.0
momentum+strength+duration+cand_copper_gold+cand_credit_spread+cand_swap_spread+cand_sofr_ted_spread,動能 (10Y-SMA125) + 強度 (NQ 52W區間) + 存續期間避險 (TLT-SHY) + 銅金比報酬差 + IG企業債利差 + 10Y Swap Spread + SOFR-3M利差,7,-0.006849007722943877,0.014548379869129411,,2.9884032114183645,57,59,5.476946134179671,8.465349345598035,36.84210526315789,79.66101694915254,0.12128047710384003,-0.06578914296022716,-0.5424545197319652
duration+move+cand_swap_spread+cand_sofr_ted_spread,存續期間避險 (TLT-SHY) + 波動度 (MOVE偏態) + 10Y Swap Spread + SOFR-3M利差,4,-0.033450356139721506,-0.07874043775196532,,2.985,200,100,2.7798408710217735,5.764840871021773,45.5,61.0,-0.6682839791784407,-1.0230349680692388,0.0
momentum+strength+duration+curve+inflation+cand_credit_spread+cand_inflation_1y,動能 (10Y-SMA125) + 強度 (NQ 52W區間) + 存續期間避險 (TLT-SHY) + 殖利率曲線 (10Y-2Y) + 通膨意外 (CPI-10YBE) + IG企業債利差 + 1年通膨預期價差,7,-0.066440709002149,-0.08498895425005847,,2.9613733905579096,233,1,8.673467480463835,11.634840871021744,34.33476394849785,100.0,-0.969386209721909,-0.2902561886875779,0.0
duration+move+cand_copper_gold+cand_inflation_1y,存續期間避險 (TLT-SHY) + 波動度 (MOVE偏態) + 銅金比報酬差 + 1年通膨預期價差,4,-0.041031804847337185,-0.0710653396519044,,2.9500000000000046,120,48,14.393174204355107,17.343174204355112,31.666666666666664,87.5,-1.0362338821740367,-0.375024877133905,0.0
duration+curve+cand_swap_spread+cand_sofr_ted_spread+cand_inflation_1y,存續期間避險 (TLT-SHY) + 殖利率曲線 (10Y-2Y) + 10Y Swap Spread + SOFR-3M利差 + 1年通膨預期價差,5,-0.06915945939741952,-0.11965904288822639,,2.931372549019615,68,12,11.120134988668834,14.05150753768845,47.05882352941176,100.0,-1.4011912094464671,-0.6327162942419987,0.0
strength+duration+inflation+cand_swap_spread+cand_sofr_ted_spread+cand_inflation_1y,強度 (NQ 52W區間) + 存續期間避險 (TLT-SHY) + 通膨意外 (CPI-10YBE) + 10Y Swap Spread + SOFR-3M利差 + 1年通膨預期價差,6,-0.06257380783618673,-0.08501439946532208,,2.9273504273504223,99,26,8.745951982132887,11.673302409483309,32.323232323232325,92.3076923076923,-0.9366553331561018,-1.1113431715068143,0.0
duration+inflation+cand_copper_gold+cand_credit_spread+cand_swap_spread+cand_sofr_ted_spread,存續期間避險 (TLT-SHY) + 通膨意外 (CPI-10YBE) + 銅金比報酬差 + IG企業債利差 + 10Y Swap Spread + SOFR-3M利差,6,-0.00298159060280361,0.029082042840099423,,2.881734006733998,88,27,8.12347723465814,11.005211241392137,31.818181818181817,85.18518518518519,0.0643759765916258,-0.7588533781619868,-11.787834815708264
duration+inflation+cand_copper_gold+cand_credit_spread+cand_sofr_ted_spread+cand_inflation_1y,存續期間避險 (TLT-SHY) + 通膨意外 (CPI-10YBE) + 銅金比報酬差 + IG企業債利差 + SOFR-3M利差 + 1年通膨預期價差,6,-0.037042837880749885,-0.032942419428071495,,2.8796992481202963,152,14,9.397998765758617,12.277698013878913,34.21052631578947,100.0,-0.7482306409900171,-0.45306869942823386,0.0
curve+inflation+cand_swap_spread+cand_sofr_ted_spread,殖利率曲線 (10Y-2Y) + 通膨意外 (CPI-10YBE) + 10Y Swap Spread + SOFR-3M利差,4,-0.03427168137275335,-0.016679706792924773,,2.872483221476509,149,1,-9.237642350454736,-6.365159128978227,69.12751677852349,0.0,-0.029203265733285463,-1.291316916080603,0.0
move+inflation+cand_credit_spread+cand_sofr_ted_spread,波動度 (MOVE偏態) + 通膨意外 (CPI-10YBE) + IG企業債利差 + SOFR-3M利差,4,-0.04440980247242238,-0.06652306991164836,,2.8603049680275436,214,95,5.195588534573179,8.055893502600723,43.925233644859816,80.0,-0.4828193754861234,-1.2566004944913431,0.0
duration+curve+cand_copper_gold+cand_swap_spread+cand_sofr_ted_spread+cand_inflation_1y,存續期間避險 (TLT-SHY) + 殖利率曲線 (10Y-2Y) + 銅金比報酬差 + 10Y Swap Spread + SOFR-3M利差 + 1年通膨預期價差,6,-0.03005692491524603,-0.03640328288922363,,2.8481481481481445,27,20,10.486692722873629,13.334840871021774,44.44444444444444,100.0,-0.5552379756389143,-0.4069521378976972,0.0
move+cand_copper_gold+cand_credit_spread,波動度 (MOVE偏態) + 銅金比報酬差 + IG企業債利差,3,0.026788506673510834,0.04369081096800576,,2.822858142994663,293,195,1.0068545228989074,3.8297126658935703,50.51194539249146,58.46153846153847,0.39851266597890816,-0.6900522824578448,-1.7315692608233606
inflation+cand_copper_gold,通膨意外 (CPI-10YBE) + 銅金比報酬差,2,0.009375002362769488,0.04791151794376947,,2.8138888888888927,450,360,-2.020714684533783,0.7931742043551099,52.888888888888886,56.111111111111114,0.5798812256140272,-0.5934607939226253,-1.0234178443942876
momentum+move+cand_credit_spread+cand_inflation_1y,動能 (10Y-SMA125) + 波動度 (MOVE偏態) + IG企業債利差 + 1年通膨預期價差,4,-0.05148297914585876,-0.09492983454706952,,2.7200616095494787,98,53,16.594024544491166,19.314086154040645,26.53061224489796,86.79245283018868,-1.1784646330047523,-0.6040157493555784,0.0
move+curve+inflation+cand_copper_gold+cand_credit_spread+cand_swap_spread+cand_sofr_ted_spread,波動度 (MOVE偏態) + 殖利率曲線 (10Y-2Y) + 通膨意外 (CPI-10YBE) + 銅金比報酬差 + IG企業債利差 + 10Y Swap Spread + SOFR-3M利差,7,-0.01979896220235561,-0.0015754022184380034,,2.7044448432639423,112,0,-2.7044448432639423,0.0,59.82142857142857,0.0,0.2555041550373887,-1.6826431303235365,-6.5855803013352565
move+cand_sofr_ted_spread,波動度 (MOVE偏態) + SOFR-3M利差,2,-0.010666766670367292,-0.023676617473368664,,2.6898335219007627,538,322,0.292833436077536,2.982666957978299,54.08921933085502,56.83229813664597,-0.38422324662422,-0.5122704911825694,0.0
curve+inflation+cand_copper_gold+cand_credit_spread,殖利率曲線 (10Y-2Y) + 通膨意外 (CPI-10YBE) + 銅金比報酬差 + IG企業債利差,4,-0.020861423490960984,0.009603231950427813,,2.6561743341404362,336,177,-0.6032543670734638,2.0529199670669724,49.702380952380956,52.54237288135594,0.17129467423671582,-0.8723263472820606,-5.092547980076566
duration+inflation+cand_copper_gold+cand_credit_spread+cand_inflation_1y,存續期間避險 (TLT-SHY) + 通膨意外 (CPI-10YBE) + 銅金比報酬差 + IG企業債利差 + 1年通膨預期價差,5,-0.03891582413547349,-0.03503118149253255,,2.639423076923073,156,16,9.307917794098698,11.94734087102177,32.05128205128205,100.0,-0.7258845234666905,-0.6303845052862842,0.0
momentum+cand_credit_spread,動能 (10Y-SMA125) + IG企業債利差,2,-0.02989009679783857,-0.03862680841641631,,2.580159265757859,239,155,3.848229992360689,6.428389258118548,39.33054393305439,61.935483870967744,-0.573027273348932,0.9674195526618385,0.0
duration+curve+cand_copper_gold+cand_sofr_ted_spread,存續期間避險 (TLT-SHY) + 殖利率曲線 (10Y-2Y) + 銅金比報酬差 + SOFR-3M利差,4,-0.018914595938421586,0.02362538592942654,,2.541884360849877,261,44,-3.384316217100831,-0.842431856250954,53.63984674329502,31.818181818181817,-0.3287576870789472,0.7609392008238443,0.0
curve+inflation+cand_swap_spread,殖利率曲線 (10Y-2Y) + 通膨意外 (CPI-10YBE) + 10Y Swap Spread,3,-0.048011319944847704,-0.05858299091219453,,2.5340216830149718,149,195,-9.237642350454736,-6.703620667439765,69.12751677852349,34.35897435897436,0.004403378456184631,-0.9135700270060302,-207.4702495132807
duration+cand_copper_gold+cand_swap_spread,存續期間避險 (TLT-SHY) + 銅金比報酬差 + 10Y Swap Spread,3,0.020358020310567874,0.02902155612349808,,2.4321428571428596,30,280,-3.3651591289782257,-0.9330162718353661,63.33333333333333,52.142857142857146,0.39326462402359996,-0.13001045873026593,-0.330592814070314
momentum+cand_copper_gold+cand_sofr_ted_spread,動能 (10Y-SMA125) + 銅金比報酬差 + SOFR-3M利差,3,0.03205138066066167,0.10311965015397995,,2.396002615111609,258,83,0.479802111331853,2.875804726443462,49.6124031007752,42.168674698795186,0.1294968696123679,1.2139316063800223,9.374215840226634
duration+curve+cand_copper_gold+cand_credit_spread+cand_sofr_ted_spread,存續期間避險 (TLT-SHY) + 殖利率曲線 (10Y-2Y) + 銅金比報酬差 + IG企業債利差 + SOFR-3M利差,5,-0.015391035186391549,0.01979712197114467,,2.3918503556687414,193,59,-1.6553145693927327,0.7365357862760086,52.84974093264248,52.54237288135594,-0.19093548050364706,0.2332493037188375,0.0
strength+duration+curve+inflation+cand_copper_gold+cand_swap_spread+cand_sofr_ted_spread,強度 (NQ 52W區間) + 存續期間避險 (TLT-SHY) + 殖利率曲線 (10Y-2Y) + 通膨意外 (CPI-10YBE) + 銅金比報酬差 + 10Y Swap Spread + SOFR-3M利差,7,-0.04019025335434376,-0.008593139256577677,,2.3817204301075154,62,6,3.5864537742475786,5.968174204355094,38.70967741935484,83.33333333333334,-0.010231953345933072,-0.5836236572214532,0.0
momentum+cand_copper_gold+cand_credit_spread+cand_sofr_ted_spread,動能 (10Y-SMA125) + 銅金比報酬差 + IG企業債利差 + SOFR-3M利差,4,0.03450975368225468,0.08604454521873799,,2.3349709114414976,170,91,2.3877820474923643,4.722752958933862,48.8235294117647,46.15384615384615,0.19383574028341038,0.4685057626299067,2.4170246516194425
duration+curve+inflation+cand_copper_gold+cand_credit_spread+cand_swap_spread+cand_sofr_ted_spread+cand_inflation_1y,存續期間避險 (TLT-SHY) + 殖利率曲線 (10Y-2Y) + 通膨意外 (CPI-10YBE) + 銅金比報酬差 + IG企業債利差 + 10Y Swap Spread + SOFR-3M利差 + 1年通膨預期價差,8,-0.034492734074887954,-0.017943425823383645,,2.289682539682522,63,4,14.095158331339233,16.384840871021755,30.158730158730158,100.0,-0.5165164576290853,-0.9719742363371331,0.0
duration+curve+inflation+cand_copper_gold+cand_credit_spread+cand_swap_spread+cand_inflation_1y,存續期間避險 (TLT-SHY) + 殖利率曲線 (10Y-2Y) + 通膨意外 (CPI-10YBE) + 銅金比報酬差 + IG企業債利差 + 10Y Swap Spread + 1年通膨預期價差,7,-0.038460220604878345,-0.027354189742367134,,2.289682539682522,63,4,14.095158331339233,16.384840871021755,30.158730158730158,100.0,-0.48847622228020576,-0.9720162916285299,0.0
momentum+curve+inflation,動能 (10Y-SMA125) + 殖利率曲線 (10Y-2Y) + 通膨意外 (CPI-10YBE),3,-0.06396747243452174,-0.07164033621496303,,2.2814063556457134,435,85,5.294610985964304,7.576017341610017,39.310344827586206,77.64705882352942,-0.9954071257452195,0.26767680968799573,0.0
strength+curve+inflation+cand_copper_gold+cand_sofr_ted_spread,強度 (NQ 52W區間) + 殖利率曲線 (10Y-2Y) + 通膨意外 (CPI-10YBE) + 銅金比報酬差 + SOFR-3M利差,5,-0.03502654252825086,-0.00627040152644217,,2.280612244897961,268,196,1.134840871021773,3.415453115919734,50.0,58.673469387755105,0.2360083054107169,-0.619918262107663,-2.626679857850092
strength+duration+cand_copper_gold+cand_credit_spread+cand_swap_spread+cand_sofr_ted_spread,強度 (NQ 52W區間) + 存續期間避險 (TLT-SHY) + 銅金比報酬差 + IG企業債利差 + 10Y Swap Spread + SOFR-3M利差,6,-0.0008105821493129724,0.024851460717357363,,2.1908163265306086,49,140,3.451167401634022,5.641983728164631,48.97959183673469,60.71428571428571,0.5781993929240047,-0.5068498419729893,-0.8766004395297019
strength+duration+curve+inflation+cand_credit_spread+cand_swap_spread+cand_sofr_ted_spread+cand_inflation_1y,強度 (NQ 52W區間) + 存續期間避險 (TLT-SHY) + 殖利率曲線 (10Y-2Y) + 通膨意外 (CPI-10YBE) + IG企業債利差 + 10Y Swap Spread + SOFR-3M利差 + 1年通膨預期價差,8,-0.051911816709904676,-0.046621358317683936,,2.1758241758241255,91,1,10.4590166951976,12.634840871021725,37.362637362637365,100.0,-0.7481417963890661,-1.1832401034184006,0.0
strength+curve+inflation+cand_copper_gold+cand_credit_spread+cand_sofr_ted_spread,強度 (NQ 52W區間) + 殖利率曲線 (10Y-2Y) + 通膨意外 (CPI-10YBE) + 銅金比報酬差 + IG企業債利差 + SOFR-3M利差,6,-0.02920791521164518,-0.003201953413640269,,2.168044349849034,227,178,1.3881448357794821,3.556189185628516,52.42290748898678,56.17977528089888,0.2675041294879962,-0.7372175493333861,-2.7559109115228355
strength+move+curve+inflation+cand_copper_gold+cand_credit_spread+cand_swap_spread,強度 (NQ 52W區間) + 波動度 (MOVE偏態) + 殖利率曲線 (10Y-2Y) + 通膨意外 (CPI-10YBE) + 銅金比報酬差 + IG企業債利差 + 10Y Swap Spread,7,-0.02854547491745236,-0.02025406742280587,,2.153628117913836,98,36,2.6756571975523875,4.829285315466223,53.06122448979592,66.66666666666666,0.3795167376435862,-1.4364256786870746,-3.7848809715371723
strength+duration+curve+inflation+cand_swap_spread+cand_sofr_ted_spread+cand_inflation_1y,強度 (NQ 52W區間) + 存續期間避險 (TLT-SHY) + 殖利率曲線 (10Y-2Y) + 通膨意外 (CPI-10YBE) + 10Y Swap Spread + SOFR-3M利差 + 1年通膨預期價差,7,-0.05886818714296401,-0.06798661047847467,,2.119999999999976,125,2,13.514840871021772,15.634840871021748,30.4,100.0,-0.9903608738286417,-0.9543306338619792,0.0
curve+inflation+cand_copper_gold+cand_sofr_ted_spread+cand_inflation_1y,殖利率曲線 (10Y-2Y) + 通膨意外 (CPI-10YBE) + 銅金比報酬差 + SOFR-3M利差 + 1年通膨預期價差,5,-0.04029170704833994,-0.007236958956220136,,2.095427059712775,196,54,6.854228626123814,8.94965568583659,38.265306122448976,77.77777777777779,-0.3831987391658002,-0.7859114204357192,0.0
inflation+cand_copper_gold+cand_credit_spread+cand_sofr_ted_spread,通膨意外 (CPI-10YBE) + 銅金比報酬差 + IG企業債利差 + SOFR-3M利差,4,0.0224521972019094,0.06012390008974451,,2.051234962205899,372,202,1.0192494731723125,3.0704844353782113,48.11827956989247,56.43564356435643,0.4201758655023921,-0.582154213966996,-1.3855013144815709
inflation+cand_copper_gold+cand_swap_spread+cand_inflation_1y,通膨意外 (CPI-10YBE) + 銅金比報酬差 + 10Y Swap Spread + 1年通膨預期價差,4,-0.018894347294208903,-0.026110612156755465,,2.016666666666665,216,135,-3.1892332030522996,-1.172566536385635,55.55555555555556,54.074074074074076,0.21633851930836245,-1.283047634751421,-5.930740576635839
duration+curve+cand_copper_gold+cand_credit_spread+cand_swap_spread+cand_sofr_ted_spread,存續期間避險 (TLT-SHY) + 殖利率曲線 (10Y-2Y) + 銅金比報酬差 + IG企業債利差 + 10Y Swap Spread + SOFR-3M利差,6,-0.012647449823109003,0.01740390310914318,,2.0032467532467435,22,28,2.953022689203593,4.956269442450337,36.36363636363637,71.42857142857143,0.17060843610946907,-0.3227287130959012,-1.8916339687260586
duration+cand_copper_gold+cand_credit_spread,存續期間避險 (TLT-SHY) + 銅金比報酬差 + IG企業債利差,3,0.0012580539922234376,0.023816825207233425,,1.974562211981565,217,175,0.5288500876116382,2.503412299593203,46.54377880184332,58.857142857142854,-0.011802974557157545,0.19359893215514304,0.0
momentum+move+cand_swap_spread+cand_sofr_ted_spread+cand_inflation_1y,動能 (10Y-SMA125) + 波動度 (MOVE偏態) + 10Y Swap Spread + SOFR-3M利差 + 1年通膨預期價差,5,-0.03534862500227869,-0.08978106229786059,,1.9495584493339404,131,102,13.940184382472154,15.889742831806094,35.11450381679389,76.47058823529412,-0.9493109532805439,-1.1504016000765573,0.0
strength+duration+inflation+cand_copper_gold+cand_swap_spread+cand_sofr_ted_spread+cand_inflation_1y,強度 (NQ 52W區間) + 存續期間避險 (TLT-SHY) + 通膨意外 (CPI-10YBE) + 銅金比報酬差 + 10Y Swap Spread + SOFR-3M利差 + 1年通膨預期價差,7,-0.03466395982096899,-0.018059014615758442,,1.929590017825305,66,34,9.528780264961169,11.458370282786474,33.33333333333333,94.11764705882352,-0.32788527895147257,-0.8794605269507545,0.0
momentum+strength+curve+cand_swap_spread+cand_sofr_ted_spread+cand_inflation_1y,動能 (10Y-SMA125) + 強度 (NQ 52W區間) + 殖利率曲線 (10Y-2Y) + 10Y Swap Spread + SOFR-3M利差 + 1年通膨預期價差,6,-0.04087245021131967,-0.034524843186578495,,1.9246031746031864,63,8,11.460237696418599,13.384840871021785,33.33333333333333,100.0,-0.614935649536516,-0.6223585062947543,0.0
momentum+strength+duration+curve+cand_copper_gold+cand_swap_spread+cand_sofr_ted_spread,動能 (10Y-SMA125) + 強度 (NQ 52W區間) + 存續期間避險 (TLT-SHY) + 殖利率曲線 (10Y-2Y) + 銅金比報酬差 + 10Y Swap Spread + SOFR-3M利差,7,-0.02281134198397486,0.002802833785121572,,1.906382978723399,47,10,7.528457892298364,9.434840871021763,29.78723404255319,70.0,-0.1543304024717704,0.18648431887025846,0.0
strength+curve+cand_credit_spread+cand_swap_spread+cand_sofr_ted_spread,強度 (NQ 52W區間) + 殖利率曲線 (10Y-2Y) + IG企業債利差 + 10Y Swap Spread + SOFR-3M利差,5,-0.022264734008629654,-0.0037617730101571446,,1.8890574214517886,71,65,-1.9003703965838579,-0.011312975132069197,66.19718309859155,44.61538461538462,0.5709089322453764,-1.0736532966069312,-1.8806034307157686
momentum+strength+duration+curve+cand_credit_spread+cand_swap_spread+cand_sofr_ted_spread+cand_inflation_1y,動能 (10Y-SMA125) + 強度 (NQ 52W區間) + 存續期間避險 (TLT-SHY) + 殖利率曲線 (10Y-2Y) + IG企業債利差 + 10Y Swap Spread + SOFR-3M利差 + 1年通膨預期價差,8,-0.05282617779157955,-0.06588911258073905,,1.8837209302325064,86,1,10.751119940789218,12.634840871021725,36.04651162790697,100.0,-0.8059936836080804,-0.4258694848210148,0.0
momentum+duration+cand_credit_spread+cand_swap_spread+cand_sofr_ted_spread,動能 (10Y-SMA125) + 存續期間避險 (TLT-SHY) + IG企業債利差 + 10Y Swap Spread + SOFR-3M利差,5,-0.032534734414567695,-0.0579201871665941,,1.876918323205274,133,73,11.401758164254858,13.278676487460132,21.804511278195488,75.34246575342466,-0.7842860039354356,0.42426287005101265,0.0
momentum+duration+move+inflation+cand_copper_gold+cand_credit_spread+cand_sofr_ted_spread,動能 (10Y-SMA125) + 存續期間避險 (TLT-SHY) + 波動度 (MOVE偏態) + 通膨意外 (CPI-10YBE) + 銅金比報酬差 + IG企業債利差 + SOFR-3M利差,7,-0.029607087708828306,-0.019773979367640044,,1.8684210526315859,114,11,8.766419818390194,10.63484087102178,33.33333333333333,100.0,-0.8527294310081664,0.012178305612657106,0.0
momentum+strength+duration+curve+cand_copper_gold+cand_credit_spread+cand_inflation_1y,動能 (10Y-SMA125) + 強度 (NQ 52W區間) + 存續期間避險 (TLT-SHY) + 殖利率曲線 (10Y-2Y) + 銅金比報酬差 + IG企業債利差 + 1年通膨預期價差,7,-0.03441528873859398,-0.023945513744912213,,1.8551724137930883,145,5,8.979668457228673,10.834840871021761,36.55172413793103,100.0,-0.5295346831470191,0.047503787766697926,0.0
momentum+cand_copper_gold+cand_inflation_1y,動能 (10Y-SMA125) + 銅金比報酬差 + 1年通膨預期價差,3,-0.015088037722436312,-0.014602564551751995,,1.8324425691514294,237,135,7.187583487055531,9.02002605620696,38.81856540084388,70.37037037037037,-0.5184725478544115,0.49949275272964927,0.0
strength+duration+curve+inflation+cand_copper_gold+cand_sofr_ted_spread,強度 (NQ 52W區間) + 存續期間避險 (TLT-SHY) + 殖利率曲線 (10Y-2Y) + 通膨意外 (CPI-10YBE) + 銅金比報酬差 + SOFR-3M利差,6,-0.04250931912459514,-0.030357148858577952,,1.795326349717974,219,51,4.584612560519489,6.379938910237463,41.55251141552511,64.70588235294117,-0.318173983657974,-0.1901167018592204,0.0
momentum+duration+curve+inflation+cand_credit_spread,動能 (10Y-SMA125) + 存續期間避險 (TLT-SHY) + 殖利率曲線 (10Y-2Y) + 通膨意外 (CPI-10YBE) + IG企業債利差,5,-0.06314270206941396,-0.08267499318287425,,1.7615894039735087,302,1,5.873251467048266,7.634840871021774,35.430463576158935,100.0,-1.102578496320543,0.4148563623802006,0.0
momentum+duration+move+inflation+cand_credit_spread+cand_swap_spread+cand_inflation_1y,動能 (10Y-SMA125) + 存續期間避險 (TLT-SHY) + 波動度 (MOVE偏態) + 通膨意外 (CPI-10YBE) + IG企業債利差 + 10Y Swap Spread + 1年通膨預期價差,7,-0.055211346470872356,-0.10343943373977434,,1.7150877192982428,75,38,20.288174204355116,22.00326192365336,14.666666666666666,92.10526315789474,-1.2094230330521514,-0.9575450994467364,0.0
curve+cand_sofr_ted_spread,殖利率曲線 (10Y-2Y) + SOFR-3M利差,2,-0.03442339430046563,0.014007119968578821,,1.7113628059919626,782,322,-1.8280747300012434,-0.11671192400928092,51.406649616368284,44.409937888198755,-0.26666657186272114,0.21977240524144334,0.0
momentum+duration+cand_copper_gold+cand_sofr_ted_spread+cand_inflation_1y,動能 (10Y-SMA125) + 存續期間避險 (TLT-SHY) + 銅金比報酬差 + SOFR-3M利差 + 1年通膨預期價差,5,-0.03449981352830744,-0.04217422735300533,,1.6778577138289377,278,72,4.512538712748396,6.190396426577333,44.24460431654676,52.77777777777778,-0.9507472721458083,0.9317859624451437,0.0
strength+move+cand_copper_gold+cand_credit_spread+cand_sofr_ted_spread,強度 (NQ 52W區間) + 波動度 (MOVE偏態) + 銅金比報酬差 + IG企業債利差 + SOFR-3M利差,5,0.008219822409881445,0.03396596974931276,,1.6732899807321786,173,192,3.3573842236229305,5.030674204355109,49.13294797687861,61.458333333333336,0.607500271969543,-0.6316430299170986,-1.0397411475541956
move+inflation+cand_copper_gold+cand_credit_spread,波動度 (MOVE偏態) + 通膨意外 (CPI-10YBE) + 銅金比報酬差 + IG企業債利差,4,-0.0018830364063029254,0.010795872597039284,,1.662244813620958,218,111,2.630253715058473,4.292498528679431,46.788990825688074,71.17117117117117,0.12477072953066488,-1.2789591670341978,-10.250474384858576
momentum+strength+duration+move+curve+inflation+cand_sofr_ted_spread,動能 (10Y-SMA125) + 強度 (NQ 52W區間) + 存續期間避險 (TLT-SHY) + 波動度 (MOVE偏態) + 殖利率曲線 (10Y-2Y) + 通膨意外 (CPI-10YBE) + SOFR-3M利差,7,-0.06139524305510157,-0.07900148620075119,,1.661764705882355,204,4,7.223076165139421,8.884840871021776,36.76470588235294,100.0,-1.1146470523045235,-0.10315902344754103,0.0
strength+move+cand_copper_gold+cand_swap_spread,強度 (NQ 52W區間) + 波動度 (MOVE偏態) + 銅金比報酬差 + 10Y Swap Spread,4,0.021495823668312226,0.03871742632680401,,1.6121577862820122,79,258,-4.314526217585819,-2.7023684313038063,64.55696202531645,45.73643410852713,0.8810173691309781,-1.208715501733258,-1.3719542248361305
inflation+cand_copper_gold+cand_credit_spread+cand_swap_spread+cand_sofr_ted_spread+cand_inflation_1y,通膨意外 (CPI-10YBE) + 銅金比報酬差 + IG企業債利差 + 10Y Swap Spread + SOFR-3M利差 + 1年通膨預期價差,6,0.013387868103273724,0.02807699236770082,,1.581382385730211,138,39,5.540637972471055,7.122020358201266,40.57971014492754,82.05128205128204,0.22872516160078699,-1.4495651247589485,-6.337584875287988
momentum+cand_credit_spread+cand_swap_spread+cand_sofr_ted_spread,動能 (10Y-SMA125) + IG企業債利差 + 10Y Swap Spread + SOFR-3M利差,4,0.022253706155136502,0.01450703207555011,,1.5578358208955212,64,67,13.509840871021776,15.067676691917297,17.1875,76.11940298507463,-0.08322381766462024,-0.4029727994561648,0.0
momentum+strength+move+cand_copper_gold+cand_credit_spread+cand_swap_spread+cand_sofr_ted_spread,動能 (10Y-SMA125) + 強度 (NQ 52W區間) + 波動度 (MOVE偏態) + 銅金比報酬差 + IG企業債利差 + 10Y Swap Spread + SOFR-3M利差,7,0.014594775199302985,0.04371606438374591,,1.5128205128205092,47,39,8.634840871021774,10.147661383842284,46.808510638297875,69.23076923076923,0.47503573448397357,-0.7599304617514114,-1.5997332549664207
strength+duration+inflation+cand_credit_spread+cand_swap_spread+cand_sofr_ted_spread+cand_inflation_1y,強度 (NQ 52W區間) + 存續期間避險 (TLT-SHY) + 通膨意外 (CPI-10YBE) + IG企業債利差 + 10Y Swap Spread + SOFR-3M利差 + 1年通膨預期價差,7,-0.0552326778201526,-0.06690816207856255,,1.4886363636363544,88,22,13.100749961930866,14.58938632556722,30.681818181818183,90.9090909090909,-0.6748114229553566,-1.303676021142053,0.0
curve+cand_credit_spread+cand_sofr_ted_spread,殖利率曲線 (10Y-2Y) + IG企業債利差 + SOFR-3M利差,3,-0.011042314614938166,0.026972352741572097,,1.4421312632321819,442,218,-0.40362066743976377,1.0385105957924181,54.52488687782805,49.08256880733945,-0.13524541806521329,-0.2840734892152683,0.0
move+curve+cand_copper_gold+cand_credit_spread+cand_swap_spread,波動度 (MOVE偏態) + 殖利率曲線 (10Y-2Y) + 銅金比報酬差 + IG企業債利差 + 10Y Swap Spread,5,-0.002522036261745474,0.00162490554568609,,1.4079670329670382,104,7,-8.20169759051669,-6.793730557549651,68.26923076923077,0.0,0.4638038861447434,-1.4283882549875782,-3.0797246371967835
momentum+strength+duration+cand_credit_spread+cand_swap_spread+cand_sofr_ted_spread,動能 (10Y-SMA125) + 強度 (NQ 52W區間) + 存續期間避險 (TLT-SHY) + IG企業債利差 + 10Y Swap Spread + SOFR-3M利差,6,-0.031202108398891353,-0.040104428010260096,,1.404585537918864,81,70,9.573112475960047,10.97769801387891,28.39506172839506,82.85714285714286,-0.3795415712570484,-0.14146584354783492,0.0
strength+move+curve+cand_copper_gold+cand_credit_spread+cand_sofr_ted_spread,強度 (NQ 52W區間) + 波動度 (MOVE偏態) + 殖利率曲線 (10Y-2Y) + 銅金比報酬差 + IG企業債利差 + SOFR-3M利差,6,-0.009282902631664574,0.02302715427782169,,1.3617896311066808,177,136,0.9568747693268616,2.3186644004335424,55.367231638418076,52.94117647058824,0.3602737910780733,-0.668462686394518,-1.8554296841694446
momentum+move+inflation+cand_inflation_1y,動能 (10Y-SMA125) + 波動度 (MOVE偏態) + 通膨意外 (CPI-10YBE) + 1年通膨預期價差,4,-0.06229965764000278,-0.1030123004193389,,1.3555008210180564,261,42,9.255530526194189,10.611031347212245,37.547892720306514,78.57142857142857,-1.5613908936341396,-0.6376342446422665,0.0
momentum+cand_copper_gold,動能 (10Y-SMA125) + 銅金比報酬差,2,0.012958412368969467,0.06168221372361654,,1.332950191570878,261,180,-1.2425537649935485,0.09039642657732945,53.25670498084292,47.77777777777778,0.07344014178012333,1.3277895935292394,18.079888754907163
strength+duration+inflation+cand_copper_gold+cand_credit_spread+cand_swap_spread+cand_sofr_ted_spread,強度 (NQ 52W區間) + 存續期間避險 (TLT-SHY) + 通膨意外 (CPI-10YBE) + 銅金比報酬差 + IG企業債利差 + 10Y Swap Spread + SOFR-3M利差,7,-0.016121148816424697,0.019428393624937534,,1.3039452495974175,92,54,2.6457104362391677,3.949655685836585,47.82608695652174,66.66666666666666,0.22496786935181576,-0.8092428395101792,-3.597148525439629
strength+duration+inflation+cand_copper_gold+cand_credit_spread+cand_swap_spread+cand_sofr_ted_spread+cand_inflation_1y,強度 (NQ 52W區間) + 存續期間避險 (TLT-SHY) + 通膨意外 (CPI-10YBE) + 銅金比報酬差 + IG企業債利差 + 10Y Swap Spread + SOFR-3M利差 + 1年通膨預期價差,8,-0.027461925872968296,-0.012244698921980268,,1.3038961038960917,77,35,9.102373338554242,10.406269442450334,36.36363636363637,94.28571428571428,-0.16560251048210223,-1.002594257680225,0.0
strength+inflation+cand_copper_gold+cand_credit_spread+cand_swap_spread+cand_sofr_ted_spread+cand_inflation_1y,強度 (NQ 52W區間) + 通膨意外 (CPI-10YBE) + 銅金比報酬差 + IG企業債利差 + 10Y Swap Spread + SOFR-3M利差 + 1年通膨預期價差,7,-0.004165009954389404,0.021774457537750824,,1.2998795664391762,94,53,6.48590470080901,7.785784267248186,47.87234042553192,83.01886792452831,0.3700699464259522,-1.3122183319021454,-3.5458657061326893
momentum+strength+move+curve+inflation+cand_credit_spread+cand_sofr_ted_spread,動能 (10Y-SMA125) + 強度 (NQ 52W區間) + 波動度 (MOVE偏態) + 殖利率曲線 (10Y-2Y) + 通膨意外 (CPI-10YBE) + IG企業債利差 + SOFR-3M利差,7,-0.05154566881349798,-0.047676253765591065,,1.2875739644970405,169,10,8.747266906524732,10.034840871021773,38.46153846153847,100.0,-0.6521855071138436,-0.86813004401021,0.0
duration+move+cand_copper_gold+cand_credit_spread+cand_inflation_1y,存續期間避險 (TLT-SHY) + 波動度 (MOVE偏態) + 銅金比報酬差 + IG企業債利差 + 1年通膨預期價差,5,-0.03286496649611505,-0.051279782185292576,,1.2833058457027633,107,51,13.214280123358224,14.497585969060987,25.233644859813083,82.35294117647058,-0.7177512613230721,-0.5486567148656836,0.0
strength+move+cand_copper_gold+cand_sofr_ted_spread,強度 (NQ 52W區間) + 波動度 (MOVE偏態) + 銅金比報酬差 + SOFR-3M利差,4,0.011651753311717191,0.04946150015390487,,1.248796880185866,131,184,4.337130947357651,5.585927827543517,49.61832061068702,68.47826086956522,0.74282075873293,-0.5881495862315888,-0.791778607849931
momentum+curve+inflation+cand_copper_gold+cand_swap_spread+cand_sofr_ted_spread,動能 (10Y-SMA125) + 殖利率曲線 (10Y-2Y) + 通膨意外 (CPI-10YBE) + 銅金比報酬差 + 10Y Swap Spread + SOFR-3M利差,6,-0.01795222089749824,0.0364040458098646,,1.2248082517852366,57,0,-1.2248082517852366,0.0,50.877192982456144,0.0,-0.05026560296304185,-0.21487409325275758,0.0
duration+curve+cand_copper_gold+cand_credit_spread+cand_sofr_ted_spread+cand_inflation_1y,存續期間避險 (TLT-SHY) + 殖利率曲線 (10Y-2Y) + 銅金比報酬差 + IG企業債利差 + SOFR-3M利差 + 1年通膨預期價差,6,-0.03625371637050289,-0.01849743828328419,,1.2222222222222037,126,9,9.079285315466224,10.301507537688428,39.682539682539684,77.77777777777779,-0.6099880362836478,-0.08876330312990498,0.0
inflation+cand_copper_gold+cand_swap_spread,通膨意外 (CPI-10YBE) + 銅金比報酬差 + 10Y Swap Spread,3,-0.0016119577067038855,0.03028257889922352,,1.2197159565580629,266,252,-7.338843339504541,-6.119127382946478,63.90977443609023,37.698412698412696,0.9166552494613942,-0.9817981089829262,-1.0710658227941294
strength+duration+move+cand_copper_gold+cand_credit_spread+cand_swap_spread+cand_sofr_ted_spread,強度 (NQ 52W區間) + 存續期間避險 (TLT-SHY) + 波動度 (MOVE偏態) + 銅金比報酬差 + IG企業債利差 + 10Y Swap Spread + SOFR-3M利差,7,-0.0023349465490176257,0.009403554136045418,,1.2143826322930762,66,67,4.27120450738541,5.485587139678486,51.515151515151516,62.68656716417911,0.30509592000319563,-0.7886781172650555,-2.585016926010662
duration+cand_swap_spread+cand_sofr_ted_spread+cand_inflation_1y,存續期間避險 (TLT-SHY) + 10Y Swap Spread + SOFR-3M利差 + 1年通膨預期價差,4,-0.04403755250695606,-0.10854231204696062,,1.2097956307258588,172,165,4.437166452417127,5.646962083142986,45.348837209302324,64.24242424242425,-1.027407493321633,-0.7317801523935784,0.0
duration+curve+cand_copper_gold+cand_credit_spread,存續期間避險 (TLT-SHY) + 殖利率曲線 (10Y-2Y) + 銅金比報酬差 + IG企業債利差,4,-0.025157750272524045,0.0005348992567786086,,1.1787802285410538,212,71,-1.4453478082235058,-0.266567579682452,52.358490566037744,49.29577464788733,-0.22129599924401713,0.20465831693524675,0.0
move+inflation+cand_swap_spread+cand_sofr_ted_spread,波動度 (MOVE偏態) + 通膨意外 (CPI-10YBE) + 10Y Swap Spread + SOFR-3M利差,4,-0.03285806035296046,-0.06684662603948655,,1.047186778747812,217,0,-1.047186778747812,0.0,57.14285714285714,0.0,-0.110836575866538,-3.2279834833450933,0.0
cand_swap_spread,10Y Swap Spread,1,-0.0019853739516204477,-0.04278780493192296,,1.030452926927895,591,1293,-1.7018765570662127,-0.6714236301383176,50.592216582064296,50.580046403712295,0.6813722721625248,-1.211505562576376,-1.778037663216505
strength+duration+inflation+cand_credit_spread+cand_swap_spread+cand_sofr_ted_spread,強度 (NQ 52W區間) + 存續期間避險 (TLT-SHY) + 通膨意外 (CPI-10YBE) + IG企業債利差 + 10Y Swap Spread + SOFR-3M利差,6,-0.03793507618978722,-0.03764059763302411,,1.0089285714285623,96,35,10.197340871021774,11.206269442450337,30.208333333333332,85.71428571428571,-0.30035633550759655,-1.1031349156130077,0.0
strength+cand_copper_gold,強度 (NQ 52W區間) + 銅金比報酬差,2,0.01086932584695973,0.056462818489342446,,0.9105791962174961,188,720,-1.1896272140846087,-0.2790480178671127,55.319148936170215,52.77777777777778,1.2376942557345463,-0.36643910096673005,-0.2960659300703112
duration+cand_credit_spread+cand_inflation_1y,存續期間避險 (TLT-SHY) + IG企業債利差 + 1年通膨預期價差,3,-0.06844737240209935,-0.11516213488044229,,0.8954431960049938,216,89,8.82928531546622,9.724728511471215,33.33333333333333,70.78651685393258,-1.1853819619456165,-0.34761771819391646,0.0
momentum+strength+duration+cand_swap_spread+cand_sofr_ted_spread,動能 (10Y-SMA125) + 強度 (NQ 52W區間) + 存續期間避險 (TLT-SHY) + 10Y Swap Spread + SOFR-3M利差,5,-0.03349206980140782,-0.04310926379263234,,0.8373493975903603,70,83,5.134840871021775,5.9721902686121355,34.285714285714285,72.28915662650603,-0.5668045524541047,0.2057534131147652,0.0
momentum+strength+duration+inflation+cand_copper_gold+cand_credit_spread+cand_swap_spread+cand_sofr_ted_spread,動能 (10Y-SMA125) + 強度 (NQ 52W區間) + 存續期間避險 (TLT-SHY) + 通膨意外 (CPI-10YBE) + 銅金比報酬差 + IG企業債利差 + 10Y Swap Spread + SOFR-3M利差,8,-0.02449711030581421,0.008583913549908074,,0.8155555555555338,100,9,7.3748408710217745,8.190396426577308,36.0,88.88888888888889,-0.1665098131635694,-0.36182145976410596,0.0
curve+inflation,殖利率曲線 (10Y-2Y) + 通膨意外 (CPI-10YBE),2,-0.05983600020296057,-0.053470635893769825,,0.756426272950975,587,225,2.38952570918191,3.145951982132885,42.24872231686542,57.77777777777777,-0.53777976040914,-0.6045656080829218,0.0
strength+curve+inflation+cand_copper_gold+cand_credit_spread+cand_sofr_ted_spread+cand_inflation_1y,強度 (NQ 52W區間) + 殖利率曲線 (10Y-2Y) + 通膨意外 (CPI-10YBE) + 銅金比報酬差 + IG企業債利差 + SOFR-3M利差 + 1年通膨預期價差,7,-0.03200630142614906,-0.000544157728862262,,0.7474899328859079,149,125,7.1113509381358675,7.858840871021775,41.61073825503356,75.2,-0.08280272063245359,-0.9356610875015877,0.0
strength+move+curve+inflation+cand_credit_spread,強度 (NQ 52W區間) + 波動度 (MOVE偏態) + 殖利率曲線 (10Y-2Y) + 通膨意外 (CPI-10YBE) + IG企業債利差,5,-0.05726305077170905,-0.068803810274552,,0.7279714826779573,191,141,4.587720452173606,5.315691934851563,50.26178010471204,68.79432624113475,-0.2851387864292064,-1.48959422614494,0.0
move+cand_copper_gold+cand_credit_spread+cand_sofr_ted_spread+cand_inflation_1y,波動度 (MOVE偏態) + 銅金比報酬差 + IG企業債利差 + SOFR-3M利差 + 1年通膨預期價差,5,0.020032882574789804,0.02784415299457847,,0.683483729833199,106,69,11.531067286116116,12.214551015949315,33.0188679245283,78.26086956521739,-0.08623857754021952,-0.6568962775746879,0.0
momentum+curve+cand_copper_gold,動能 (10Y-SMA125) + 殖利率曲線 (10Y-2Y) + 銅金比報酬差,3,-0.012801987180855914,0.0229659923881078,,0.6716218120332615,302,47,1.1547084206906475,1.826330232723909,46.35761589403973,48.93617021276596,-0.20609933432593228,1.122092558648013,0.0
momentum+duration+curve+cand_copper_gold+cand_credit_spread,動能 (10Y-SMA125) + 存續期間避險 (TLT-SHY) + 殖利率曲線 (10Y-2Y) + 銅金比報酬差 + IG企業債利差,5,-0.02670795214323963,-0.0066609287910466735,,0.6567164179104447,201,9,0.6447911197779951,1.3015075376884397,47.2636815920398,44.44444444444444,-0.5450337035937056,0.978647668118298,0.0
duration+curve+cand_copper_gold,存續期間避險 (TLT-SHY) + 殖利率曲線 (10Y-2Y) + 銅金比報酬差,3,-0.03154932905489348,-0.011245337927933112,,0.6457129963898953,277,80,-0.798372125368117,-0.1526591289782216,47.65342960288809,45.0,-0.4288224112452246,0.7230583077221455,0.0
strength+curve+inflation+cand_copper_gold,強度 (NQ 52W區間) + 殖利率曲線 (10Y-2Y) + 通膨意外 (CPI-10YBE) + 銅金比報酬差,4,-0.04057998553979855,-0.022176565325044917,,0.6280487804878099,268,328,1.134840871021773,1.7628896515095829,50.0,56.70731707317073,0.2567639892387038,-0.6386604365885147,-2.487344266936031
duration+inflation+cand_credit_spread+cand_inflation_1y,存續期間避險 (TLT-SHY) + 通膨意外 (CPI-10YBE) + IG企業債利差 + 1年通膨預期價差,4,-0.07190141156127086,-0.09607978073750956,,0.6018755328218326,204,23,13.772095772982556,14.373971305804389,25.0,82.6086956521739,-1.3397657819401545,-0.918116547987347,0.0
strength+curve+inflation+cand_copper_gold+cand_credit_spread+cand_swap_spread+cand_sofr_ted_spread+cand_inflation_1y,強度 (NQ 52W區間) + 殖利率曲線 (10Y-2Y) + 通膨意外 (CPI-10YBE) + 銅金比報酬差 + IG企業債利差 + 10Y Swap Spread + SOFR-3M利差 + 1年通膨預期價差,8,-0.019220776277888124,0.00998109895396113,,0.5981665393430209,77,17,11.154321390502293,11.752487929845314,38.961038961038966,94.11764705882352,0.21504126763366652,-1.2534355048689303,-5.828813783799954
strength+move+curve+cand_copper_gold+cand_credit_spread,強度 (NQ 52W區間) + 波動度 (MOVE偏態) + 殖利率曲線 (10Y-2Y) + 銅金比報酬差 + IG企業債利差,5,-0.024142444130291433,-0.011624957758224922,,0.5975366433888426,166,157,0.7252023168049085,1.3227389601937511,56.024096385542165,52.86624203821656,0.36143508258780355,-0.8415286511996607,-2.328298197215617
strength+cand_credit_spread+cand_swap_spread,強度 (NQ 52W區間) + IG企業債利差 + 10Y Swap Spread,3,-0.004293809864895715,-0.0125763510571209,,0.583548915052001,93,611,1.4735505484411322,2.057099463493133,56.98924731182796,56.137479541734855,0.8506213421127873,-1.3050836109954604,-1.5342709456993782
strength+inflation+cand_copper_gold+cand_sofr_ted_spread,強度 (NQ 52W區間) + 通膨意外 (CPI-10YBE) + 銅金比報酬差 + SOFR-3M利差,4,-0.011162038197273655,0.024427623587318734,,0.4972488860979054,213,314,1.8414136409748252,2.3386625270727306,50.70422535211267,59.23566878980891,0.47165385471903243,-0.6637179818663603,-1.4072141576405475
momentum+cand_copper_gold+cand_credit_spread,動能 (10Y-SMA125) + 銅金比報酬差 + IG企業債利差,3,0.027009601672844243,0.07415066496082542,,0.4948680351906114,176,124,0.93029541647632,1.4251634516669314,48.29545454545455,46.774193548387096,0.22434153054873612,0.565013830660371,2.5185431751239076
strength+curve+cand_copper_gold+cand_credit_spread+cand_sofr_ted_spread,強度 (NQ 52W區間) + 殖利率曲線 (10Y-2Y) + 銅金比報酬差 + IG企業債利差 + SOFR-3M利差,5,-0.004221597175891864,0.038165785553268314,,0.48996165125197527,234,341,-0.057466821285917624,0.43249482996605765,55.55555555555556,45.74780058651026,0.5784564860582934,-0.39279716354446936,-0.6790435806521247
momentum+strength+duration+inflation+cand_credit_spread+cand_swap_spread+cand_sofr_ted_spread,動能 (10Y-SMA125) + 強度 (NQ 52W區間) + 存續期間避險 (TLT-SHY) + 通膨意外 (CPI-10YBE) + IG企業債利差 + 10Y Swap Spread + SOFR-3M利差,7,-0.03860793210854146,-0.04743076906379488,,0.4879898862199621,113,7,12.289708127658942,12.777698013878904,27.43362831858407,85.71428571428571,-0.6325471844598936,-0.49495726145338254,0.0
cand_copper_gold+cand_sofr_ted_spread+cand_inflation_1y,銅金比報酬差 + SOFR-3M利差 + 1年通膨預期價差,3,0.027013586018382774,0.04986349171306507,,0.4686299944773382,343,227,2.8622461188351855,3.3308761133125238,48.10495626822158,63.436123348017624,0.11031833522198756,-0.232909726228972,-2.1112512780427704
strength+cand_copper_gold+cand_credit_spread,強度 (NQ 52W區間) + 銅金比報酬差 + IG企業債利差,3,0.014051578713915859,0.05756913243970787,,0.4670454545454552,230,528,0.9348408710217746,1.4018863255672298,51.30434782608696,54.35606060606061,0.9822358644565231,-0.5324277298085927,-0.5420569020895893
momentum+strength+duration+cand_copper_gold+cand_credit_spread+cand_inflation_1y,動能 (10Y-SMA125) + 強度 (NQ 52W區間) + 存續期間避險 (TLT-SHY) + 銅金比報酬差 + IG企業債利差 + 1年通膨預期價差,6,-0.029939802765423327,-0.02995196057138511,,0.4190924657534154,146,64,7.059498405268352,7.478590871021767,38.35616438356164,76.5625,-0.4404525469985373,0.0489877197907846,0.0
curve+inflation+cand_copper_gold+cand_credit_spread+cand_swap_spread+cand_sofr_ted_spread,殖利率曲線 (10Y-2Y) + 通膨意外 (CPI-10YBE) + 銅金比報酬差 + IG企業債利差 + 10Y Swap Spread + SOFR-3M利差,6,-0.009094117802211796,0.03072143564171945,,0.33490566037734837,159,8,-9.950064789355585,-9.615159128978236,65.40880503144653,12.5,0.5007057267533266,-1.1754333034727802,-2.347553144827239
strength+duration+curve+cand_copper_gold,強度 (NQ 52W區間) + 存續期間避險 (TLT-SHY) + 殖利率曲線 (10Y-2Y) + 銅金比報酬差,4,-0.03904226305519226,-0.031041178179407155,,0.33122548007433794,167,232,-1.5627639193973877,-1.2315384393230497,49.700598802395206,46.55172413793103,-0.048576833222182474,0.09102438775897981,0.0
duration+move+cand_inflation_1y,存續期間避險 (TLT-SHY) + 波動度 (MOVE偏態) + 1年通膨預期價差,3,-0.07006808408894759,-0.1425122759755687,,0.3172708517536087,348,117,10.180817882516028,10.498088734269636,35.05747126436782,70.08547008547008,-1.6702281173743423,-0.503669005713238,0.0
strength+cand_sofr_ted_spread,強度 (NQ 52W區間) + SOFR-3M利差,2,-0.03079878121065393,-0.01317765448269718,,0.3043478260869568,314,782,-0.3651591289782244,-0.06081130289126756,50.63694267515923,52.30179028132992,0.26274349132268965,-0.42021334826506135,-1.5993292398972287
curve+inflation+cand_credit_spread,殖利率曲線 (10Y-2Y) + 通膨意外 (CPI-10YBE) + IG企業債利差,3,-0.0463937086960799,-0.03534855216210735,,0.29618665087772644,437,143,4.142850024339854,4.43903667521758,42.79176201372998,63.63636363636363,-0.34052493103206216,-1.5170754068140855,0.0
momentum+duration+move+inflation+cand_credit_spread+cand_sofr_ted_spread,動能 (10Y-SMA125) + 存續期間避險 (TLT-SHY) + 波動度 (MOVE偏態) + 通膨意外 (CPI-10YBE) + IG企業債利差 + SOFR-3M利差,6,-0.05568098030398989,-0.07399766868601587,,0.290854271356789,199,25,12.463986599664988,12.754840871021777,24.120603015075375,92.0,-1.3975682906818134,-0.04204432754558058,0.0
momentum+strength+move+cand_copper_gold+cand_credit_spread+cand_inflation_1y,動能 (10Y-SMA125) + 強度 (NQ 52W區間) + 波動度 (MOVE偏態) + 銅金比報酬差 + IG企業債利差 + 1年通膨預期價差,6,-0.015316123495189734,0.002421197714355691,,0.24747474747473142,108,33,9.690396426577335,9.937871174052066,37.03703703703704,72.72727272727273,-0.21637114853392797,-0.6422611365601976,0.0
momentum+duration+cand_copper_gold+cand_inflation_1y,動能 (10Y-SMA125) + 存續期間避險 (TLT-SHY) + 銅金比報酬差 + 1年通膨預期價差,4,-0.03688229178381516,-0.04828359474931656,,0.21752066115702462,275,121,6.169386325567231,6.386906986724256,39.27272727272727,61.15702479338842,-0.9322217502177892,0.8609862170315444,0.0
momentum+duration+move+curve+cand_copper_gold+cand_credit_spread+cand_swap_spread+cand_inflation_1y,動能 (10Y-SMA125) + 存續期間避險 (TLT-SHY) + 波動度 (MOVE偏態) + 殖利率曲線 (10Y-2Y) + 銅金比報酬差 + IG企業債利差 + 10Y Swap Spread + 1年通膨預期價差,8,-0.04006522679504415,-0.05406819822273556,,0.20833333333336412,24,1,39.426507537688444,39.63484087102181,0.0,100.0,-0.7790655336729072,-0.5517895911768865,0.0
momentum+duration+move+curve+cand_copper_gold+cand_credit_spread+cand_swap_spread+cand_sofr_ted_spread+cand_inflation_1y,動能 (10Y-SMA125) + 存續期間避險 (TLT-SHY) + 波動度 (MOVE偏態) + 殖利率曲線 (10Y-2Y) + 銅金比報酬差 + IG企業債利差 + 10Y Swap Spread + SOFR-3M利差 + 1年通膨預期價差,9,-0.03965495327171852,-0.04349435244090288,,0.20833333333336412,24,1,39.426507537688444,39.63484087102181,0.0,100.0,-0.8098366211849067,-0.4813742736879187,0.0
strength+inflation+cand_copper_gold+cand_swap_spread,強度 (NQ 52W區間) + 通膨意外 (CPI-10YBE) + 銅金比報酬差 + 10Y Swap Spread,4,-0.010562091194030978,0.0127497603846983,,0.19712703357563033,81,428,-2.7725665363856296,-2.5754395028099992,61.72839506172839,48.36448598130841,0.918259229224126,-0.9862500812749931,-1.0740432003153568
duration+move+cand_copper_gold+cand_swap_spread+cand_sofr_ted_spread+cand_inflation_1y,存續期間避險 (TLT-SHY) + 波動度 (MOVE偏態) + 銅金比報酬差 + 10Y Swap Spread + SOFR-3M利差 + 1年通膨預期價差,6,-0.014140595858593983,-0.050269639179176706,,0.16753246753246742,35,66,15.149126585307492,15.31665905283996,40.0,77.27272727272727,-0.49257634754781904,-0.8561631667525545,0.0
strength+move+curve+inflation+cand_copper_gold+cand_credit_spread+cand_sofr_ted_spread+cand_inflation_1y,強度 (NQ 52W區間) + 波動度 (MOVE偏態) + 殖利率曲線 (10Y-2Y) + 通膨意外 (CPI-10YBE) + 銅金比報酬差 + IG企業債利差 + SOFR-3M利差 + 1年通膨預期價差,8,-0.034691476674653825,-0.012484847628238226,,0.15572315882874932,98,46,11.022595973062591,11.17831913189134,36.734693877551024,86.95652173913044,-0.23776770786926854,-1.1762180244510039,0.0
momentum+duration+cand_copper_gold,動能 (10Y-SMA125) + 存續期間避險 (TLT-SHY) + 銅金比報酬差,3,-0.016759995239940248,-0.011228342757097842,,0.11682427107958815,324,141,1.0144705006514052,1.1312947717309934,46.2962962962963,53.90070921985816,-0.6664766674746918,1.4652269087097152,0.0
cand_credit_spread+cand_sofr_ted_spread,IG企業債利差 + SOFR-3M利差,2,0.015151233935650963,0.03092181028372641,,0.07246312422249832,662,408,-0.1582104884948402,-0.08574736427234189,50.755287009063444,50.73529411764706,0.08615662719448443,-0.24215443743991444,-2.810630421886068
strength+move+inflation+cand_swap_spread+cand_sofr_ted_spread,強度 (NQ 52W區間) + 波動度 (MOVE偏態) + 通膨意外 (CPI-10YBE) + 10Y Swap Spread + SOFR-3M利差,5,-0.034455129642123695,-0.052219922628257316,,0.05079559363525332,86,19,2.3208873826496825,2.371682976284936,56.97674418604651,52.63157894736842,0.03907574782157709,-1.9897815934091976,-50.921139180616464
inflation+cand_credit_spread+cand_swap_spread,通膨意外 (CPI-10YBE) + IG企業債利差 + 10Y Swap Spread,3,-0.018740498074869445,-0.014643634491809169,,0.02449637389202053,292,170,1.1279915559532832,1.1524879298453037,48.63013698630137,49.411764705882355,0.3468246324121883,-2.048902915827852,-5.907604951752118
momentum+strength+duration+move+inflation+cand_copper_gold+cand_sofr_ted_spread,動能 (10Y-SMA125) + 強度 (NQ 52W區間) + 存續期間避險 (TLT-SHY) + 波動度 (MOVE偏態) + 通膨意外 (CPI-10YBE) + 銅金比報酬差 + SOFR-3M利差,7,-0.029291900008730422,-0.014800986184981347,,3.552713678800501e-15,147,6,8.634840871021773,8.634840871021776,32.6530612244898,100.0,-0.7493125942150849,-0.053126203914118014,0.0
inflation+cand_sofr_ted_spread,通膨意外 (CPI-10YBE) + SOFR-3M利差,2,-0.03224386253795678,-0.005565795381995206,,-0.004160199086260974,701,227,3.7931860921344707,3.7890258930482097,44.650499286733236,60.792951541850215,-0.9801740512868657,-1.2697812073265395,0.0
strength+curve+cand_copper_gold+cand_credit_spread+cand_sofr_ted_spread+cand_inflation_1y,強度 (NQ 52W區間) + 殖利率曲線 (10Y-2Y) + 銅金比報酬差 + IG企業債利差 + SOFR-3M利差 + 1年通膨預期價差,6,-0.02031284914527988,0.020735880130118022,,-0.010394644115572227,132,172,4.104537840718743,4.094143196603171,49.24242424242424,65.69767441860465,0.17606637907881936,-0.6024948946970712,-3.421975835757679
momentum+strength+curve+cand_copper_gold,動能 (10Y-SMA125) + 強度 (NQ 52W區間) + 殖利率曲線 (10Y-2Y) + 銅金比報酬差,4,-0.025553517804491218,-0.006130652184033611,,-0.035897435897430024,195,156,-0.09849246231155973,-0.13438989820898975,49.23076923076923,53.84615384615385,0.11909570593040655,0.3149271224981614,2.6443197094124344
strength+cand_credit_spread,強度 (NQ 52W區間) + IG企業債利差,2,-0.01604782132063619,-0.006021650318710127,,-0.04729956390473092,253,813,0.18029541647632125,0.13299585257159033,53.359683794466406,49.20049200492005,0.5795528645176276,-0.8115538032697707,-1.4003102269975696
momentum+strength+duration+cand_copper_gold+cand_swap_spread+cand_sofr_ted_spread,動能 (10Y-SMA125) + 強度 (NQ 52W區間) + 存續期間避險 (TLT-SHY) + 銅金比報酬差 + 10Y Swap Spread + SOFR-3M利差,6,-0.009671395806966033,0.017063081915584515,,-0.057456140350882645,40,57,3.709840871021773,3.6523847306708905,35.0,70.17543859649122,0.02417235999846037,0.20647100270398877,8.541615411864612
momentum+move+cand_copper_gold+cand_swap_spread+cand_sofr_ted_spread+cand_inflation_1y,動能 (10Y-SMA125) + 波動度 (MOVE偏態) + 銅金比報酬差 + 10Y Swap Spread + SOFR-3M利差 + 1年通膨預期價差,6,0.0024147987305801733,-0.029072447534284132,,-0.09433962264149898,29,53,26.634840871021773,26.540501248380274,24.137931034482758,94.33962264150944,-0.3261990921099546,-0.7918703254015114,0.0
move+cand_credit_spread,波動度 (MOVE偏態) + IG企業債利差,2,-0.015109843516225442,-0.050203873814135366,,-0.11216179753231825,381,214,0.8264419208905417,0.7142801233582234,50.91863517060368,50.93457943925234,-0.21248608564463883,-0.9913808024815602,0.0
duration+cand_credit_spread+cand_sofr_ted_spread,存續期間避險 (TLT-SHY) + IG企業債利差 + SOFR-3M利差,3,-0.05354732713821316,-0.059393984672318934,,-0.11536929328340406,326,154,3.4385218526168666,3.3231525593334625,40.1840490797546,55.84415584415584,-0.9151809073937152,0.22895925467171255,0.0
strength+curve+cand_credit_spread+cand_swap_spread,強度 (NQ 52W區間) + 殖利率曲線 (10Y-2Y) + IG企業債利差 + 10Y Swap Spread,4,-0.031810805046526995,-0.03343383081679874,,-0.11904405154330178,71,188,-1.9003703965838579,-2.0194144481271596,66.19718309859155,42.02127659574468,0.6542673967359186,-1.1560742040258045,-1.7669751080267107
momentum+duration+curve+inflation+cand_credit_spread+cand_sofr_ted_spread,動能 (10Y-SMA125) + 存續期間避險 (TLT-SHY) + 殖利率曲線 (10Y-2Y) + 通膨意外 (CPI-10YBE) + IG企業債利差 + SOFR-3M利差,6,-0.057773543983404986,-0.06823370784563047,,-0.13090909090909175,275,1,7.765749961930866,7.634840871021774,34.18181818181818,100.0,-1.1235340427208627,0.6844534391599761,0.0
strength+move+curve+inflation+cand_copper_gold,強度 (NQ 52W區間) + 波動度 (MOVE偏態) + 殖利率曲線 (10Y-2Y) + 通膨意外 (CPI-10YBE) + 銅金比報酬差,5,-0.04109859819484611,-0.03579084871326258,,-0.14752960391996295,158,155,3.6791446684901272,3.5316150645701643,52.53164556962025,64.51612903225806,0.030838398852148913,-1.0626811133246317,-34.45967212563569
strength+move+inflation+cand_copper_gold+cand_sofr_ted_spread,強度 (NQ 52W區間) + 波動度 (MOVE偏態) + 通膨意外 (CPI-10YBE) + 銅金比報酬差 + SOFR-3M利差,5,-0.018996428042277625,0.004797446723781035,,-0.14770797962647997,124,114,8.150969903279837,8.003261923653357,45.96774193548387,80.7017543859649,0.23197117633917325,-1.0323305976470334,-4.4502537510851194
duration+cand_copper_gold+cand_swap_spread+cand_inflation_1y,存續期間避險 (TLT-SHY) + 銅金比報酬差 + 10Y Swap Spread + 1年通膨預期價差,4,-0.009103988696126771,-0.04364519788376482,,-0.15595003287310583,45,169,9.057063093243995,8.90111306037089,40.0,73.96449704142012,-0.25651881976970153,-0.5110494490937662,0.0
duration+move+cand_sofr_ted_spread+cand_inflation_1y,存續期間避險 (TLT-SHY) + 波動度 (MOVE偏態) + SOFR-3M利差 + 1年通膨預期價差,4,-0.06901107711230682,-0.1288979428598485,,-0.1908466065769403,273,89,10.308833545014446,10.117986938437506,39.1941391941392,68.53932584269663,-1.691708392635031,-0.34155656898626313,0.0
momentum+duration+move+cand_credit_spread+cand_inflation_1y,動能 (10Y-SMA125) + 存續期間避險 (TLT-SHY) + 波動度 (MOVE偏態) + IG企業債利差 + 1年通膨預期價差,5,-0.0597289524606264,-0.10625615301473466,,-0.1931159420289852,184,60,10.444623479717425,10.25150753768844,31.521739130434785,73.33333333333333,-1.3860801344821154,-0.0933079352551242,0.0
strength,強度 (NQ 52W區間),1,-0.03397207071782044,-0.04902634627961011,,-0.23784312720062767,294,1592,-0.4910094691142803,-0.728852596314908,51.70068027210885,50.12562814070351,0.5973828531567692,-0.6656459047468428,-1.1142701890912152
strength+duration+cand_copper_gold+cand_sofr_ted_spread,強度 (NQ 52W區間) + 存續期間避險 (TLT-SHY) + 銅金比報酬差 + SOFR-3M利差,4,-0.01050974070469141,0.027211846852071855,,-0.24521531100478433,152,198,2.016419818390196,1.7712045073854117,45.39473684210527,54.04040404040404,0.15358613225853088,0.16774193803992724,1.092168515302983
strength+move+inflation+cand_copper_gold+cand_credit_spread+cand_sofr_ted_spread+cand_inflation_1y,強度 (NQ 52W區間) + 波動度 (MOVE偏態) + 通膨意外 (CPI-10YBE) + 銅金比報酬差 + IG企業債利差 + SOFR-3M利差 + 1年通膨預期價差,7,-0.023790860591469076,-0.010944985848407337,,-0.24869383490073282,116,66,8.186565008952812,7.937871174052079,41.37931034482759,78.78787878787878,-0.13956734589984404,-1.1446573291343998,0.0
strength+duration+curve+cand_copper_gold+cand_swap_spread+cand_sofr_ted_spread+cand_inflation_1y,強度 (NQ 52W區間) + 存續期間避險 (TLT-SHY) + 殖利率曲線 (10Y-2Y) + 銅金比報酬差 + 10Y Swap Spread + SOFR-3M利差 + 1年通膨預期價差,7,-0.03010763672452116,-0.010934876511635444,,-0.27910052910052485,27,28,12.449655685836584,12.170555156736059,33.33333333333333,100.0,-0.18577206931966672,-0.5763283812317961,0.0
cand_credit_spread,IG企業債利差,1,0.010332126420630952,0.024896751540717202,,-0.3185813061648666,593,529,1.0328172622528042,0.7142359560879377,47.5548060708263,51.417769376181475,0.30798340985044215,-0.6470974590528824,-2.1010789489184343
momentum+strength+curve+cand_credit_spread+cand_swap_spread+cand_sofr_ted_spread+cand_inflation_1y,動能 (10Y-SMA125) + 強度 (NQ 52W區間) + 殖利率曲線 (10Y-2Y) + IG企業債利差 + 10Y Swap Spread + SOFR-3M利差 + 1年通膨預期價差,7,-0.037020646875554356,-0.027533745035151075,,-0.33333333333335524,66,3,14.301507537688442,13.968174204355087,34.84848484848485,100.0,-0.4111276760877022,-0.8749411620952224,0.0
duration+curve+cand_copper_gold+cand_sofr_ted_spread+cand_inflation_1y,存續期間避險 (TLT-SHY) + 殖利率曲線 (10Y-2Y) + 銅金比報酬差 + SOFR-3M利差 + 1年通膨預期價差,5,-0.030776228842949515,-0.009385927455492486,,-0.33559322033899086,177,10,10.770434091360759,10.434840871021768,36.15819209039548,80.0,-0.8067879542432242,0.22694923314463777,0.0
duration+cand_credit_spread+cand_swap_spread+cand_sofr_ted_spread,存續期間避險 (TLT-SHY) + IG企業債利差 + 10Y Swap Spread + SOFR-3M利差,4,-0.005183388618386339,-0.030502635607793403,,-0.38224767358625744,99,127,7.725749961930865,7.343502288344608,26.262626262626267,66.92913385826772,-0.3017792210795083,-0.5757011756592296,0.0
strength+move+inflation+cand_copper_gold+cand_credit_spread,強度 (NQ 52W區間) + 波動度 (MOVE偏態) + 通膨意外 (CPI-10YBE) + 銅金比報酬差 + IG企業債利差,5,-0.015318383916178038,-0.004826566835420207,,-0.39003842743127487,170,199,0.31131145925707027,-0.07872696817420459,55.88235294117647,55.778894472361806,0.28043909399718975,-1.194224539529067,-4.258409633647704
move+curve+cand_swap_spread+cand_inflation_1y,波動度 (MOVE偏態) + 殖利率曲線 (10Y-2Y) + 10Y Swap Spread + 1年通膨預期價差,4,-0.055053734563738105,-0.12275397487425925,,-0.4000000000000101,90,6,7.534840871021776,7.1348408710217655,62.22222222222222,100.0,-0.7350776480830961,-1.9864919383310136,0.0
strength+duration+cand_copper_gold+cand_credit_spread+cand_sofr_ted_spread,強度 (NQ 52W區間) + 存續期間避險 (TLT-SHY) + 銅金比報酬差 + IG企業債利差 + SOFR-3M利差,5,-0.009147586429719266,0.02486228587639782,,-0.4149999999999987,175,200,2.674840871021775,2.259840871021776,44.57142857142857,51.5,0.21786942789907934,-0.09167438397292485,-0.42077672327385884
inflation+cand_copper_gold+cand_credit_spread+cand_swap_spread,通膨意外 (CPI-10YBE) + 銅金比報酬差 + IG企業債利差 + 10Y Swap Spread,4,0.005372634586847319,0.03784238925554376,,-0.4197327173733685,209,116,-4.566116066777269,-4.985848784150638,52.63157894736842,37.06896551724138,0.755562722388684,-1.3712497779823998,-1.8148721970391068
curve+inflation+cand_copper_gold+cand_credit_spread+cand_sofr_ted_spread+cand_inflation_1y,殖利率曲線 (10Y-2Y) + 通膨意外 (CPI-10YBE) + 銅金比報酬差 + IG企業債利差 + SOFR-3M利差 + 1年通膨預期價差,6,-0.02689208089185558,0.003073320817487095,,-0.4784053156146184,172,84,6.541817615207822,6.063412299593203,41.27906976744186,73.80952380952381,-0.25529065830918257,-0.8947391163525626,0.0
duration+curve+cand_credit_spread+cand_sofr_ted_spread+cand_inflation_1y,存續期間避險 (TLT-SHY) + 殖利率曲線 (10Y-2Y) + IG企業債利差 + SOFR-3M利差 + 1年通膨預期價差,5,-0.0716304078763218,-0.08558619758986712,,-0.4857142857143355,175,1,13.12055515673606,12.634840871021725,29.714285714285715,100.0,-1.232457007842713,-0.1723581712806531,0.0
move+inflation+cand_credit_spread,波動度 (MOVE偏態) + 通膨意外 (CPI-10YBE) + IG企業債利差,3,-0.04451738918148574,-0.07134571642199154,,-0.4937492558637935,227,111,5.912373910669352,5.4186246548055585,39.20704845814978,74.77477477477478,-0.4747711624436052,-1.895688279403486,0.0
strength+curve+cand_copper_gold+cand_credit_spread,強度 (NQ 52W區間) + 殖利率曲線 (10Y-2Y) + 銅金比報酬差 + IG企業債利差,4,-0.017189591341045887,0.009158578248924784,,-0.4979962281942453,210,404,0.8729361091170132,0.3749398809227679,53.333333333333336,47.77227722772277,0.6261207360946385,-0.5281063983662113,-0.8434577676826659
momentum+strength+inflation+cand_copper_gold+cand_credit_spread+cand_swap_spread+cand_sofr_ted_spread,動能 (10Y-SMA125) + 強度 (NQ 52W區間) + 通膨意外 (CPI-10YBE) + 銅金比報酬差 + IG企業債利差 + 10Y Swap Spread + SOFR-3M利差,7,0.00040416660154431335,0.05127890766308988,,-0.5343915343915531,108,7,2.597803833984739,2.063412299593186,50.92592592592593,71.42857142857143,0.36375571402734347,-0.7474024916048014,-2.054682477231462
strength+inflation+cand_copper_gold+cand_credit_spread+cand_swap_spread,強度 (NQ 52W區間) + 通膨意外 (CPI-10YBE) + 銅金比報酬差 + IG企業債利差 + 10Y Swap Spread,5,-0.0061761410190164425,0.01990726942101927,,-0.5406807804068106,132,292,-1.4409167047357982,-1.9815974851426088,56.060606060606055,48.28767123287671,0.8073453620723485,-1.188981751506592,-1.4727052477946159
momentum+duration+move+inflation+cand_copper_gold+cand_sofr_ted_spread,動能 (10Y-SMA125) + 存續期間避險 (TLT-SHY) + 波動度 (MOVE偏態) + 通膨意外 (CPI-10YBE) + 銅金比報酬差 + SOFR-3M利差,6,-0.030148643142418923,-0.018676385163023026,,-0.5566037735849001,159,2,10.691444644606676,10.134840871021776,31.446540880503143,100.0,-1.0948774753255175,0.3614701046953564,0.0
strength+duration+curve+cand_copper_gold+cand_sofr_ted_spread,強度 (NQ 52W區間) + 存續期間避險 (TLT-SHY) + 殖利率曲線 (10Y-2Y) + 銅金比報酬差 + SOFR-3M利差,5,-0.029591711949654907,-0.004629103810175065,,-0.5888015543583851,169,134,-1.4479993656646166,-2.0368009200230017,49.70414201183432,42.53731343283582,-0.05666927398402714,0.1684703551763589,0.0
strength+curve+inflation+cand_copper_gold+cand_credit_spread,強度 (NQ 52W區間) + 殖利率曲線 (10Y-2Y) + 通膨意外 (CPI-10YBE) + 銅金比報酬差 + IG企業債利差,5,-0.02909578188138338,-0.012487234481177532,,-0.593770890827745,227,257,1.3881448357794821,0.7943739449517371,52.42290748898678,50.97276264591439,0.30204470331366157,-0.8468698759085558,-2.803789858314829
move+curve+cand_credit_spread+cand_swap_spread+cand_sofr_ted_spread,波動度 (MOVE偏態) + 殖利率曲線 (10Y-2Y) + IG企業債利差 + 10Y Swap Spread + SOFR-3M利差,5,-0.026767646946216736,-0.05439494652280325,,-0.5941904645177088,123,0,0.5941904645177088,0.0,53.65853658536586,0.0,0.03485404505397927,-1.7189844922663793,-49.319511970680814
move+curve+cand_credit_spread+cand_swap_spread,波動度 (MOVE偏態) + 殖利率曲線 (10Y-2Y) + IG企業債利差 + 10Y Swap Spread,4,-0.038950245153203604,-0.08206701103112897,,-0.5941904645177088,123,0,0.5941904645177088,0.0,53.65853658536586,0.0,0.03827051004245092,-2.3001955476390714,-60.10360314214831
momentum+strength+cand_copper_gold+cand_credit_spread+cand_sofr_ted_spread+cand_inflation_1y,動能 (10Y-SMA125) + 強度 (NQ 52W區間) + 銅金比報酬差 + IG企業債利差 + SOFR-3M利差 + 1年通膨預期價差,6,-0.006110238520133091,0.029957600929835296,,-0.6007182134440612,133,67,7.131081472525536,6.530363259081475,39.849624060150376,62.68656716417911,-0.06777190507160358,-0.21518271952512263,0.0
momentum+strength+cand_credit_spread+cand_inflation_1y,動能 (10Y-SMA125) + 強度 (NQ 52W區間) + IG企業債利差 + 1年通膨預期價差,4,-0.04363737111887579,-0.04959217569197836,,-0.6172642155743358,151,87,12.217622327975416,11.60035811240108,30.4635761589404,82.75862068965517,-0.45589673158060423,-0.49590677094955365,0.0
momentum+strength+duration+inflation+cand_copper_gold+cand_credit_spread+cand_sofr_ted_spread+cand_inflation_1y,動能 (10Y-SMA125) + 強度 (NQ 52W區間) + 存續期間避險 (TLT-SHY) + 通膨意外 (CPI-10YBE) + 銅金比報酬差 + IG企業債利差 + SOFR-3M利差 + 1年通膨預期價差,8,-0.0409445857280628,-0.023077719784340176,,-0.6687500000000011,160,1,9.303590871021775,8.634840871021774,33.125,100.0,-0.6806577569369282,-0.18791432808610958,0.0
strength+duration+curve+cand_copper_gold+cand_credit_spread+cand_sofr_ted_spread+cand_inflation_1y,強度 (NQ 52W區間) + 存續期間避險 (TLT-SHY) + 殖利率曲線 (10Y-2Y) + 銅金比報酬差 + IG企業債利差 + SOFR-3M利差 + 1年通膨預期價差,7,-0.03461039253408077,-0.010416874831610922,,-0.7080291970802985,137,37,7.342870068102065,6.634840871021766,40.87591240875913,78.37837837837837,-0.32924214875676355,-0.32574539516536716,0.0
momentum+strength+curve+inflation+cand_sofr_ted_spread,動能 (10Y-SMA125) + 強度 (NQ 52W區間) + 殖利率曲線 (10Y-2Y) + 通膨意外 (CPI-10YBE) + SOFR-3M利差,5,-0.05851013004302719,-0.052045225293126204,,-0.7102310231023172,303,5,2.945071894124086,2.2348408710217686,44.224422442244226,100.0,-0.6721013947771017,-0.05960782693784821,0.0
momentum+strength+cand_copper_gold+cand_credit_spread+cand_sofr_ted_spread,動能 (10Y-SMA125) + 強度 (NQ 52W區間) + 銅金比報酬差 + IG企業債利差 + SOFR-3M利差,5,0.012217109450896553,0.06881554546444059,,-0.7184108527131807,160,129,2.7098408710217767,1.991430018308596,48.75,51.93798449612403,0.3855881097601057,0.06238948354930184,0.16180344250790712
cand_copper_gold+cand_credit_spread+cand_sofr_ted_spread+cand_inflation_1y,銅金比報酬差 + IG企業債利差 + SOFR-3M利差 + 1年通膨預期價差,4,0.03178988650832706,0.057544794025267076,,-0.7363774733637731,219,180,3.4156627888299926,2.6792853154662195,44.74885844748858,62.22222222222222,0.1740713019067797,-0.3977476627350792,-2.2849697703075997
curve+cand_copper_gold+cand_sofr_ted_spread+cand_inflation_1y,殖利率曲線 (10Y-2Y) + 銅金比報酬差 + SOFR-3M利差 + 1年通膨預期價差,4,-0.01596720863321106,0.020865504593305294,,-0.7595999506111832,182,89,4.8326430688239705,4.073043118212787,41.208791208791204,57.30337078651685,-0.1518035293568054,-0.25544468824434785,0.0
momentum+move+cand_credit_spread,動能 (10Y-SMA125) + 波動度 (MOVE偏態) + IG企業債利差,3,-0.03179895132825616,-0.058204555671509,,-0.7628205128205092,156,78,9.218174204355105,8.455353691534595,36.53846153846153,75.64102564102564,-0.8492826869028796,-0.23321271032259183,0.0
momentum+move+cand_swap_spread+cand_inflation_1y,動能 (10Y-SMA125) + 波動度 (MOVE偏態) + 10Y Swap Spread + 1年通膨預期價差,4,-0.034629385814240646,-0.09001268800161084,,-0.762970630094447,131,177,13.940184382472154,13.177213752377707,35.11450381679389,75.14124293785311,-0.8285241485411613,-1.011503446069396,0.0
move+cand_swap_spread+cand_sofr_ted_spread,波動度 (MOVE偏態) + 10Y Swap Spread + SOFR-3M利差,3,0.02103835994775922,0.008476474802106863,,-0.7778833107191274,268,275,-2.8054576364409134,-3.583340947160041,59.32835820895522,47.63636363636364,0.15841000063515898,-2.0730800324116907,-13.086800227886448
duration+cand_copper_gold,存續期間避險 (TLT-SHY) + 銅金比報酬差,2,-0.007044826512881703,0.01801182969043177,,-0.81602879878742,273,232,-0.7387855026045973,-1.5548143013920173,47.61904761904761,49.56896551724138,-0.25438533946700354,0.7733881464852752,0.0
momentum+curve+cand_copper_gold+cand_sofr_ted_spread,動能 (10Y-SMA125) + 殖利率曲線 (10Y-2Y) + 銅金比報酬差 + SOFR-3M利差,4,-0.0020741957834987243,0.05648174654658832,,-0.8624100719424445,278,16,-0.6277490570357808,-1.4901591289782252,51.438848920863315,18.75,-0.1324387589098295,1.3509870618799114,0.0
momentum+strength+curve+inflation+cand_copper_gold,動能 (10Y-SMA125) + 強度 (NQ 52W區間) + 殖利率曲線 (10Y-2Y) + 通膨意外 (CPI-10YBE) + 銅金比報酬差,5,-0.03913799412818178,-0.019860411486183338,,-0.8862678472244858,241,127,3.4896126552541396,2.6033448080296537,44.398340248962654,62.20472440944882,-0.16518689295781955,-0.06722452659674674,0.0
momentum+cand_swap_spread,動能 (10Y-SMA125) + 10Y Swap Spread,2,-0.0011810799985386184,-0.00630100883748853,,-0.8942470216882192,305,483,2.690578575939808,1.796331554251589,43.278688524590166,56.52173913043478,-0.11704766486511829,0.0675292031526742,0.0
strength+duration+move+curve+inflation+cand_sofr_ted_spread,強度 (NQ 52W區間) + 存續期間避險 (TLT-SHY) + 波動度 (MOVE偏態) + 殖利率曲線 (10Y-2Y) + 通膨意外 (CPI-10YBE) + SOFR-3M利差,6,-0.06688665097403884,-0.08049016908271453,,-0.9164715066354407,183,14,9.8370266633715,8.920555156736059,33.87978142076503,92.85714285714286,-0.988494824706791,-0.7982551523900135,0.0
strength+move+curve+inflation+cand_copper_gold+cand_swap_spread,強度 (NQ 52W區間) + 波動度 (MOVE偏態) + 殖利率曲線 (10Y-2Y) + 通膨意外 (CPI-10YBE) + 銅金比報酬差 + 10Y Swap Spread,6,-0.0375056121788527,-0.030482529792664553,,-0.9400000000000026,75,90,-2.1918257956448914,-3.131825795644894,62.66666666666667,44.44444444444444,0.36746118865823935,-1.2639749384962893,-3.4397508567139066
curve,殖利率曲線 (10Y-2Y),1,-0.053259403517278724,-0.0402310160857019,,-0.9546375236775847,727,419,0.8329151488759705,-0.12172237480161414,44.01650618982118,46.06205250596659,-0.4434403873994542,0.0039029041072806006,0.0
strength+inflation+cand_credit_spread+cand_swap_spread+cand_sofr_ted_spread,強度 (NQ 52W區間) + 通膨意外 (CPI-10YBE) + IG企業債利差 + 10Y Swap Spread + SOFR-3M利差,5,-0.016442362759936876,-0.0006005220152157177,,-0.9571428571428582,126,90,5.825317061497968,4.8681742043551095,46.82539682539682,60.0,0.3464650406146884,-1.551076057111512,-4.476861660731013
momentum+strength+cand_copper_gold+cand_credit_spread+cand_swap_spread+cand_sofr_ted_spread,動能 (10Y-SMA125) + 強度 (NQ 52W區間) + 銅金比報酬差 + IG企業債利差 + 10Y Swap Spread + SOFR-3M利差,6,0.026198686305167675,0.07410456263998975,,-0.9575000000000085,50,96,9.154840871021781,8.197340871021773,40.0,65.625,0.779110884921569,-0.4217104445119462,-0.5412714065141044
strength+duration+inflation+cand_copper_gold+cand_swap_spread+cand_sofr_ted_spread,強度 (NQ 52W區間) + 存續期間避險 (TLT-SHY) + 通膨意外 (CPI-10YBE) + 銅金比報酬差 + 10Y Swap Spread + SOFR-3M利差,6,-0.02111836763567131,0.022669089036992104,,-1.0390794615718661,47,49,5.592287679532412,4.553208217960546,36.17021276595745,71.42857142857143,0.1626354905351454,-0.6524511251289887,-4.011738907554096
momentum+duration+move+inflation+cand_copper_gold+cand_credit_spread+cand_swap_spread+cand_inflation_1y,動能 (10Y-SMA125) + 存續期間避險 (TLT-SHY) + 波動度 (MOVE偏態) + 通膨意外 (CPI-10YBE) + 銅金比報酬差 + IG企業債利差 + 10Y Swap Spread + 1年通膨預期價差,8,-0.03710679959367023,-0.062418547823258654,,-1.0454545454545503,44,22,24.08938632556724,23.04393178011269,15.909090909090908,86.36363636363636,-0.7972569596705478,-0.8404131780461328,0.0
momentum+strength+inflation+cand_swap_spread+cand_sofr_ted_spread+cand_inflation_1y,動能 (10Y-SMA125) + 強度 (NQ 52W區間) + 通膨意外 (CPI-10YBE) + 10Y Swap Spread + SOFR-3M利差 + 1年通膨預期價差,6,-0.045319020991072094,-0.050742871194666084,,-1.047619047619028,126,12,9.182459918640824,8.134840871021796,33.33333333333333,100.0,-0.73609011252895,-0.967494186230023,0.0
strength+duration+move+cand_credit_spread+cand_inflation_1y,強度 (NQ 52W區間) + 存續期間避險 (TLT-SHY) + 波動度 (MOVE偏態) + IG企業債利差 + 1年通膨預期價差,5,-0.05417156922680291,-0.08424350708793117,,-1.054865938430991,106,76,12.229180493663288,11.174314555232296,33.0188679245283,78.94736842105263,-0.8315331453332997,-0.8770879230510198,0.0
momentum+duration+curve+cand_copper_gold+cand_swap_spread+cand_sofr_ted_spread,動能 (10Y-SMA125) + 存續期間避險 (TLT-SHY) + 殖利率曲線 (10Y-2Y) + 銅金比報酬差 + 10Y Swap Spread + SOFR-3M利差,6,-0.01495507612797811,0.005355255131136223,,-1.0625000000000018,16,4,16.19734087102178,15.134840871021778,31.25,100.0,-0.49391694473510567,0.6909397364229396,0.0
strength+curve+inflation+cand_sofr_ted_spread,強度 (NQ 52W區間) + 殖利率曲線 (10Y-2Y) + 通膨意外 (CPI-10YBE) + SOFR-3M利差,4,-0.057247857614512364,-0.046739482609396504,,-1.0704618160938404,365,167,6.004703884720405,4.934242068626564,39.726027397260275,66.46706586826348,-0.3271939892809479,-0.9116739092159868,0.0
move+curve+cand_copper_gold,波動度 (MOVE偏態) + 殖利率曲線 (10Y-2Y) + 銅金比報酬差,3,-0.017515688786870758,0.011611398968046116,,-1.1321793075845472,263,114,1.6880728101852724,0.5558935026007252,48.28897338403042,47.368421052631575,0.015753071534190317,-0.6668222537671668,-42.329665825480575
strength+duration+cand_copper_gold+cand_inflation_1y,強度 (NQ 52W區間) + 存續期間避險 (TLT-SHY) + 銅金比報酬差 + 1年通膨預期價差,4,-0.02593938571022183,-0.026261636331171494,,-1.1430348258706458,134,132,7.194542363559088,6.051507537688442,38.059701492537314,73.48484848484848,-0.3159997474508455,-0.24274253337177296,0.0
strength+curve+cand_sofr_ted_spread,強度 (NQ 52W區間) + 殖利率曲線 (10Y-2Y) + SOFR-3M利差,3,-0.03787526273692524,-0.014377969366278952,,-1.1654420630079843,319,442,2.0423643819935613,0.8769223189855772,45.45454545454545,49.095022624434385,0.02339469445311366,-0.41377264920806195,-17.68660197880857
momentum+strength+duration+cand_copper_gold+cand_sofr_ted_spread+cand_inflation_1y,動能 (10Y-SMA125) + 強度 (NQ 52W區間) + 存續期間避險 (TLT-SHY) + 銅金比報酬差 + SOFR-3M利差 + 1年通膨預期價差,6,-0.025117211693582175,-0.016784708336838643,,-1.167563837129057,161,45,11.380182485928607,10.21261864879955,30.434782608695656,71.11111111111111,-0.6446656825422011,0.41527821409039073,0.0
momentum+duration+curve+inflation+cand_copper_gold,動能 (10Y-SMA125) + 存續期間避險 (TLT-SHY) + 殖利率曲線 (10Y-2Y) + 通膨意外 (CPI-10YBE) + 銅金比報酬差,5,-0.050373230655182476,-0.04821073789819972,,-1.2148101265822802,316,25,3.169650997604053,1.9548408710217728,41.77215189873418,68.0,-0.8347939831714329,0.652942679332433,0.0
momentum+duration+curve+cand_copper_gold+cand_credit_spread+cand_sofr_ted_spread,動能 (10Y-SMA125) + 存續期間避險 (TLT-SHY) + 殖利率曲線 (10Y-2Y) + 銅金比報酬差 + IG企業債利差 + SOFR-3M利差,6,-0.022421572810384507,0.008080882904021152,,-1.2401129943502835,177,6,0.7082871987053909,-0.5318257956448926,48.58757062146893,33.33333333333333,-0.5364623858882727,0.9541620946795365,0.0
strength+inflation+cand_copper_gold,強度 (NQ 52W區間) + 通膨意外 (CPI-10YBE) + 銅金比報酬差,3,-0.01942395166397766,0.004700090081929534,,-1.2553364182557725,211,508,1.8291536672303044,0.5738172489745319,50.71090047393365,55.51181102362205,0.5340847003552583,-0.7385360577638349,-1.3828069916112204
strength+duration+move+curve+inflation+cand_credit_spread+cand_sofr_ted_spread,強度 (NQ 52W區間) + 存續期間避險 (TLT-SHY) + 波動度 (MOVE偏態) + 殖利率曲線 (10Y-2Y) + 通膨意外 (CPI-10YBE) + IG企業債利差 + SOFR-3M利差,7,-0.060389285019871806,-0.07201558698199217,,-1.2926891615541933,163,24,10.469196699242636,9.176507537688442,35.58282208588957,95.83333333333334,-0.7689929546221621,-0.9260333619773747,0.0
curve+cand_swap_spread+cand_inflation_1y,殖利率曲線 (10Y-2Y) + 10Y Swap Spread + 1年通膨預期價差,3,-0.05911514465484815,-0.10147926118081828,,-1.3194444444444495,120,72,-2.1151591289782243,-3.434603573422674,56.666666666666664,43.05555555555556,-0.5368292322396861,-1.2272647455094297,0.0
duration+cand_credit_spread+cand_sofr_ted_spread+cand_inflation_1y,存續期間避險 (TLT-SHY) + IG企業債利差 + SOFR-3M利差 + 1年通膨預期價差,4,-0.06565045825015277,-0.11155962371878785,,-1.3297529538131059,196,76,10.609330666940144,9.279577713127038,35.714285714285715,68.42105263157895,-1.258578430656354,-0.15543585295111104,0.0
strength+inflation+cand_copper_gold+cand_credit_spread+cand_sofr_ted_spread+cand_inflation_1y,強度 (NQ 52W區間) + 通膨意外 (CPI-10YBE) + 銅金比報酬差 + IG企業債利差 + SOFR-3M利差 + 1年通膨預期價差,6,-0.013460355950561644,0.01681552462630982,,-1.3687036228721094,145,158,5.731392595159706,4.362688972287597,44.13793103448276,65.82278481012658,0.03095200049132147,-0.9371440942609497,-30.27733520887325
momentum+curve+inflation+cand_copper_gold+cand_sofr_ted_spread,動能 (10Y-SMA125) + 殖利率曲線 (10Y-2Y) + 通膨意外 (CPI-10YBE) + 銅金比報酬差 + SOFR-3M利差,5,-0.029205663227091578,0.014583598063152002,,-1.376210235131397,241,3,5.344384439486504,3.968174204355107,41.90871369294606,66.66666666666666,-0.37733242712276627,0.6345960767716032,0.0
strength+inflation+cand_copper_gold+cand_credit_spread+cand_sofr_ted_spread,強度 (NQ 52W區間) + 通膨意外 (CPI-10YBE) + 銅金比報酬差 + IG企業債利差 + SOFR-3M利差,5,-0.004044729983044872,0.03192442227776145,,-1.3816909975669076,216,274,3.593174204355108,2.2114832067882,48.61111111111111,55.839416058394164,0.45495923108066716,-0.7384023144579044,-1.623007654342947
momentum+strength+cand_copper_gold+cand_credit_spread+cand_inflation_1y,動能 (10Y-SMA125) + 強度 (NQ 52W區間) + 銅金比報酬差 + IG企業債利差 + 1年通膨預期價差,5,-0.007091622312325264,0.016201694169805436,,-1.4024509008277901,122,101,7.413529395611938,6.011078494784148,39.34426229508197,63.366336633663366,0.007945405565230136,-0.3267064490725727,-41.11891411840218
duration+move+cand_swap_spread+cand_sofr_ted_spread+cand_inflation_1y,存續期間避險 (TLT-SHY) + 波動度 (MOVE偏態) + 10Y Swap Spread + SOFR-3M利差 + 1年通膨預期價差,5,-0.05544176338200326,-0.1292173685324292,,-1.4274475524475543,143,104,8.802673038853946,7.375225486406392,39.86013986013986,63.46153846153846,-1.090056486385067,-1.2314647563291756,0.0
momentum+duration+move+cand_copper_gold+cand_credit_spread,動能 (10Y-SMA125) + 存續期間避險 (TLT-SHY) + 波動度 (MOVE偏態) + 銅金比報酬差 + IG企業債利差,5,-0.01498081488776406,-0.018299151722531146,,-1.4323062558356678,119,63,7.987782047492363,6.555475791656695,35.294117647058826,74.60317460317461,-0.6674284435932137,0.2991792735698263,0.0
duration+cand_credit_spread,存續期間避險 (TLT-SHY) + IG企業債利差,2,-0.05332709010951848,-0.07987013798145914,,-1.434160558155968,338,201,3.486911876938934,2.052751318782966,38.75739644970414,56.21890547263681,-0.8164047470277076,0.22776140724517843,0.0
strength+curve+inflation+cand_credit_spread+cand_sofr_ted_spread,強度 (NQ 52W區間) + 殖利率曲線 (10Y-2Y) + 通膨意外 (CPI-10YBE) + IG企業債利差 + SOFR-3M利差,5,-0.04658394293353163,-0.04024881482835343,,-1.4366258448771978,293,204,5.296956911977406,3.8603310671002085,44.36860068259386,58.333333333333336,-0.16814616747290614,-1.0354098961549487,0.0
momentum+duration+inflation+cand_copper_gold+cand_swap_spread+cand_inflation_1y,動能 (10Y-SMA125) + 存續期間避險 (TLT-SHY) + 通膨意外 (CPI-10YBE) + 銅金比報酬差 + 10Y Swap Spread + 1年通膨預期價差,6,-0.03936664663433545,-0.054309443462387454,,-1.4575052854122612,110,43,5.162113598294504,3.704608312882243,41.81818181818181,65.11627906976744,-0.8419290574976515,-0.16227037925538806,0.0
momentum+duration+cand_credit_spread+cand_sofr_ted_spread,動能 (10Y-SMA125) + 存續期間避險 (TLT-SHY) + IG企業債利差 + SOFR-3M利差,4,-0.05000260903009597,-0.060926150578411595,,-1.4735733656453724,318,109,2.9524509339148546,1.4788775682694821,42.45283018867924,53.21100917431193,-1.0917938298456906,1.1124166689618693,0.0
move+cand_copper_gold+cand_credit_spread+cand_swap_spread+cand_inflation_1y,波動度 (MOVE偏態) + 銅金比報酬差 + IG企業債利差 + 10Y Swap Spread + 1年通膨預期價差,5,0.01776781165152288,0.00548093595237184,,-1.4940476190476166,84,104,0.7538884900693945,-0.7401591289782221,60.71428571428571,59.61538461538461,0.24117542427103023,-1.5796968697000848,-6.549991046869018
move+curve+inflation+cand_copper_gold+cand_credit_spread+cand_sofr_ted_spread+cand_inflation_1y,波動度 (MOVE偏態) + 殖利率曲線 (10Y-2Y) + 通膨意外 (CPI-10YBE) + 銅金比報酬差 + IG企業債利差 + SOFR-3M利差 + 1年通膨預期價差,7,-0.03080815060715347,-0.0095049096103361,,-1.5043948613928286,87,17,15.198059261826373,13.693664400433544,27.586206896551722,82.35294117647058,-0.4312027658621582,-1.1879911525696374,0.0
strength+cand_credit_spread+cand_sofr_ted_spread,強度 (NQ 52W區間) + IG企業債利差 + SOFR-3M利差,3,-0.008492841409098813,0.014253213631524752,,-1.5487990270598975,286,483,0.48798772416862896,-1.0608113028912685,51.74825174825175,45.54865424430642,0.35879716541388385,-0.5371332142607408,-1.4970386224794745
momentum+strength+curve+cand_credit_spread+cand_inflation_1y,動能 (10Y-SMA125) + 強度 (NQ 52W區間) + 殖利率曲線 (10Y-2Y) + IG企業債利差 + 1年通膨預期價差,5,-0.04743626242120707,-0.043636368433114886,,-1.5496894409937632,161,2,14.684530312015564,13.134840871021801,28.57142857142857,100.0,-0.5739939601254737,-0.44683985198046966,0.0
move+cand_copper_gold,波動度 (MOVE偏態) + 銅金比報酬差,2,0.018578351526372206,0.048520510663601704,,-1.5562100858841639,304,239,0.17431455523230102,-1.3818955306518628,51.64473684210527,51.04602510460251,0.3768778529189826,-0.5922024919114398,-1.571338000693677
strength+curve+inflation+cand_copper_gold+cand_credit_spread+cand_inflation_1y,強度 (NQ 52W區間) + 殖利率曲線 (10Y-2Y) + 通膨意外 (CPI-10YBE) + 銅金比報酬差 + IG企業債利差 + 1年通膨預期價差,6,-0.03539770743761087,-0.013171170396656176,,-1.5732842606624802,149,155,7.1113509381358675,5.538066677473387,41.61073825503356,70.3225806451613,-0.04866501539216921,-1.0562044063473315,0.0
momentum+curve,動能 (10Y-SMA125) + 殖利率曲線 (10Y-2Y),2,-0.05134384264622381,-0.06069388497477467,,-1.5774962742175833,488,176,1.3827916906939066,-0.1947045835236768,44.67213114754098,51.70454545454546,-0.8742141718351455,1.1050048230662148,0.0
strength+move+curve+cand_copper_gold+cand_sofr_ted_spread,強度 (NQ 52W區間) + 波動度 (MOVE偏態) + 殖利率曲線 (10Y-2Y) + 銅金比報酬差 + SOFR-3M利差,5,-0.012509378446993227,0.023931666617974984,,-1.5955092221331175,129,145,2.8441431966031705,1.248633974470053,55.03875968992248,44.13793103448276,0.36225765415676575,-0.6223121256656152,-1.7178715715867574
momentum+inflation+cand_copper_gold+cand_swap_spread+cand_inflation_1y,動能 (10Y-SMA125) + 通膨意外 (CPI-10YBE) + 銅金比報酬差 + 10Y Swap Spread + 1年通膨預期價差,5,-0.020996044524652657,-0.028699634014697713,,-1.6254237288135593,160,59,3.7348408710217753,2.109417142208216,51.24999999999999,62.71186440677966,-0.35572040718074655,-0.5674594532582315,0.0
strength+move+cand_copper_gold+cand_swap_spread+cand_sofr_ted_spread+cand_inflation_1y,強度 (NQ 52W區間) + 波動度 (MOVE偏態) + 銅金比報酬差 + 10Y Swap Spread + SOFR-3M利差 + 1年通膨預期價差,6,0.007686381361905476,0.0009929061123495574,,-1.6269565217391317,23,50,20.721797392760912,19.09484087102178,30.434782608695656,92.0,0.4405405648514444,-1.2763803567211935,-2.897304944328122
strength+move+inflation+cand_copper_gold+cand_credit_spread+cand_inflation_1y,強度 (NQ 52W區間) + 波動度 (MOVE偏態) + 通膨意外 (CPI-10YBE) + 銅金比報酬差 + IG企業債利差 + 1年通膨預期價差,6,-0.025924991213802547,-0.016634947690470737,,-1.627571580063628,115,82,8.408753914500037,6.7811823344364095,40.869565217391305,79.26829268292683,-0.10252344358077212,-1.3447224808565803,0.0
momentum+strength+move+cand_credit_spread+cand_inflation_1y,動能 (10Y-SMA125) + 強度 (NQ 52W區間) + 波動度 (MOVE偏態) + IG企業債利差 + 1年通膨預期價差,5,-0.037865445922114195,-0.052189631016432356,,-1.655750190403669,101,52,13.367514138348504,11.711763947944835,31.683168316831683,73.07692307692307,-0.6819158463334788,-0.8238245322569377,0.0
momentum+duration+cand_credit_spread+cand_swap_spread+cand_inflation_1y,動能 (10Y-SMA125) + 存續期間避險 (TLT-SHY) + IG企業債利差 + 10Y Swap Spread + 1年通膨預期價差,5,-0.04235205819858637,-0.08730111385666471,,-1.6671486408328509,91,114,9.854621090801995,8.187472449969144,27.472527472527474,71.9298245614035,-0.906388112022496,-0.24164483304697668,0.0
momentum+inflation+cand_copper_gold+cand_swap_spread+cand_sofr_ted_spread,動能 (10Y-SMA125) + 通膨意外 (CPI-10YBE) + 銅金比報酬差 + 10Y Swap Spread + SOFR-3M利差,5,0.0033324399049665145,0.049747319521219656,,-1.7048408710217766,100,0,1.7048408710217766,0.0,54.0,0.0,0.17304652964685968,-0.2629250846339691,-1.5193895258721846
move+curve+inflation+cand_credit_spread+cand_swap_spread,波動度 (MOVE偏態) + 殖利率曲線 (10Y-2Y) + 通膨意外 (CPI-10YBE) + IG企業債利差 + 10Y Swap Spread,5,-0.05413507106030207,-0.06543577107641248,,-1.715486032312097,124,0,1.715486032312097,0.0,54.03225806451613,0.0,-0.16728496463573775,-2.3536298970772167,0.0
move+curve+inflation+cand_credit_spread+cand_swap_spread+cand_sofr_ted_spread,波動度 (MOVE偏態) + 殖利率曲線 (10Y-2Y) + 通膨意外 (CPI-10YBE) + IG企業債利差 + 10Y Swap Spread + SOFR-3M利差,6,-0.04958531112539588,-0.0510916318425614,,-1.715486032312097,124,0,1.715486032312097,0.0,54.03225806451613,0.0,-0.18141740008170243,-2.6700877415371327,0.0
curve+inflation+cand_copper_gold+cand_credit_spread+cand_swap_spread,殖利率曲線 (10Y-2Y) + 通膨意外 (CPI-10YBE) + 銅金比報酬差 + IG企業債利差 + 10Y Swap Spread,5,-0.019398794681754154,0.012640875827372349,,-1.7876433592304792,159,51,-9.950064789355585,-11.737708148586064,65.40880503144653,13.725490196078432,0.5194747427793129,-1.1972816634647352,-2.304792831811215
move+inflation+cand_copper_gold,波動度 (MOVE偏態) + 通膨意外 (CPI-10YBE) + 銅金比報酬差,3,-0.010437983342277414,0.006606522906785153,,-1.8108860099121786,217,159,3.653274050745277,1.8423880408330984,43.77880184331797,62.893081761006286,0.05094847134803111,-1.227625461457358,-24.09543267886092
momentum+strength+duration+curve+inflation+cand_copper_gold+cand_credit_spread+cand_inflation_1y,動能 (10Y-SMA125) + 強度 (NQ 52W區間) + 存續期間避險 (TLT-SHY) + 殖利率曲線 (10Y-2Y) + 通膨意外 (CPI-10YBE) + 銅金比報酬差 + IG企業債利差 + 1年通膨預期價差,8,-0.04590065275110475,-0.03507159599761905,,-1.8214285714285747,182,4,12.206269442450346,10.38484087102177,31.318681318681318,100.0,-0.6570414615115788,-0.2285457399716162,0.0
strength+move+curve+inflation+cand_copper_gold+cand_credit_spread+cand_inflation_1y,強度 (NQ 52W區間) + 波動度 (MOVE偏態) + 殖利率曲線 (10Y-2Y) + 通膨意外 (CPI-10YBE) + 銅金比報酬差 + IG企業債利差 + 1年通膨預期價差,7,-0.037534224484961264,-0.023803671908346567,,-1.8500000000000014,95,60,11.034840871021778,9.184840871021777,36.84210526315789,86.66666666666667,-0.22353207599521882,-1.3265222383704143,0.0
momentum+cand_swap_spread+cand_inflation_1y,動能 (10Y-SMA125) + 10Y Swap Spread + 1年通膨預期價差,3,-0.016280893804554605,-0.04850864061509923,,-1.8732684939581494,234,348,6.16902890520981,4.295760411251661,41.88034188034188,61.206896551724135,-0.6336224653848189,-0.4032964971012795,0.0
curve+inflation+cand_copper_gold+cand_credit_spread+cand_swap_spread+cand_inflation_1y,殖利率曲線 (10Y-2Y) + 通膨意外 (CPI-10YBE) + 銅金比報酬差 + IG企業債利差 + 10Y Swap Spread + 1年通膨預期價差,6,-0.021149016540529114,-8.262235220637037e-05,,-1.8833333333333215,60,15,3.718174204355109,1.8348408710217876,46.666666666666664,66.66666666666666,0.08212005284371657,-1.4495379337661143,-17.65144911103191
duration+move+inflation+cand_copper_gold+cand_credit_spread+cand_swap_spread+cand_sofr_ted_spread+cand_inflation_1y,存續期間避險 (TLT-SHY) + 波動度 (MOVE偏態) + 通膨意外 (CPI-10YBE) + 銅金比報酬差 + IG企業債利差 + 10Y Swap Spread + SOFR-3M利差 + 1年通膨預期價差,8,-0.025881389285656187,-0.03339465071679776,,-1.8833333333333258,40,24,27.559840871021777,25.67650753768845,12.5,100.0,-0.5453302013190172,-1.3374960832257434,0.0
inflation+cand_copper_gold+cand_sofr_ted_spread+cand_inflation_1y,通膨意外 (CPI-10YBE) + 銅金比報酬差 + SOFR-3M利差 + 1年通膨預期價差,4,-0.008542383462679302,0.00931685141606936,,-1.9653397391901153,310,94,3.8767763548927427,1.9114366157026275,45.483870967741936,68.08510638297872,-0.3015479797128347,-0.787917601517078,0.0
duration+move+cand_copper_gold+cand_credit_spread+cand_swap_spread,存續期間避險 (TLT-SHY) + 波動度 (MOVE偏態) + 銅金比報酬差 + IG企業債利差 + 10Y Swap Spread,5,0.008036700472412613,0.010275885908012858,,-1.9713957615617497,93,103,1.1402172151077967,-0.831178546453953,55.91397849462365,54.36893203883495,0.10146726999734428,-0.900542944432419,-8.875206206454447
momentum+duration+move+curve+inflation+cand_credit_spread,動能 (10Y-SMA125) + 存續期間避險 (TLT-SHY) + 波動度 (MOVE偏態) + 殖利率曲線 (10Y-2Y) + 通膨意外 (CPI-10YBE) + IG企業債利差,6,-0.058756746686369106,-0.07755931905686754,,-1.9763033175355442,211,4,10.611144188557319,8.634840871021774,32.22748815165877,100.0,-1.2583881959610195,-0.1227341105259727,0.0
move+cand_copper_gold+cand_credit_spread+cand_swap_spread+cand_sofr_ted_spread+cand_inflation_1y,波動度 (MOVE偏態) + 銅金比報酬差 + IG企業債利差 + 10Y Swap Spread + SOFR-3M利差 + 1年通膨預期價差,6,0.029388732336137206,0.03331705646107094,,-2.0110526315789437,95,100,1.2558935026007223,-0.7551591289782212,56.84210526315789,59.0,0.2354428296639189,-1.2135205443506174,-5.154204721727343
momentum+duration+curve+cand_copper_gold,動能 (10Y-SMA125) + 存續期間避險 (TLT-SHY) + 殖利率曲線 (10Y-2Y) + 銅金比報酬差,4,-0.02906338419290385,-0.023588108400240563,,-2.034832059712101,331,51,2.728496460145643,0.6936644004335426,41.389728096676734,52.94117647058824,-0.7122072656898065,1.3089688392056382,0.0
momentum+strength+curve+cand_copper_gold+cand_swap_spread+cand_inflation_1y,動能 (10Y-SMA125) + 強度 (NQ 52W區間) + 殖利率曲線 (10Y-2Y) + 銅金比報酬差 + 10Y Swap Spread + 1年通膨預期價差,6,-0.024368694546808747,-0.009739056261914314,,-2.036363636363639,44,55,4.453022689203592,2.416659052839953,45.45454545454545,69.0909090909091,0.05545551987145503,-0.4689824844725643,-8.456912595169207
momentum+duration+move+cand_copper_gold+cand_swap_spread+cand_sofr_ted_spread+cand_inflation_1y,動能 (10Y-SMA125) + 存續期間避險 (TLT-SHY) + 波動度 (MOVE偏態) + 銅金比報酬差 + 10Y Swap Spread + SOFR-3M利差 + 1年通膨預期價差,7,-0.031214992255826277,-0.07217100420736967,,-2.042444821731742,31,38,27.150969903279837,25.108525081548095,25.806451612903224,97.36842105263158,-0.8629409172970349,-0.23978366849390723,0.0
strength+duration+inflation+cand_copper_gold+cand_credit_spread+cand_sofr_ted_spread,強度 (NQ 52W區間) + 存續期間避險 (TLT-SHY) + 通膨意外 (CPI-10YBE) + 銅金比報酬差 + IG企業債利差 + SOFR-3M利差,6,-0.02752504911592788,0.0008181722368660471,,-2.0544899738448126,185,124,3.7699760061569085,1.715486032312096,43.78378378378379,58.06451612903226,-0.11701159154948773,-0.4063905655983727,0.0
momentum+strength+cand_copper_gold+cand_inflation_1y,動能 (10Y-SMA125) + 強度 (NQ 52W區間) + 銅金比報酬差 + 1年通膨預期價差,4,-0.012684101400582211,0.0027917154144494723,,-2.0570734027374176,127,149,9.839565280470596,7.782491877733179,33.07086614173229,75.16778523489933,-0.12017318949650692,-0.06055070928390233,0.0
duration+cand_swap_spread+cand_inflation_1y,存續期間避險 (TLT-SHY) + 10Y Swap Spread + 1年通膨預期價差,3,-0.04382047392479129,-0.100006705853644,,-2.0626430417128114,172,315,4.437166452417127,2.374523410704316,45.348837209302324,59.04761904761905,-0.8667752704555008,-0.7049436727209012,0.0
strength+inflation+cand_copper_gold+cand_swap_spread+cand_sofr_ted_spread+cand_inflation_1y,強度 (NQ 52W區間) + 通膨意外 (CPI-10YBE) + 銅金比報酬差 + 10Y Swap Spread + SOFR-3M利差 + 1年通膨預期價差,6,-0.009985923140665607,0.015147205277105991,,-2.062937062937067,52,44,11.538687024867928,9.47574996193086,32.69230769230769,86.36363636363636,0.3514203892575697,-1.261925343955514,-3.590928080813774
momentum+duration+cand_copper_gold+cand_swap_spread,動能 (10Y-SMA125) + 存續期間避險 (TLT-SHY) + 銅金比報酬差 + 10Y Swap Spread,4,-0.006480862825322036,-0.006352069678078324,,-2.0682261208576946,54,171,4.375581611762514,2.3073554909048193,53.70370370370371,59.64912280701754,-0.2500234484257274,0.5285665987724144,0.0
strength+move+inflation+cand_copper_gold+cand_sofr_ted_spread+cand_inflation_1y,強度 (NQ 52W區間) + 波動度 (MOVE偏態) + 通膨意外 (CPI-10YBE) + 銅金比報酬差 + SOFR-3M利差 + 1年通膨預期價差,6,-0.028526485646945345,-0.011211970709576285,,-2.1024725274725267,91,40,12.162313398494303,10.059840871021777,32.967032967032964,90.0,-0.2998530069040666,-1.195928909475194,0.0
momentum+strength+duration+cand_copper_gold+cand_credit_spread,動能 (10Y-SMA125) + 強度 (NQ 52W區間) + 存續期間避險 (TLT-SHY) + 銅金比報酬差 + IG企業債利差,5,-0.01826715986072941,-0.00048465425468994556,,-2.1650223859899365,179,141,1.78567885984859,-0.37934352614134625,45.2513966480447,52.4822695035461,-0.12764406784257448,0.37463952734804307,0.0
strength+duration+curve+inflation+cand_copper_gold+cand_credit_spread+cand_sofr_ted_spread,強度 (NQ 52W區間) + 存續期間避險 (TLT-SHY) + 殖利率曲線 (10Y-2Y) + 通膨意外 (CPI-10YBE) + 銅金比報酬差 + IG企業債利差 + SOFR-3M利差,7,-0.03992427409831552,-0.020858253846256572,,-2.1733808674985124,187,90,5.319332849631398,3.145951982132886,41.711229946524064,60.0,-0.19702954000843037,-0.40046938856694037,0.0
momentum+strength+curve+inflation+cand_copper_gold+cand_credit_spread+cand_swap_spread+cand_sofr_ted_spread,動能 (10Y-SMA125) + 強度 (NQ 52W區間) + 殖利率曲線 (10Y-2Y) + 通膨意外 (CPI-10YBE) + 銅金比報酬差 + IG企業債利差 + 10Y Swap Spread + SOFR-3M利差,8,-0.021861294713656887,0.027602912988375226,,-2.174056557296287,102,0,2.174056557296287,0.0,50.98039215686274,0.0,0.19862900733542777,-0.6817338222209179,-3.4321966935557597
momentum+move+cand_sofr_ted_spread,動能 (10Y-SMA125) + 波動度 (MOVE偏態) + SOFR-3M利差,3,-0.030256972744072512,-0.03234195642247628,,-2.2628249481071467,302,67,9.151397162412504,6.888572214305357,34.105960264900666,56.71641791044776,-1.286708907040091,0.33343648351365013,0.0
momentum+strength+duration+curve+cand_credit_spread+cand_swap_spread+cand_inflation_1y,動能 (10Y-SMA125) + 強度 (NQ 52W區間) + 存續期間避險 (TLT-SHY) + 殖利率曲線 (10Y-2Y) + IG企業債利差 + 10Y Swap Spread + 1年通膨預期價差,7,-0.051867203726247355,-0.0716429393823701,,-2.2829457364341046,86,12,10.751119940789218,8.468174204355114,36.04651162790697,75.0,-0.6927841859810082,-0.4398020292659586,0.0
momentum+strength+duration+cand_copper_gold+cand_credit_spread+cand_swap_spread+cand_inflation_1y,動能 (10Y-SMA125) + 強度 (NQ 52W區間) + 存續期間避險 (TLT-SHY) + 銅金比報酬差 + IG企業債利差 + 10Y Swap Spread + 1年通膨預期價差,7,-0.0272187216455454,-0.03757504678267075,,-2.285714285714292,70,105,10.634840871021774,8.349126585307483,34.285714285714285,77.14285714285715,-0.16993065066665405,-0.3843990832626372,0.0
duration+move+cand_credit_spread+cand_sofr_ted_spread,存續期間避險 (TLT-SHY) + 波動度 (MOVE偏態) + IG企業債利差 + SOFR-3M利差,4,-0.04341615992026639,-0.06816916221683335,,-2.2902046783625707,216,114,6.398729759910663,4.108525081548092,39.351851851851855,56.14035087719298,-0.9996453802448245,-0.24928167076397292,0.0
strength+duration+curve+cand_copper_gold+cand_credit_spread+cand_sofr_ted_spread,強度 (NQ 52W區間) + 存續期間避險 (TLT-SHY) + 殖利率曲線 (10Y-2Y) + 銅金比報酬差 + IG企業債利差 + SOFR-3M利差,6,-0.027506923536490223,0.0058796532050464775,,-2.293447293447292,162,117,1.8941001302810316,-0.3993471631662604,48.76543209876543,49.572649572649574,0.03329659420054855,-0.09387006091770059,-2.8192090864402615
strength+duration+cand_copper_gold+cand_credit_spread+cand_inflation_1y,強度 (NQ 52W區間) + 存續期間避險 (TLT-SHY) + 銅金比報酬差 + IG企業債利差 + 1年通膨預期價差,5,-0.02465848896944798,-0.019989909603250852,,-2.29602107680876,131,113,8.665375222166814,6.369354145358054,37.404580152671755,71.68141592920354,-0.14874373933798876,-0.43400483571144577,0.0
strength+move+curve+cand_swap_spread,強度 (NQ 52W區間) + 波動度 (MOVE偏態) + 殖利率曲線 (10Y-2Y) + 10Y Swap Spread,4,-0.04859446248504427,-0.08287632132774515,,-2.3133116883116935,56,231,-3.883016271835367,-6.196327960147061,75.0,29.87012987012987,0.2395626160649731,-1.4051704690030038,-5.865566556602888
cand_copper_gold+cand_inflation_1y,銅金比報酬差 + 1年通膨預期價差,2,0.015258386974167785,0.02373143691626241,,-2.315985174701037,263,317,4.897198285470446,2.5812131107694087,42.96577946768061,63.09148264984227,0.05976488010699266,-0.4578444114390439,-7.660760142401338
momentum+duration+curve+cand_copper_gold+cand_credit_spread+cand_swap_spread+cand_sofr_ted_spread,動能 (10Y-SMA125) + 存續期間避險 (TLT-SHY) + 殖利率曲線 (10Y-2Y) + 銅金比報酬差 + IG企業債利差 + 10Y Swap Spread + SOFR-3M利差,7,-0.01805536138468017,0.01085979965159011,,-2.319327731092452,34,7,16.811311459257066,14.491983728164614,23.52941176470588,100.0,-0.30328445651673275,0.3224568810508457,0.0
momentum+strength+duration+curve,動能 (10Y-SMA125) + 強度 (NQ 52W區間) + 存續期間避險 (TLT-SHY) + 殖利率曲線 (10Y-2Y),4,-0.06166321015558219,-0.09293997994449688,,-2.328490028490031,270,234,1.2496556858365937,-1.0788343426534377,44.074074074074076,50.427350427350426,-0.7534129397779304,0.6601128860091662,0.0
strength+duration+curve+inflation+cand_copper_gold+cand_credit_spread+cand_sofr_ted_spread+cand_inflation_1y,強度 (NQ 52W區間) + 存續期間避險 (TLT-SHY) + 殖利率曲線 (10Y-2Y) + 通膨意外 (CPI-10YBE) + 銅金比報酬差 + IG企業債利差 + SOFR-3M利差 + 1年通膨預期價差,8,-0.04220833545912342,-0.021948572807387923,,-2.3591666666666695,150,16,9.681507537688441,7.322340871021772,36.666666666666664,93.75,-0.5022690348543702,-0.6207611200311937,0.0
cand_copper_gold+cand_credit_spread+cand_swap_spread+cand_inflation_1y,銅金比報酬差 + IG企業債利差 + 10Y Swap Spread + 1年通膨預期價差,4,0.03330337450577079,0.03508922286149309,,-2.369458128078819,52,203,2.6348408710217766,0.26538274294295777,46.15384615384615,59.11330049261084,0.560184306265974,-1.2631535597550787,-2.2548892313226223
curve+inflation+cand_copper_gold+cand_credit_spread+cand_inflation_1y,殖利率曲線 (10Y-2Y) + 通膨意外 (CPI-10YBE) + 銅金比報酬差 + IG企業債利差 + 1年通膨預期價差,5,-0.032119540582270456,-0.006918923407029599,,-2.3863061353573656,204,93,7.365233027884519,4.978926892527153,37.254901960784316,72.04301075268818,-0.2627415472956042,-1.1570262124646582,0.0
momentum+inflation+cand_credit_spread+cand_swap_spread+cand_inflation_1y,動能 (10Y-SMA125) + 通膨意外 (CPI-10YBE) + IG企業債利差 + 10Y Swap Spread + 1年通膨預期價差,5,-0.032099963302508666,-0.04725186936285082,,-2.4173698291829684,113,43,14.74988511880939,12.332515289626421,30.08849557522124,76.74418604651163,-0.7248991980136053,-1.1902458343085476,0.0
momentum+duration+cand_swap_spread+cand_inflation_1y,動能 (10Y-SMA125) + 存續期間避險 (TLT-SHY) + 10Y Swap Spread + 1年通膨預期價差,4,-0.040918428772186335,-0.08381397396346132,,-2.4254768000242377,251,263,7.543207404886318,5.11773060486208,38.645418326693225,62.737642585551335,-1.0507299544332263,0.11610518049290268,0.0
momentum+duration+move+cand_credit_spread+cand_sofr_ted_spread,動能 (10Y-SMA125) + 存續期間避險 (TLT-SHY) + 波動度 (MOVE偏態) + IG企業債利差 + SOFR-3M利差,5,-0.047536085249405745,-0.06854189564555752,,-2.4285432682830645,171,89,9.389226835934053,6.960683567650989,36.25730994152047,62.92134831460674,-1.2523403220977187,0.3303253567618643,0.0
strength+curve+cand_copper_gold+cand_credit_spread+cand_inflation_1y,強度 (NQ 52W區間) + 殖利率曲線 (10Y-2Y) + 銅金比報酬差 + IG企業債利差 + 1年通膨預期價差,5,-0.025584820148342336,0.00034987884950223437,,-2.452530612244896,125,196,5.010840871021775,2.5583102587768787,47.199999999999996,60.204081632653065,0.2194620079602749,-0.7617006812242065,-3.470763292032227
curve+cand_credit_spread,殖利率曲線 (10Y-2Y) + IG企業債利差,2,-0.029875221133109787,-0.00862216526363347,,-2.459604343550758,413,229,2.8237028564939313,0.36409851294317325,47.45762711864407,46.724890829694324,-0.13318528025142334,-0.7535777112735041,0.0
move+inflation+cand_inflation_1y,波動度 (MOVE偏態) + 通膨意外 (CPI-10YBE) + 1年通膨預期價差,3,-0.06546462699536691,-0.1191963219154905,,-2.4681978798586712,283,28,11.603038750880435,9.134840871021764,32.86219081272085,75.0,-1.5379420499074836,-1.691318979724414,0.0
momentum+strength+move+cand_copper_gold+cand_inflation_1y,動能 (10Y-SMA125) + 強度 (NQ 52W區間) + 波動度 (MOVE偏態) + 銅金比報酬差 + 1年通膨預期價差,5,-0.016005640409731976,-0.0026272393786614797,,-2.4708188153310147,82,56,10.159231114924212,7.688412299593198,36.58536585365854,73.21428571428571,-0.38479979957287563,-0.49010781895534855,0.0
strength+duration+curve+cand_copper_gold+cand_credit_spread+cand_inflation_1y,強度 (NQ 52W區間) + 存續期間避險 (TLT-SHY) + 殖利率曲線 (10Y-2Y) + 銅金比報酬差 + IG企業債利差 + 1年通膨預期價差,6,-0.038125939604079416,-0.01996589667165548,,-2.4737373737373787,132,45,7.953022689203591,5.479285315466212,40.15151515151515,71.11111111111111,-0.2967581582200927,-0.4259682930849433,0.0
duration+curve+inflation+cand_copper_gold+cand_swap_spread+cand_sofr_ted_spread+cand_inflation_1y,存續期間避險 (TLT-SHY) + 殖利率曲線 (10Y-2Y) + 通膨意外 (CPI-10YBE) + 銅金比報酬差 + 10Y Swap Spread + SOFR-3M利差 + 1年通膨預期價差,7,-0.035008244705759306,-0.01957585959002632,,-2.4897959183673954,49,1,15.12463678938912,12.634840871021725,28.57142857142857,100.0,-0.7425788504624126,-0.7268022663745639,0.0
momentum+strength+cand_copper_gold+cand_sofr_ted_spread+cand_inflation_1y,動能 (10Y-SMA125) + 強度 (NQ 52W區間) + 銅金比報酬差 + SOFR-3M利差 + 1年通膨預期價差,5,-0.006177709789995915,0.03478112353649426,,-2.4931709117755645,129,63,9.5883292431148,7.095158331339235,34.10852713178294,73.01587301587301,-0.19568706235034292,0.026382462514442904,0.0
strength+duration+inflation+cand_swap_spread+cand_sofr_ted_spread,強度 (NQ 52W區間) + 存續期間避險 (TLT-SHY) + 通膨意外 (CPI-10YBE) + 10Y Swap Spread + SOFR-3M利差,5,-0.05065716932364366,-0.06280162911800322,,-2.5010814708003046,73,19,9.662238131295748,7.161156660495443,28.767123287671232,78.94736842105263,-0.5716637526780487,-0.866325307232967,0.0
momentum+move+inflation+cand_copper_gold+cand_sofr_ted_spread+cand_inflation_1y,動能 (10Y-SMA125) + 波動度 (MOVE偏態) + 通膨意外 (CPI-10YBE) + 銅金比報酬差 + SOFR-3M利差 + 1年通膨預期價差,6,-0.03326925030574966,-0.014746537247454238,,-2.5081300813008216,123,2,11.64297095232259,9.134840871021769,34.146341463414636,100.0,-0.9963896585212617,-0.5258519503746348,0.0
strength+move+cand_credit_spread+cand_sofr_ted_spread,強度 (NQ 52W區間) + 波動度 (MOVE偏態) + IG企業債利差 + SOFR-3M利差,4,-0.02233748492301255,-0.03395895094409831,,-2.5128543499511227,165,248,5.010598446779351,2.4977440968282285,49.696969696969695,52.82258064516129,0.098733335425047,-0.8084789056917041,-8.188510012461368
momentum+duration+move+cand_copper_gold+cand_swap_spread+cand_sofr_ted_spread,動能 (10Y-SMA125) + 存續期間避險 (TLT-SHY) + 波動度 (MOVE偏態) + 銅金比報酬差 + 10Y Swap Spread + SOFR-3M利差,6,-0.00922841043750048,-0.013126629341082548,,-2.5304540420819457,42,43,17.44436468054558,14.913910638463634,19.047619047619047,79.06976744186046,-0.5169193512754812,0.1406924091065696,0.0
cand_copper_gold+cand_credit_spread+cand_swap_spread+cand_sofr_ted_spread+cand_inflation_1y,銅金比報酬差 + IG企業債利差 + 10Y Swap Spread + SOFR-3M利差 + 1年通膨預期價差,5,0.044055856873919164,0.06079582551250742,,-2.541577060931901,62,180,4.054195709731455,1.5126186487995539,43.54838709677419,62.22222222222222,0.5082145896819109,-0.9427070970220665,-1.8549390673969086
strength+move+cand_copper_gold+cand_credit_spread+cand_swap_spread,強度 (NQ 52W區間) + 波動度 (MOVE偏態) + 銅金比報酬差 + IG企業債利差 + 10Y Swap Spread,5,0.01945479325098734,0.03362348520982676,,-2.5556998322783118,101,183,-1.4542680398693124,-4.009967872147624,56.43564356435643,42.62295081967213,0.8013357152836351,-1.2430438717738137,-1.5512148629664344
momentum+strength+duration+cand_copper_gold+cand_credit_spread+cand_sofr_ted_spread,動能 (10Y-SMA125) + 強度 (NQ 52W區間) + 存續期間避險 (TLT-SHY) + 銅金比報酬差 + IG企業債利差 + SOFR-3M利差,6,-0.015354639156269365,0.014115898278599123,,-2.5569354096852654,171,89,4.225484145875574,1.6685487361903082,41.52046783625731,50.56179775280899,-0.1921617975665216,0.40540624046770785,0.0
momentum+duration+move+curve+cand_copper_gold+cand_inflation_1y,動能 (10Y-SMA125) + 存續期間避險 (TLT-SHY) + 波動度 (MOVE偏態) + 殖利率曲線 (10Y-2Y) + 銅金比報酬差 + 1年通膨預期價差,6,-0.03607586348147401,-0.03801429870738298,,-2.568421052631612,190,1,14.203261923653356,11.634840871021744,26.31578947368421,100.0,-1.1758129275545517,0.24848619815535158,0.0
strength+duration+move+cand_copper_gold+cand_sofr_ted_spread+cand_inflation_1y,強度 (NQ 52W區間) + 存續期間避險 (TLT-SHY) + 波動度 (MOVE偏態) + 銅金比報酬差 + SOFR-3M利差 + 1年通膨預期價差,6,-0.03120463204686781,-0.018846352323676888,,-2.577727272727273,88,25,13.532568143749048,10.954840871021775,27.27272727272727,68.0,-0.6208244232339313,-0.47802067811356763,0.0
momentum+strength+move+curve+inflation+cand_copper_gold,動能 (10Y-SMA125) + 強度 (NQ 52W區間) + 波動度 (MOVE偏態) + 殖利率曲線 (10Y-2Y) + 通膨意外 (CPI-10YBE) + 銅金比報酬差,6,-0.04178503881901761,-0.027371398434089894,,-2.5868710691823864,159,64,6.534211940204163,3.947340871021777,40.25157232704403,64.0625,-0.34793377570573936,-0.4765408643667787,0.0
move+cand_copper_gold+cand_credit_spread+cand_swap_spread,波動度 (MOVE偏態) + 銅金比報酬差 + IG企業債利差 + 10Y Swap Spread,4,0.031224284356325634,0.04107929873784059,,-2.6339285714285663,112,180,-3.981230557549653,-6.6151591289782194,64.28571428571429,41.11111111111111,0.6342654047376616,-1.3881251205207876,-2.1885556269538773
move+inflation+cand_copper_gold+cand_swap_spread,波動度 (MOVE偏態) + 通膨意外 (CPI-10YBE) + 銅金比報酬差 + 10Y Swap Spread,4,-0.006510104527431767,-0.0005088980860593327,,-2.6692406692406667,147,111,-10.650873414692516,-13.320114083933182,68.70748299319727,23.423423423423422,0.4336525123518346,-1.6416751404406855,-3.7856926771561
momentum+strength+duration+curve+cand_credit_spread+cand_inflation_1y,動能 (10Y-SMA125) + 強度 (NQ 52W區間) + 存續期間避險 (TLT-SHY) + 殖利率曲線 (10Y-2Y) + IG企業債利差 + 1年通膨預期價差,6,-0.058881897943087506,-0.07925787440466979,,-2.688349514563093,206,5,8.523190385584881,5.834840871021788,34.46601941747573,60.0,-0.8681080950297299,0.010192377163256683,0.0
momentum+inflation+cand_copper_gold,動能 (10Y-SMA125) + 通膨意外 (CPI-10YBE) + 銅金比報酬差,3,-0.023852581860269118,0.008676112057425259,,-2.7000046637440516,284,151,1.990474673838676,-0.7095299899053755,48.59154929577465,47.682119205298015,-0.3594033144632557,0.41704277974538545,0.0
strength+duration+move+inflation+cand_credit_spread+cand_inflation_1y,強度 (NQ 52W區間) + 存續期間避險 (TLT-SHY) + 波動度 (MOVE偏態) + 通膨意外 (CPI-10YBE) + IG企業債利差 + 1年通膨預期價差,6,-0.06080256825797382,-0.0826344278821838,,-2.721590909090917,132,16,16.543931780112686,13.822340871021769,25.0,87.5,-1.0117171899460942,-1.2063121589540267,0.0
strength+curve,強度 (NQ 52W區間) + 殖利率曲線 (10Y-2Y),2,-0.04450303315903772,-0.046705714651840355,,-2.7224172980964685,315,773,1.7776980138789173,-0.9447192842175509,46.03174603174603,46.830530401034935,0.11800121831873155,-0.5258939048185114,-4.456681992875923
strength+inflation+cand_credit_spread+cand_sofr_ted_spread,強度 (NQ 52W區間) + 通膨意外 (CPI-10YBE) + IG企業債利差 + SOFR-3M利差,4,-0.026760155861296233,-0.014172466061639794,,-2.7266065935130683,278,297,2.7823228854102635,0.05571629189719513,46.76258992805755,52.18855218855219,-0.11791303413607342,-1.066440628659692,0.0
duration+curve+inflation+cand_copper_gold+cand_credit_spread+cand_inflation_1y,存續期間避險 (TLT-SHY) + 殖利率曲線 (10Y-2Y) + 通膨意外 (CPI-10YBE) + 銅金比報酬差 + IG企業債利差 + 1年通膨預期價差,6,-0.042269988534578404,-0.02536958185836604,,-2.7307692307692264,169,4,9.865610101791004,7.134840871021778,34.319526627218934,100.0,-0.7469641998481625,-0.5956116310567297,0.0
strength+duration+curve+inflation+cand_credit_spread+cand_sofr_ted_spread,強度 (NQ 52W區間) + 存續期間避險 (TLT-SHY) + 殖利率曲線 (10Y-2Y) + 通膨意外 (CPI-10YBE) + IG企業債利差 + SOFR-3M利差,6,-0.06082796939611538,-0.06305512857789194,,-2.7338793745346237,255,79,7.305429106315893,4.571549731781269,37.254901960784316,70.88607594936708,-0.637623732891086,-0.5743650079397155,0.0
strength+move+curve+cand_copper_gold+cand_credit_spread+cand_swap_spread,強度 (NQ 52W區間) + 波動度 (MOVE偏態) + 殖利率曲線 (10Y-2Y) + 銅金比報酬差 + IG企業債利差 + 10Y Swap Spread,6,-0.011260798780904606,-0.0014539795069744605,,-2.7345679012345734,81,54,-3.5750356721881014,-6.309603573422675,62.96296296296296,29.629629629629626,0.6419411300659782,-1.217981739396379,-1.8973418002850133
momentum+duration+move+curve+inflation+cand_credit_spread+cand_sofr_ted_spread,動能 (10Y-SMA125) + 存續期間避險 (TLT-SHY) + 波動度 (MOVE偏態) + 殖利率曲線 (10Y-2Y) + 通膨意外 (CPI-10YBE) + IG企業債利差 + SOFR-3M利差,7,-0.056179056684190404,-0.06352796101242267,,-2.746113989637305,193,4,11.38095486065908,8.634840871021774,32.12435233160622,100.0,-1.2725079913801947,-0.04330153509028122,0.0
momentum+strength+curve+cand_copper_gold+cand_credit_spread+cand_swap_spread+cand_sofr_ted_spread,動能 (10Y-SMA125) + 強度 (NQ 52W區間) + 殖利率曲線 (10Y-2Y) + 銅金比報酬差 + IG企業債利差 + 10Y Swap Spread + SOFR-3M利差,7,-0.012400949795762188,0.03779706279193315,,-2.805626598465478,51,23,3.223076165139426,0.4174495666739481,47.05882352941176,56.52173913043478,0.5355224456916584,-0.40478872684290707,-0.7558763037842399
strength+move+cand_credit_spread+cand_swap_spread,強度 (NQ 52W區間) + 波動度 (MOVE偏態) + IG企業債利差 + 10Y Swap Spread,4,-0.011721855994219424,-0.04436875907060228,,-2.824392712550612,104,304,1.0579177940987003,-1.7664749184519113,55.769230769230774,49.01315789473684,0.47575653749260244,-1.6564432571128798,-3.4817036163977795
cand_swap_spread+cand_sofr_ted_spread+cand_inflation_1y,10Y Swap Spread + SOFR-3M利差 + 1年通膨預期價差,3,-0.002136392411791096,-0.02319391902126488,,-2.8259812360130843,314,296,1.5520383232510757,-1.2739429127620083,51.59235668789809,53.37837837837838,-0.24490157070870508,-1.6101404960605052,0.0
momentum+strength+cand_copper_gold,動能 (10Y-SMA125) + 強度 (NQ 52W區間) + 銅金比報酬差,3,-0.004200068160781054,0.032343303978401274,,-2.838490566037735,150,318,2.114840871021775,-0.7236496950159599,46.666666666666664,50.62893081761006,0.4238829143305915,0.36397796953489675,0.8586757267857837
strength+cand_copper_gold+cand_credit_spread+cand_swap_spread+cand_sofr_ted_spread+cand_inflation_1y,強度 (NQ 52W區間) + 銅金比報酬差 + IG企業債利差 + 10Y Swap Spread + SOFR-3M利差 + 1年通膨預期價差,6,0.02162493783437001,0.03782729213633768,,-2.85674931129477,54,121,7.301507537688445,4.444758226393675,46.2962962962963,66.94214876033058,0.710984602598264,-0.9866559946617861,-1.3877318735962667
strength+move+inflation+cand_credit_spread+cand_sofr_ted_spread,強度 (NQ 52W區間) + 波動度 (MOVE偏態) + 通膨意外 (CPI-10YBE) + IG企業債利差 + SOFR-3M利差,5,-0.04097418033469692,-0.06123633999342201,,-2.8769254001812135,129,154,7.076701336138056,4.1997759359568425,46.51162790697674,61.038961038961034,-0.2539243968691033,-1.304139007724811,0.0
strength+move+curve+inflation+cand_copper_gold+cand_sofr_ted_spread+cand_inflation_1y,強度 (NQ 52W區間) + 波動度 (MOVE偏態) + 殖利率曲線 (10Y-2Y) + 通膨意外 (CPI-10YBE) + 銅金比報酬差 + SOFR-3M利差 + 1年通膨預期價差,7,-0.0407045990977277,-0.012194860655398695,,-2.896710526315788,95,32,15.719051397337564,12.822340871021776,28.421052631578945,90.625,-0.3768452969581926,-1.1968603761357575,0.0
inflation+cand_copper_gold+cand_credit_spread,通膨意外 (CPI-10YBE) + 銅金比報酬差 + IG企業債利差,3,0.011897590591319576,0.04712024329553547,,-2.9117945742057127,339,244,3.6613895435881463,0.7495949693824333,41.5929203539823,50.81967213114754,0.4468079293591866,-0.9223564365576417,-2.0643242340852996
strength+duration+move+cand_credit_spread+cand_swap_spread+cand_sofr_ted_spread,強度 (NQ 52W區間) + 存續期間避險 (TLT-SHY) + 波動度 (MOVE偏態) + IG企業債利差 + 10Y Swap Spread + SOFR-3M利差,6,-0.03070748917529196,-0.062417957287691755,,-2.91783216783217,52,88,11.711763947944853,8.793931780112683,40.38461538461539,71.5909090909091,-0.1564992864842977,-1.0497540546442667,0.0
momentum+duration+cand_credit_spread,動能 (10Y-SMA125) + 存續期間避險 (TLT-SHY) + IG企業債利差,3,-0.04588809892669121,-0.07503175815568754,,-2.9245335820895497,335,160,2.778124453111324,-0.14640912897822567,41.19402985074627,55.625,-1.008171796490533,1.2550685734466438,0.0
cand_swap_spread+cand_inflation_1y,10Y Swap Spread + 1年通膨預期價差,2,-0.017404472998740365,-0.05896404751143913,,-2.9259540196548715,314,571,1.5520383232510757,-1.3739156964037955,51.59235668789809,51.66374781085814,-0.1001990638423434,-1.6426419379581423,0.0
momentum+inflation+cand_swap_spread+cand_sofr_ted_spread,動能 (10Y-SMA125) + 通膨意外 (CPI-10YBE) + 10Y Swap Spread + SOFR-3M利差,4,-0.025526324399120687,-0.01825928193897965,,-2.9398601760410803,259,0,2.9398601760410803,0.0,50.19305019305019,0.0,-0.8485657600094892,-0.38413119920617284,0.0
momentum+strength+cand_swap_spread+cand_sofr_ted_spread,動能 (10Y-SMA125) + 強度 (NQ 52W區間) + 10Y Swap Spread + SOFR-3M利差,4,-0.012791087907323964,-0.0015128112775044035,,-2.941304347826092,20,92,13.934840871021782,10.99353652319569,25.0,76.08695652173914,0.12876777867662417,-0.36030748570785603,-2.798118360127186
momentum+strength+curve,動能 (10Y-SMA125) + 強度 (NQ 52W區間) + 殖利率曲線 (10Y-2Y),3,-0.045440385056616024,-0.05845971958891264,,-2.972677203065133,290,288,0.5693236296424645,-2.4033535734226685,47.93103448275862,44.44444444444444,-0.3683525359050053,0.30839349075511163,0.0
strength+duration+curve+inflation+cand_credit_spread+cand_sofr_ted_spread+cand_inflation_1y,強度 (NQ 52W區間) + 存續期間避險 (TLT-SHY) + 殖利率曲線 (10Y-2Y) + 通膨意外 (CPI-10YBE) + IG企業債利差 + SOFR-3M利差 + 1年通膨預期價差,7,-0.06692077222817713,-0.07256355899858004,,-2.988274706867668,199,3,10.956448911222779,7.968174204355111,31.65829145728643,100.0,-0.9310107932807407,-0.8163095809258948,0.0
strength+inflation+cand_credit_spread,強度 (NQ 52W區間) + 通膨意外 (CPI-10YBE) + IG企業債利差,3,-0.03615187419309544,-0.035510555343419924,,-2.989779767557546,273,486,2.5176247538056566,-0.4721550137518891,47.25274725274725,51.028806584362144,0.03360640664274669,-1.30012456287683,-38.68680685494942
strength+curve+inflation+cand_copper_gold+cand_sofr_ted_spread+cand_inflation_1y,強度 (NQ 52W區間) + 殖利率曲線 (10Y-2Y) + 通膨意外 (CPI-10YBE) + 銅金比報酬差 + SOFR-3M利差 + 1年通膨預期價差,6,-0.04019294361193179,-0.01478597915749662,,-3.0022988505747126,174,145,10.485415583665453,7.483116733090741,35.63218390804598,77.24137931034483,-0.1918409420779729,-0.8656364952355489,0.0
duration+inflation+cand_copper_gold+cand_credit_spread+cand_sofr_ted_spread,存續期間避險 (TLT-SHY) + 通膨意外 (CPI-10YBE) + 銅金比報酬差 + IG企業債利差 + SOFR-3M利差,5,-0.016359544253896463,6.627778527703905e-05,,-3.002504472271914,195,86,4.3117639479448515,1.3092594756729374,42.05128205128205,53.48837209302325,-0.3383148763079858,-0.1400103123695622,0.0
duration+curve+inflation+cand_copper_gold+cand_sofr_ted_spread,存續期間避險 (TLT-SHY) + 殖利率曲線 (10Y-2Y) + 通膨意外 (CPI-10YBE) + 銅金比報酬差 + SOFR-3M利差,5,-0.03672020736351264,-0.013674375045722553,,-3.0059808612440175,228,11,6.095367186811246,3.0893863255672285,40.35087719298245,63.63636363636363,-0.5422602342120326,0.25991979171932456,0.0
strength+duration+move+inflation+cand_copper_gold+cand_credit_spread+cand_sofr_ted_spread+cand_inflation_1y,強度 (NQ 52W區間) + 存續期間避險 (TLT-SHY) + 波動度 (MOVE偏態) + 通膨意外 (CPI-10YBE) + 銅金比報酬差 + IG企業債利差 + SOFR-3M利差 + 1年通膨預期價差,8,-0.03913146204435711,-0.032407763606684216,,-3.032738095238096,112,9,9.000912299593205,5.968174204355109,38.392857142857146,100.0,-0.6139896204341125,-0.8632897703219962,0.0
strength+curve+inflation+cand_credit_spread+cand_swap_spread+cand_sofr_ted_spread,強度 (NQ 52W區間) + 殖利率曲線 (10Y-2Y) + 通膨意外 (CPI-10YBE) + IG企業債利差 + 10Y Swap Spread + SOFR-3M利差,6,-0.03583738557158364,-0.01397528611817105,,-3.0336976320582956,122,27,2.446316280857842,-0.5873813512004538,54.91803278688525,48.148148148148145,0.1881990842410453,-1.3945569242116143,-7.410009086045639
move+inflation+cand_credit_spread+cand_swap_spread+cand_inflation_1y,波動度 (MOVE偏態) + 通膨意外 (CPI-10YBE) + IG企業債利差 + 10Y Swap Spread + 1年通膨預期價差,5,-0.03901045745927617,-0.07618767238473491,,-3.05333333333334,75,45,13.088174204355111,10.034840871021771,34.66666666666667,75.55555555555556,-0.4487669550511852,-2.7200069377496487,0.0
momentum+strength+duration+curve+inflation+cand_copper_gold+cand_swap_spread+cand_inflation_1y,動能 (10Y-SMA125) + 強度 (NQ 52W區間) + 存續期間避險 (TLT-SHY) + 殖利率曲線 (10Y-2Y) + 通膨意外 (CPI-10YBE) + 銅金比報酬差 + 10Y Swap Spread + 1年通膨預期價差,8,-0.04354923168152434,-0.0437903418443733,,-3.0613207547169923,106,20,7.946161625738756,4.884840871021764,36.79245283018868,70.0,-0.6180673176923919,-0.3333895771087609,0.0
duration+inflation+cand_copper_gold+cand_swap_spread+cand_inflation_1y,存續期間避險 (TLT-SHY) + 通膨意外 (CPI-10YBE) + 銅金比報酬差 + 10Y Swap Spread + 1年通膨預期價差,5,-0.03234435021292207,-0.05129902817470875,,-3.0638111888111874,88,65,7.2371135982945,4.173302409483313,39.77272727272727,67.6923076923077,-0.5653557082868248,-0.7539941854605811,0.0
momentum+strength+duration+cand_copper_gold+cand_swap_spread+cand_inflation_1y,動能 (10Y-SMA125) + 強度 (NQ 52W區間) + 存續期間避險 (TLT-SHY) + 銅金比報酬差 + 10Y Swap Spread + 1年通膨預期價差,6,-0.031142194284052634,-0.04104936839397953,,-3.0650642353916338,57,127,7.4243145552323,4.359250319840666,31.57894736842105,70.86614173228347,-0.29438683313024094,-0.1589978903013879,0.0
curve+inflation+cand_copper_gold+cand_inflation_1y,殖利率曲線 (10Y-2Y) + 通膨意外 (CPI-10YBE) + 銅金比報酬差 + 1年通膨預期價差,4,-0.04037349883621946,-0.028127019152459073,,-3.065620782726045,228,104,6.902384730670898,3.8367639479448528,38.59649122807017,70.1923076923077,-0.4271481740795109,-0.8406577135801729,0.0
move+curve+inflation+cand_copper_gold+cand_credit_spread+cand_inflation_1y,波動度 (MOVE偏態) + 殖利率曲線 (10Y-2Y) + 通膨意外 (CPI-10YBE) + 銅金比報酬差 + IG企業債利差 + 1年通膨預期價差,6,-0.033494697580740564,-0.018833936096661757,,-3.0778224333211597,119,23,14.147445913038586,11.069623479717427,25.210084033613445,86.95652173913044,-0.45790545003710875,-1.495625914271045,0.0
duration+curve+inflation+cand_copper_gold+cand_credit_spread+cand_sofr_ted_spread+cand_inflation_1y,存續期間避險 (TLT-SHY) + 殖利率曲線 (10Y-2Y) + 通膨意外 (CPI-10YBE) + 銅金比報酬差 + IG企業債利差 + SOFR-3M利差 + 1年通膨預期價差,7,-0.04339905528671311,-0.027164416804905472,,-3.0789473684210513,152,4,10.21378823944283,7.134840871021778,36.18421052631579,100.0,-0.7417711309571873,-0.46986321273567616,0.0
momentum+duration+move+cand_swap_spread+cand_inflation_1y,動能 (10Y-SMA125) + 存續期間避險 (TLT-SHY) + 波動度 (MOVE偏態) + 10Y Swap Spread + 1年通膨預期價差,5,-0.050643045817557936,-0.10791049395961011,,-3.0793943383805145,147,155,10.798106177144223,7.718711838763709,35.374149659863946,67.0967741935484,-1.1963310446399216,-0.3578281826920563,0.0
strength+duration+curve+cand_copper_gold+cand_credit_spread+cand_swap_spread+cand_sofr_ted_spread+cand_inflation_1y,強度 (NQ 52W區間) + 存續期間避險 (TLT-SHY) + 殖利率曲線 (10Y-2Y) + 銅金比報酬差 + IG企業債利差 + 10Y Swap Spread + SOFR-3M利差 + 1年通膨預期價差,8,-0.033751919496226274,-0.017463050383047046,,-3.0994897959183643,49,32,12.859330666940137,9.759840871021773,28.57142857142857,93.75,-0.04737815442994254,-0.7029738411602552,0.0
strength+move+curve+inflation+cand_credit_spread+cand_sofr_ted_spread+cand_inflation_1y,強度 (NQ 52W區間) + 波動度 (MOVE偏態) + 殖利率曲線 (10Y-2Y) + 通膨意外 (CPI-10YBE) + IG企業債利差 + SOFR-3M利差 + 1年通膨預期價差,7,-0.05646609585578989,-0.05791987753923534,,-3.1024561403508706,114,25,18.617297011372653,15.514840871021782,26.31578947368421,80.0,-0.7103608516903841,-1.4670681198308773,0.0
momentum,動能 (10Y-SMA125),1,-0.03321223799562266,-0.046026112738548175,,-3.104683480365093,781,545,1.4863133422125563,-1.618370138152537,46.22279129321383,51.92660550458715,-0.9261917115756944,1.5206101140183395,0.0
inflation,通膨意外 (CPI-10YBE),1,-0.05583456577896372,-0.059229592715795316,,-3.130824222035323,696,615,3.752656962975797,0.621832740940474,44.9712643678161,52.52032520325203,-0.9493434077474171,-0.9366604706609983,0.0
momentum+duration+move+cand_inflation_1y,動能 (10Y-SMA125) + 存續期間避險 (TLT-SHY) + 波動度 (MOVE偏態) + 1年通膨預期價差,4,-0.05797429591079055,-0.1076648434592925,,-3.141067987888798,346,168,9.89495647795819,6.753888490069393,35.26011560693642,64.28571428571429,-1.5403925751912177,0.21008689660962765,0.0
strength+inflation+cand_copper_gold+cand_credit_spread+cand_inflation_1y,強度 (NQ 52W區間) + 通膨意外 (CPI-10YBE) + 銅金比報酬差 + IG企業債利差 + 1年通膨預期價差,5,-0.019075987464086654,0.0019158922796305771,,-3.149350649350651,143,210,5.9984772346581385,2.8491265853074874,43.35664335664335,62.38095238095238,0.09874838057775819,-1.1196471909934917,-11.338385343057242
strength+duration+inflation+cand_copper_gold+cand_credit_spread+cand_sofr_ted_spread+cand_inflation_1y,強度 (NQ 52W區間) + 存續期間避險 (TLT-SHY) + 通膨意外 (CPI-10YBE) + 銅金比報酬差 + IG企業債利差 + SOFR-3M利差 + 1年通膨預期價差,7,-0.036002855843437015,-0.021892074319129495,,-3.1707851491174726,155,53,8.67355054844113,5.502765399323657,36.774193548387096,79.24528301886792,-0.4672626377381897,-0.6283005299653219,0.0
move+cand_copper_gold+cand_credit_spread+cand_inflation_1y,波動度 (MOVE偏態) + 銅金比報酬差 + IG企業債利差 + 1年通膨預期價差,4,0.00921129754509542,0.011026701223699994,,-3.1875312343828064,116,69,15.402082250332121,12.214551015949315,19.82758620689655,78.26086956521739,-0.11375738023365738,-0.9160098175400871,0.0
momentum+curve+inflation+cand_copper_gold+cand_swap_spread,動能 (10Y-SMA125) + 殖利率曲線 (10Y-2Y) + 通膨意外 (CPI-10YBE) + 銅金比報酬差 + 10Y Swap Spread,5,-0.02620723163598716,-0.003147198415012072,,-3.2161084529505652,57,66,-1.2248082517852366,-4.440916704735802,50.877192982456144,48.484848484848484,-0.0462442316433276,-0.22066538849717443,0.0
strength+curve+cand_credit_spread+cand_sofr_ted_spread,強度 (NQ 52W區間) + 殖利率曲線 (10Y-2Y) + IG企業債利差 + SOFR-3M利差,4,-0.02607812742352353,0.0011378422163168304,,-3.2199395199395195,260,407,2.4886870248679287,-0.7312524950715908,49.61538461538461,44.22604422604422,0.12622911688857238,-0.5620316500037629,-4.45247232855072
move+curve+cand_copper_gold+cand_swap_spread+cand_inflation_1y,波動度 (MOVE偏態) + 殖利率曲線 (10Y-2Y) + 銅金比報酬差 + 10Y Swap Spread + 1年通膨預期價差,5,-0.01924861306997246,-0.0439014803216478,,-3.222222222222233,27,9,7.301507537688445,4.079285315466212,37.03703703703704,100.0,-0.06577447134489804,-1.534441005085914,0.0
momentum+curve+cand_copper_gold+cand_credit_spread+cand_inflation_1y,動能 (10Y-SMA125) + 殖利率曲線 (10Y-2Y) + 銅金比報酬差 + IG企業債利差 + 1年通膨預期價差,5,-0.022288124872427685,0.01221150387798492,,-3.226677605715654,147,0,3.226677605715654,0.0,44.89795918367347,0.0,-0.45273588564806333,0.020902659059917374,0.0
duration+curve+cand_copper_gold+cand_credit_spread+cand_swap_spread,存續期間避險 (TLT-SHY) + 殖利率曲線 (10Y-2Y) + 銅金比報酬差 + IG企業債利差 + 10Y Swap Spread,5,-0.024032878650826827,-0.007541417592782501,,-3.2272727272727257,22,55,2.953022689203593,-0.2742500380691325,36.36363636363637,50.90909090909091,0.18051223813453893,-0.4304825579750715,-2.3847832281278643
inflation+cand_copper_gold+cand_inflation_1y,通膨意外 (CPI-10YBE) + 銅金比報酬差 + 1年通膨預期價差,3,-0.019513029075543323,-0.013077822128901044,,-3.2672735760971063,306,168,3.7949715899760235,0.5276980138789172,46.07843137254902,61.904761904761905,-0.32003921417944364,-0.9875305299609163,0.0
momentum+strength+curve+cand_copper_gold+cand_sofr_ted_spread,動能 (10Y-SMA125) + 強度 (NQ 52W區間) + 殖利率曲線 (10Y-2Y) + 銅金比報酬差 + SOFR-3M利差,5,-0.016232749660580907,0.018789652743554482,,-3.3401960784313696,195,68,-0.09849246231155973,-3.4386885407429295,49.23076923076923,35.294117647058826,0.09735803195843933,0.4353253258128836,4.471385843118906
momentum+duration+curve+cand_copper_gold+cand_sofr_ted_spread,動能 (10Y-SMA125) + 存續期間避險 (TLT-SHY) + 殖利率曲線 (10Y-2Y) + 銅金比報酬差 + SOFR-3M利差,5,-0.01919869317606827,0.006748404945386407,,-3.365518873506093,313,27,1.037396781564907,-2.328122091941186,46.00638977635783,33.33333333333333,-0.6757624824988024,1.6413139809605195,0.0
strength+duration+inflation+cand_copper_gold+cand_sofr_ted_spread+cand_inflation_1y,強度 (NQ 52W區間) + 存續期間避險 (TLT-SHY) + 通膨意外 (CPI-10YBE) + 銅金比報酬差 + SOFR-3M利差 + 1年通膨預期價差,6,-0.04519058698633656,-0.029568618444393235,,-3.365853658536592,164,35,12.000694529558361,8.634840871021769,29.268292682926827,88.57142857142857,-0.6582691060006223,-0.4984380459723711,0.0
momentum+strength+curve+cand_sofr_ted_spread,動能 (10Y-SMA125) + 強度 (NQ 52W區間) + 殖利率曲線 (10Y-2Y) + SOFR-3M利差,4,-0.03958709018997025,-0.036140984316055516,,-3.378927203065134,290,117,0.5693236296424645,-2.8096035734226694,47.93103448275862,38.46153846153847,-0.4387429866592484,0.5561022343607686,0.0
inflation+cand_credit_spread+cand_sofr_ted_spread,通膨意外 (CPI-10YBE) + IG企業債利差 + SOFR-3M利差,3,-0.012451816524130672,0.0006651729363430732,,-3.3793615367754013,469,214,4.747847267610261,1.3684857308348597,41.57782515991471,52.336448598130836,-0.3028633116474886,-0.9983689060662173,0.0
strength+duration+inflation+cand_copper_gold+cand_sofr_ted_spread,強度 (NQ 52W區間) + 存續期間避險 (TLT-SHY) + 通膨意外 (CPI-10YBE) + 銅金比報酬差 + SOFR-3M利差,5,-0.03454944825221741,-0.012020950980172581,,-3.427575757575757,200,99,5.3048408710217725,1.8772651134460159,40.0,57.57575757575758,-0.2772486042606541,-0.20689869813835657,0.0
duration+curve+inflation+cand_copper_gold+cand_credit_spread+cand_sofr_ted_spread,存續期間避險 (TLT-SHY) + 殖利率曲線 (10Y-2Y) + 通膨意外 (CPI-10YBE) + 銅金比報酬差 + IG企業債利差 + SOFR-3M利差,6,-0.0317749806018661,-0.006533055146590345,,-3.444584860356373,193,41,5.396498902109856,1.9519140417534833,42.487046632124354,56.09756097560976,-0.3887001930673681,-0.14639619545138174,0.0
curve+inflation+cand_credit_spread+cand_swap_spread+cand_sofr_ted_spread+cand_inflation_1y,殖利率曲線 (10Y-2Y) + 通膨意外 (CPI-10YBE) + IG企業債利差 + 10Y Swap Spread + SOFR-3M利差 + 1年通膨預期價差,6,-0.030840412216369125,-0.018141508329517563,,-3.464285714285733,56,1,14.099126585307497,10.634840871021764,33.92857142857143,100.0,-0.529881117347549,-2.016110116676057,0.0
duration+inflation+cand_swap_spread+cand_sofr_ted_spread,存續期間避險 (TLT-SHY) + 通膨意外 (CPI-10YBE) + 10Y Swap Spread + SOFR-3M利差,4,-0.051632711881509745,-0.06400375061953167,,-3.469662299593204,224,0,3.469662299593204,0.0,43.75,0.0,-1.131790466891442,-0.7563074328309448,0.0
momentum+curve+inflation+cand_copper_gold+cand_credit_spread+cand_swap_spread+cand_sofr_ted_spread,動能 (10Y-SMA125) + 殖利率曲線 (10Y-2Y) + 通膨意外 (CPI-10YBE) + 銅金比報酬差 + IG企業債利差 + 10Y Swap Spread + SOFR-3M利差,7,-0.015128068570298667,0.04449281794325842,,-3.478996715177622,77,0,3.478996715177622,0.0,49.35064935064935,0.0,0.046124003266957626,-0.585770159141899,-12.699898483476472
strength+duration+cand_credit_spread+cand_swap_spread+cand_sofr_ted_spread,強度 (NQ 52W區間) + 存續期間避險 (TLT-SHY) + IG企業債利差 + 10Y Swap Spread + SOFR-3M利差,5,-0.02744100807033215,-0.041106008520946626,,-3.4795677136102725,47,126,13.273138743362203,9.79357102975193,29.78723404255319,71.42857142857143,0.046692370833780875,-0.729194541694974,-15.616995425030296
move+curve+inflation+cand_copper_gold+cand_credit_spread+cand_swap_spread,波動度 (MOVE偏態) + 殖利率曲線 (10Y-2Y) + 通膨意外 (CPI-10YBE) + 銅金比報酬差 + IG企業債利差 + 10Y Swap Spread,6,-0.025082300619160263,-0.014025912156371811,,-3.4940476190476075,112,6,-2.7044448432639423,-6.19849246231155,59.82142857142857,33.33333333333333,0.24397066766094608,-1.7708233305988603,-7.258345224762145
momentum+curve+inflation+cand_sofr_ted_spread,動能 (10Y-SMA125) + 殖利率曲線 (10Y-2Y) + 通膨意外 (CPI-10YBE) + SOFR-3M利差,4,-0.05271024217085974,-0.04135721155264007,,-3.542197819250659,367,0,3.542197819250659,0.0,41.96185286103542,0.0,-0.9904025534552143,0.6212171840474768,0.0
momentum+strength+curve+cand_credit_spread+cand_swap_spread+cand_inflation_1y,動能 (10Y-SMA125) + 強度 (NQ 52W區間) + 殖利率曲線 (10Y-2Y) + IG企業債利差 + 10Y Swap Spread + 1年通膨預期價差,6,-0.042229591656447005,-0.04855898456266208,,-3.5466666666666775,66,25,14.301507537688442,10.754840871021765,34.84848484848485,76.0,-0.2860443931107043,-0.8667239012621564,0.0
move+curve+inflation+cand_copper_gold+cand_inflation_1y,波動度 (MOVE偏態) + 殖利率曲線 (10Y-2Y) + 通膨意外 (CPI-10YBE) + 銅金比報酬差 + 1年通膨預期價差,5,-0.03857561440825982,-0.031749709558814905,,-3.570007107320544,134,21,16.157228930723267,12.587221823402723,24.62686567164179,95.23809523809523,-0.6683881438533176,-1.3573493717971055,0.0
duration+move+cand_sofr_ted_spread,存續期間避險 (TLT-SHY) + 波動度 (MOVE偏態) + SOFR-3M利差,3,-0.056929161312319454,-0.09584763936091742,,-3.5735943197083078,386,162,6.2825092648041565,2.7089149450958487,42.2279792746114,53.70370370370371,-1.4049458946180176,0.026932916148512263,0.0
strength+inflation+cand_copper_gold+cand_credit_spread,強度 (NQ 52W區間) + 通膨意外 (CPI-10YBE) + 銅金比報酬差 + IG企業債利差,4,-0.007628688080109996,0.01989094051196018,,-3.575195618153364,213,360,3.648925378064028,0.07372975991066366,48.35680751173709,51.94444444444445,0.5207246780708377,-0.9070894915796155,-1.7419752314028374
strength+inflation+cand_credit_spread+cand_swap_spread,強度 (NQ 52W區間) + 通膨意外 (CPI-10YBE) + IG企業債利差 + 10Y Swap Spread,4,-0.02296247092545851,-0.022711639001884658,,-3.584775477887118,126,421,5.825317061497968,2.2405415836108498,46.82539682539682,54.86935866983374,0.44802759861884056,-1.50910370004016,-3.3683275420807943
momentum+cand_inflation_1y,動能 (10Y-SMA125) + 1年通膨預期價差,2,-0.042369726835205304,-0.07905464146217289,,-3.6332891953183286,543,363,6.518818771574263,2.885529576255934,42.5414364640884,56.74931129476584,-1.1281347051932191,0.48978749843854363,0.0
strength+duration+cand_copper_gold,強度 (NQ 52W區間) + 存續期間避險 (TLT-SHY) + 銅金比報酬差,3,-0.02216043157699674,0.00023012526924900267,,-3.6418428184281835,150,369,1.3281742043551086,-2.313668614073075,46.666666666666664,47.96747967479675,0.20742963726162447,0.09868005861924094,0.4757278657088856
strength+duration+curve+inflation+cand_sofr_ted_spread,強度 (NQ 52W區間) + 存續期間避險 (TLT-SHY) + 殖利率曲線 (10Y-2Y) + 通膨意外 (CPI-10YBE) + SOFR-3M利差,5,-0.07242752702537023,-0.08703134769222079,,-3.654965057695434,293,21,4.194567833479113,0.5396027757836793,41.29692832764505,57.14285714285714,-0.8289283022297185,-0.3031787013927654,0.0
duration+cand_swap_spread,存續期間避險 (TLT-SHY) + 10Y Swap Spread,2,-0.02173776599461741,-0.053600742454377966,,-3.71962570829994,302,471,2.770602460425749,-0.9490232478741911,42.05298013245033,51.38004246284501,-0.4030149306949399,-0.24681948076917185,0.0
duration+curve+cand_credit_spread+cand_swap_spread+cand_sofr_ted_spread,存續期間避險 (TLT-SHY) + 殖利率曲線 (10Y-2Y) + IG企業債利差 + 10Y Swap Spread + SOFR-3M利差,5,-0.04726186449728096,-0.03864295116336409,,-3.732558139534909,43,10,13.867399010556657,10.134840871021748,23.25581395348837,100.0,-0.532941405050626,-0.5823532401280529,0.0
strength+move+cand_swap_spread,強度 (NQ 52W區間) + 波動度 (MOVE偏態) + 10Y Swap Spread,3,-0.011126913251377556,-0.05380093666166306,,-3.7357978279030926,72,532,-1.42071468453378,-5.156512512436873,65.27777777777779,40.78947368421053,0.4460500988979877,-1.6089449845520578,-3.6070947826872377
strength+duration+move+inflation+cand_copper_gold+cand_sofr_ted_spread,強度 (NQ 52W區間) + 存續期間避險 (TLT-SHY) + 波動度 (MOVE偏態) + 通膨意外 (CPI-10YBE) + 銅金比報酬差 + SOFR-3M利差,6,-0.03132472846432361,-0.013510194798983724,,-3.7492354740061096,109,30,11.717409678361218,7.968174204355108,28.440366972477065,90.0,-0.45688065837241476,-0.6106195870257655,0.0
duration+move+curve+inflation+cand_credit_spread,存續期間避險 (TLT-SHY) + 波動度 (MOVE偏態) + 殖利率曲線 (10Y-2Y) + 通膨意外 (CPI-10YBE) + IG企業債利差,5,-0.06199295690592323,-0.08212690167656064,,-3.757085020242915,190,13,12.161156660495458,8.404071640252543,31.05263157894737,100.0,-1.1113089256000492,-0.9908570690190269,0.0
momentum+strength+curve+cand_copper_gold+cand_credit_spread+cand_inflation_1y,動能 (10Y-SMA125) + 強度 (NQ 52W區間) + 殖利率曲線 (10Y-2Y) + 銅金比報酬差 + IG企業債利差 + 1年通膨預期價差,6,-0.021867039294170942,0.010474376820116421,,-3.7782051282051325,130,12,7.4963793325602355,3.718174204355103,40.0,58.333333333333336,-0.15627834235724178,-0.31239213399560206,0.0
momentum+strength+duration+cand_credit_spread+cand_swap_spread+cand_inflation_1y,動能 (10Y-SMA125) + 強度 (NQ 52W區間) + 存續期間避險 (TLT-SHY) + IG企業債利差 + 10Y Swap Spread + 1年通膨預期價差,6,-0.043589738722581074,-0.07079262353633758,,-3.779770243765764,83,129,12.321587858973583,8.541817615207819,30.120481927710845,77.51937984496125,-0.5395551738661352,-0.5020273889321946,0.0
momentum+duration+move+cand_credit_spread,動能 (10Y-SMA125) + 存續期間避險 (TLT-SHY) + 波動度 (MOVE偏態) + IG企業債利差,4,-0.04342707461245942,-0.07659847940594809,,-3.788868970013036,208,118,7.033879332560233,3.2450103625471973,39.42307692307692,61.016949152542374,-1.1988771203974984,0.29617331904309524,0.0
momentum+strength+duration+move+curve+cand_copper_gold+cand_credit_spread+cand_inflation_1y,動能 (10Y-SMA125) + 強度 (NQ 52W區間) + 存續期間避險 (TLT-SHY) + 波動度 (MOVE偏態) + 殖利率曲線 (10Y-2Y) + 銅金比報酬差 + IG企業債利差 + 1年通膨預期價差,8,-0.030467472318799076,-0.017642993472131368,,-3.792079207920805,101,2,10.426920078942567,6.634840871021762,33.663366336633665,100.0,-0.6909955920544408,-0.29614028173979773,0.0
strength+duration+move+curve+inflation+cand_copper_gold+cand_credit_spread+cand_sofr_ted_spread+cand_inflation_1y,強度 (NQ 52W區間) + 存續期間避險 (TLT-SHY) + 波動度 (MOVE偏態) + 殖利率曲線 (10Y-2Y) + 通膨意外 (CPI-10YBE) + 銅金比報酬差 + IG企業債利差 + SOFR-3M利差 + 1年通膨預期價差,9,-0.04515800411983704,-0.026666350835680336,,-3.8130841121495314,107,2,11.44792498317131,7.634840871021779,34.57943925233645,100.0,-0.6422935550274833,-0.8791312368645524,0.0
strength+duration+cand_copper_gold+cand_credit_spread+cand_swap_spread,強度 (NQ 52W區間) + 存續期間避險 (TLT-SHY) + 銅金比報酬差 + IG企業債利差 + 10Y Swap Spread,5,-0.0012310098243384672,0.01521463594666428,,-3.827574468085108,47,250,4.294415339106885,0.4668408710217767,46.808510638297875,53.6,0.6078277216400039,-0.6006387019953201,-0.9881726032085427
momentum+inflation+cand_swap_spread,動能 (10Y-SMA125) + 通膨意外 (CPI-10YBE) + 10Y Swap Spread,3,-0.03296711043868028,-0.05341499807762587,,-3.8448743774830736,259,276,2.9398601760410803,-0.9050142014419932,50.19305019305019,48.91304347826087,-0.5975019455430474,-0.3060491050547832,0.0
cand_inflation_1y,1年通膨預期價差,1,-0.04182270433752221,-0.09176669631233061,,-3.845581703440875,647,602,5.256170082768297,1.410588379327422,44.04945904173106,56.47840531561462,-1.0030663149941528,-0.9056812058383784,0.0
momentum+strength+duration+cand_copper_gold+cand_sofr_ted_spread,動能 (10Y-SMA125) + 強度 (NQ 52W區間) + 存續期間避險 (TLT-SHY) + 銅金比報酬差 + SOFR-3M利差,5,-0.014571094620208381,0.0037229706863400984,,-3.8479843225084,188,95,2.6933515093196476,-1.1546328131887524,43.08510638297872,41.05263157894737,-0.3221883403166123,0.8517382870503787,0.0
strength+move+curve+cand_copper_gold+cand_swap_spread,強度 (NQ 52W區間) + 波動度 (MOVE偏態) + 殖利率曲線 (10Y-2Y) + 銅金比報酬差 + 10Y Swap Spread,5,-0.021576777063981853,-0.013277915138609516,,-3.886112913692407,69,134,-4.799941737673879,-8.686054651366286,68.11594202898551,28.35820895522388,0.6931572100755236,-1.1258323933743282,-1.6242093092440921
momentum+move+inflation+cand_copper_gold+cand_inflation_1y,動能 (10Y-SMA125) + 波動度 (MOVE偏態) + 通膨意外 (CPI-10YBE) + 銅金比報酬差 + 1年通膨預期價差,5,-0.0352162169885508,-0.04035855986565967,,-3.8898582333696945,131,28,11.810413390105742,7.9205551567360475,34.35114503816794,85.71428571428571,-0.988200969902615,-0.5883456964370529,0.0
momentum+strength+cand_copper_gold+cand_sofr_ted_spread,動能 (10Y-SMA125) + 強度 (NQ 52W區間) + 銅金比報酬差 + SOFR-3M利差,4,0.012103746873164815,0.06773158303611042,,-3.896421052631579,152,125,2.003261923653354,-1.8931591289782248,47.368421052631575,40.0,0.3557647979104906,0.4497442958832361,1.264161880334182
momentum+strength+curve+inflation+cand_copper_gold+cand_credit_spread+cand_sofr_ted_spread+cand_inflation_1y,動能 (10Y-SMA125) + 強度 (NQ 52W區間) + 殖利率曲線 (10Y-2Y) + 通膨意外 (CPI-10YBE) + 銅金比報酬差 + IG企業債利差 + SOFR-3M利差 + 1年通膨預期價差,8,-0.030757852213450756,0.007616786110989632,,-3.898113207547171,159,5,8.332954078568946,4.434840871021775,38.9937106918239,80.0,-0.3838672261301304,-0.5433055316635232,0.0
inflation+cand_swap_spread,通膨意外 (CPI-10YBE) + 10Y Swap Spread,2,-0.041386125441701366,-0.07561273092829333,,-3.9322984812600423,484,499,-3.3506963190608707,-7.282994800320913,58.057851239669425,34.66933867735471,0.38980305969279816,-1.16029845214502,-2.9766273591065326
momentum+strength+curve+inflation+cand_credit_spread+cand_sofr_ted_spread,動能 (10Y-SMA125) + 強度 (NQ 52W區間) + 殖利率曲線 (10Y-2Y) + 通膨意外 (CPI-10YBE) + IG企業債利差 + SOFR-3M利差,6,-0.0521738884383447,-0.035883285028089934,,-3.933970050701568,257,33,6.144568497480918,2.2105984467793505,38.91050583657588,54.54545454545454,-0.5106977700249306,-0.4288909557620091,0.0
strength+curve+cand_copper_gold+cand_sofr_ted_spread+cand_inflation_1y,強度 (NQ 52W區間) + 殖利率曲線 (10Y-2Y) + 銅金比報酬差 + SOFR-3M利差 + 1年通膨預期價差,5,-0.02513861676141979,0.01397179212643424,,-3.9382586367880474,112,153,9.331269442450346,5.393010805662298,35.714285714285715,64.70588235294117,0.10666529613452978,-0.5129138954519756,-4.808629554687325
momentum+strength+inflation+cand_copper_gold+cand_credit_spread+cand_swap_spread+cand_inflation_1y,動能 (10Y-SMA125) + 強度 (NQ 52W區間) + 通膨意外 (CPI-10YBE) + 銅金比報酬差 + IG企業債利差 + 10Y Swap Spread + 1年通膨預期價差,7,-0.019034280061458936,-0.004629358273099781,,-3.9509157509157573,91,30,10.052423288604194,6.101507537688437,37.362637362637365,66.66666666666666,0.03638556879787394,-0.9661698992390817,-26.55365660507515
strength+move+curve+cand_credit_spread+cand_swap_spread+cand_sofr_ted_spread,強度 (NQ 52W區間) + 波動度 (MOVE偏態) + 殖利率曲線 (10Y-2Y) + IG企業債利差 + 10Y Swap Spread + SOFR-3M利差,6,-0.027666269626390797,-0.037080233497897706,,-3.984269662921349,89,25,1.2191105339431234,-2.765159128978226,60.67415730337079,24.0,0.26539053888221237,-1.4292831190190585,-5.385584297914304
strength+inflation+cand_swap_spread,強度 (NQ 52W區間) + 通膨意外 (CPI-10YBE) + 10Y Swap Spread,3,-0.041545427890194414,-0.07666529632099227,,-3.9912424268527307,78,893,2.8399690761499814,-1.1512733507027495,58.97435897435898,48.488241881299,0.4138344213916231,-1.1625085951272576,-2.8091152766317213
inflation+cand_swap_spread+cand_inflation_1y,通膨意外 (CPI-10YBE) + 10Y Swap Spread + 1年通膨預期價差,3,-0.04654737024844108,-0.0840680448644571,,-4.026849315068499,292,350,2.141690186090271,-1.8851591289782281,53.42465753424658,52.57142857142857,-0.4884981921557134,-1.4879360396139982,0.0
duration+curve+inflation+cand_copper_gold+cand_credit_spread,存續期間避險 (TLT-SHY) + 殖利率曲線 (10Y-2Y) + 通膨意外 (CPI-10YBE) + 銅金比報酬差 + IG企業債利差,5,-0.03702492931373207,-0.017545688042351158,,-4.033988533988532,222,44,5.396102132283036,1.3621135982945034,40.99099099099099,54.54545454545454,-0.40366135853080354,-0.25820665475237065,0.0
strength+duration+cand_copper_gold+cand_credit_spread,強度 (NQ 52W區間) + 存續期間避險 (TLT-SHY) + 銅金比報酬差 + IG企業債利差,4,-0.015475837056568749,0.012026036824092784,,-4.035234699940581,165,306,2.8105984467793506,-1.22463625316123,45.45454545454545,48.36601307189542,0.2810613158257261,-0.17717832773013373,-0.6303903018798728
momentum+duration+inflation+cand_swap_spread+cand_inflation_1y,動能 (10Y-SMA125) + 存續期間避險 (TLT-SHY) + 通膨意外 (CPI-10YBE) + 10Y Swap Spread + 1年通膨預期價差,5,-0.0511854058142109,-0.09668847924476688,,-4.038042644577385,212,123,6.615972946493472,2.577930301916087,38.67924528301887,55.28455284552846,-1.2496515215483261,-0.19850050765247682,0.0
momentum+strength+duration+move+cand_copper_gold+cand_credit_spread+cand_inflation_1y,動能 (10Y-SMA125) + 強度 (NQ 52W區間) + 存續期間避險 (TLT-SHY) + 波動度 (MOVE偏態) + 銅金比報酬差 + IG企業債利差 + 1年通膨預期價差,7,-0.026920437371180373,-0.026927267298735385,,-4.044117647058828,102,36,7.928958518080598,3.8848408710217694,37.254901960784316,66.66666666666666,-0.6156785789198038,-0.2979219638830069,0.0
momentum+duration+curve+inflation,動能 (10Y-SMA125) + 存續期間避險 (TLT-SHY) + 殖利率曲線 (10Y-2Y) + 通膨意外 (CPI-10YBE),4,-0.070434160044027,-0.10108726582390183,,-4.058664447680461,418,138,4.063070536093546,0.004406088413085452,39.23444976076555,54.347826086956516,-1.2546763404303607,0.58021160197608,0.0
strength+duration+cand_copper_gold+cand_credit_spread+cand_swap_spread+cand_inflation_1y,強度 (NQ 52W區間) + 存續期間避險 (TLT-SHY) + 銅金比報酬差 + IG企業債利差 + 10Y Swap Spread + 1年通膨預期價差,6,-0.01563678338544466,-0.026990957553586912,,-4.0731023942944455,52,151,8.827148563329466,4.75404616903502,32.69230769230769,68.21192052980133,0.18703453715893595,-0.820910115892224,-4.389083045098996
momentum+strength+cand_copper_gold+cand_credit_spread+cand_swap_spread+cand_inflation_1y,動能 (10Y-SMA125) + 強度 (NQ 52W區間) + 銅金比報酬差 + IG企業債利差 + 10Y Swap Spread + 1年通膨預期價差,6,-0.002924742595493635,-0.0009941665056246729,,-4.086852676148089,61,151,11.225004805448004,7.138152129299915,32.78688524590164,72.18543046357617,0.3396115018386547,-0.7606506435903468,-2.239767026358615
strength+curve+inflation+cand_swap_spread+cand_sofr_ted_spread+cand_inflation_1y,強度 (NQ 52W區間) + 殖利率曲線 (10Y-2Y) + 通膨意外 (CPI-10YBE) + 10Y Swap Spread + SOFR-3M利差 + 1年通膨預期價差,6,-0.04638000313874043,-0.037004422616611625,,-4.093479968578148,67,19,11.20200505012625,7.108525081548102,37.3134328358209,78.94736842105263,-0.45423071584484076,-1.3946056542070984,0.0
strength+cand_copper_gold+cand_sofr_ted_spread+cand_inflation_1y,強度 (NQ 52W區間) + 銅金比報酬差 + SOFR-3M利差 + 1年通膨預期價差,4,-0.0003369894805763125,0.03644807944499871,,-4.094990654205606,125,214,6.986840871021774,2.8918502168161675,37.6,64.01869158878505,0.38059301065871376,-0.5074074287766676,-1.3332021728367238
move+inflation+cand_copper_gold+cand_swap_spread+cand_sofr_ted_spread+cand_inflation_1y,波動度 (MOVE偏態) + 通膨意外 (CPI-10YBE) + 銅金比報酬差 + 10Y Swap Spread + SOFR-3M利差 + 1年通膨預期價差,6,-0.0048364776080134925,-0.01534391856826639,,-4.120370370370377,81,4,10.005211241392145,5.884840871021767,40.74074074074074,100.0,-0.08302620299820963,-1.897747874964448,0.0
momentum+curve+cand_copper_gold+cand_swap_spread+cand_inflation_1y,動能 (10Y-SMA125) + 殖利率曲線 (10Y-2Y) + 銅金比報酬差 + 10Y Swap Spread + 1年通膨預期價差,5,-0.018658483938109063,-0.016707868335453124,,-4.140697674418607,43,40,7.425538545440385,3.2848408710217782,44.18604651162791,70.0,-0.3033414490421621,-0.25511898927261956,0.0
duration+inflation+cand_copper_gold+cand_sofr_ted_spread,存續期間避險 (TLT-SHY) + 通膨意外 (CPI-10YBE) + 銅金比報酬差 + SOFR-3M利差,4,-0.02696426601015772,0.0037616943828861884,,-4.1583570136915515,237,49,4.609524415325571,0.45116740163401947,40.92827004219409,53.06122448979592,-0.5763516129875799,0.26989674050890605,0.0
momentum+strength+duration+move+cand_swap_spread+cand_sofr_ted_spread+cand_inflation_1y,動能 (10Y-SMA125) + 強度 (NQ 52W區間) + 存續期間避險 (TLT-SHY) + 波動度 (MOVE偏態) + 10Y Swap Spread + SOFR-3M利差 + 1年通膨預期價差,7,-0.0492375810306147,-0.0845681825695214,,-4.163636363636371,44,30,27.99847723465815,23.83484087102178,9.090909090909092,96.66666666666667,-0.997966956319214,-0.6248621431366622,0.0
strength+duration+move+inflation+cand_copper_gold+cand_sofr_ted_spread+cand_inflation_1y,強度 (NQ 52W區間) + 存續期間避險 (TLT-SHY) + 波動度 (MOVE偏態) + 通膨意外 (CPI-10YBE) + 銅金比報酬差 + SOFR-3M利差 + 1年通膨預期價差,7,-0.03976079278913442,-0.022983205125503257,,-4.166666666666667,110,6,10.63484087102177,6.468174204355104,32.72727272727273,100.0,-0.8450284783969367,-0.8138645848458581,0.0
momentum+curve+cand_copper_gold+cand_credit_spread+cand_swap_spread+cand_inflation_1y,動能 (10Y-SMA125) + 殖利率曲線 (10Y-2Y) + 銅金比報酬差 + IG企業債利差 + 10Y Swap Spread + 1年通膨預期價差,6,-0.016416794830227108,-0.008566293954834823,,-4.166666666666682,36,5,20.801507537688444,16.634840871021762,25.0,100.0,-0.1211750506455339,-0.611969965651731,0.0
duration+curve+cand_copper_gold+cand_swap_spread+cand_inflation_1y,存續期間避險 (TLT-SHY) + 殖利率曲線 (10Y-2Y) + 銅金比報酬差 + 10Y Swap Spread + 1年通膨預期價差,5,-0.03492018492164323,-0.05344665978333177,,-4.185185185185188,27,42,10.486692722873629,6.301507537688441,44.44444444444444,78.57142857142857,-0.5513275756599932,-0.4471703057022797,0.0
curve+cand_copper_gold+cand_inflation_1y,殖利率曲線 (10Y-2Y) + 銅金比報酬差 + 1年通膨預期價差,3,-0.02239592950456559,0.007731355914849251,,-4.190781945327402,242,130,6.279468970195331,2.088687024867929,36.77685950413223,56.92307692307692,-0.23879301032979847,-0.4473051021769352,0.0
strength+duration+cand_credit_spread+cand_swap_spread+cand_inflation_1y,強度 (NQ 52W區間) + 存續期間避險 (TLT-SHY) + IG企業債利差 + 10Y Swap Spread + 1年通膨預期價差,5,-0.0398269194732545,-0.07979740208674577,,-4.196092796092799,63,195,11.507856744037648,7.311763947944849,31.746031746031743,74.87179487179488,-0.24477784021406895,-1.0810607819076046,0.0
momentum+duration+inflation+cand_copper_gold+cand_swap_spread+cand_sofr_ted_spread,動能 (10Y-SMA125) + 存續期間避險 (TLT-SHY) + 通膨意外 (CPI-10YBE) + 銅金比報酬差 + 10Y Swap Spread + SOFR-3M利差,6,-0.023796455830256535,-0.00457107156893233,,-4.21817420435511,120,0,4.21817420435511,0.0,41.66666666666667,0.0,-0.6340718170922781,0.2378992570604776,0.0
momentum+inflation+cand_copper_gold+cand_inflation_1y,動能 (10Y-SMA125) + 通膨意外 (CPI-10YBE) + 銅金比報酬差 + 1年通膨預期價差,4,-0.03917756933066614,-0.02658284481672931,,-4.221032946044884,244,103,7.1471359529889895,2.9261030069441047,41.39344262295082,65.0485436893204,-0.7463947033278924,-0.07023993594295984,0.0
move+curve+cand_credit_spread+cand_sofr_ted_spread,波動度 (MOVE偏態) + 殖利率曲線 (10Y-2Y) + IG企業債利差 + SOFR-3M利差,4,-0.021823539867432056,-0.013961482376055304,,-4.221047455126627,245,83,2.145044952654429,-2.076002502472198,51.83673469387755,31.32530120481928,-0.37075953663255296,-0.7070291083123613,0.0
momentum+strength+duration+inflation+cand_copper_gold+cand_credit_spread+cand_inflation_1y,動能 (10Y-SMA125) + 強度 (NQ 52W區間) + 存續期間避險 (TLT-SHY) + 通膨意外 (CPI-10YBE) + 銅金比報酬差 + IG企業債利差 + 1年通膨預期價差,7,-0.043124608134471144,-0.03674898947229242,,-4.252083333333334,160,12,9.303590871021775,5.051507537688441,33.125,66.66666666666666,-0.6213274209527233,-0.25006908550672957,0.0
momentum+strength+move+cand_copper_gold+cand_credit_spread+cand_sofr_ted_spread,動能 (10Y-SMA125) + 強度 (NQ 52W區間) + 波動度 (MOVE偏態) + 銅金比報酬差 + IG企業債利差 + SOFR-3M利差,6,0.0029174184768794814,0.03837829267181786,,-4.2522988505747215,87,40,12.037139721596494,7.784840871021773,33.33333333333333,70.0,0.1570678395401282,-0.2928915272138382,-1.8647453741732363
strength+duration+curve+cand_copper_gold+cand_credit_spread,強度 (NQ 52W區間) + 存續期間避險 (TLT-SHY) + 殖利率曲線 (10Y-2Y) + 銅金比報酬差 + IG企業債利差,5,-0.033448471771602546,-0.01445627653224496,,-4.259743063802222,157,177,2.2335669856714544,-2.026176078130767,48.40764331210191,45.19774011299435,0.06218994407525975,-0.1729189790866575,-2.7804974205700836
momentum+duration+cand_swap_spread,動能 (10Y-SMA125) + 存續期間避險 (TLT-SHY) + 10Y Swap Spread,3,-0.032152836268765535,-0.05924672925004643,,-4.261457109283194,296,368,4.276732762913667,0.015275653630472842,39.189189189189186,55.434782608695656,-0.8268755159041243,0.5016806915890745,0.0
cand_sofr_ted_spread+cand_inflation_1y,SOFR-3M利差 + 1年通膨預期價差,2,-0.037993357134897106,-0.07869860417645855,,-4.277911441625352,648,381,4.290705068552639,0.012793626927287407,44.29012345679013,53.018372703412076,-1.0540056942152403,-0.4017755630269498,0.0
momentum+strength+cand_copper_gold+cand_credit_spread,動能 (10Y-SMA125) + 強度 (NQ 52W區間) + 銅金比報酬差 + IG企業債利差,4,0.006958906469413811,0.05378146693872236,,-4.302140653328668,149,211,2.6147066428338546,-1.6874340104948133,48.99328859060403,46.91943127962085,0.46149596739957516,-0.007966515440546553,-0.01726237281213107
duration+move+inflation+cand_copper_gold+cand_credit_spread+cand_sofr_ted_spread,存續期間避險 (TLT-SHY) + 波動度 (MOVE偏態) + 通膨意外 (CPI-10YBE) + 銅金比報酬差 + IG企業債利差 + SOFR-3M利差,6,-0.023398718963650856,-0.01856163031762402,,-4.31309523809524,120,28,8.876507537688443,4.563412299593203,37.5,78.57142857142857,-0.5101312725819744,-0.5377545357324942,0.0
momentum+duration+curve+inflation+cand_copper_gold+cand_sofr_ted_spread,動能 (10Y-SMA125) + 存續期間避險 (TLT-SHY) + 殖利率曲線 (10Y-2Y) + 通膨意外 (CPI-10YBE) + 銅金比報酬差 + SOFR-3M利差,6,-0.040736595675532686,-0.022345950593485986,,-4.3352018818520985,277,0,4.3352018818520985,0.0,41.51624548736462,0.0,-0.8183572824086673,0.9855256527227781,0.0
momentum+curve+cand_sofr_ted_spread,動能 (10Y-SMA125) + 殖利率曲線 (10Y-2Y) + SOFR-3M利差,3,-0.03546630262415307,-0.02421785698982791,,-4.344100113064035,423,92,-0.24931988547940717,-4.593419998543442,49.881796690307326,34.78260869565217,-0.8395299781755228,2.141017719580328,0.0
duration+curve+inflation+cand_sofr_ted_spread,存續期間避險 (TLT-SHY) + 殖利率曲線 (10Y-2Y) + 通膨意外 (CPI-10YBE) + SOFR-3M利差,4,-0.067337232095147,-0.08387675076993324,,-4.3475779983930485,369,0,4.3475779983930485,0.0,40.10840108401084,0.0,-1.2021967216937919,0.26359711755260695,0.0
momentum+cand_copper_gold+cand_credit_spread+cand_swap_spread+cand_sofr_ted_spread,動能 (10Y-SMA125) + 銅金比報酬差 + IG企業債利差 + 10Y Swap Spread + SOFR-3M利差,5,0.04844988200756291,0.08515685136255753,,-4.386761842959121,23,67,21.678319131891342,17.29155728893222,8.695652173913043,88.05970149253731,0.6342078395716207,-0.15072663242949283,-0.23766125712243164
move+curve+inflation,波動度 (MOVE偏態) + 殖利率曲線 (10Y-2Y) + 通膨意外 (CPI-10YBE),3,-0.06642246529840218,-0.08056901376449163,,-4.395396799208045,319,76,9.688132407071928,5.292735607863882,33.5423197492163,65.78947368421053,-0.8369853959432941,-1.4023247187837073,0.0
momentum+strength+inflation+cand_credit_spread+cand_swap_spread+cand_inflation_1y,動能 (10Y-SMA125) + 強度 (NQ 52W區間) + 通膨意外 (CPI-10YBE) + IG企業債利差 + 10Y Swap Spread + 1年通膨預期價差,6,-0.039804266790916296,-0.04922973975627103,,-4.408573236317621,109,58,9.405483072856637,4.996909836539015,36.69724770642202,63.793103448275865,-0.37613961823165254,-1.147144603609803,0.0
momentum+strength+duration+move+cand_credit_spread+cand_swap_spread+cand_sofr_ted_spread+cand_inflation_1y,動能 (10Y-SMA125) + 強度 (NQ 52W區間) + 存續期間避險 (TLT-SHY) + 波動度 (MOVE偏態) + IG企業債利差 + 10Y Swap Spread + SOFR-3M利差 + 1年通膨預期價差,8,-0.04890093985544858,-0.0796358878930404,,-4.427380952380954,40,42,26.60984087102178,22.182459918640827,17.5,95.23809523809523,-0.8192604159531459,-0.8022463113696953,0.0
momentum+strength+cand_copper_gold+cand_swap_spread+cand_inflation_1y,動能 (10Y-SMA125) + 強度 (NQ 52W區間) + 銅金比報酬差 + 10Y Swap Spread + 1年通膨預期價差,5,-0.008925968567328134,-0.008545916294066126,,-4.440303657694965,42,207,9.587221823402727,5.146918165707762,30.952380952380953,69.08212560386472,0.27376129232254726,-0.535377125757758,-1.9556348569796103
strength+duration+curve+inflation+cand_copper_gold+cand_sofr_ted_spread+cand_inflation_1y,強度 (NQ 52W區間) + 存續期間避險 (TLT-SHY) + 殖利率曲線 (10Y-2Y) + 通膨意外 (CPI-10YBE) + 銅金比報酬差 + SOFR-3M利差 + 1年通膨預期價差,7,-0.04561459409286252,-0.0371857860552777,,-4.467796610169499,177,5,12.702637481191266,8.234840871021767,29.943502824858758,100.0,-0.6528241522125899,-0.4673975956512328,0.0
momentum+duration+curve+cand_copper_gold+cand_credit_spread+cand_inflation_1y,動能 (10Y-SMA125) + 存續期間避險 (TLT-SHY) + 殖利率曲線 (10Y-2Y) + 銅金比報酬差 + IG企業債利差 + 1年通膨預期價差,6,-0.03769138125643166,-0.03155763489649589,,-4.469095014668186,181,0,4.469095014668186,0.0,40.88397790055249,0.0,-0.8221714675277897,0.4698048600205953,0.0
inflation+cand_copper_gold+cand_credit_spread+cand_swap_spread+cand_inflation_1y,通膨意外 (CPI-10YBE) + 銅金比報酬差 + IG企業債利差 + 10Y Swap Spread + 1年通膨預期價差,5,-0.004922425773265028,0.006637359346924068,,-4.477225672877852,138,70,5.540637972471055,1.0634122995932036,40.57971014492754,57.14285714285714,0.2744436857261777,-1.630425597638404,-5.940838439493696
momentum+strength+duration+curve+inflation,動能 (10Y-SMA125) + 強度 (NQ 52W區間) + 存續期間避險 (TLT-SHY) + 殖利率曲線 (10Y-2Y) + 通膨意外 (CPI-10YBE),5,-0.07293585029469565,-0.10986969594900065,,-4.506722151088348,284,132,3.8461084766555778,-0.6606136744327699,40.845070422535215,54.54545454545454,-0.9081763400115065,0.22109894932869226,0.0
duration+move+cand_credit_spread+cand_inflation_1y,存續期間避險 (TLT-SHY) + 波動度 (MOVE偏態) + IG企業債利差 + 1年通膨預期價差,4,-0.06432764400053669,-0.12061285225413795,,-4.51976374375284,124,71,13.957421516183066,9.437657772430226,26.61290322580645,69.01408450704226,-1.3417081826528996,-0.7217430447102103,0.0
strength+duration+inflation+cand_copper_gold+cand_credit_spread+cand_inflation_1y,強度 (NQ 52W區間) + 存續期間避險 (TLT-SHY) + 通膨意外 (CPI-10YBE) + 銅金比報酬差 + IG企業債利差 + 1年通膨預期價差,6,-0.03667891874307124,-0.024209913039653662,,-4.522399688352172,151,68,9.098417029962174,4.576017341610003,36.423841059602644,73.52941176470588,-0.40394091261589715,-0.7389757027115608,0.0
duration+cand_credit_spread+cand_swap_spread,存續期間避險 (TLT-SHY) + IG企業債利差 + 10Y Swap Spread,3,-0.013117227794434548,-0.04682809565839325,,-4.534305317324185,99,212,7.725749961930865,3.1914446446066798,26.262626262626267,61.79245283018868,-0.15029487403514094,-0.8528557882798415,0.0
strength+duration+move+inflation+cand_copper_gold+cand_credit_spread+cand_sofr_ted_spread,強度 (NQ 52W區間) + 存續期間避險 (TLT-SHY) + 波動度 (MOVE偏態) + 通膨意外 (CPI-10YBE) + 銅金比報酬差 + IG企業債利差 + SOFR-3M利差,7,-0.02823843757879024,-0.01841882481426408,,-4.549530099060196,127,62,7.587596776533584,3.0380666774733873,38.582677165354326,66.12903225806451,-0.27039566281109007,-0.695943466105181,0.0
momentum+strength+duration+cand_copper_gold+cand_credit_spread+cand_swap_spread,動能 (10Y-SMA125) + 強度 (NQ 52W區間) + 存續期間避險 (TLT-SHY) + 銅金比報酬差 + IG企業債利差 + 10Y Swap Spread,6,-0.009713008266811304,0.005138384079427519,,-4.570676691729323,57,140,5.476946134179671,0.9062694424503477,36.84210526315789,60.71428571428571,0.18491326105887737,-0.12894318551271833,-0.6973171354739244
duration+curve+cand_swap_spread+cand_inflation_1y,存續期間避險 (TLT-SHY) + 殖利率曲線 (10Y-2Y) + 10Y Swap Spread + 1年通膨預期價差,4,-0.06910183659987745,-0.11817636180856536,,-4.6052941176470705,68,25,11.120134988668834,6.514840871021764,47.05882352941176,68.0,-1.2904064976428462,-0.563803597856596,0.0
momentum+move+inflation+cand_copper_gold+cand_sofr_ted_spread,動能 (10Y-SMA125) + 波動度 (MOVE偏態) + 通膨意外 (CPI-10YBE) + 銅金比報酬差 + SOFR-3M利差,5,-0.01319665147586142,0.0293537052981442,,-4.62745098039214,102,1,14.262291851413929,9.634840871021789,31.372549019607842,100.0,-0.5966393950112332,-0.14998387794454635,0.0
strength+duration+curve+cand_swap_spread+cand_sofr_ted_spread+cand_inflation_1y,強度 (NQ 52W區間) + 存續期間避險 (TLT-SHY) + 殖利率曲線 (10Y-2Y) + 10Y Swap Spread + SOFR-3M利差 + 1年通膨預期價差,6,-0.061786275709918285,-0.08801589192736828,,-4.638888888888882,40,18,17.384840871021773,12.74595198213289,27.500000000000004,100.0,-0.8427306580593913,-0.7652225551589302,0.0
strength+cand_copper_gold+cand_inflation_1y,強度 (NQ 52W區間) + 銅金比報酬差 + 1年通膨預期價差,3,-0.0003538161509176107,0.01888657392334968,,-4.642436974789913,119,340,6.315513139929335,1.6730761651394221,39.49579831932773,60.882352941176464,0.462171822176058,-0.6773262868404594,-1.465529169760681
strength+curve+cand_credit_spread,強度 (NQ 52W區間) + 殖利率曲線 (10Y-2Y) + IG企業債利差,3,-0.039044526888043884,-0.03428849632932543,,-4.656553553169735,256,489,2.5020283710217743,-2.15452518214796,49.609375,40.49079754601227,0.23077326696786107,-0.7748211563886589,-3.3574996210309114
momentum+duration+move+cand_sofr_ted_spread+cand_inflation_1y,動能 (10Y-SMA125) + 存續期間避險 (TLT-SHY) + 波動度 (MOVE偏態) + SOFR-3M利差 + 1年通膨預期價差,5,-0.05692044341016657,-0.09785443418915037,,-4.6589928057553935,278,100,10.89383367677717,6.234840871021777,34.89208633093525,59.0,-1.5998318444615147,0.2952289183825004,0.0
duration+move+curve+inflation+cand_sofr_ted_spread,存續期間避險 (TLT-SHY) + 波動度 (MOVE偏態) + 殖利率曲線 (10Y-2Y) + 通膨意外 (CPI-10YBE) + SOFR-3M利差,5,-0.06429491696395839,-0.07697330889804518,,-4.661764705882353,204,1,12.296605576904128,7.634840871021774,32.35294117647059,100.0,-1.3931139397492744,-0.5922247703813697,0.0
strength+duration+inflation+cand_copper_gold+cand_credit_spread+cand_swap_spread+cand_inflation_1y,強度 (NQ 52W區間) + 存續期間避險 (TLT-SHY) + 通膨意外 (CPI-10YBE) + 銅金比報酬差 + IG企業債利差 + 10Y Swap Spread + 1年通膨預期價差,7,-0.030620266382276773,-0.023162408922631255,,-4.667532467532476,77,60,9.102373338554242,4.434840871021766,36.36363636363637,71.66666666666667,-0.09068988350752122,-1.0352583268225342,0.0
duration+curve+cand_copper_gold+cand_inflation_1y,存續期間避險 (TLT-SHY) + 殖利率曲線 (10Y-2Y) + 銅金比報酬差 + 1年通膨預期價差,4,-0.036307256441609696,-0.024172237857397343,,-4.669701726844588,245,26,9.843004136327899,5.173302409483311,32.244897959183675,69.23076923076923,-0.8615509449717247,0.14906355836182492,0.0
move,波動度 (MOVE偏態),1,-0.027363731903257915,-0.06927388750806822,,-4.678843226788434,657,534,1.9803507644768743,-2.698492462311559,47.336377473363775,44.756554307116104,-0.6403523789938391,-0.9662750148012264,0.0
momentum+strength+duration+cand_copper_gold,動能 (10Y-SMA125) + 強度 (NQ 52W區間) + 存續期間避險 (TLT-SHY) + 銅金比報酬差,4,-0.02178368372973111,-0.021201044724120377,,-4.704544916838194,193,219,0.9923538243896511,-3.7121910924485433,44.559585492227974,43.37899543378995,-0.2596687991942138,0.7268475769481624,0.0
move+cand_swap_spread,波動度 (MOVE偏態) + 10Y Swap Spread,2,-0.001943373401019966,-0.04983923366488794,,-4.768957025736508,268,497,-2.8054576364409134,-7.574414662177422,59.32835820895522,39.2354124748491,0.14775595430250782,-2.3124756810924305,-15.650642926768208
strength+move+cand_copper_gold+cand_credit_spread+cand_swap_spread+cand_inflation_1y,強度 (NQ 52W區間) + 波動度 (MOVE偏態) + 銅金比報酬差 + IG企業債利差 + 10Y Swap Spread + 1年通膨預期價差,6,0.00024075033454936466,-0.010743442046366364,,-4.769243986254299,60,97,8.651507537688442,3.8822635514341424,51.66666666666667,63.91752577319587,0.452772688867711,-1.4065343623658237,-3.1064911752589794
momentum+curve+inflation+cand_copper_gold,動能 (10Y-SMA125) + 殖利率曲線 (10Y-2Y) + 通膨意外 (CPI-10YBE) + 銅金比報酬差,4,-0.036129390720532666,-0.008155602907698921,,-4.769938107869141,261,65,4.450932825044762,-0.3190052828243785,43.67816091954023,61.53846153846154,-0.4125070574943305,0.33886946569942084,0.0
strength+duration+cand_credit_spread+cand_sofr_ted_spread+cand_inflation_1y,強度 (NQ 52W區間) + 存續期間避險 (TLT-SHY) + IG企業債利差 + SOFR-3M利差 + 1年通膨預期價差,5,-0.062252343954622626,-0.07588097112088722,,-4.773329408301449,172,79,11.192980405905496,6.419650997604047,33.13953488372093,83.54430379746836,-0.7789083812617195,-0.44141303818201544,0.0
move+curve+cand_swap_spread,波動度 (MOVE偏態) + 殖利率曲線 (10Y-2Y) + 10Y Swap Spread,3,-0.06023739585666494,-0.1262915553717945,,-4.779152489947409,183,53,-11.152044374879868,-15.931196864827276,74.86338797814209,22.641509433962266,-0.12917510001709254,-1.841489806364328,0.0
strength+inflation+cand_credit_spread+cand_swap_spread+cand_sofr_ted_spread+cand_inflation_1y,強度 (NQ 52W區間) + 通膨意外 (CPI-10YBE) + IG企業債利差 + 10Y Swap Spread + SOFR-3M利差 + 1年通膨預期價差,6,-0.026453051678566996,-0.017668304128443477,,-4.7958188153310175,82,35,14.659231114924216,9.863412299593199,29.268292682926827,85.71428571428571,-0.12907046733566213,-1.7271043175000809,0.0
strength+duration+curve+inflation+cand_copper_gold+cand_credit_spread+cand_inflation_1y,強度 (NQ 52W區間) + 存續期間避險 (TLT-SHY) + 殖利率曲線 (10Y-2Y) + 通膨意外 (CPI-10YBE) + 銅金比報酬差 + IG企業債利差 + 1年通膨預期價差,7,-0.04271692108767905,-0.026648161432443033,,-4.815897435897437,150,26,9.681507537688441,4.865610101791004,36.666666666666664,76.92307692307693,-0.47159170764682634,-0.6929347524895794,0.0
duration+move+curve+inflation+cand_credit_spread+cand_sofr_ted_spread,存續期間避險 (TLT-SHY) + 波動度 (MOVE偏態) + 殖利率曲線 (10Y-2Y) + 通膨意外 (CPI-10YBE) + IG企業債利差 + SOFR-3M利差,6,-0.062382763953503506,-0.07162263595452636,,-4.830769230769231,165,13,13.234840871021774,8.404071640252543,31.515151515151512,100.0,-1.0978959092412832,-0.8455738025718327,0.0
strength+move+curve+cand_copper_gold,強度 (NQ 52W區間) + 波動度 (MOVE偏態) + 殖利率曲線 (10Y-2Y) + 銅金比報酬差,4,-0.02698703505057744,-0.01153023600801723,,-4.849235344095154,107,220,4.6068034878442035,-0.2424318562509507,53.271028037383175,45.45454545454545,0.32878951874937046,-0.7700453263745495,-2.342061660917906
move+curve+inflation+cand_swap_spread,波動度 (MOVE偏態) + 殖利率曲線 (10Y-2Y) + 通膨意外 (CPI-10YBE) + 10Y Swap Spread,4,-0.05525363520689335,-0.0918207313554257,,-4.87653061224489,160,49,-3.815159128978229,-8.691689741223119,59.375,36.734693877551024,-0.33285925331317673,-1.5943976038884835,0.0
strength+duration+curve+inflation+cand_copper_gold,強度 (NQ 52W區間) + 存續期間避險 (TLT-SHY) + 殖利率曲線 (10Y-2Y) + 通膨意外 (CPI-10YBE) + 銅金比報酬差,5,-0.04943720058085424,-0.0425588915450571,,-4.91101199957523,219,129,4.584612560519489,-0.32639943905574026,41.55251141552511,55.03875968992248,-0.30371527435213985,-0.23398450767171472,0.0
momentum+duration,動能 (10Y-SMA125) + 存續期間避險 (TLT-SHY),2,-0.047504682371885515,-0.07443568798623879,,-4.923457035372411,674,478,2.0562058561849805,-2.86725117918743,44.21364985163205,49.37238493723849,-1.185387496354499,1.4782020731685657,0.0
momentum+strength+duration+curve+cand_copper_gold,動能 (10Y-SMA125) + 強度 (NQ 52W區間) + 存續期間避險 (TLT-SHY) + 殖利率曲線 (10Y-2Y) + 銅金比報酬差,5,-0.03706120060300081,-0.042132847512165714,,-4.926851851851854,216,120,1.2783593895402945,-3.6484924623115593,45.370370370370374,40.0,-0.3779200375627335,0.6446531082485207,0.0
strength+curve+inflation+cand_sofr_ted_spread+cand_inflation_1y,強度 (NQ 52W區間) + 殖利率曲線 (10Y-2Y) + 通膨意外 (CPI-10YBE) + SOFR-3M利差 + 1年通膨預期價差,5,-0.06298444231627078,-0.06920462376051321,,-4.963438735177866,184,99,12.689188697108731,7.725749961930865,30.434782608695656,76.76767676767676,-0.7601236298268892,-1.15344153597217,0.0
momentum+duration+inflation+cand_credit_spread+cand_swap_spread,動能 (10Y-SMA125) + 存續期間避險 (TLT-SHY) + 通膨意外 (CPI-10YBE) + IG企業債利差 + 10Y Swap Spread,5,-0.04249455021736612,-0.06181616911544751,,-4.969182389937107,159,60,8.70402326095888,3.7348408710217744,32.075471698113205,68.33333333333333,-0.8768195938789638,-0.21800733077889603,0.0
momentum+duration+curve+inflation+cand_copper_gold+cand_credit_spread+cand_swap_spread+cand_sofr_ted_spread,動能 (10Y-SMA125) + 存續期間避險 (TLT-SHY) + 殖利率曲線 (10Y-2Y) + 通膨意外 (CPI-10YBE) + 銅金比報酬差 + IG企業債利差 + 10Y Swap Spread + SOFR-3M利差,8,-0.026377876761872504,0.005704406481928408,,-5.009840871021779,88,0,5.009840871021779,0.0,42.04545454545455,0.0,-0.4926054306245127,-0.08198750630955642,0.0
momentum+strength+inflation+cand_copper_gold+cand_credit_spread+cand_sofr_ted_spread,動能 (10Y-SMA125) + 強度 (NQ 52W區間) + 通膨意外 (CPI-10YBE) + 銅金比報酬差 + IG企業債利差 + SOFR-3M利差,6,-0.012005487904134408,0.038336210626453364,,-5.0100417578047285,188,107,3.794415339106879,-1.21562641869785,42.02127659574468,45.794392523364486,0.011518278805533595,-0.2903171499363074,-25.204907333622945
momentum+strength+duration+cand_swap_spread+cand_inflation_1y,動能 (10Y-SMA125) + 強度 (NQ 52W區間) + 存續期間避險 (TLT-SHY) + 10Y Swap Spread + 1年通膨預期價差,5,-0.041610749769160266,-0.07239702511779547,,-5.016058058584002,92,331,7.058753914500036,2.042695855916034,32.608695652173914,61.631419939577036,-0.6722642579441719,-0.21563645471076018,0.0
duration+move+inflation+cand_copper_gold+cand_credit_spread+cand_swap_spread+cand_inflation_1y,存續期間避險 (TLT-SHY) + 波動度 (MOVE偏態) + 通膨意外 (CPI-10YBE) + 銅金比報酬差 + IG企業債利差 + 10Y Swap Spread + 1年通膨預期價差,7,-0.028664159777203376,-0.04798197854266625,,-5.044999999999995,40,25,27.559840871021777,22.514840871021782,12.5,96.0,-0.5068647611311125,-1.458813445186507,0.0
momentum+strength+curve+inflation,動能 (10Y-SMA125) + 強度 (NQ 52W區間) + 殖利率曲線 (10Y-2Y) + 通膨意外 (CPI-10YBE),4,-0.06033911374834572,-0.0698651264233965,,-5.049726821421637,303,238,2.945071894124086,-2.104654927297551,44.224422442244226,50.0,-0.6132122916669495,-0.11412076519579249,0.0
duration+cand_copper_gold+cand_credit_spread+cand_swap_spread,存續期間避險 (TLT-SHY) + 銅金比報酬差 + IG企業債利差 + 10Y Swap Spread,4,0.018293545037405143,0.031411211964753355,,-5.06842105263158,38,190,6.029577713127039,0.9611566604954592,42.10526315789473,55.26315789473685,0.4233382943996963,-0.46265965607838555,-1.0928840178147547
momentum+strength+move+inflation+cand_copper_gold+cand_inflation_1y,動能 (10Y-SMA125) + 強度 (NQ 52W區間) + 波動度 (MOVE偏態) + 通膨意外 (CPI-10YBE) + 銅金比報酬差 + 1年通膨預期價差,6,-0.036504493050927705,-0.029630372085924325,,-5.076923076923085,121,39,11.634840871021778,6.557917794098693,32.231404958677686,76.92307692307693,-0.6169794557126687,-0.772506661853368,0.0
strength+curve+inflation+cand_credit_spread,強度 (NQ 52W區間) + 殖利率曲線 (10Y-2Y) + 通膨意外 (CPI-10YBE) + IG企業債利差,4,-0.05166316244053358,-0.04912411282257037,,-5.078782707622298,293,276,5.296956911977406,0.21817420435510806,44.36860068259386,50.0,-0.0982637153301453,-1.1210684657775152,0.0
momentum+strength+duration+cand_copper_gold+cand_inflation_1y,動能 (10Y-SMA125) + 強度 (NQ 52W區間) + 存續期間避險 (TLT-SHY) + 銅金比報酬差 + 1年通膨預期價差,5,-0.033455173780960905,-0.03541469330120473,,-5.095740915526197,163,104,10.144043325009505,5.048302409483308,31.28834355828221,67.3076923076923,-0.5776672343204473,0.3323946810799086,0.0
momentum+duration+cand_credit_spread+cand_swap_spread,動能 (10Y-SMA125) + 存續期間避險 (TLT-SHY) + IG企業債利差 + 10Y Swap Spread,4,-0.026338763743125264,-0.05490551753361557,,-5.109022556390976,133,114,11.401758164254858,6.292735607863881,21.804511278195488,69.2982456140351,-0.6207921443340221,0.2348876064373987,0.0
strength+move+inflation+cand_credit_spread+cand_swap_spread+cand_inflation_1y,強度 (NQ 52W區間) + 波動度 (MOVE偏態) + 通膨意外 (CPI-10YBE) + IG企業債利差 + 10Y Swap Spread + 1年通膨預期價差,6,-0.03976381281514135,-0.06809847818980405,,-5.1164731494920215,53,52,15.578237097436869,10.461763947944847,33.9622641509434,73.07692307692307,-0.1864944696263271,-2.040669878444486,0.0
duration+inflation+cand_credit_spread+cand_swap_spread,存續期間避險 (TLT-SHY) + 通膨意外 (CPI-10YBE) + IG企業債利差 + 10Y Swap Spread,4,-0.03633366079064002,-0.05179293733853826,,-5.125309078064294,149,76,11.983834159612382,6.858525081548088,21.476510067114095,69.73684210526315,-0.4982729557450556,-1.122095817887635,0.0
duration+curve,存續期間避險 (TLT-SHY) + 殖利率曲線 (10Y-2Y),2,-0.07375042839914303,-0.0976395547659538,,-5.125842696629213,455,178,2.434840871021775,-2.691001825607438,41.318681318681314,38.764044943820224,-1.1617481548371247,0.8781629811138993,0.0
inflation+cand_credit_spread,通膨意外 (CPI-10YBE) + IG企業債利差,2,-0.020429739927282805,-0.006428978502734965,,-5.139274112943528,464,276,4.701651215849362,-0.43762289709416524,42.025862068965516,47.46376811594203,-0.20601764628283606,-2.154898473907846,0.0
strength+move+curve+cand_credit_spread+cand_sofr_ted_spread,強度 (NQ 52W區間) + 波動度 (MOVE偏態) + 殖利率曲線 (10Y-2Y) + IG企業債利差 + SOFR-3M利差,5,-0.029907640665202084,-0.024616088153403794,,-5.153663793103447,145,160,4.007254664125224,-1.1464091289782232,51.03448275862069,40.625,-0.08508581540031016,-0.8688820952399899,0.0
momentum+duration+inflation+cand_copper_gold+cand_swap_spread+cand_sofr_ted_spread+cand_inflation_1y,動能 (10Y-SMA125) + 存續期間避險 (TLT-SHY) + 通膨意外 (CPI-10YBE) + 銅金比報酬差 + 10Y Swap Spread + SOFR-3M利差 + 1年通膨預期價差,7,-0.0370777479965146,-0.04630777757159345,,-5.162113598294504,110,0,5.162113598294504,0.0,41.81818181818181,0.0,-0.9215116428423054,-0.12771726599916253,0.0
momentum+duration+inflation+cand_swap_spread+cand_sofr_ted_spread,動能 (10Y-SMA125) + 存續期間避險 (TLT-SHY) + 通膨意外 (CPI-10YBE) + 10Y Swap Spread + SOFR-3M利差,5,-0.0513462926160809,-0.07285881071897495,,-5.170110580565344,241,0,5.170110580565344,0.0,40.66390041493776,0.0,-1.2987978387195385,0.19950408050095883,0.0
strength+duration+curve+inflation+cand_copper_gold+cand_credit_spread,強度 (NQ 52W區間) + 存續期間避險 (TLT-SHY) + 殖利率曲線 (10Y-2Y) + 通膨意外 (CPI-10YBE) + 銅金比報酬差 + IG企業債利差,6,-0.041967878416607755,-0.03313330466714356,,-5.23411029922031,187,131,5.319332849631398,0.0852225504110879,41.711229946524064,53.43511450381679,-0.17036009687675377,-0.468895436395622,0.0
strength+curve+inflation+cand_credit_spread+cand_swap_spread+cand_sofr_ted_spread+cand_inflation_1y,強度 (NQ 52W區間) + 殖利率曲線 (10Y-2Y) + 通膨意外 (CPI-10YBE) + IG企業債利差 + 10Y Swap Spread + SOFR-3M利差 + 1年通膨預期價差,7,-0.03367229354881316,-0.012539520899536636,,-5.247619047619041,70,15,14.749126585307494,9.501507537688452,34.285714285714285,86.66666666666667,-0.24994022287840856,-1.5791904403278683,0.0
strength+move+inflation+cand_credit_spread+cand_swap_spread+cand_sofr_ted_spread+cand_inflation_1y,強度 (NQ 52W區間) + 波動度 (MOVE偏態) + 通膨意外 (CPI-10YBE) + IG企業債利差 + 10Y Swap Spread + SOFR-3M利差 + 1年通膨預期價差,7,-0.038674374832097756,-0.05036804907522302,,-5.27672955974843,53,9,15.578237097436869,10.301507537688439,33.9622641509434,88.88888888888889,-0.2852427708973672,-1.9873716273363435,0.0
duration+move+curve+cand_swap_spread+cand_sofr_ted_spread,存續期間避險 (TLT-SHY) + 波動度 (MOVE偏態) + 殖利率曲線 (10Y-2Y) + 10Y Swap Spread + SOFR-3M利差,5,-0.05178134548463526,-0.08079691980772215,,-5.294117647058824,85,3,2.9289585180806,-2.3651591289782243,54.11764705882353,0.0,-0.9666409191117545,-1.0566092197034314,0.0
strength+duration+move+inflation+cand_credit_spread+cand_swap_spread+cand_sofr_ted_spread+cand_inflation_1y,強度 (NQ 52W區間) + 存續期間避險 (TLT-SHY) + 波動度 (MOVE偏態) + 通膨意外 (CPI-10YBE) + IG企業債利差 + 10Y Swap Spread + SOFR-3M利差 + 1年通膨預期價差,8,-0.05653399831611287,-0.08061917319876112,,-5.296435272045031,41,13,24.854353066143734,19.557917794098703,19.51219512195122,92.3076923076923,-0.7819919065680113,-1.573637805945865,0.0
duration+curve+inflation+cand_copper_gold+cand_sofr_ted_spread+cand_inflation_1y,存續期間避險 (TLT-SHY) + 殖利率曲線 (10Y-2Y) + 通膨意外 (CPI-10YBE) + 銅金比報酬差 + SOFR-3M利差 + 1年通膨預期價差,6,-0.045806136762111156,-0.02789630168557264,,-5.313829787234045,188,1,13.94867065825582,8.634840871021774,28.723404255319153,100.0,-0.9227673962464163,-0.21096728207928053,0.0
momentum+strength+duration+curve+inflation+cand_copper_gold+cand_credit_spread+cand_swap_spread+cand_sofr_ted_spread,動能 (10Y-SMA125) + 強度 (NQ 52W區間) + 存續期間避險 (TLT-SHY) + 殖利率曲線 (10Y-2Y) + 通膨意外 (CPI-10YBE) + 銅金比報酬差 + IG企業債利差 + 10Y Swap Spread + SOFR-3M利差,9,-0.03066668980542782,0.0030265057370272705,,-5.32791017795247,101,0,5.32791017795247,0.0,44.554455445544555,0.0,-0.2587757877986046,-0.3302207438009205,0.0
momentum+strength+curve+inflation+cand_copper_gold+cand_swap_spread,動能 (10Y-SMA125) + 強度 (NQ 52W區間) + 殖利率曲線 (10Y-2Y) + 通膨意外 (CPI-10YBE) + 銅金比報酬差 + 10Y Swap Spread,6,-0.03526618211419331,-0.016616177764940485,,-5.335157318741443,86,85,2.146468777998518,-3.188688540742924,46.51162790697674,54.11764705882353,0.17439973056700075,-0.4188913916214233,-2.4019038920504174
curve+cand_copper_gold+cand_credit_spread+cand_sofr_ted_spread+cand_inflation_1y,殖利率曲線 (10Y-2Y) + 銅金比報酬差 + IG企業債利差 + SOFR-3M利差 + 1年通膨預期價差,5,-0.005105952625887585,0.026369972765021066,,-5.362051282051276,150,78,5.88150753768844,0.5194562556371637,44.666666666666664,53.84615384615385,-0.03977067844047435,-0.43354466139270276,0.0
curve+cand_credit_spread+cand_swap_spread+cand_sofr_ted_spread+cand_inflation_1y,殖利率曲線 (10Y-2Y) + IG企業債利差 + 10Y Swap Spread + SOFR-3M利差 + 1年通膨預期價差,5,-0.011109385148970802,-0.019881161494864394,,-5.399999999999983,28,15,18.634840871021773,13.23484087102179,35.714285714285715,100.0,-0.3093449188831876,-1.4725370371198767,0.0
strength+move+cand_credit_spread,強度 (NQ 52W區間) + 波動度 (MOVE偏態) + IG企業債利差,3,-0.023862997767277724,-0.047465571801885986,,-5.401265822784809,158,395,4.552562390009115,-0.8487034327756942,50.63291139240506,47.08860759493671,0.18554296065305775,-1.0872152496292478,-5.859641593529409
momentum+duration+curve,動能 (10Y-SMA125) + 存續期間避險 (TLT-SHY) + 殖利率曲線 (10Y-2Y),3,-0.062398773358698416,-0.0870723226164188,,-5.403571996998702,427,206,2.1500633534573748,-3.253508643541327,43.09133489461358,40.77669902912621,-1.1633946483013402,1.2594877101438084,0.0
strength+cand_copper_gold+cand_credit_spread+cand_sofr_ted_spread+cand_inflation_1y,強度 (NQ 52W區間) + 銅金比報酬差 + IG企業債利差 + SOFR-3M利差 + 1年通膨預期價差,5,0.0019903344081278968,0.03393590143387876,,-5.456987998451414,126,205,9.364999601180505,3.908011602729091,37.301587301587304,60.97560975609756,0.39320134625243885,-0.5829955970019537,-1.4826897276889413
momentum+strength+curve+cand_copper_gold+cand_credit_spread+cand_swap_spread+cand_inflation_1y,動能 (10Y-SMA125) + 強度 (NQ 52W區間) + 殖利率曲線 (10Y-2Y) + 銅金比報酬差 + IG企業債利差 + 10Y Swap Spread + 1年通膨預期價差,7,-0.021742384531203314,0.0010584500413574238,,-5.46923076923077,65,20,10.004071640252546,4.534840871021776,36.92307692307693,60.0,0.15306919252772383,-0.6955133744800011,-4.543784173644412
momentum+strength+duration+curve+inflation+cand_copper_gold+cand_swap_spread+cand_sofr_ted_spread,動能 (10Y-SMA125) + 強度 (NQ 52W區間) + 存續期間避險 (TLT-SHY) + 殖利率曲線 (10Y-2Y) + 通膨意外 (CPI-10YBE) + 銅金比報酬差 + 10Y Swap Spread + SOFR-3M利差,8,-0.03432608152272798,-0.011213425853371086,,-5.478877568269481,109,0,5.478877568269481,0.0,39.44954128440367,0.0,-0.3916231933213659,-0.10919503993050778,0.0
momentum+cand_sofr_ted_spread+cand_inflation_1y,動能 (10Y-SMA125) + SOFR-3M利差 + 1年通膨預期價差,3,-0.033338959352632605,-0.07036409410841868,,-5.479861181994488,485,202,7.4513357163826015,1.971474534388114,41.855670103092784,53.46534653465347,-1.2230192837285419,0.6238979819887245,0.0
duration+curve+inflation+cand_credit_spread+cand_sofr_ted_spread,存續期間避險 (TLT-SHY) + 殖利率曲線 (10Y-2Y) + 通膨意外 (CPI-10YBE) + IG企業債利差 + SOFR-3M利差,5,-0.06178383307098609,-0.0614564046767035,,-5.479885057471265,290,24,7.531392595159707,2.0515075376884413,36.896551724137936,62.5,-0.9619873429665995,-0.3145911369566762,0.0
strength+duration+curve+cand_sofr_ted_spread,強度 (NQ 52W區間) + 存續期間避險 (TLT-SHY) + 殖利率曲線 (10Y-2Y) + SOFR-3M利差,4,-0.05825423285548289,-0.06010630147570005,,-5.511538461538461,260,194,2.646379332560236,-2.8651591289782252,43.07692307692308,36.597938144329895,-0.6158554891589066,0.173389835496121,0.0
momentum+strength+cand_credit_spread+cand_swap_spread+cand_inflation_1y,動能 (10Y-SMA125) + 強度 (NQ 52W區間) + IG企業債利差 + 10Y Swap Spread + 1年通膨預期價差,5,-0.027851439985166048,-0.049824095814550655,,-5.51945117029863,70,177,14.606269442450346,9.086818272151715,28.57142857142857,77.40112994350282,-0.08690122554250494,-1.0112457028556083,0.0
duration+curve+cand_sofr_ted_spread,存續期間避險 (TLT-SHY) + 殖利率曲線 (10Y-2Y) + SOFR-3M利差,3,-0.05801646190658885,-0.055729610366988515,,-5.523926654740607,416,129,1.2983024094833127,-4.225624245257294,45.19230769230769,31.007751937984494,-1.0752313769181996,1.2169126756853275,0.0
momentum+strength+curve+inflation+cand_copper_gold+cand_credit_spread+cand_sofr_ted_spread,動能 (10Y-SMA125) + 強度 (NQ 52W區間) + 殖利率曲線 (10Y-2Y) + 通膨意外 (CPI-10YBE) + 銅金比報酬差 + IG企業債利差 + SOFR-3M利差,7,-0.02796584571031906,0.008442839261881108,,-5.561599176389839,188,93,4.906117466766454,-0.655481709623385,42.02127659574468,40.86021505376344,-0.08738185054497963,-0.2782264035449172,0.0
momentum+curve+cand_copper_gold+cand_credit_spread+cand_swap_spread+cand_sofr_ted_spread+cand_inflation_1y,動能 (10Y-SMA125) + 殖利率曲線 (10Y-2Y) + 銅金比報酬差 + IG企業債利差 + 10Y Swap Spread + SOFR-3M利差 + 1年通膨預期價差,7,-0.007578770233303196,0.010383947781008951,,-5.566666666666688,36,5,20.801507537688444,15.234840871021756,25.0,100.0,-0.15235130691774443,-0.5156661239534731,0.0
momentum+inflation+cand_copper_gold+cand_swap_spread,動能 (10Y-SMA125) + 通膨意外 (CPI-10YBE) + 銅金比報酬差 + 10Y Swap Spread,4,-0.010133862548671822,0.008475402462659196,,-5.5699999999999985,100,106,1.7048408710217766,-3.865159128978222,54.0,49.056603773584904,0.20353665802255688,-0.2613681620938937,-1.2841331121046886
duration+inflation+cand_copper_gold+cand_credit_spread,存續期間避險 (TLT-SHY) + 通膨意外 (CPI-10YBE) + 銅金比報酬差 + IG企業債利差,4,-0.020734024807440094,-0.0012924052830809172,,-5.587046525927447,205,119,5.020206724680311,-0.5668398012471362,38.53658536585366,54.621848739495796,-0.3231431542828112,-0.27939935960620477,0.0
momentum+strength+duration+move+inflation+cand_copper_gold+cand_credit_spread+cand_sofr_ted_spread,動能 (10Y-SMA125) + 強度 (NQ 52W區間) + 存續期間避險 (TLT-SHY) + 波動度 (MOVE偏態) + 通膨意外 (CPI-10YBE) + 銅金比報酬差 + IG企業債利差 + SOFR-3M利差,8,-0.02685175774636739,-0.010216281636292514,,-5.6113960113960095,135,26,7.938544574725476,2.327148563329467,36.2962962962963,65.38461538461539,-0.5686839222141674,-0.27898526975114335,0.0
momentum+strength+duration+curve+cand_sofr_ted_spread,動能 (10Y-SMA125) + 強度 (NQ 52W區間) + 存續期間避險 (TLT-SHY) + 殖利率曲線 (10Y-2Y) + SOFR-3M利差,5,-0.056068443508531705,-0.07696129713043366,,-5.625757575757573,260,99,2.684840871021774,-2.9409167047357987,42.30769230769231,39.39393939393939,-0.8067970120050386,0.9750580761763117,0.0
strength+move+inflation+cand_credit_spread,強度 (NQ 52W區間) + 波動度 (MOVE偏態) + 通膨意外 (CPI-10YBE) + IG企業債利差,4,-0.04544362379301548,-0.06753616181935614,,-5.644534412955467,130,209,6.542533178714083,0.897998765758616,47.69230769230769,55.02392344497608,-0.1718792743475063,-1.5625205484934859,0.0
strength+move+cand_copper_gold+cand_credit_spread,強度 (NQ 52W區間) + 波動度 (MOVE偏態) + 銅金比報酬差 + IG企業債利差,4,0.005246715021501255,0.023870676764904827,,-5.668078733418911,164,285,4.1836213588266515,-1.484457374592259,46.34146341463415,49.122807017543856,0.6163374107301698,-0.816446661538571,-1.3246748409630587
momentum+curve+cand_copper_gold+cand_credit_spread,動能 (10Y-SMA125) + 殖利率曲線 (10Y-2Y) + 銅金比報酬差 + IG企業債利差,4,-0.013677824564246857,0.03106832326874692,,-5.687830687830693,189,2,0.3226715588524659,-5.3651591289782266,48.148148148148145,50.0,-0.047670071193120764,0.5800557781317461,0.0
momentum+duration+cand_copper_gold+cand_credit_spread+cand_swap_spread,動能 (10Y-SMA125) + 存續期間避險 (TLT-SHY) + 銅金比報酬差 + IG企業債利差 + 10Y Swap Spread,5,-0.0011440944349845167,0.0031936661159794773,,-5.721732157177229,43,116,13.42553854544038,7.703806388263152,20.930232558139537,75.0,-0.07579689252707596,0.23795213340094024,0.0
momentum+strength+inflation+cand_copper_gold+cand_sofr_ted_spread,動能 (10Y-SMA125) + 強度 (NQ 52W區間) + 通膨意外 (CPI-10YBE) + 銅金比報酬差 + SOFR-3M利差,5,-0.020476623486223533,0.02104930478898652,,-5.727353582069638,199,113,4.167504187604688,-1.5598493944649496,41.70854271356784,42.47787610619469,-0.11662090049084298,0.0024200370959898063,0.0
strength+duration+curve+cand_copper_gold+cand_credit_spread+cand_swap_spread+cand_sofr_ted_spread,強度 (NQ 52W區間) + 存續期間避險 (TLT-SHY) + 殖利率曲線 (10Y-2Y) + 銅金比報酬差 + IG企業債利差 + 10Y Swap Spread + SOFR-3M利差,7,-0.02806355429858847,0.006769020322748088,,-5.729310344827587,40,58,6.984840871021777,1.2555305261941896,35.0,48.275862068965516,0.3701845035088905,-0.49773119896027673,-1.3445489863632907
duration+move+cand_swap_spread,存續期間避險 (TLT-SHY) + 波動度 (MOVE偏態) + 10Y Swap Spread,3,-0.03136358595551752,-0.08511208058674066,,-5.732234042553192,200,235,2.7798408710217735,-2.9523931715314187,45.5,45.95744680851064,-0.6039203696704558,-0.9831721295053187,0.0
momentum+cand_sofr_ted_spread,動能 (10Y-SMA125) + SOFR-3M利差,2,-0.018997508373582314,0.004876445029624913,,-5.73489617911678,722,242,1.5184973807170652,-4.216398798399715,46.121883656509695,44.62809917355372,-1.0288744986665308,1.9193059987453467,0.0
strength+curve+inflation+cand_credit_spread+cand_sofr_ted_spread+cand_inflation_1y,強度 (NQ 52W區間) + 殖利率曲線 (10Y-2Y) + 通膨意外 (CPI-10YBE) + IG企業債利差 + SOFR-3M利差 + 1年通膨預期價差,6,-0.05271664108628672,-0.04528255409363556,,-5.743812279009965,183,102,10.908064914737622,5.1642526357276575,34.42622950819672,69.6078431372549,-0.5569854961108877,-1.2321984844116902,0.0
momentum+strength+inflation+cand_copper_gold,動能 (10Y-SMA125) + 強度 (NQ 52W區間) + 通膨意外 (CPI-10YBE) + 銅金比報酬差,4,-0.02877586873422983,-0.007395386227116922,,-5.745706794843782,199,230,4.167504187604688,-1.5782026072390933,41.70854271356784,50.0,-0.05158804772075471,-0.08033259461781547,0.0
strength+move+inflation+cand_copper_gold+cand_credit_spread+cand_swap_spread+cand_sofr_ted_spread+cand_inflation_1y,強度 (NQ 52W區間) + 波動度 (MOVE偏態) + 通膨意外 (CPI-10YBE) + 銅金比報酬差 + IG企業債利差 + 10Y Swap Spread + SOFR-3M利差 + 1年通膨預期價差,8,-0.01252185043435048,-0.00592788122457295,,-5.771212121212131,60,11,11.951507537688444,6.180295416476313,46.666666666666664,81.81818181818183,0.1690925760071599,-1.5625663443293714,-9.240892659079293
momentum+strength+duration+move+cand_copper_gold+cand_credit_spread+cand_swap_spread+cand_sofr_ted_spread+cand_inflation_1y,動能 (10Y-SMA125) + 強度 (NQ 52W區間) + 存續期間避險 (TLT-SHY) + 波動度 (MOVE偏態) + 銅金比報酬差 + IG企業債利差 + 10Y Swap Spread + SOFR-3M利差 + 1年通膨預期價差,9,-0.03182410832281978,-0.04002755298304756,,-5.775201612903224,32,31,29.603590871021776,23.828389258118552,9.375,96.7741935483871,-0.4078720896707351,-0.6234557267432049,0.0
momentum+strength+duration+curve+inflation+cand_credit_spread+cand_sofr_ted_spread,動能 (10Y-SMA125) + 強度 (NQ 52W區間) + 存續期間避險 (TLT-SHY) + 殖利率曲線 (10Y-2Y) + 通膨意外 (CPI-10YBE) + IG企業債利差 + SOFR-3M利差,7,-0.05875956367159788,-0.06728753284650177,,-5.780733162830347,255,23,7.372095772982557,1.5913626101522096,36.07843137254902,65.21739130434783,-0.8226026715319951,0.0721609273128094,0.0
duration+move+cand_credit_spread+cand_swap_spread+cand_sofr_ted_spread,存續期間避險 (TLT-SHY) + 波動度 (MOVE偏態) + IG企業債利差 + 10Y Swap Spread + SOFR-3M利差,5,-0.02237161157571469,-0.0603797797901395,,-5.781797331109264,109,88,9.882547293040126,4.1007499619308625,29.357798165137616,60.22727272727273,-0.4439321854977937,-1.0164697273554897,0.0
momentum+move+inflation+cand_copper_gold+cand_credit_spread+cand_sofr_ted_spread,動能 (10Y-SMA125) + 波動度 (MOVE偏態) + 通膨意外 (CPI-10YBE) + 銅金比報酬差 + IG企業債利差 + SOFR-3M利差,6,-0.010339457752530177,0.018338842893192937,,-5.7849462365591355,93,5,12.41978710758091,6.634840871021775,31.182795698924732,80.0,-0.3693962018415302,-0.43422719236902396,0.0
momentum+move+inflation+cand_swap_spread+cand_inflation_1y,動能 (10Y-SMA125) + 波動度 (MOVE偏態) + 通膨意外 (CPI-10YBE) + 10Y Swap Spread + 1年通膨預期價差,5,-0.04515148072373263,-0.08948928731013832,,-5.793478260869573,92,54,16.42831913189134,10.634840871021765,27.173913043478258,74.07407407407408,-1.1033885777035766,-1.0900126598788613,0.0
inflation+cand_swap_spread+cand_sofr_ted_spread+cand_inflation_1y,通膨意外 (CPI-10YBE) + 10Y Swap Spread + SOFR-3M利差 + 1年通膨預期價差,4,-0.0303944262560382,-0.05664049010323238,,-5.8193493150684965,292,48,2.141690186090271,-3.6776591289782252,53.42465753424658,68.75,-0.6607124036540813,-2.0307758114577537,0.0
momentum+strength+duration+curve+inflation+cand_credit_spread+cand_swap_spread+cand_sofr_ted_spread,動能 (10Y-SMA125) + 強度 (NQ 52W區間) + 存續期間避險 (TLT-SHY) + 殖利率曲線 (10Y-2Y) + 通膨意外 (CPI-10YBE) + IG企業債利差 + 10Y Swap Spread + SOFR-3M利差,8,-0.0430329610505403,-0.04079703197654798,,-5.822340871021774,144,0,5.822340871021774,0.0,39.58333333333333,0.0,-0.6724902427428229,-0.4262610179765753,0.0
momentum+cand_credit_spread+cand_swap_spread,動能 (10Y-SMA125) + IG企業債利差 + 10Y Swap Spread,3,0.007762309148615656,-0.006896344558186967,,-5.825354609929081,64,141,13.509840871021776,7.684486261092695,17.1875,71.63120567375887,0.09249868272785909,-0.5753950507363434,-6.220575620835775
move+cand_copper_gold+cand_sofr_ted_spread+cand_inflation_1y,波動度 (MOVE偏態) + 銅金比報酬差 + SOFR-3M利差 + 1年通膨預期價差,4,0.007434310614866582,0.018229654553697697,,-5.845114345114337,104,74,13.25022548640639,7.4051111412920525,31.73076923076923,66.21621621621621,-0.22799816938155223,-0.6053273367983738,0.0
momentum+strength+duration+curve+cand_copper_gold+cand_credit_spread,動能 (10Y-SMA125) + 強度 (NQ 52W區間) + 存續期間避險 (TLT-SHY) + 殖利率曲線 (10Y-2Y) + 銅金比報酬差 + IG企業債利差,6,-0.0321501686573527,-0.01811958333690247,,-5.849745331069616,186,76,0.7477440968282281,-5.102001234241388,48.38709677419355,38.15789473684211,-0.2556959126127562,0.3550202806115566,0.0
duration+move+inflation+cand_credit_spread+cand_swap_spread+cand_inflation_1y,存續期間避險 (TLT-SHY) + 波動度 (MOVE偏態) + 通膨意外 (CPI-10YBE) + IG企業債利差 + 10Y Swap Spread + 1年通膨預期價差,6,-0.05510552243476464,-0.10638003867627328,,-5.862745098039223,51,39,23.830919302394335,17.968174204355112,13.725490196078432,82.05128205128204,-1.007876651130213,-1.824465110488425,0.0
strength+move+cand_copper_gold,強度 (NQ 52W區間) + 波動度 (MOVE偏態) + 銅金比報酬差,3,0.004404265138609118,0.030956512671554835,,-5.862849063273237,123,345,4.106385586468926,-1.7564634768043106,48.78048780487805,52.7536231884058,0.6923614451076944,-0.7749923697032439,-1.1193465135579532
strength+inflation+cand_copper_gold+cand_sofr_ted_spread+cand_inflation_1y,強度 (NQ 52W區間) + 通膨意外 (CPI-10YBE) + 銅金比報酬差 + SOFR-3M利差 + 1年通膨預期價差,5,-0.02131278768154485,0.0009322382995741837,,-5.869101641763513,139,195,10.821891230734007,4.952789588970494,33.093525179856115,68.71794871794872,-0.09620511782970921,-0.9133585603062201,0.0
momentum+curve+cand_copper_gold+cand_credit_spread+cand_sofr_ted_spread,動能 (10Y-SMA125) + 殖利率曲線 (10Y-2Y) + 銅金比報酬差 + IG企業債利差 + SOFR-3M利差,5,-0.002920987410805052,0.05443585108940928,,-5.958333333333334,168,2,0.5931742043551069,-5.3651591289782266,50.595238095238095,50.0,-0.033030160023086355,0.5294482497039259,0.0
strength+duration+move+curve+inflation+cand_copper_gold+cand_credit_spread+cand_inflation_1y,強度 (NQ 52W區間) + 存續期間避險 (TLT-SHY) + 波動度 (MOVE偏態) + 殖利率曲線 (10Y-2Y) + 通膨意外 (CPI-10YBE) + 銅金比報酬差 + IG企業債利差 + 1年通膨預期價差,8,-0.04582904450736078,-0.03212288871521123,,-5.971698113207544,106,3,11.606538984229323,5.634840871021779,33.9622641509434,100.0,-0.6212744760262441,-0.9698039303402962,0.0
momentum+duration+move+inflation+cand_swap_spread+cand_inflation_1y,動能 (10Y-SMA125) + 存續期間避險 (TLT-SHY) + 波動度 (MOVE偏態) + 通膨意外 (CPI-10YBE) + 10Y Swap Spread + 1年通膨預期價差,6,-0.05423249697302639,-0.1073618967865889,,-6.000141322781243,116,61,17.471047767573502,11.47090644479226,18.96551724137931,72.1311475409836,-1.3975376604794982,-0.572886128821506,0.0
momentum+duration+move+inflation+cand_copper_gold+cand_inflation_1y,動能 (10Y-SMA125) + 存續期間避險 (TLT-SHY) + 波動度 (MOVE偏態) + 通膨意外 (CPI-10YBE) + 銅金比報酬差 + 1年通膨預期價差,6,-0.04923139583491094,-0.0665021011331063,,-6.023006134969343,163,12,12.407847005991098,6.384840871021755,31.28834355828221,75.0,-1.271731277746647,-0.10294241636535066,0.0
duration,存續期間避險 (TLT-SHY),1,-0.05773327398431971,-0.0980954361550844,,-6.0916468929468,718,567,2.0721667763142544,-4.019480116632545,42.757660167130915,45.67901234567901,-1.3174921448656849,1.1755860806804712,0.0
move+inflation+cand_credit_spread+cand_swap_spread+cand_sofr_ted_spread+cand_inflation_1y,波動度 (MOVE偏態) + 通膨意外 (CPI-10YBE) + IG企業債利差 + 10Y Swap Spread + SOFR-3M利差 + 1年通膨預期價差,6,-0.029387194166596253,-0.05008068257633608,,-6.120000000000004,75,39,13.088174204355111,6.968174204355107,34.66666666666667,71.7948717948718,-0.5229402093044099,-2.4821199219313703,0.0
momentum+inflation,動能 (10Y-SMA125) + 通膨意外 (CPI-10YBE),2,-0.06335654212600686,-0.08936990642579835,,-6.168369887374034,482,350,2.597496472681525,-3.5708734146925094,47.5103734439834,48.857142857142854,-1.219283674444587,0.33437566635107185,0.0
duration+move+inflation+cand_credit_spread+cand_sofr_ted_spread,存續期間避險 (TLT-SHY) + 波動度 (MOVE偏態) + 通膨意外 (CPI-10YBE) + IG企業債利差 + SOFR-3M利差,5,-0.060912522421621554,-0.08600830260208958,,-6.185853658536579,164,25,12.500694529558356,6.314840871021777,25.609756097560975,84.0,-1.2265114295282524,-0.749185525862884,0.0
momentum+strength+duration+move+cand_copper_gold+cand_credit_spread+cand_sofr_ted_spread,動能 (10Y-SMA125) + 強度 (NQ 52W區間) + 存續期間避險 (TLT-SHY) + 波動度 (MOVE偏態) + 銅金比報酬差 + IG企業債利差 + SOFR-3M利差,7,-0.014073288572526637,0.004748562396048713,,-6.20475113122172,119,52,7.281899694551183,1.0771485633294637,36.134453781512605,57.692307692307686,-0.36684645473039823,0.00944739309979822,0.0
curve+inflation+cand_swap_spread+cand_sofr_ted_spread+cand_inflation_1y,殖利率曲線 (10Y-2Y) + 通膨意外 (CPI-10YBE) + 10Y Swap Spread + SOFR-3M利差 + 1年通膨預期價差,5,-0.056283290663479854,-0.06002464623946134,,-6.24183006535945,51,9,16.987782047492363,10.745951982132913,33.33333333333333,100.0,-0.8180338355900261,-1.5811042033816913,0.0
momentum+strength+duration+cand_copper_gold+cand_swap_spread,動能 (10Y-SMA125) + 強度 (NQ 52W區間) + 存續期間避險 (TLT-SHY) + 銅金比報酬差 + 10Y Swap Spread,5,-0.012622841088481595,0.0013101832958236322,,-6.245854271356781,40,199,3.709840871021773,-2.536013400335008,35.0,53.266331658291456,0.09616174597704925,0.11133477287044061,1.1577865162412158
momentum+duration+curve+cand_copper_gold+cand_credit_spread+cand_sofr_ted_spread+cand_inflation_1y,動能 (10Y-SMA125) + 存續期間避險 (TLT-SHY) + 殖利率曲線 (10Y-2Y) + 銅金比報酬差 + IG企業債利差 + SOFR-3M利差 + 1年通膨預期價差,7,-0.034741700155319556,-0.026525886256935985,,-6.285525802528626,146,0,6.285525802528626,0.0,41.0958904109589,0.0,-0.8269542732340439,0.4957381735545835,0.0
duration+cand_inflation_1y,存續期間避險 (TLT-SHY) + 1年通膨預期價差,2,-0.06581552512020797,-0.12077911301754608,,-6.293526149380608,472,327,6.228061210004828,-0.06546493937578007,41.52542372881356,53.51681957186545,-1.4545665408392885,0.1210164459472398,0.0
duration+cand_sofr_ted_spread,存續期間避險 (TLT-SHY) + SOFR-3M利差,2,-0.057098120716559536,-0.07374625563576154,,-6.319526728390314,738,317,1.8408029306423712,-4.478723797747943,44.3089430894309,41.95583596214511,-1.330090360354629,1.012317390319105,0.0
momentum+strength+inflation+cand_copper_gold+cand_swap_spread+cand_inflation_1y,動能 (10Y-SMA125) + 強度 (NQ 52W區間) + 通膨意外 (CPI-10YBE) + 銅金比報酬差 + 10Y Swap Spread + 1年通膨預期價差,6,-0.02757636526665855,-0.023165864451316784,,-6.31980676328503,90,115,8.345951982132886,2.0261452188478573,38.88888888888889,61.73913043478261,-0.0749748446751852,-0.7117561313938213,0.0
duration+inflation+cand_credit_spread+cand_sofr_ted_spread,存續期間避險 (TLT-SHY) + 通膨意外 (CPI-10YBE) + IG企業債利差 + SOFR-3M利差,4,-0.05948522551432981,-0.07634404305692352,,-6.320743068806824,302,59,8.26066868559131,1.939925616784487,32.78145695364238,59.32203389830508,-1.1513282418066337,-0.2991325552314039,0.0
strength+duration+cand_swap_spread+cand_sofr_ted_spread+cand_inflation_1y,強度 (NQ 52W區間) + 存續期間避險 (TLT-SHY) + 10Y Swap Spread + SOFR-3M利差 + 1年通膨預期價差,5,-0.05503096778889534,-0.10411223639073972,,-6.354072398190038,34,104,20.546605576904124,14.192533178714086,26.47058823529412,89.42307692307693,-0.6349569553674149,-0.8657857168609941,0.0
momentum+strength+duration+move+cand_copper_gold+cand_swap_spread+cand_sofr_ted_spread+cand_inflation_1y,動能 (10Y-SMA125) + 強度 (NQ 52W區間) + 存續期間避險 (TLT-SHY) + 波動度 (MOVE偏態) + 銅金比報酬差 + 10Y Swap Spread + SOFR-3M利差 + 1年通膨預期價差,8,-0.02971351112086668,-0.03935535692318012,,-6.354251012145745,26,19,31.673302409483313,25.319051397337567,3.8461538461538463,100.0,-0.5685496100530343,-0.48304393654134387,0.0
move+inflation,波動度 (MOVE偏態) + 通膨意外 (CPI-10YBE),2,-0.05372668933516187,-0.09001372842648277,,-6.355334346504558,376,175,3.8130323603834753,-2.542301986121083,45.47872340425532,45.14285714285714,-0.8842873891699892,-1.6228385425807539,0.0
strength+move+cand_copper_gold+cand_credit_spread+cand_sofr_ted_spread+cand_inflation_1y,強度 (NQ 52W區間) + 波動度 (MOVE偏態) + 銅金比報酬差 + IG企業債利差 + SOFR-3M利差 + 1年通膨預期價差,6,-0.008936862952731604,0.009331992678882252,,-6.36509945750452,79,70,15.128511757097725,8.763412299593204,30.37974683544304,72.85714285714285,0.15341100857556117,-0.7950232214539108,-5.182308811054648
strength+duration+curve,強度 (NQ 52W區間) + 存續期間避險 (TLT-SHY) + 殖利率曲線 (10Y-2Y),3,-0.06786082044527889,-0.09351058071836081,,-6.381401475237091,260,365,2.646379332560236,-3.735022142676855,43.07692307692308,39.178082191780824,-0.5643283520569843,0.054767039548311955,0.0
strength+curve+inflation+cand_swap_spread+cand_sofr_ted_spread,強度 (NQ 52W區間) + 殖利率曲線 (10Y-2Y) + 通膨意外 (CPI-10YBE) + 10Y Swap Spread + SOFR-3M利差,5,-0.03925479911127061,-0.016940972788568015,,-6.390189520624305,69,13,3.7942611608768493,-2.5959283597474556,59.42028985507246,38.46153846153847,0.11254088229303663,-1.1741032146638393,-10.432681801860069
strength+duration+inflation+cand_copper_gold+cand_credit_spread,強度 (NQ 52W區間) + 存續期間避險 (TLT-SHY) + 通膨意外 (CPI-10YBE) + 銅金比報酬差 + IG企業債利差,5,-0.02917281416883285,-0.009565360504867889,,-6.3916866738017415,181,191,4.016056340635034,-2.375630333166708,43.646408839779006,49.73821989528796,-0.05741199059997777,-0.5061083498295558,0.0
strength+inflation+cand_sofr_ted_spread,強度 (NQ 52W區間) + 通膨意外 (CPI-10YBE) + SOFR-3M利差,3,-0.04992876867610938,-0.0399373489314629,,-6.394093703136072,358,339,4.182326904541329,-2.211766798594743,42.737430167597765,51.62241887905604,-0.46504539386449995,-1.1068164494578776,0.0
strength+duration+cand_copper_gold+cand_swap_spread+cand_inflation_1y,強度 (NQ 52W區間) + 存續期間避險 (TLT-SHY) + 銅金比報酬差 + 10Y Swap Spread + 1年通膨預期價差,5,-0.022039340745852034,-0.036609895691888515,,-6.399999999999999,33,220,6.6348408710217734,0.23484087102177514,36.36363636363637,60.0,0.09713333025583239,-0.6569502252977234,-6.763386198820015
duration+move+inflation+cand_credit_spread+cand_swap_spread+cand_sofr_ted_spread+cand_inflation_1y,存續期間避險 (TLT-SHY) + 波動度 (MOVE偏態) + 通膨意外 (CPI-10YBE) + IG企業債利差 + 10Y Swap Spread + SOFR-3M利差 + 1年通膨預期價差,7,-0.05735699473381072,-0.09436019432966021,,-6.432920536635713,51,38,23.830919302394335,17.397998765758622,13.725490196078432,81.57894736842105,-1.1181112381477192,-1.8162269907582027,0.0
move+inflation+cand_copper_gold+cand_sofr_ted_spread+cand_inflation_1y,波動度 (MOVE偏態) + 通膨意外 (CPI-10YBE) + 銅金比報酬差 + SOFR-3M利差 + 1年通膨預期價差,5,-0.009860790212369476,-0.00757308413424899,,-6.450581395348839,129,16,11.960422266370616,5.509840871021777,34.883720930232556,81.25,-0.5611142959775033,-1.1455401379834886,0.0
strength+move+curve+inflation+cand_copper_gold+cand_inflation_1y,強度 (NQ 52W區間) + 波動度 (MOVE偏態) + 殖利率曲線 (10Y-2Y) + 通膨意外 (CPI-10YBE) + 銅金比報酬差 + 1年通膨預期價差,6,-0.042313887020518505,-0.03397594383514908,,-6.46156901688183,95,53,15.719051397337564,9.257482380455734,28.421052631578945,84.90566037735849,-0.3742248540358965,-1.2401448254433332,0.0
momentum+duration+move+curve+inflation+cand_copper_gold+cand_credit_spread,動能 (10Y-SMA125) + 存續期間避險 (TLT-SHY) + 波動度 (MOVE偏態) + 殖利率曲線 (10Y-2Y) + 通膨意外 (CPI-10YBE) + 銅金比報酬差 + IG企業債利差,7,-0.03595212285092099,-0.025249108403386736,,-6.48099471717562,156,0,6.48099471717562,0.0,37.82051282051282,0.0,-0.8305473692809237,-0.06698804662178731,0.0
strength+duration+curve+cand_credit_spread+cand_sofr_ted_spread,強度 (NQ 52W區間) + 存續期間避險 (TLT-SHY) + 殖利率曲線 (10Y-2Y) + IG企業債利差 + SOFR-3M利差,5,-0.0489340805854328,-0.034540296065713856,,-6.495560488346284,212,170,4.248048418191586,-2.247512070154697,43.86792452830189,42.35294117647059,-0.44374967101655305,-0.1711111948686279,0.0
strength+curve+inflation+cand_copper_gold+cand_inflation_1y,強度 (NQ 52W區間) + 殖利率曲線 (10Y-2Y) + 通膨意外 (CPI-10YBE) + 銅金比報酬差 + 1年通膨預期價差,5,-0.0405266204005847,-0.02644948035659971,,-6.510952071134246,174,212,10.485415583665453,3.9744635125312078,35.63218390804598,66.98113207547169,-0.16879465426230927,-0.8840352383573943,0.0
strength+curve+cand_copper_gold+cand_inflation_1y,強度 (NQ 52W區間) + 殖利率曲線 (10Y-2Y) + 銅金比報酬差 + 1年通膨預期價差,4,-0.02824771772083621,-0.007432142726620229,,-6.5217560823456004,112,229,9.331269442450346,2.8095133601047455,35.714285714285715,59.82532751091703,0.13221941902145343,-0.6327975153568376,-4.785965027226162
momentum+strength+duration+curve+cand_credit_spread+cand_swap_spread+cand_sofr_ted_spread,動能 (10Y-SMA125) + 強度 (NQ 52W區間) + 存續期間避險 (TLT-SHY) + 殖利率曲線 (10Y-2Y) + IG企業債利差 + 10Y Swap Spread + SOFR-3M利差,7,-0.04168463158300298,-0.03752094931897274,,-6.533333333333345,78,5,10.968174204355108,4.4348408710217635,30.76923076923077,60.0,-0.5006557785290632,-0.12638995995883637,0.0
momentum+inflation+cand_swap_spread+cand_sofr_ted_spread+cand_inflation_1y,動能 (10Y-SMA125) + 通膨意外 (CPI-10YBE) + 10Y Swap Spread + SOFR-3M利差 + 1年通膨預期價差,5,-0.04105217137343997,-0.06240651637210199,,-6.551587301587293,252,7,8.329285315466219,1.7776980138789256,40.476190476190474,57.14285714285714,-1.1188564399328633,-0.8151298894744979,0.0
momentum+move,動能 (10Y-SMA125) + 波動度 (MOVE偏態),2,-0.03655407528531511,-0.06682647893522645,,-6.590525066331518,396,217,8.14241662859753,1.551891562266013,35.858585858585855,54.83870967741935,-1.2712799911784356,0.23011506937291026,0.0
inflation+cand_copper_gold+cand_credit_spread+cand_sofr_ted_spread+cand_inflation_1y,通膨意外 (CPI-10YBE) + 銅金比報酬差 + IG企業債利差 + SOFR-3M利差 + 1年通膨預期價差,5,0.007135935058630449,0.026172546164148727,,-6.6093104962670175,207,110,8.407787730925158,1.7984772346581404,36.231884057971016,60.909090909090914,-0.14808900491606275,-0.84625605154481,0.0
momentum+duration+move+curve+cand_inflation_1y,動能 (10Y-SMA125) + 存續期間避險 (TLT-SHY) + 波動度 (MOVE偏態) + 殖利率曲線 (10Y-2Y) + 1年通膨預期價差,5,-0.06075338334959739,-0.09394157386087622,,-6.6327493261455714,212,7,16.696161625738757,10.063412299593185,24.056603773584907,71.42857142857143,-1.557679156851746,0.2049948646445797,0.0
duration+inflation+cand_swap_spread+cand_inflation_1y,存續期間避險 (TLT-SHY) + 通膨意外 (CPI-10YBE) + 10Y Swap Spread + 1年通膨預期價差,4,-0.0598422489371845,-0.10611440289211709,,-6.671804511278193,190,140,8.213788239442827,1.541983728164634,38.94736842105263,55.714285714285715,-1.1918821162520978,-0.8553868567186486,0.0
move+cand_inflation_1y,波動度 (MOVE偏態) + 1年通膨預期價差,2,-0.04938324897085293,-0.11533934905497925,,-6.691453940066595,318,204,8.669432065990332,1.9779781259237363,42.76729559748428,58.333333333333336,-1.263190979313525,-1.2052704631960311,0.0
momentum+curve+cand_copper_gold+cand_credit_spread+cand_sofr_ted_spread+cand_inflation_1y,動能 (10Y-SMA125) + 殖利率曲線 (10Y-2Y) + 銅金比報酬差 + IG企業債利差 + SOFR-3M利差 + 1年通膨預期價差,6,-0.020248200434116168,0.018169184270392807,,-6.692692110691199,121,0,6.692692110691199,0.0,41.32231404958678,0.0,-0.44876803893232803,0.10025222482602301,0.0
strength+duration+cand_credit_spread+cand_inflation_1y,強度 (NQ 52W區間) + 存續期間避險 (TLT-SHY) + IG企業債利差 + 1年通膨預期價差,4,-0.05879829760897661,-0.0834629177965872,,-6.717270710059178,169,128,10.883361581080946,4.166090871021768,33.72781065088758,76.5625,-0.6326431920529744,-0.6131290865647583,0.0
cand_copper_gold+cand_credit_spread+cand_inflation_1y,銅金比報酬差 + IG企業債利差 + 1年通膨預期價差,3,0.025357630447424583,0.044170364755131405,,-6.719064070351758,192,199,8.791090871021774,2.072026800670017,30.208333333333332,59.2964824120603,0.20537998760750562,-0.6352914107639926,-3.0932488513831027
momentum+strength+cand_credit_spread+cand_swap_spread+cand_sofr_ted_spread,動能 (10Y-SMA125) + 強度 (NQ 52W區間) + IG企業債利差 + 10Y Swap Spread + SOFR-3M利差,5,-0.006116754957322095,-0.008670184327284312,,-6.725490196078438,51,68,21.595625184747266,14.870134988668829,19.607843137254903,80.88235294117648,0.25007841267176933,-0.6569835738219436,-2.627110300337046
strength+duration+curve+inflation+cand_copper_gold+cand_credit_spread+cand_swap_spread,強度 (NQ 52W區間) + 存續期間避險 (TLT-SHY) + 殖利率曲線 (10Y-2Y) + 通膨意外 (CPI-10YBE) + 銅金比報酬差 + IG企業債利差 + 10Y Swap Spread,7,-0.036859498153304644,-0.016514978870725675,,-6.732068311195446,85,62,2.270134988668834,-4.461933322526612,45.88235294117647,41.935483870967744,0.11669729199095091,-0.7606769603415817,-6.518377139381839
momentum+duration+inflation+cand_copper_gold,動能 (10Y-SMA125) + 存續期間避險 (TLT-SHY) + 通膨意外 (CPI-10YBE) + 銅金比報酬差,4,-0.044510664776158566,-0.044087004922571775,,-6.741524421159374,305,97,4.221726116923414,-2.51979830423596,41.63934426229508,47.42268041237113,-0.8777518132635426,0.753288218456615,0.0
momentum+strength+move+inflation+cand_copper_gold+cand_credit_spread+cand_sofr_ted_spread,動能 (10Y-SMA125) + 強度 (NQ 52W區間) + 波動度 (MOVE偏態) + 通膨意外 (CPI-10YBE) + 銅金比報酬差 + IG企業債利差 + SOFR-3M利差,7,-0.01612163554792204,0.014284298253491118,,-6.753538461538465,125,26,8.426840871021778,1.6733024094833127,38.4,61.53846153846154,-0.14694385529016546,-0.64452864000485,0.0
momentum+duration+cand_sofr_ted_spread,動能 (10Y-SMA125) + 存續期間避險 (TLT-SHY) + SOFR-3M利差,3,-0.04193107572634905,-0.04797492620835185,,-6.77073065921818,659,226,1.8745980789125192,-4.896132580305661,44.46130500758726,42.47787610619469,-1.2462594669876959,1.9656716936650542,0.0
momentum+duration+cand_inflation_1y,動能 (10Y-SMA125) + 存續期間避險 (TLT-SHY) + 1年通膨預期價差,3,-0.052272986517209824,-0.08945880714702588,,-6.7782950725881435,474,295,6.257203740220089,-0.5210913323680546,41.983122362869196,52.20338983050847,-1.3167255840444785,0.847338751296852,0.0
momentum+inflation+cand_credit_spread+cand_inflation_1y,動能 (10Y-SMA125) + 通膨意外 (CPI-10YBE) + IG企業債利差 + 1年通膨預期價差,4,-0.04965420754720812,-0.05910041235280898,,-6.804347826086954,207,6,14.605855363775397,7.801507537688443,27.053140096618357,83.33333333333334,-1.1163078743798576,-0.6776290219583645,0.0
strength+cand_copper_gold+cand_credit_spread+cand_inflation_1y,強度 (NQ 52W區間) + 銅金比報酬差 + IG企業債利差 + 1年通膨預期價差,4,0.004226701658510783,0.030038185676599813,,-6.820330578512394,125,242,9.194840871021773,2.3745102925093793,37.6,59.09090909090909,0.47643774790137927,-0.7670742934057434,-1.6100199801224078
momentum+move+cand_copper_gold+cand_swap_spread+cand_inflation_1y,動能 (10Y-SMA125) + 波動度 (MOVE偏態) + 銅金比報酬差 + 10Y Swap Spread + 1年通膨預期價差,5,-0.0032432831585999557,-0.04081140249685821,,-6.845070422535201,29,71,26.634840871021773,19.78977044848657,24.137931034482758,83.09859154929578,-0.3073664483892791,-0.8505498352038466,0.0
strength+inflation,強度 (NQ 52W區間) + 通膨意外 (CPI-10YBE),2,-0.06374035875349486,-0.08990456818863844,,-6.851097771668537,358,886,4.182326904541329,-2.6687708671272086,42.737430167597765,46.04966139954853,-0.2560359539570645,-1.0053507176875676,0.0
curve+cand_copper_gold+cand_credit_spread+cand_inflation_1y,殖利率曲線 (10Y-2Y) + 銅金比報酬差 + IG企業債利差 + 1年通膨預期價差,4,-0.015863410660031954,0.012073409322230388,,-6.859704433497533,175,87,6.046269442450346,-0.8134349910471869,42.285714285714285,48.275862068965516,-0.05687239594026846,-0.6741781076912788,0.0
move+cand_copper_gold+cand_inflation_1y,波動度 (MOVE偏態) + 銅金比報酬差 + 1年通膨預期價差,3,-0.0028445488314293743,-0.013962872910969348,,-6.863818181818177,125,88,14.066840871021773,7.203022689203596,26.400000000000002,70.45454545454545,-0.33863734313125754,-0.8892790584079581,0.0
curve+cand_credit_spread+cand_swap_spread+cand_inflation_1y,殖利率曲線 (10Y-2Y) + IG企業債利差 + 10Y Swap Spread + 1年通膨預期價差,4,-0.030715567863128988,-0.05211300222366224,,-6.874999999999986,28,16,18.634840871021773,11.759840871021787,35.714285714285715,93.75,-0.22519951200483632,-1.8121960810694622,0.0
momentum+duration+move+cand_swap_spread,動能 (10Y-SMA125) + 存續期間避險 (TLT-SHY) + 波動度 (MOVE偏態) + 10Y Swap Spread,4,-0.03624578890515065,-0.0750656999509636,,-6.88121577520881,179,202,6.243779418507812,-0.6374363567009979,42.45810055865922,53.46534653465347,-0.9800522305259972,-0.014027515637066333,0.0
momentum+move+curve+inflation+cand_copper_gold+cand_credit_spread,動能 (10Y-SMA125) + 波動度 (MOVE偏態) + 殖利率曲線 (10Y-2Y) + 通膨意外 (CPI-10YBE) + 銅金比報酬差 + IG企業債利差,6,-0.03097462108505563,-0.003580918245312642,,-6.888361997782338,142,0,6.888361997782338,0.0,41.54929577464789,0.0,-0.44764149456667374,-0.6040923597622259,0.0
strength+move+curve+cand_credit_spread+cand_swap_spread+cand_inflation_1y,強度 (NQ 52W區間) + 波動度 (MOVE偏態) + 殖利率曲線 (10Y-2Y) + IG企業債利差 + 10Y Swap Spread + 1年通膨預期價差,6,-0.04698489387565928,-0.07772509738063126,,-6.892857142857164,28,4,32.27769801387892,25.384840871021755,21.428571428571427,75.0,-0.11225801113370791,-1.7241787145758911,0.0
momentum+strength+duration+move+cand_credit_spread+cand_inflation_1y,動能 (10Y-SMA125) + 強度 (NQ 52W區間) + 存續期間避險 (TLT-SHY) + 波動度 (MOVE偏態) + IG企業債利差 + 1年通膨預期價差,6,-0.0461081256764631,-0.07053070753180833,,-6.919628212137785,124,59,14.215486032312096,7.295857820174311,28.225806451612907,69.49152542372882,-0.980132582383997,-0.38644229561028914,0.0
momentum+strength+duration+curve+cand_copper_gold+cand_inflation_1y,動能 (10Y-SMA125) + 強度 (NQ 52W區間) + 存續期間避險 (TLT-SHY) + 殖利率曲線 (10Y-2Y) + 銅金比報酬差 + 1年通膨預期價差,6,-0.03816584161697608,-0.05128622629834506,,-6.9340498290180825,178,23,11.612368960909414,4.678319131891332,30.337078651685395,56.52173913043478,-0.6563047528847874,0.30125421805882535,0.0
momentum+strength+duration+move+curve+inflation+cand_copper_gold+cand_credit_spread+cand_inflation_1y,動能 (10Y-SMA125) + 強度 (NQ 52W區間) + 存續期間避險 (TLT-SHY) + 波動度 (MOVE偏態) + 殖利率曲線 (10Y-2Y) + 通膨意外 (CPI-10YBE) + 銅金比報酬差 + IG企業債利差 + 1年通膨預期價差,9,-0.04204864348456435,-0.0328334594674779,,-6.95384615384617,130,2,13.588687024867932,6.634840871021762,30.76923076923077,100.0,-0.7934922608097655,-0.5384598101803342,0.0
duration+curve+cand_credit_spread+cand_swap_spread,存續期間避險 (TLT-SHY) + 殖利率曲線 (10Y-2Y) + IG企業債利差 + 10Y Swap Spread,4,-0.04889512307130119,-0.06824653400462029,,-6.954780361757123,43,18,13.867399010556657,6.912618648799533,23.25581395348837,77.77777777777779,-0.4575532266430174,-0.6796826049529072,0.0
strength+duration+cand_credit_spread,強度 (NQ 52W區間) + 存續期間避險 (TLT-SHY) + IG企業債利差,3,-0.042615990581933647,-0.05667100693207143,,-6.959218492019814,230,395,3.482666957978295,-3.476551534041519,43.04347826086957,45.56962025316456,-0.21784370487417165,-0.3012201535865622,0.0
momentum+duration+move+curve+inflation+cand_copper_gold+cand_credit_spread+cand_sofr_ted_spread,動能 (10Y-SMA125) + 存續期間避險 (TLT-SHY) + 波動度 (MOVE偏態) + 殖利率曲線 (10Y-2Y) + 通膨意外 (CPI-10YBE) + 銅金比報酬差 + IG企業債利差 + SOFR-3M利差,8,-0.03258728419007876,-0.013220868879530409,,-6.975266402936668,141,0,6.975266402936668,0.0,38.297872340425535,0.0,-0.8228774126661493,0.013977370530931925,0.0
momentum+duration+move+curve+inflation+cand_copper_gold+cand_inflation_1y,動能 (10Y-SMA125) + 存續期間避險 (TLT-SHY) + 波動度 (MOVE偏態) + 殖利率曲線 (10Y-2Y) + 通膨意外 (CPI-10YBE) + 銅金比報酬差 + 1年通膨預期價差,7,-0.044657211342188516,-0.0490930264146342,,-6.975845410628055,207,3,13.27735294831646,6.301507537688406,28.502415458937197,100.0,-1.2295319764439685,-0.09590537074121706,0.0
duration+inflation+cand_copper_gold,存續期間避險 (TLT-SHY) + 通膨意外 (CPI-10YBE) + 銅金比報酬差,3,-0.03399790081545124,-0.019470453277649742,,-7.001574160447758,256,134,3.4199971210217743,-3.5815770394259836,41.40625,46.26865671641791,-0.6067986708947569,0.13100299804338117,0.0
inflation+cand_inflation_1y,通膨意外 (CPI-10YBE) + 1年通膨預期價差,2,-0.06867031530879536,-0.10335291277700968,,-7.0035762732766065,477,306,5.154757013579427,-1.8488192596971789,45.70230607966457,49.01960784313725,-1.2678718424379345,-1.2986494297778186,0.0
momentum+strength+move+cand_credit_spread+cand_swap_spread+cand_sofr_ted_spread+cand_inflation_1y,動能 (10Y-SMA125) + 強度 (NQ 52W區間) + 波動度 (MOVE偏態) + IG企業債利差 + 10Y Swap Spread + SOFR-3M利差 + 1年通膨預期價差,7,-0.036632707537663844,-0.06945855251950366,,-7.015668202764978,35,31,29.263412299593202,22.247744096828225,14.285714285714285,96.7741935483871,-0.4200771370640451,-1.2511633420872004,0.0
momentum+duration+move+cand_copper_gold+cand_credit_spread+cand_swap_spread+cand_sofr_ted_spread+cand_inflation_1y,動能 (10Y-SMA125) + 存續期間避險 (TLT-SHY) + 波動度 (MOVE偏態) + 銅金比報酬差 + IG企業債利差 + 10Y Swap Spread + SOFR-3M利差 + 1年通膨預期價差,8,-0.028515153198214894,-0.06838608307841032,,-7.029945553539015,29,38,31.427944319297634,24.39799876575862,10.344827586206897,94.73684210526315,-0.6700308143098032,-0.4637857397884205,0.0
momentum+strength+curve+inflation+cand_copper_gold+cand_credit_spread+cand_inflation_1y,動能 (10Y-SMA125) + 強度 (NQ 52W區間) + 殖利率曲線 (10Y-2Y) + 通膨意外 (CPI-10YBE) + 銅金比報酬差 + IG企業債利差 + 1年通膨預期價差,7,-0.035805801087055666,-0.007727118592013196,,-7.0552560646900275,159,14,8.332954078568946,1.277698013878918,38.9937106918239,64.28571428571429,-0.3492773161935553,-0.5949383716078447,0.0
momentum+move+curve+inflation+cand_copper_gold,動能 (10Y-SMA125) + 波動度 (MOVE偏態) + 殖利率曲線 (10Y-2Y) + 通膨意外 (CPI-10YBE) + 銅金比報酬差,5,-0.03732656966091741,-0.018976261567845813,,-7.0597228858098395,161,26,11.771486833754691,4.711763947944852,32.91925465838509,84.61538461538461,-0.6338426866080515,-0.21440846702598626,0.0
duration+move+cand_credit_spread+cand_sofr_ted_spread+cand_inflation_1y,存續期間避險 (TLT-SHY) + 波動度 (MOVE偏態) + IG企業債利差 + SOFR-3M利差 + 1年通膨預期價差,5,-0.06305274607217429,-0.11781165678340798,,-7.060520760028147,98,58,16.24708576898096,9.186565008952812,26.53061224489796,67.24137931034483,-1.3816549428123737,-0.49882664083895645,0.0
strength+duration+move+cand_copper_gold+cand_swap_spread+cand_sofr_ted_spread+cand_inflation_1y,強度 (NQ 52W區間) + 存續期間避險 (TLT-SHY) + 波動度 (MOVE偏態) + 銅金比報酬差 + 10Y Swap Spread + SOFR-3M利差 + 1年通膨預期價差,7,-0.03075857977587753,-0.04869246789971364,,-7.091397849462364,18,31,28.468174204355105,21.37677635489274,16.666666666666664,93.54838709677419,-0.21183772926526645,-0.9303076997805145,0.0
strength+cand_credit_spread+cand_inflation_1y,強度 (NQ 52W區間) + IG企業債利差 + 1年通膨預期價差,3,-0.030133659108791237,-0.032069972664239346,,-7.111201298701301,154,304,9.433542169723076,2.3223408710217743,36.36363636363637,60.526315789473685,-0.03779514612569726,-1.0731822192370482,0.0
duration+curve+inflation,存續期間避險 (TLT-SHY) + 殖利率曲線 (10Y-2Y) + 通膨意外 (CPI-10YBE),3,-0.07768882780501236,-0.10521313312348882,,-7.143812709030095,414,65,4.5478843492826435,-2.595928359747451,37.92270531400966,47.69230769230769,-1.2366713776867384,0.055026219633396795,0.0
momentum+strength+move+cand_credit_spread+cand_swap_spread+cand_sofr_ted_spread,動能 (10Y-SMA125) + 強度 (NQ 52W區間) + 波動度 (MOVE偏態) + IG企業債利差 + 10Y Swap Spread + SOFR-3M利差,6,-0.010970289839619115,-0.02568040818178169,,-7.145945945945952,45,37,17.834840871021775,10.688894925075823,28.888888888888886,72.97297297297297,-0.001455588561975954,-1.0598589238431753,0.0
momentum+duration+curve+cand_inflation_1y,動能 (10Y-SMA125) + 存續期間避險 (TLT-SHY) + 殖利率曲線 (10Y-2Y) + 1年通膨預期價差,4,-0.06062092365199222,-0.08824724310426021,,-7.1624293785310735,354,108,5.380603582886183,-1.7818257956448906,41.24293785310734,47.22222222222222,-1.3407643806551783,0.7479290566194418,0.0
momentum+strength+duration+curve+inflation+cand_inflation_1y,動能 (10Y-SMA125) + 強度 (NQ 52W區間) + 存續期間避險 (TLT-SHY) + 殖利率曲線 (10Y-2Y) + 通膨意外 (CPI-10YBE) + 1年通膨預期價差,6,-0.06848891270512758,-0.09915473941550969,,-7.164544425580072,228,93,9.025191748214755,1.8606473226346834,33.771929824561404,66.66666666666666,-1.0855966877461263,-0.043686595257023605,0.0
strength+curve+inflation,強度 (NQ 52W區間) + 殖利率曲線 (10Y-2Y) + 通膨意外 (CPI-10YBE),3,-0.0589374238356189,-0.058978830883502704,,-7.183167734728671,365,466,6.004703884720405,-1.1784638500082663,39.726027397260275,50.0,-0.2651468907676415,-0.7878357096860992,0.0
momentum+move+inflation+cand_credit_spread+cand_sofr_ted_spread,動能 (10Y-SMA125) + 波動度 (MOVE偏態) + 通膨意外 (CPI-10YBE) + IG企業債利差 + SOFR-3M利差,5,-0.04438760197861549,-0.04438670582135391,,-7.190389016018303,115,19,16.930493044934813,9.74010402891651,16.52173913043478,100.0,-1.0889431470769175,-0.633813240607363,0.0
strength+duration+curve+inflation+cand_copper_gold+cand_swap_spread+cand_inflation_1y,強度 (NQ 52W區間) + 存續期間避險 (TLT-SHY) + 殖利率曲線 (10Y-2Y) + 通膨意外 (CPI-10YBE) + 銅金比報酬差 + 10Y Swap Spread + 1年通膨預期價差,7,-0.045017618319427966,-0.04077055336363758,,-7.194838709677422,75,62,6.474840871021772,-0.7199978386556496,38.666666666666664,59.67741935483871,-0.3721239310092681,-0.7444054284356395,0.0
momentum+strength+curve+cand_copper_gold+cand_credit_spread,動能 (10Y-SMA125) + 強度 (NQ 52W區間) + 殖利率曲線 (10Y-2Y) + 銅金比報酬差 + IG企業債利差,5,-0.021374567736914724,0.010290881209549536,,-7.1951535331113545,159,102,1.7417591100154832,-5.4533944230958715,47.79874213836478,25.49019607843137,0.2046407089464353,-0.0066326232702222975,-0.03241106476013229
strength+inflation+cand_copper_gold+cand_credit_spread+cand_swap_spread+cand_inflation_1y,強度 (NQ 52W區間) + 通膨意外 (CPI-10YBE) + 銅金比報酬差 + IG企業債利差 + 10Y Swap Spread + 1年通膨預期價差,6,-0.011562079423304374,0.005296489630711205,,-7.197838023335623,94,124,6.48590470080901,-0.7119333225266135,47.87234042553192,58.87096774193549,0.42361684581597203,-1.3837714180260592,-3.266563715993481
momentum+duration+move+cand_credit_spread+cand_swap_spread+cand_sofr_ted_spread+cand_inflation_1y,動能 (10Y-SMA125) + 存續期間避險 (TLT-SHY) + 波動度 (MOVE偏態) + IG企業債利差 + 10Y Swap Spread + SOFR-3M利差 + 1年通膨預期價差,7,-0.05094752662088445,-0.11244337970534142,,-7.208920187793428,71,48,22.677094392148543,15.468174204355115,8.450704225352112,75.0,-1.140987385788811,-0.639740293414094,0.0
momentum+strength+duration+curve+inflation+cand_swap_spread+cand_sofr_ted_spread,動能 (10Y-SMA125) + 強度 (NQ 52W區間) + 存續期間避險 (TLT-SHY) + 殖利率曲線 (10Y-2Y) + 通膨意外 (CPI-10YBE) + 10Y Swap Spread + SOFR-3M利差,7,-0.05637373442641902,-0.07318998074265445,,-7.221797392760903,184,0,7.221797392760903,0.0,35.32608695652174,0.0,-0.8511712856700212,-0.15602076036338391,0.0
strength+duration+cand_swap_spread+cand_sofr_ted_spread,強度 (NQ 52W區間) + 存續期間避險 (TLT-SHY) + 10Y Swap Spread + SOFR-3M利差,4,-0.03391135723732131,-0.04845430361561507,,-7.2800331400165685,17,142,13.928958518080599,6.64892537806403,17.647058823529413,71.12676056338029,-0.12569960855083304,-0.5597604274444875,0.0
duration+move+cand_copper_gold+cand_credit_spread,存續期間避險 (TLT-SHY) + 波動度 (MOVE偏態) + 銅金比報酬差 + IG企業債利差,4,-0.00482982064004457,-0.003229203629048858,,-7.283687943262412,141,94,10.51427349513525,3.2305855518728377,29.78723404255319,59.57446808510638,-0.2941290078093254,-0.2906247133564102,0.0
momentum+strength+duration+curve+cand_copper_gold+cand_sofr_ted_spread,動能 (10Y-SMA125) + 強度 (NQ 52W區間) + 存續期間避險 (TLT-SHY) + 殖利率曲線 (10Y-2Y) + 銅金比報酬差 + SOFR-3M利差,6,-0.02575515024599229,-0.01596835279383962,,-7.285420619860847,204,62,3.6299389102374597,-3.6554817096233876,42.15686274509804,33.87096774193548,-0.3969131859616944,0.8122846463425126,0.0
move+curve+cand_copper_gold+cand_swap_spread+cand_sofr_ted_spread+cand_inflation_1y,波動度 (MOVE偏態) + 殖利率曲線 (10Y-2Y) + 銅金比報酬差 + 10Y Swap Spread + SOFR-3M利差 + 1年通膨預期價差,6,-0.005692127115224163,-0.005237118875285266,,-7.301507537688445,27,0,7.301507537688445,0.0,37.03703703703704,0.0,-0.019257062464591638,-1.4023705955318517,0.0
strength+cand_credit_spread+cand_sofr_ted_spread+cand_inflation_1y,強度 (NQ 52W區間) + IG企業債利差 + SOFR-3M利差 + 1年通膨預期價差,4,-0.023920492841376387,-0.014565538366823862,,-7.301607142857145,160,175,9.753590871021776,2.4519837281646306,35.0,64.57142857142857,-0.23291140399964866,-0.7734904916878487,0.0
momentum+strength+duration+cand_credit_spread+cand_swap_spread,動能 (10Y-SMA125) + 強度 (NQ 52W區間) + 存續期間避險 (TLT-SHY) + IG企業債利差 + 10Y Swap Spread,5,-0.025516327006887562,-0.041270175318529397,,-7.308641975308645,81,162,9.573112475960047,2.2644705006514014,28.39506172839506,62.96296296296296,-0.22464748821655586,-0.20389394804169014,0.0
strength+duration+curve+cand_credit_spread,強度 (NQ 52W區間) + 存續期間避險 (TLT-SHY) + 殖利率曲線 (10Y-2Y) + IG企業債利差,4,-0.05718178969515634,-0.06462368373080198,,-7.308929234668245,209,219,4.400391110256225,-2.908538124412019,43.54066985645933,42.465753424657535,-0.3755591265622858,-0.2811107346666729,0.0
momentum+inflation+cand_copper_gold+cand_credit_spread,動能 (10Y-SMA125) + 通膨意外 (CPI-10YBE) + 銅金比報酬差 + IG企業債利差,4,-0.008779665927848058,0.03278493399690799,,-7.325757575757574,192,88,4.051507537688441,-3.2742500380691335,42.70833333333333,35.22727272727273,-0.15030653809624067,-0.014044665213868357,0.0
momentum+duration+inflation+cand_copper_gold+cand_credit_spread+cand_inflation_1y,動能 (10Y-SMA125) + 存續期間避險 (TLT-SHY) + 通膨意外 (CPI-10YBE) + 銅金比報酬差 + IG企業債利差 + 1年通膨預期價差,6,-0.047999953681473334,-0.04574223280266149,,-7.327611955359124,166,0,7.327611955359124,0.0,36.144578313253014,0.0,-0.9115492773114728,0.061389701992763654,0.0
momentum+strength+duration+inflation+cand_copper_gold+cand_swap_spread+cand_inflation_1y,動能 (10Y-SMA125) + 強度 (NQ 52W區間) + 存續期間避險 (TLT-SHY) + 通膨意外 (CPI-10YBE) + 銅金比報酬差 + 10Y Swap Spread + 1年通膨預期價差,7,-0.03991218084159823,-0.043374793019548254,,-7.367715617715621,104,66,8.154071640252544,0.7863560225369234,36.53846153846153,57.57575757575758,-0.5260057236135569,-0.3729427949025073,0.0
move+curve+cand_credit_spread,波動度 (MOVE偏態) + 殖利率曲線 (10Y-2Y) + IG企業債利差,3,-0.03711471392450248,-0.044914652319473856,,-7.441002103652704,252,83,5.364999601180506,-2.076002502472198,42.857142857142854,31.32530120481928,-0.4380804155819057,-1.185677192562507,0.0
momentum+strength+curve+inflation+cand_copper_gold+cand_credit_spread,動能 (10Y-SMA125) + 強度 (NQ 52W區間) + 殖利率曲線 (10Y-2Y) + 通膨意外 (CPI-10YBE) + 銅金比報酬差 + IG企業債利差,6,-0.03264939073580987,-0.005415574790376291,,-7.474401595744676,188,128,4.906117466766454,-2.568284128978222,42.02127659574468,39.84375,-0.05498680108390084,-0.3359587358585321,0.0
inflation+cand_credit_spread+cand_sofr_ted_spread+cand_inflation_1y,通膨意外 (CPI-10YBE) + IG企業債利差 + SOFR-3M利差 + 1年通膨預期價差,4,-0.039126849473506954,-0.045331052947655257,,-7.478208812260537,288,58,9.475118648799553,1.9969098365390163,35.06944444444444,68.96551724137932,-0.9629594764113911,-1.2399487723646294,0.0
momentum+move+curve+inflation+cand_copper_gold+cand_credit_spread+cand_sofr_ted_spread,動能 (10Y-SMA125) + 波動度 (MOVE偏態) + 殖利率曲線 (10Y-2Y) + 通膨意外 (CPI-10YBE) + 銅金比報酬差 + IG企業債利差 + SOFR-3M利差,7,-0.0235817998306103,0.0132783311548208,,-7.494215871021774,128,0,7.494215871021774,0.0,42.1875,0.0,-0.42548594258439204,-0.48124761828559776,0.0
curve+cand_sofr_ted_spread+cand_inflation_1y,殖利率曲線 (10Y-2Y) + SOFR-3M利差 + 1年通膨預期價差,3,-0.05112106984072301,-0.04658811250522568,,-7.496503496503493,351,77,9.404071640252543,1.90756814374905,36.46723646723647,55.84415584415584,-1.0428795010277678,-0.4610886108085758,0.0
momentum+inflation+cand_copper_gold+cand_credit_spread+cand_sofr_ted_spread,動能 (10Y-SMA125) + 通膨意外 (CPI-10YBE) + 銅金比報酬差 + IG企業債利差 + SOFR-3M利差,5,-0.0007315691787975487,0.049295226974860724,,-7.519316909294512,188,76,4.469947254000498,-3.049369655294013,42.02127659574468,35.526315789473685,-0.17807921931261195,0.10134024177017645,0.0
strength+duration+move+cand_credit_spread+cand_swap_spread+cand_sofr_ted_spread+cand_inflation_1y,強度 (NQ 52W區間) + 存續期間避險 (TLT-SHY) + 波動度 (MOVE偏態) + IG企業債利差 + 10Y Swap Spread + SOFR-3M利差 + 1年通膨預期價差,7,-0.04947093849522618,-0.09554318914008625,,-7.528785982478105,34,47,26.546605576904135,19.01781959442603,17.647058823529413,87.2340425531915,-0.5493731711472448,-1.215905515577938,0.0
momentum+inflation+cand_copper_gold+cand_sofr_ted_spread,動能 (10Y-SMA125) + 通膨意外 (CPI-10YBE) + 銅金比報酬差 + SOFR-3M利差,4,-0.015002315669199304,0.04721390563633982,,-7.530766396462784,276,59,2.9283191318913393,-4.6024472645714445,47.10144927536232,27.11864406779661,-0.3511349318075012,0.7277576444291327,0.0
duration+move+curve+cand_copper_gold+cand_credit_spread+cand_swap_spread+cand_sofr_ted_spread,存續期間避險 (TLT-SHY) + 波動度 (MOVE偏態) + 殖利率曲線 (10Y-2Y) + 銅金比報酬差 + IG企業債利差 + 10Y Swap Spread + SOFR-3M利差,7,-0.013749971939650496,0.0016373625798128176,,-7.530769230769229,52,5,5.365610101791005,-2.1651591289782237,44.230769230769226,20.0,-0.0742688171898788,-0.7394085776433325,0.0
move+curve+cand_swap_spread+cand_sofr_ted_spread+cand_inflation_1y,波動度 (MOVE偏態) + 殖利率曲線 (10Y-2Y) + 10Y Swap Spread + SOFR-3M利差 + 1年通膨預期價差,5,-0.04716554772087015,-0.09691088916253093,,-7.534840871021776,90,0,7.534840871021776,0.0,62.22222222222222,0.0,-0.7527646686308002,-2.1384576890871263,0.0
momentum+strength+duration+inflation+cand_copper_gold+cand_credit_spread+cand_sofr_ted_spread,動能 (10Y-SMA125) + 強度 (NQ 52W區間) + 存續期間避險 (TLT-SHY) + 通膨意外 (CPI-10YBE) + 銅金比報酬差 + IG企業債利差 + SOFR-3M利差,7,-0.028899758816220273,-0.003954576651087515,,-7.5479302832244,204,54,5.664252635727656,-1.8836776474967447,38.23529411764706,38.88888888888889,-0.4317715509904112,0.10441547535009271,0.0
strength+duration+cand_credit_spread+cand_sofr_ted_spread,強度 (NQ 52W區間) + 存續期間避險 (TLT-SHY) + IG企業債利差 + SOFR-3M利差,4,-0.04120302837505593,-0.030392638839078227,,-7.559057527539781,228,258,4.042735607863879,-3.516321919675902,41.66666666666667,44.96124031007752,-0.3828515667140678,-0.16649674205255824,0.0
duration+move+cand_credit_spread,存續期間避險 (TLT-SHY) + 波動度 (MOVE偏態) + IG企業債利差,3,-0.0442977848762153,-0.08635327349498284,,-7.589739966082531,244,145,5.983201526759478,-1.6065384393230526,38.9344262295082,50.3448275862069,-0.983653020198262,-0.4359791485748602,0.0
strength+duration+inflation+cand_credit_spread+cand_swap_spread+cand_inflation_1y,強度 (NQ 52W區間) + 存續期間避險 (TLT-SHY) + 通膨意外 (CPI-10YBE) + IG企業債利差 + 10Y Swap Spread + 1年通膨預期價差,6,-0.049829753411407156,-0.06864657186960037,,-7.604370629370636,88,65,13.100749961930866,5.49637933256023,30.681818181818183,63.07692307692307,-0.5183163350421824,-1.2549372745044034,0.0
momentum+strength,動能 (10Y-SMA125) + 強度 (NQ 52W區間),2,-0.03993199431876707,-0.06382057559628662,,-7.621166496803482,251,688,4.029263181778745,-3.5919033150247364,41.03585657370518,46.366279069767444,-0.19608620135421306,0.40551513424404984,0.0
strength+duration+curve+inflation+cand_copper_gold+cand_swap_spread,強度 (NQ 52W區間) + 存續期間避險 (TLT-SHY) + 殖利率曲線 (10Y-2Y) + 通膨意外 (CPI-10YBE) + 銅金比報酬差 + 10Y Swap Spread,6,-0.041833291078731016,-0.031165089701481505,,-7.622067448680349,62,88,3.5864537742475786,-4.035613674432771,38.70967741935484,50.0,0.028347219723027443,-0.5470793242408468,-19.299223330760547
momentum+strength+duration+curve+inflation+cand_credit_spread,動能 (10Y-SMA125) + 強度 (NQ 52W區間) + 存續期間避險 (TLT-SHY) + 殖利率曲線 (10Y-2Y) + 通膨意外 (CPI-10YBE) + IG企業債利差,6,-0.0625482337509544,-0.08339668710598098,,-7.624351676154327,255,62,7.372095772982557,-0.25225590317177,36.07843137254902,61.29032258064516,-0.769663398811216,-0.01105781190730933,0.0
strength+duration+move+cand_copper_gold+cand_credit_spread+cand_sofr_ted_spread,強度 (NQ 52W區間) + 存續期間避險 (TLT-SHY) + 波動度 (MOVE偏態) + 銅金比報酬差 + IG企業債利差 + SOFR-3M利差,6,-0.012819814829383342,0.0018641511978690981,,-7.626084027953189,107,111,10.008672646722708,2.3825886187695198,30.8411214953271,58.55855855855856,-0.0011004048943251477,-0.38012547305294947,0.0
strength+inflation+cand_copper_gold+cand_inflation_1y,強度 (NQ 52W區間) + 通膨意外 (CPI-10YBE) + 銅金比報酬差 + 1年通膨預期價差,4,-0.02749086435618344,-0.020078904639453343,,-7.636471598948859,136,291,10.803958518080599,3.16748691913174,33.088235294117645,63.230240549828174,-0.02709929918680895,-0.9975492772769693,0.0
duration+curve+inflation+cand_copper_gold,存續期間避險 (TLT-SHY) + 殖利率曲線 (10Y-2Y) + 通膨意外 (CPI-10YBE) + 銅金比報酬差,4,-0.04592600631490288,-0.03497912555506811,,-7.6382005068994605,268,53,4.593796094902371,-3.0444044119970903,41.7910447761194,49.056603773584904,-0.5951440556085457,0.11075662871019738,0.0
momentum+curve+inflation+cand_copper_gold+cand_credit_spread+cand_inflation_1y,動能 (10Y-SMA125) + 殖利率曲線 (10Y-2Y) + 通膨意外 (CPI-10YBE) + 銅金比報酬差 + IG企業債利差 + 1年通膨預期價差,6,-0.03757695476497773,-0.006471588670295109,,-7.671877908058812,162,0,7.671877908058812,0.0,40.123456790123456,0.0,-0.5936457728727966,-0.4270941353008766,0.0
momentum+strength+inflation+cand_copper_gold+cand_credit_spread,動能 (10Y-SMA125) + 強度 (NQ 52W區間) + 通膨意外 (CPI-10YBE) + 銅金比報酬差 + IG企業債利差,5,-0.015620501391386205,0.019884609663085508,,-7.672394980905617,188,156,3.794415339106879,-3.877979641798738,42.02127659574468,42.94871794871795,0.07648696771078504,-0.3775514148591269,-4.936153519469308
inflation+cand_copper_gold+cand_credit_spread+cand_inflation_1y,通膨意外 (CPI-10YBE) + 銅金比報酬差 + IG企業債利差 + 1年通膨預期價差,4,-0.007851271143061559,0.01018167923699607,,-7.688649063686385,197,119,9.071389094372028,1.3827400306856432,35.025380710659896,60.50420168067227,-0.12316497475135882,-1.204992480621229,0.0
strength+duration+curve+inflation+cand_credit_spread,強度 (NQ 52W區間) + 存續期間避險 (TLT-SHY) + 殖利率曲線 (10Y-2Y) + 通膨意外 (CPI-10YBE) + IG企業債利差,5,-0.0648456280434166,-0.07786267541776022,,-7.710588235294119,255,125,7.305429106315893,-0.40515912897822604,37.254901960784316,54.400000000000006,-0.5815901721469023,-0.6147733188912017,0.0
move+inflation+cand_copper_gold+cand_credit_spread+cand_inflation_1y,波動度 (MOVE偏態) + 通膨意外 (CPI-10YBE) + 銅金比報酬差 + IG企業債利差 + 1年通膨預期價差,5,-0.017636389457617505,-0.01397229454402411,,-7.714559386973183,116,27,10.238289146883846,2.5237297599106627,31.03448275862069,85.18518518518519,-0.3537832395076107,-1.440950575161299,0.0
duration+move+inflation+cand_credit_spread+cand_swap_spread,存續期間避險 (TLT-SHY) + 波動度 (MOVE偏態) + 通膨意外 (CPI-10YBE) + IG企業債利差 + 10Y Swap Spread,5,-0.04161239525298374,-0.07268241927480537,,-7.7254391672088545,106,58,10.04993521064442,2.3244960434355657,31.132075471698112,60.3448275862069,-0.6369685376437292,-1.6925445971693132,0.0
momentum+strength+duration+move+curve+inflation+cand_credit_spread,動能 (10Y-SMA125) + 強度 (NQ 52W區間) + 存續期間避險 (TLT-SHY) + 波動度 (MOVE偏態) + 殖利率曲線 (10Y-2Y) + 通膨意外 (CPI-10YBE) + IG企業債利差,7,-0.05697107507076945,-0.07567773396977848,,-7.742077735616866,199,49,6.1524288107202665,-1.5896489248966,39.19597989949749,55.10204081632652,-0.9094897071454876,-0.398936283949684,0.0
inflation+cand_sofr_ted_spread+cand_inflation_1y,通膨意外 (CPI-10YBE) + SOFR-3M利差 + 1年通膨預期價差,3,-0.05933900046813548,-0.0779152297453394,,-7.74225931301403,424,156,5.62068992762555,-2.12156938538848,45.28301886792453,50.641025641025635,-1.3222732187111563,-1.2825962560651203,0.0
strength+cand_copper_gold+cand_credit_spread+cand_swap_spread+cand_inflation_1y,強度 (NQ 52W區間) + 銅金比報酬差 + IG企業債利差 + 10Y Swap Spread + 1年通膨預期價差,5,0.014508087324748207,0.021090913150603772,,-7.772045028142596,52,205,8.211763947944856,0.43971891980226013,44.230769230769226,57.073170731707314,0.7536265575999012,-1.149605830075917,-1.5254316856044776
strength+duration+curve+cand_copper_gold+cand_sofr_ted_spread+cand_inflation_1y,強度 (NQ 52W區間) + 存續期間避險 (TLT-SHY) + 殖利率曲線 (10Y-2Y) + 銅金比報酬差 + SOFR-3M利差 + 1年通膨預期價差,6,-0.03183827514406182,-0.01541262747432623,,-7.77515479876161,136,38,12.936311459257068,5.1611566604954575,30.14705882352941,65.78947368421053,-0.4778720087517862,-0.14968882148121115,0.0
momentum+move+cand_swap_spread,動能 (10Y-SMA125) + 波動度 (MOVE偏態) + 10Y Swap Spread,3,-0.01103599144843501,-0.047360858576145554,,-7.781836734693881,147,200,6.226677605715655,-1.5551591289782263,40.816326530612244,51.0,-0.4327221839094534,-0.648384465730642,0.0
momentum+strength+duration+inflation+cand_credit_spread+cand_swap_spread+cand_inflation_1y,動能 (10Y-SMA125) + 強度 (NQ 52W區間) + 存續期間避險 (TLT-SHY) + 通膨意外 (CPI-10YBE) + IG企業債利差 + 10Y Swap Spread + 1年通膨預期價差,7,-0.05081496875543497,-0.0684928396267486,,-7.796369824163359,129,41,12.309259475672938,4.512889651509579,29.457364341085274,65.85365853658537,-0.7405697658702577,-0.6964892366802079,0.0
momentum+strength+curve+cand_swap_spread+cand_inflation_1y,動能 (10Y-SMA125) + 強度 (NQ 52W區間) + 殖利率曲線 (10Y-2Y) + 10Y Swap Spread + 1年通膨預期價差,5,-0.047048687538803084,-0.060252187510324996,,-7.83570610374734,63,97,11.460237696418599,3.6245315926712594,33.33333333333333,63.91752577319587,-0.45368617211486684,-0.5519977477647655,0.0
momentum+duration+inflation,動能 (10Y-SMA125) + 存續期間避險 (TLT-SHY) + 通膨意外 (CPI-10YBE),3,-0.06487795276769875,-0.09797361251977563,,-7.83780964117812,469,327,2.5858003592946974,-5.2520092818834225,43.49680170575693,47.09480122324159,-1.3636091091593976,0.6753669027290577,0.0
momentum+strength+duration+curve+cand_swap_spread+cand_inflation_1y,動能 (10Y-SMA125) + 強度 (NQ 52W區間) + 存續期間避險 (TLT-SHY) + 殖利率曲線 (10Y-2Y) + 10Y Swap Spread + 1年通膨預期價差,6,-0.057219479592657205,-0.082208833821732,,-7.841269841269833,112,63,9.49198372816463,1.650713886894797,32.142857142857146,63.49206349206349,-0.8400279258446575,-0.1854008417230685,0.0
momentum+curve+inflation+cand_copper_gold+cand_credit_spread+cand_sofr_ted_spread+cand_inflation_1y,動能 (10Y-SMA125) + 殖利率曲線 (10Y-2Y) + 通膨意外 (CPI-10YBE) + 銅金比報酬差 + IG企業債利差 + SOFR-3M利差 + 1年通膨預期價差,7,-0.03312759875053392,0.004650529569947126,,-7.842388040833097,159,0,7.842388040833097,0.0,39.62264150943396,0.0,-0.5975724565868664,-0.3290509349112027,0.0
strength+duration+move+cand_copper_gold+cand_credit_spread+cand_inflation_1y,強度 (NQ 52W區間) + 存續期間避險 (TLT-SHY) + 波動度 (MOVE偏態) + 銅金比報酬差 + IG企業債利差 + 1年通膨預期價差,6,-0.030594965428826025,-0.03126063451182114,,-7.859044048734777,97,55,12.05752128339291,4.198477234658133,29.896907216494846,65.45454545454545,-0.3603946181574636,-0.6956055532632386,0.0
momentum+duration+move+curve+inflation+cand_sofr_ted_spread,動能 (10Y-SMA125) + 存續期間避險 (TLT-SHY) + 波動度 (MOVE偏態) + 殖利率曲線 (10Y-2Y) + 通膨意外 (CPI-10YBE) + SOFR-3M利差,6,-0.06007635314811586,-0.07827766793153587,,-7.874157110338013,234,0,7.874157110338013,0.0,36.324786324786324,0.0,-1.4566463625673163,0.3194227172219508,0.0
duration+move+inflation+cand_copper_gold+cand_sofr_ted_spread,存續期間避險 (TLT-SHY) + 波動度 (MOVE偏態) + 通膨意外 (CPI-10YBE) + 銅金比報酬差 + SOFR-3M利差,5,-0.024426325064884423,-0.012281365343046139,,-7.875383043922368,89,11,15.601133005853233,7.725749961930865,28.08988764044944,100.0,-0.7966982310527372,-0.36843077828615206,0.0
momentum+duration+curve+inflation+cand_swap_spread,動能 (10Y-SMA125) + 存續期間避險 (TLT-SHY) + 殖利率曲線 (10Y-2Y) + 通膨意外 (CPI-10YBE) + 10Y Swap Spread,5,-0.062304223150345735,-0.08766377239525154,,-7.893939393939387,165,56,11.028780264961167,3.134840871021779,26.666666666666668,62.5,-1.1660336927313932,0.0624597743900071,0.0
strength+move+curve+cand_credit_spread,強度 (NQ 52W區間) + 波動度 (MOVE偏態) + 殖利率曲線 (10Y-2Y) + IG企業債利差,4,-0.042832525260744624,-0.0542331897959235,,-7.899311420033781,129,179,5.774375754742707,-2.124935665291075,48.06201550387597,37.43016759776536,-0.050803745153289157,-1.1184284655602208,0.0
move+cand_credit_spread+cand_swap_spread+cand_sofr_ted_spread,波動度 (MOVE偏態) + IG企業債利差 + 10Y Swap Spread + SOFR-3M利差,4,0.01069272084191557,0.003966500296725122,,-7.921511922881787,135,146,3.138544574725482,-4.782967348156305,48.148148148148145,50.0,0.21571289450997508,-1.4932970489420854,-6.922613747010065
strength+move+inflation+cand_credit_spread+cand_inflation_1y,強度 (NQ 52W區間) + 波動度 (MOVE偏態) + 通膨意外 (CPI-10YBE) + IG企業債利差 + 1年通膨預期價差,5,-0.051889575767366754,-0.06759631576547616,,-7.929108910891099,101,50,14.72394978191287,6.794840871021771,28.71287128712871,82.0,-0.5994534886655511,-1.6752049199692525,0.0
momentum+strength+duration+curve+inflation+cand_copper_gold+cand_swap_spread+cand_sofr_ted_spread+cand_inflation_1y,動能 (10Y-SMA125) + 強度 (NQ 52W區間) + 存續期間避險 (TLT-SHY) + 殖利率曲線 (10Y-2Y) + 通膨意外 (CPI-10YBE) + 銅金比報酬差 + 10Y Swap Spread + SOFR-3M利差 + 1年通膨預期價差,9,-0.03862342615682863,-0.023745119940535606,,-7.946161625738756,106,0,7.946161625738756,0.0,36.79245283018868,0.0,-0.683766601843883,-0.34299351008953816,0.0
momentum+strength+curve+inflation+cand_sofr_ted_spread+cand_inflation_1y,動能 (10Y-SMA125) + 強度 (NQ 52W區間) + 殖利率曲線 (10Y-2Y) + 通膨意外 (CPI-10YBE) + SOFR-3M利差 + 1年通膨預期價差,6,-0.060435899050595904,-0.07087868469450485,,-7.9706975414522585,212,33,11.120689927625548,3.14999238617329,30.18867924528302,66.66666666666666,-0.9371478929263924,-0.43659726277264066,0.0
momentum+strength+move+inflation+cand_copper_gold+cand_sofr_ted_spread+cand_inflation_1y,動能 (10Y-SMA125) + 強度 (NQ 52W區間) + 波動度 (MOVE偏態) + 通膨意外 (CPI-10YBE) + 銅金比報酬差 + SOFR-3M利差 + 1年通膨預期價差,7,-0.029339582691799707,0.004532733690926473,,-8.000000000000004,121,9,11.634840871021778,3.6348408710217734,32.231404958677686,66.66666666666666,-0.6745202006533979,-0.7501349628104795,0.0
strength+duration+move+curve+inflation+cand_copper_gold,強度 (NQ 52W區間) + 存續期間避險 (TLT-SHY) + 波動度 (MOVE偏態) + 殖利率曲線 (10Y-2Y) + 通膨意外 (CPI-10YBE) + 銅金比報酬差,6,-0.0458889411907267,-0.040810920059427415,,-8.045969202898547,138,64,7.946435073920324,-0.09953412897822378,36.231884057971016,56.25,-0.48447626608742306,-0.6182584351110592,0.0
momentum+strength+duration+inflation+cand_copper_gold+cand_inflation_1y,動能 (10Y-SMA125) + 強度 (NQ 52W區間) + 存續期間避險 (TLT-SHY) + 通膨意外 (CPI-10YBE) + 銅金比報酬差 + 1年通膨預期價差,6,-0.049260280255946566,-0.05500899255568156,,-8.052197802197806,182,52,13.01396175014265,4.961763947944844,27.472527472527474,61.53846153846154,-0.7607038619091198,-0.009980744140950536,0.0
momentum+strength+cand_credit_spread,動能 (10Y-SMA125) + 強度 (NQ 52W區間) + IG企業債利差,3,-0.022339748197525256,-0.02007003186540201,,-8.073330855939549,216,299,2.5978038339847354,-5.475527021954814,44.44444444444444,42.14046822742475,-0.027605824326090597,-0.08309754390350138,0.0
strength+duration+curve+cand_copper_gold+cand_inflation_1y,強度 (NQ 52W區間) + 存續期間避險 (TLT-SHY) + 殖利率曲線 (10Y-2Y) + 銅金比報酬差 + 1年通膨預期價差,5,-0.03724751989628188,-0.035363417829603463,,-8.08110440034513,133,61,13.371682976284934,5.290578575939803,29.32330827067669,67.21311475409836,-0.45847493508667664,-0.22461567917376524,0.0
momentum+move+cand_credit_spread+cand_swap_spread+cand_sofr_ted_spread,動能 (10Y-SMA125) + 波動度 (MOVE偏態) + IG企業債利差 + 10Y Swap Spread + SOFR-3M利差,5,-0.005243339032296489,-0.027114030036953698,,-8.0863697705803,65,57,23.019456255637163,14.933086485056863,7.6923076923076925,77.19298245614034,-0.30522450836404946,-1.0352442866969547,0.0
momentum+strength+move+cand_copper_gold+cand_credit_spread+cand_swap_spread+cand_sofr_ted_spread+cand_inflation_1y,動能 (10Y-SMA125) + 強度 (NQ 52W區間) + 波動度 (MOVE偏態) + 銅金比報酬差 + IG企業債利差 + 10Y Swap Spread + SOFR-3M利差 + 1年通膨預期價差,8,-0.015456020447685324,-0.014442509765343375,,-8.128647214854116,29,26,32.18656500895281,24.057917794098696,6.896551724137931,100.0,0.05833895541461675,-0.9526566055280747,-16.32968226389237
strength+curve+inflation+cand_credit_spread+cand_swap_spread,強度 (NQ 52W區間) + 殖利率曲線 (10Y-2Y) + 通膨意外 (CPI-10YBE) + IG企業債利差 + 10Y Swap Spread,5,-0.039683565447116854,-0.03225583883184537,,-8.151611464257833,122,147,2.446316280857842,-5.705295183399992,54.91803278688525,34.69387755102041,0.2672330530721449,-1.2968094002603165,-4.852728303449113
momentum+duration+inflation+cand_copper_gold+cand_credit_spread+cand_sofr_ted_spread,動能 (10Y-SMA125) + 存續期間避險 (TLT-SHY) + 通膨意外 (CPI-10YBE) + 銅金比報酬差 + IG企業債利差 + SOFR-3M利差,6,-0.029719003854596165,-0.011331151120222276,,-8.153940670528346,211,27,5.085077837846419,-3.068862832681928,37.91469194312796,33.33333333333333,-0.6987483329431511,0.5929134614709034,0.0
momentum+duration+curve+cand_credit_spread+cand_inflation_1y,動能 (10Y-SMA125) + 存續期間避險 (TLT-SHY) + 殖利率曲線 (10Y-2Y) + IG企業債利差 + 1年通膨預期價差,5,-0.0640738821492406,-0.08728959474397822,,-8.164691617290433,268,0,8.164691617290433,0.0,34.32835820895522,0.0,-1.2295071773623758,0.496099364717001,0.0
duration+move+inflation+cand_swap_spread+cand_sofr_ted_spread+cand_inflation_1y,存續期間避險 (TLT-SHY) + 波動度 (MOVE偏態) + 通膨意外 (CPI-10YBE) + 10Y Swap Spread + SOFR-3M利差 + 1年通膨預期價差,6,-0.06691338434631965,-0.12043674781761775,,-8.1725352112676,71,32,24.05737608228938,15.88484087102178,11.267605633802818,81.25,-1.457104157178544,-1.658078989537945,0.0
momentum+strength+duration+inflation+cand_copper_gold+cand_sofr_ted_spread,動能 (10Y-SMA125) + 強度 (NQ 52W區間) + 存續期間避險 (TLT-SHY) + 通膨意外 (CPI-10YBE) + 銅金比報酬差 + SOFR-3M利差,6,-0.035731584702913315,-0.026353953763786058,,-8.18078093306288,232,34,6.1391512158493615,-2.0416297172135196,36.206896551724135,35.294117647058826,-0.5851849243536046,0.43467771863124766,0.0
momentum+move+cand_copper_gold+cand_credit_spread,動能 (10Y-SMA125) + 波動度 (MOVE偏態) + 銅金比報酬差 + IG企業債利差,4,0.010635416274857418,0.028168733390287023,,-8.182180851063837,96,47,13.072340871021774,4.890160019957937,25.0,65.95744680851064,-0.11427322837649956,-0.1252344992213184,0.0
momentum+strength+duration+curve+inflation+cand_copper_gold+cand_credit_spread,動能 (10Y-SMA125) + 強度 (NQ 52W區間) + 存續期間避險 (TLT-SHY) + 殖利率曲線 (10Y-2Y) + 通膨意外 (CPI-10YBE) + 銅金比報酬差 + IG企業債利差,7,-0.041613391295689264,-0.03145690518540831,,-8.188288288288282,210,37,5.201507537688441,-2.9867807505998414,40.95238095238095,40.54054054054054,-0.42871713407170187,0.028348015748391672,0.0
momentum+strength+duration+move+curve+inflation+cand_copper_gold+cand_sofr_ted_spread,動能 (10Y-SMA125) + 強度 (NQ 52W區間) + 存續期間避險 (TLT-SHY) + 波動度 (MOVE偏態) + 殖利率曲線 (10Y-2Y) + 通膨意外 (CPI-10YBE) + 銅金比報酬差 + SOFR-3M利差,8,-0.03980022635525824,-0.030742713202396806,,-8.193500088898869,179,0,8.193500088898869,0.0,35.754189944134076,0.0,-0.728614986798805,-0.04982966363537452,0.0
strength+move+inflation+cand_copper_gold+cand_inflation_1y,強度 (NQ 52W區間) + 波動度 (MOVE偏態) + 通膨意外 (CPI-10YBE) + 銅金比報酬差 + 1年通膨預期價差,5,-0.03325221380156598,-0.0313268979802411,,-8.197105151128143,87,81,12.473921330791892,4.276816179663749,32.18390804597701,72.8395061728395,-0.26425631501751934,-1.3174930245212455,0.0
momentum+strength+duration+cand_swap_spread,動能 (10Y-SMA125) + 強度 (NQ 52W區間) + 存續期間避險 (TLT-SHY) + 10Y Swap Spread,4,-0.03331365230082292,-0.0548542879258397,,-8.197841726618705,70,417,5.134840871021775,-3.063000855596931,34.285714285714285,46.52278177458034,-0.36667555859286394,0.08003179220079137,0.0
momentum+inflation+cand_credit_spread,動能 (10Y-SMA125) + 通膨意外 (CPI-10YBE) + IG企業債利差,3,-0.04508377122328776,-0.04340138123076931,,-8.203282828282829,297,64,6.463123699304603,-1.7401591289782257,37.71043771043771,39.0625,-0.8674855711924206,-0.12961180248708296,0.0
momentum+strength+curve+inflation+cand_credit_spread+cand_swap_spread+cand_sofr_ted_spread+cand_inflation_1y,動能 (10Y-SMA125) + 強度 (NQ 52W區間) + 殖利率曲線 (10Y-2Y) + 通膨意外 (CPI-10YBE) + IG企業債利差 + 10Y Swap Spread + SOFR-3M利差 + 1年通膨預期價差,8,-0.03938952130311919,-0.013764564108391782,,-8.2049343289657,107,0,8.2049343289657,0.0,40.18691588785047,0.0,-0.5991390155896129,-1.1128328212234062,0.0
duration+move+cand_swap_spread+cand_inflation_1y,存續期間避險 (TLT-SHY) + 波動度 (MOVE偏態) + 10Y Swap Spread + 1年通膨預期價差,4,-0.05094556942607775,-0.12351101919792846,,-8.2076048951049,143,176,8.802673038853946,0.5950681437490463,39.86013986013986,53.97727272727273,-0.9928624824097024,-1.2554795711982087,0.0
momentum+strength+duration+curve+inflation+cand_copper_gold+cand_inflation_1y,動能 (10Y-SMA125) + 強度 (NQ 52W區間) + 存續期間避險 (TLT-SHY) + 殖利率曲線 (10Y-2Y) + 通膨意外 (CPI-10YBE) + 銅金比報酬差 + 1年通膨預期價差,7,-0.05463391428578096,-0.0601471804886014,,-8.302985442881823,193,21,13.31877869485597,5.015793251974146,28.497409326424872,71.42857142857143,-0.7791897559840529,-0.008190629643708904,0.0
momentum+duration+inflation+cand_swap_spread,動能 (10Y-SMA125) + 存續期間避險 (TLT-SHY) + 通膨意外 (CPI-10YBE) + 10Y Swap Spread,4,-0.052075151192901487,-0.08845851021821956,,-8.312055423829278,241,224,5.170110580565344,-3.1419448432639356,40.66390041493776,49.55357142857143,-1.1128690492059543,0.07122211995014525,0.0
strength+move+curve+inflation+cand_credit_spread+cand_inflation_1y,強度 (NQ 52W區間) + 波動度 (MOVE偏態) + 殖利率曲線 (10Y-2Y) + 通膨意外 (CPI-10YBE) + IG企業債利差 + 1年通膨預期價差,6,-0.05948505788558531,-0.06449371889671161,,-8.34356725146199,114,36,18.617297011372653,10.273729759910664,26.31578947368421,77.77777777777779,-0.662692179552902,-1.6139325839863936,0.0
strength+move+inflation+cand_copper_gold+cand_swap_spread,強度 (NQ 52W區間) + 波動度 (MOVE偏態) + 通膨意外 (CPI-10YBE) + 銅金比報酬差 + 10Y Swap Spread,5,-0.009855502559737005,0.0033306731789815597,,-8.350988700564972,88,177,-1.2401591289782254,-9.591147829543198,57.95454545454546,33.33333333333333,0.5614198656382386,-1.4008734926900124,-2.495233208567456
momentum+strength+move+curve+inflation+cand_copper_gold+cand_credit_spread+cand_inflation_1y,動能 (10Y-SMA125) + 強度 (NQ 52W區間) + 波動度 (MOVE偏態) + 殖利率曲線 (10Y-2Y) + 通膨意外 (CPI-10YBE) + 銅金比報酬差 + IG企業債利差 + 1年通膨預期價差,8,-0.03843791312495381,-0.015920228778045838,,-8.366972477064216,109,2,12.001813348085998,3.6348408710217814,33.94495412844037,100.0,-0.5032382292194827,-0.9152328009793314,0.0
strength+duration+inflation+cand_copper_gold+cand_credit_spread+cand_swap_spread,強度 (NQ 52W區間) + 存續期間避險 (TLT-SHY) + 通膨意外 (CPI-10YBE) + 銅金比報酬差 + IG企業債利差 + 10Y Swap Spread,6,-0.01965703427207422,0.0030648865672015277,,-8.389954532537654,92,153,2.6457104362391677,-5.7442440962984875,47.82608695652174,41.830065359477125,0.27761541812188606,-0.8370925730195587,-3.0152956874031984
momentum+duration+move+cand_sofr_ted_spread,動能 (10Y-SMA125) + 存續期間避險 (TLT-SHY) + 波動度 (MOVE偏態) + SOFR-3M利差,4,-0.0458089501082484,-0.06862812770318924,,-8.411375860855575,349,114,7.107620240649282,-1.303755620206294,38.39541547277937,53.50877192982456,-1.467514615660073,0.7790546663138961,0.0
momentum+strength+curve+inflation+cand_copper_gold+cand_swap_spread+cand_inflation_1y,動能 (10Y-SMA125) + 強度 (NQ 52W區間) + 殖利率曲線 (10Y-2Y) + 通膨意外 (CPI-10YBE) + 銅金比報酬差 + 10Y Swap Spread + 1年通膨預期價差,7,-0.036899660200439006,-0.0248709901129511,,-8.449939975990402,85,49,5.411311459257067,-3.0386285167333353,42.35294117647059,53.06122448979592,-0.2176469027019166,-0.6266815479130841,0.0
strength+duration+cand_sofr_ted_spread,強度 (NQ 52W區間) + 存續期間避險 (TLT-SHY) + SOFR-3M利差,3,-0.05063314356598016,-0.04802602050285186,,-8.490432789681272,236,318,5.122129006614994,-3.368303783066277,37.28813559322034,47.48427672955975,-0.6353697997378325,0.18067269121160498,0.0
strength+move+inflation+cand_credit_spread+cand_swap_spread,強度 (NQ 52W區間) + 波動度 (MOVE偏態) + 通膨意外 (CPI-10YBE) + IG企業債利差 + 10Y Swap Spread,5,-0.032371148713435056,-0.05417255570236251,,-8.520147342886665,113,197,2.3428054727916887,-6.177341870094976,53.98230088495575,40.10152284263959,0.19266172801854844,-1.9184963970685818,-9.957849007167002
strength+duration+curve+cand_copper_gold+cand_credit_spread+cand_swap_spread+cand_inflation_1y,強度 (NQ 52W區間) + 存續期間避險 (TLT-SHY) + 殖利率曲線 (10Y-2Y) + 銅金比報酬差 + IG企業債利差 + 10Y Swap Spread + 1年通膨預期價差,7,-0.033615643950239665,-0.026307635378042177,,-8.530612244897954,49,49,12.859330666940137,4.328718422042183,28.57142857142857,67.3469387755102,0.005418711871732426,-0.7726438689135409,-142.5881071374473
momentum+strength+duration+curve+cand_copper_gold+cand_credit_spread+cand_sofr_ted_spread,動能 (10Y-SMA125) + 強度 (NQ 52W區間) + 存續期間避險 (TLT-SHY) + 殖利率曲線 (10Y-2Y) + 銅金比報酬差 + IG企業債利差 + SOFR-3M利差,7,-0.02764222172586079,-0.0005531128828079248,,-8.535069587984015,177,41,2.7308860687618868,-5.804183519222128,45.76271186440678,21.951219512195124,-0.28596146884173856,0.4108586673615085,0.0
strength+duration+curve+inflation+cand_credit_spread+cand_swap_spread+cand_sofr_ted_spread,強度 (NQ 52W區間) + 存續期間避險 (TLT-SHY) + 殖利率曲線 (10Y-2Y) + 通膨意外 (CPI-10YBE) + IG企業債利差 + 10Y Swap Spread + SOFR-3M利差,7,-0.04545087581857979,-0.03336411156697335,,-8.588235294117665,85,1,11.223076165139423,2.634840871021758,34.11764705882353,100.0,-0.38601678109090787,-0.9817206066166948,0.0
momentum+strength+duration+curve+cand_swap_spread,動能 (10Y-SMA125) + 強度 (NQ 52W區間) + 存續期間避險 (TLT-SHY) + 殖利率曲線 (10Y-2Y) + 10Y Swap Spread,5,-0.050966749980602945,-0.07515862824117074,,-8.588509316770182,92,196,3.580493044934815,-5.008016271835366,35.869565217391305,44.38775510204081,-0.5504594064814773,0.06883411459045922,0.0
momentum+duration+inflation+cand_copper_gold+cand_credit_spread,動能 (10Y-SMA125) + 存續期間避險 (TLT-SHY) + 通膨意外 (CPI-10YBE) + 銅金比報酬差 + IG企業債利差,5,-0.03231271120520033,-0.020953201198793917,,-8.594100140056028,224,51,3.425019442450347,-5.169080697605682,39.732142857142854,41.17647058823529,-0.670771548556847,0.4933393812910467,0.0
momentum+strength+cand_copper_gold+cand_credit_spread+cand_swap_spread,動能 (10Y-SMA125) + 強度 (NQ 52W區間) + 銅金比報酬差 + IG企業債利差 + 10Y Swap Spread,5,0.01549302975842969,0.05019001274549944,,-8.60920187793428,50,213,9.154840871021781,0.5456389930875012,40.0,54.460093896713616,0.8021687214712986,-0.5025696186182329,-0.6265136063850063
momentum+inflation+cand_copper_gold+cand_sofr_ted_spread+cand_inflation_1y,動能 (10Y-SMA125) + 通膨意外 (CPI-10YBE) + 銅金比報酬差 + SOFR-3M利差 + 1年通膨預期價差,5,-0.031700449064158684,0.0007080649586031587,,-8.615187538430007,238,41,7.176857677744464,-1.438329860685542,41.596638655462186,51.21951219512195,-0.7612800226382574,0.036333555337638886,0.0
momentum+strength+move+curve+inflation+cand_credit_spread,動能 (10Y-SMA125) + 強度 (NQ 52W區間) + 波動度 (MOVE偏態) + 殖利率曲線 (10Y-2Y) + 通膨意外 (CPI-10YBE) + IG企業債利差,6,-0.05491916255176128,-0.06327247513580031,,-8.630944554021484,169,27,8.747266906524732,0.11632235250324856,38.46153846153847,55.55555555555556,-0.6086690069277962,-0.8686392439933212,0.0
inflation+cand_credit_spread+cand_swap_spread+cand_sofr_ted_spread+cand_inflation_1y,通膨意外 (CPI-10YBE) + IG企業債利差 + 10Y Swap Spread + SOFR-3M利差 + 1年通膨預期價差,5,-0.01340641361148409,-0.015362982135587877,,-8.634034324389662,197,42,9.030779957316195,0.3967456329265334,38.07106598984771,73.80952380952381,-0.38441383496692993,-2.2476593122926896,0.0
momentum+curve+inflation+cand_credit_spread,動能 (10Y-SMA125) + 殖利率曲線 (10Y-2Y) + 通膨意外 (CPI-10YBE) + IG企業債利差,4,-0.0521004568104791,-0.036400602509242534,,-8.651790023564148,295,0,8.651790023564148,0.0,34.57627118644068,0.0,-0.7833660104282426,-0.09153348748657875,0.0
strength+duration+curve+inflation+cand_copper_gold+cand_credit_spread+cand_swap_spread+cand_inflation_1y,強度 (NQ 52W區間) + 存續期間避險 (TLT-SHY) + 殖利率曲線 (10Y-2Y) + 通膨意外 (CPI-10YBE) + 銅金比報酬差 + IG企業債利差 + 10Y Swap Spread + 1年通膨預期價差,8,-0.04095375433795797,-0.026757439514038917,,-8.65611814345992,79,18,9.457625681148356,0.8015075376884345,37.9746835443038,50.0,-0.2222387078348525,-0.9488946351023041,0.0
momentum+move+inflation,動能 (10Y-SMA125) + 波動度 (MOVE偏態) + 通膨意外 (CPI-10YBE),3,-0.05660240792542568,-0.08680036006407897,,-8.664122137404581,262,131,9.329497359571391,0.6653752221668103,38.54961832061068,52.67175572519084,-1.45459193496521,-0.2949877975873137,0.0
momentum+strength+duration+curve+inflation+cand_credit_spread+cand_sofr_ted_spread+cand_inflation_1y,動能 (10Y-SMA125) + 強度 (NQ 52W區間) + 存續期間避險 (TLT-SHY) + 殖利率曲線 (10Y-2Y) + 通膨意外 (CPI-10YBE) + IG企業債利差 + SOFR-3M利差 + 1年通膨預期價差,8,-0.060838367580774856,-0.07199981659277219,,-8.673467480463835,233,0,8.673467480463835,0.0,34.33476394849785,0.0,-1.0249905468524936,-0.2583656641430487,0.0
curve+inflation+cand_sofr_ted_spread+cand_inflation_1y,殖利率曲線 (10Y-2Y) + 通膨意外 (CPI-10YBE) + SOFR-3M利差 + 1年通膨預期價差,4,-0.06992368555024663,-0.07327773671909187,,-8.696488161449235,217,29,13.607191101436523,4.9107029399872895,27.64976958525346,68.96551724137932,-1.0999171886593864,-1.1739981314840444,0.0
momentum+strength+inflation+cand_copper_gold+cand_inflation_1y,動能 (10Y-SMA125) + 強度 (NQ 52W區間) + 通膨意外 (CPI-10YBE) + 銅金比報酬差 + 1年通膨預期價差,5,-0.03833189649887258,-0.026500837245276944,,-8.698313198085255,164,107,12.183621358826652,3.485308160741396,28.65853658536585,63.55140186915887,-0.4199613428998434,-0.3967931439995899,0.0
momentum+strength+curve+inflation+cand_credit_spread+cand_swap_spread+cand_sofr_ted_spread,動能 (10Y-SMA125) + 強度 (NQ 52W區間) + 殖利率曲線 (10Y-2Y) + 通膨意外 (CPI-10YBE) + IG企業債利差 + 10Y Swap Spread + SOFR-3M利差,7,-0.028654813812484147,0.0016315620010467526,,-8.701507537688443,105,0,8.701507537688443,0.0,40.0,0.0,-0.24753450488483159,-0.8753785586028741,0.0
strength+duration+curve+inflation,強度 (NQ 52W區間) + 存續期間避險 (TLT-SHY) + 殖利率曲線 (10Y-2Y) + 通膨意外 (CPI-10YBE),4,-0.07369934499771873,-0.09933065699064118,,-8.725603739708522,293,211,4.194567833479113,-4.531035906229409,41.29692832764505,43.127962085308056,-0.7801713183703994,-0.3044405723100633,0.0
move+curve+cand_sofr_ted_spread,波動度 (MOVE偏態) + 殖利率曲線 (10Y-2Y) + SOFR-3M利差,3,-0.03464854339010808,-0.02310960661924933,,-8.731746031746031,315,170,6.666586902767807,-2.0651591289782245,43.17460317460318,34.11764705882353,-0.5781309494419331,-0.661210046804901,0.0
momentum+strength+curve+cand_copper_gold+cand_credit_spread+cand_swap_spread,動能 (10Y-SMA125) + 強度 (NQ 52W區間) + 殖利率曲線 (10Y-2Y) + 銅金比報酬差 + IG企業債利差 + 10Y Swap Spread,6,-0.018434621468018126,0.01258353477520737,,-8.756909992912837,51,83,3.223076165139426,-5.53383382777341,47.05882352941176,37.34939759036144,0.572152455571716,-0.45487485985714415,-0.7950238706965197
curve+inflation+cand_credit_spread+cand_sofr_ted_spread+cand_inflation_1y,殖利率曲線 (10Y-2Y) + 通膨意外 (CPI-10YBE) + IG企業債利差 + SOFR-3M利差 + 1年通膨預期價差,5,-0.0538866646724505,-0.046608857156818354,,-8.80758556891767,188,46,13.985904700809009,5.17831913189134,28.723404255319153,73.91304347826086,-0.8633880507984499,-1.3256595364293762,0.0
duration+inflation+cand_credit_spread,存續期間避險 (TLT-SHY) + 通膨意外 (CPI-10YBE) + IG企業債利差,3,-0.05962204343927017,-0.08216208749620098,,-8.807646356033457,310,81,8.183227967795967,-0.6244183882374912,31.93548387096774,54.32098765432099,-1.0808549076835607,-0.537626182265589,0.0
momentum+strength+duration+curve+cand_swap_spread+cand_sofr_ted_spread,動能 (10Y-SMA125) + 強度 (NQ 52W區間) + 存續期間避險 (TLT-SHY) + 殖利率曲線 (10Y-2Y) + 10Y Swap Spread + SOFR-3M利差,6,-0.04499555237297798,-0.05734916393639358,,-8.809288537549406,92,22,3.580493044934815,-5.228795492614591,35.869565217391305,27.27272727272727,-0.6809204075651587,0.17160188255881917,0.0
momentum+duration+cand_sofr_ted_spread+cand_inflation_1y,動能 (10Y-SMA125) + 存續期間避險 (TLT-SHY) + SOFR-3M利差 + 1年通膨預期價差,4,-0.04993588146352826,-0.08034330521494973,,-8.81097961867193,468,169,5.81860155478246,-2.9923780638894697,41.23931623931624,47.337278106508876,-1.3836694813339365,1.0504218215043157,0.0
momentum+duration+curve+cand_sofr_ted_spread,動能 (10Y-SMA125) + 存續期間避險 (TLT-SHY) + 殖利率曲線 (10Y-2Y) + SOFR-3M利差,4,-0.05189940323457762,-0.05697087422867123,,-8.813865546218489,420,119,1.070555156736062,-7.743310389482427,45.0,23.52941176470588,-1.1591493502259138,1.932299899124294,0.0
strength+move+cand_credit_spread+cand_inflation_1y,強度 (NQ 52W區間) + 波動度 (MOVE偏態) + IG企業債利差 + 1年通膨預期價差,4,-0.03965945696179225,-0.06335295729464498,,-8.818055555555564,80,90,16.197340871021776,7.379285315466213,30.0,70.0,-0.32428703899797184,-1.2600524035906127,0.0
momentum+strength+move+cand_swap_spread+cand_sofr_ted_spread+cand_inflation_1y,動能 (10Y-SMA125) + 強度 (NQ 52W區間) + 波動度 (MOVE偏態) + 10Y Swap Spread + SOFR-3M利差 + 1年通膨預期價差,6,-0.03471313267312632,-0.06634262658648515,,-8.833333333333329,30,15,34.46817420435511,25.63484087102178,6.666666666666667,100.0,-0.6170313599790754,-1.2057958970305762,0.0
move+inflation+cand_swap_spread+cand_inflation_1y,波動度 (MOVE偏態) + 通膨意外 (CPI-10YBE) + 10Y Swap Spread + 1年通膨預期價差,4,-0.04491654030670114,-0.10172623649409823,,-8.833333333333345,150,50,8.928174204355109,0.09484087102176382,42.0,62.0,-0.6827577102483287,-2.1324872808274544,0.0
duration+curve+cand_inflation_1y,存續期間避險 (TLT-SHY) + 殖利率曲線 (10Y-2Y) + 1年通膨預期價差,3,-0.07536134915546747,-0.11154030617303519,,-8.834575509014453,329,73,9.318731448529375,0.48415593951492275,37.08206686930091,47.94520547945205,-1.4610984971811336,0.1062556898980582,0.0
move+cand_credit_spread+cand_swap_spread,波動度 (MOVE偏態) + IG企業債利差 + 10Y Swap Spread,3,0.0006324926194656661,-0.028673988828939418,,-8.891941391941392,130,273,2.5963793325602373,-6.2955620593811545,49.23076923076923,44.68864468864469,0.24891605456052968,-2.290391889927925,-9.201463095547192
momentum+duration+move+curve+inflation+cand_copper_gold,動能 (10Y-SMA125) + 存續期間避險 (TLT-SHY) + 波動度 (MOVE偏態) + 殖利率曲線 (10Y-2Y) + 通膨意外 (CPI-10YBE) + 銅金比報酬差,6,-0.04069918895168801,-0.04181219657596935,,-8.896135265700511,207,6,10.030976136722257,1.1348408710217452,32.367149758454104,50.0,-1.0186037578360025,0.21477611159711887,0.0
move+inflation+cand_copper_gold+cand_credit_spread+cand_sofr_ted_spread+cand_inflation_1y,波動度 (MOVE偏態) + 通膨意外 (CPI-10YBE) + 銅金比報酬差 + IG企業債利差 + SOFR-3M利差 + 1年通膨預期價差,6,-0.008863969112503768,-0.0019691787233716476,,-8.92775974025974,112,22,11.10805515673606,2.1802954164763215,32.142857142857146,81.81818181818183,-0.34474814873610665,-1.0913179374880988,0.0
momentum+strength+curve+inflation+cand_swap_spread+cand_sofr_ted_spread,動能 (10Y-SMA125) + 強度 (NQ 52W區間) + 殖利率曲線 (10Y-2Y) + 通膨意外 (CPI-10YBE) + 10Y Swap Spread + SOFR-3M利差,6,-0.04010712002358144,-0.028953177742330242,,-8.953022689203596,110,0,8.953022689203596,0.0,34.54545454545455,0.0,-0.42505690381584527,-0.5473739390504805,0.0
momentum+curve+inflation+cand_credit_spread+cand_sofr_ted_spread,動能 (10Y-SMA125) + 殖利率曲線 (10Y-2Y) + 通膨意外 (CPI-10YBE) + IG企業債利差 + SOFR-3M利差,5,-0.04349878561531097,-0.004701719408956494,,-8.958882682868467,287,0,8.958882682868467,0.0,33.79790940766551,0.0,-0.8010982359653356,0.0580532482633063,0.0
momentum+duration+move+cand_credit_spread+cand_swap_spread+cand_sofr_ted_spread,動能 (10Y-SMA125) + 存續期間避險 (TLT-SHY) + 波動度 (MOVE偏態) + IG企業債利差 + 10Y Swap Spread + SOFR-3M利差,6,-0.034214173060337257,-0.06843591756029352,,-8.973516949152545,80,59,17.947340871021776,8.973823921869231,12.5,69.49152542372882,-0.8770862885030064,-0.30835773830346574,0.0
momentum+strength+curve+cand_copper_gold+cand_credit_spread+cand_sofr_ted_spread,動能 (10Y-SMA125) + 強度 (NQ 52W區間) + 殖利率曲線 (10Y-2Y) + 銅金比報酬差 + IG企業債利差 + SOFR-3M利差,6,-0.01450397940601492,0.03088067081632747,,-8.977885980929193,159,62,1.7417591100154832,-7.236126870913709,47.79874213836478,16.129032258064516,0.16566762991161724,0.06489453109744847,0.3917152139622529
strength+move+curve+inflation,強度 (NQ 52W區間) + 波動度 (MOVE偏態) + 殖利率曲線 (10Y-2Y) + 通膨意外 (CPI-10YBE),4,-0.06635453771270687,-0.08063225338272503,,-9.000178778939837,198,226,6.99342672960763,-2.0067520493322064,43.43434343434344,46.017699115044245,-0.47366170854938083,-1.2787865894939574,0.0
strength+duration,強度 (NQ 52W區間) + 存續期間避險 (TLT-SHY),2,-0.056415094951246796,-0.09051426466653364,,-9.03267839041984,236,719,4.952637481191265,-4.080040909228574,38.13559322033898,45.479833101529906,-0.43111216000069313,0.06560911080407825,0.0
momentum+strength+move+curve+inflation+cand_copper_gold+cand_inflation_1y,動能 (10Y-SMA125) + 強度 (NQ 52W區間) + 波動度 (MOVE偏態) + 殖利率曲線 (10Y-2Y) + 通膨意外 (CPI-10YBE) + 銅金比報酬差 + 1年通膨預期價差,7,-0.04041296444273863,-0.030407986614547505,,-9.034574468085111,141,24,13.627748672440212,4.593174204355102,28.368794326241137,83.33333333333334,-0.6569527859879968,-0.7085728483799663,0.0
momentum+inflation+cand_credit_spread+cand_sofr_ted_spread,動能 (10Y-SMA125) + 通膨意外 (CPI-10YBE) + IG企業債利差 + SOFR-3M利差,4,-0.03962621370949815,-0.018271455285530407,,-9.052420759317311,297,58,6.463123699304603,-2.5892970600127074,37.71043771043771,34.48275862068966,-0.9555772117879404,0.057482953212155435,0.0
momentum+duration+move+curve+cand_copper_gold+cand_credit_spread+cand_inflation_1y,動能 (10Y-SMA125) + 存續期間避險 (TLT-SHY) + 波動度 (MOVE偏態) + 殖利率曲線 (10Y-2Y) + 銅金比報酬差 + IG企業債利差 + 1年通膨預期價差,7,-0.03397766032677493,-0.026904075210195333,,-9.054195709731454,124,0,9.054195709731454,0.0,36.29032258064516,0.0,-0.994227556825957,-0.04003412873200348,0.0
momentum+cand_copper_gold+cand_credit_spread+cand_swap_spread+cand_sofr_ted_spread+cand_inflation_1y,動能 (10Y-SMA125) + 銅金比報酬差 + IG企業債利差 + 10Y Swap Spread + SOFR-3M利差 + 1年通膨預期價差,6,0.024978058127752875,0.024567001700409055,,-9.079487179487174,30,78,25.70150753768844,16.622020358201265,6.666666666666667,85.8974358974359,0.04005284066180326,-0.513991734018528,-12.832840955240929
momentum+duration+inflation+cand_copper_gold+cand_credit_spread+cand_sofr_ted_spread+cand_inflation_1y,動能 (10Y-SMA125) + 存續期間避險 (TLT-SHY) + 通膨意外 (CPI-10YBE) + 銅金比報酬差 + IG企業債利差 + SOFR-3M利差 + 1年通膨預期價差,7,-0.049191828655424714,-0.03992010999459068,,-9.091090871021775,160,0,9.091090871021775,0.0,33.75,0.0,-0.9447740586137382,0.14394234907968417,0.0
momentum+strength+duration+move+cand_copper_gold+cand_credit_spread,動能 (10Y-SMA125) + 強度 (NQ 52W區間) + 存續期間避險 (TLT-SHY) + 波動度 (MOVE偏態) + 銅金比報酬差 + IG企業債利差,6,-0.01603876405215291,-0.006999284166104429,,-9.093573093573092,117,77,7.429712665893566,-1.6638604276795248,35.04273504273504,57.14285714285714,-0.32404451743561136,-0.05301875052767314,0.0
momentum+duration+curve+inflation+cand_credit_spread+cand_inflation_1y,動能 (10Y-SMA125) + 存續期間避險 (TLT-SHY) + 殖利率曲線 (10Y-2Y) + 通膨意外 (CPI-10YBE) + IG企業債利差 + 1年通膨預期價差,6,-0.06716328787935473,-0.08665417514871063,,-9.104926341107245,234,0,9.104926341107245,0.0,32.05128205128205,0.0,-1.2794422572785034,0.01033581732362077,0.0
duration+move,存續期間避險 (TLT-SHY) + 波動度 (MOVE偏態),2,-0.05480136052637418,-0.10991331906256713,,-9.110704022988507,435,288,5.193461560676946,-3.917242462311561,44.827586206896555,42.36111111111111,-1.4560963813273191,-0.09406936912514866,0.0
momentum+duration+curve+inflation+cand_copper_gold+cand_credit_spread+cand_inflation_1y,動能 (10Y-SMA125) + 存續期間避險 (TLT-SHY) + 殖利率曲線 (10Y-2Y) + 通膨意外 (CPI-10YBE) + 銅金比報酬差 + IG企業債利差 + 1年通膨預期價差,7,-0.04604932655460648,-0.03463438166208138,,-9.119534748572798,196,0,9.119534748572798,0.0,34.183673469387756,0.0,-0.9103135535572718,0.05701766059115822,0.0
move+cand_sofr_ted_spread+cand_inflation_1y,波動度 (MOVE偏態) + SOFR-3M利差 + 1年通膨預期價差,3,-0.04241414757312466,-0.08247194267235804,,-9.175657220894502,303,174,9.4599233792726,0.2842661583780996,41.584158415841586,55.172413793103445,-1.2087950229486717,-0.7994894534511088,0.0
momentum+strength+move+inflation+cand_copper_gold+cand_credit_spread+cand_swap_spread+cand_sofr_ted_spread,動能 (10Y-SMA125) + 強度 (NQ 52W區間) + 波動度 (MOVE偏態) + 通膨意外 (CPI-10YBE) + 銅金比報酬差 + IG企業債利差 + 10Y Swap Spread + SOFR-3M利差,8,-0.003938900360893695,0.029207117760298267,,-9.18965517241378,58,2,10.32449604343557,1.13484087102179,44.827586206896555,50.0,0.1641127708801243,-1.107141759291919,-6.746225496982362
strength+duration+inflation+cand_copper_gold+cand_inflation_1y,強度 (NQ 52W區間) + 存續期間避險 (TLT-SHY) + 通膨意外 (CPI-10YBE) + 銅金比報酬差 + 1年通膨預期價差,5,-0.05003322666580591,-0.049791090431790974,,-9.23431594860167,162,98,12.338544574725478,3.1042286261238075,28.39506172839506,68.36734693877551,-0.591423164039935,-0.5461014674008249,0.0
strength+move+curve+inflation+cand_credit_spread+cand_swap_spread,強度 (NQ 52W區間) + 波動度 (MOVE偏態) + 殖利率曲線 (10Y-2Y) + 通膨意外 (CPI-10YBE) + IG企業債利差 + 10Y Swap Spread,6,-0.051156230675981795,-0.06257013963202739,,-9.249999999999998,101,28,2.6348408710217757,-6.615159128978222,55.44554455445545,28.57142857142857,0.04027472868405958,-1.7272906152655043,-42.88770332422257
momentum+strength+curve+cand_copper_gold+cand_inflation_1y,動能 (10Y-SMA125) + 強度 (NQ 52W區間) + 殖利率曲線 (10Y-2Y) + 銅金比報酬差 + 1年通膨預期價差,5,-0.020479532328108653,-0.0028311475620109968,,-9.258347286516303,143,71,12.94952618570709,3.6911788991907866,29.37062937062937,67.6056338028169,-0.2837916253480867,-0.05284011863422361,0.0
momentum+inflation+cand_swap_spread+cand_inflation_1y,動能 (10Y-SMA125) + 通膨意外 (CPI-10YBE) + 10Y Swap Spread + 1年通膨預期價差,4,-0.04311644209677972,-0.07310410602967281,,-9.273060796645701,252,159,8.329285315466219,-0.9437754811794833,40.476190476190474,50.943396226415096,-0.93698051844366,-0.6131475778968037,0.0
momentum+strength+duration+inflation+cand_swap_spread+cand_sofr_ted_spread,動能 (10Y-SMA125) + 強度 (NQ 52W區間) + 存續期間避險 (TLT-SHY) + 通膨意外 (CPI-10YBE) + 10Y Swap Spread + SOFR-3M利差,6,-0.04754028993603353,-0.07070078569364913,,-9.280803603941028,161,0,9.280803603941028,0.0,25.465838509316768,0.0,-0.8435810944760915,-0.18592414508802926,0.0
momentum+move+inflation+cand_sofr_ted_spread,動能 (10Y-SMA125) + 波動度 (MOVE偏態) + 通膨意外 (CPI-10YBE) + SOFR-3M利差,4,-0.049943523760353194,-0.04928451930297185,,-9.308547008547004,234,10,9.643387879568781,0.33484087102177684,36.324786324786324,40.0,-1.517344728957696,-0.2625874227486023,0.0
momentum+duration+move+cand_copper_gold+cand_credit_spread+cand_swap_spread+cand_sofr_ted_spread,動能 (10Y-SMA125) + 存續期間避險 (TLT-SHY) + 波動度 (MOVE偏態) + 銅金比報酬差 + IG企業債利差 + 10Y Swap Spread + SOFR-3M利差,7,-0.0038524338615570763,-0.002203919916138224,,-9.316655694535887,31,49,23.441292483925004,14.124636789389116,12.903225806451612,79.59183673469387,-0.3268198464468929,-0.1798762193139559,0.0
duration+move+cand_copper_gold+cand_credit_spread+cand_swap_spread+cand_sofr_ted_spread+cand_inflation_1y,存續期間避險 (TLT-SHY) + 波動度 (MOVE偏態) + 銅金比報酬差 + IG企業債利差 + 10Y Swap Spread + SOFR-3M利差 + 1年通膨預期價差,7,-0.0017611157656961182,-0.025854397906112957,,-9.319892473118276,36,62,19.05150753768844,9.731615064570164,30.555555555555557,70.96774193548387,-0.31514206073902146,-0.8969511010101562,0.0
momentum+duration+curve+inflation+cand_credit_spread+cand_swap_spread+cand_sofr_ted_spread,動能 (10Y-SMA125) + 存續期間避險 (TLT-SHY) + 殖利率曲線 (10Y-2Y) + 通膨意外 (CPI-10YBE) + IG企業債利差 + 10Y Swap Spread + SOFR-3M利差,7,-0.04552086209829953,-0.04307644711496328,,-9.327148563329464,117,0,9.327148563329464,0.0,31.62393162393162,0.0,-1.0280827712427822,-0.15802925105621116,0.0
momentum+duration+curve+inflation+cand_credit_spread+cand_swap_spread,動能 (10Y-SMA125) + 存續期間避險 (TLT-SHY) + 殖利率曲線 (10Y-2Y) + 通膨意外 (CPI-10YBE) + IG企業債利差 + 10Y Swap Spread,6,-0.0519338795382581,-0.06486128274194684,,-9.327148563329464,117,0,9.327148563329464,0.0,31.62393162393162,0.0,-0.9485672150094009,-0.18147937796014177,0.0
momentum+strength+duration+move+curve+cand_copper_gold+cand_credit_spread+cand_sofr_ted_spread+cand_inflation_1y,動能 (10Y-SMA125) + 強度 (NQ 52W區間) + 存續期間避險 (TLT-SHY) + 波動度 (MOVE偏態) + 殖利率曲線 (10Y-2Y) + 銅金比報酬差 + IG企業債利差 + SOFR-3M利差 + 1年通膨預期價差,9,-0.027279718398784566,-0.005315782366658756,,-9.330078966259869,105,0,9.330078966259869,0.0,36.19047619047619,0.0,-0.7183151585795288,-0.2249815475565295,0.0
momentum+strength+move+cand_copper_gold+cand_swap_spread+cand_sofr_ted_spread+cand_inflation_1y,動能 (10Y-SMA125) + 強度 (NQ 52W區間) + 波動度 (MOVE偏態) + 銅金比報酬差 + 10Y Swap Spread + SOFR-3M利差 + 1年通膨預期價差,7,-0.011122215206559136,-0.015469572254603126,,-9.349999999999994,20,20,34.28484087102177,24.934840871021777,5.0,100.0,-0.044011035903355464,-0.8987306022073802,0.0
momentum+strength+curve+inflation+cand_copper_gold+cand_inflation_1y,動能 (10Y-SMA125) + 強度 (NQ 52W區間) + 殖利率曲線 (10Y-2Y) + 通膨意外 (CPI-10YBE) + 銅金比報酬差 + 1年通膨預期價差,6,-0.04134513941411059,-0.028534263898910058,,-9.355072463768115,192,69,11.801507537688439,2.446435073920323,32.29166666666667,68.11594202898551,-0.477789740525149,-0.34349273729000546,0.0
momentum+strength+curve+inflation+cand_inflation_1y,動能 (10Y-SMA125) + 強度 (NQ 52W區間) + 殖利率曲線 (10Y-2Y) + 通膨意外 (CPI-10YBE) + 1年通膨預期價差,5,-0.06421281389573635,-0.0826097993704285,,-9.364227434982151,212,148,11.120689927625548,1.7564624926433974,30.18867924528302,62.83783783783784,-0.8723726011619333,-0.3998508443906848,0.0
momentum+strength+duration+curve+cand_copper_gold+cand_credit_spread+cand_swap_spread,動能 (10Y-SMA125) + 強度 (NQ 52W區間) + 存續期間避險 (TLT-SHY) + 殖利率曲線 (10Y-2Y) + 銅金比報酬差 + IG企業債利差 + 10Y Swap Spread,7,-0.029619431492909527,-0.011351199246413694,,-9.384615384615389,65,65,4.188687024867929,-5.19592835974746,40.0,53.84615384615385,0.009516892334561666,-0.1167373437216954,-12.266330186141815
momentum+inflation+cand_copper_gold+cand_credit_spread+cand_inflation_1y,動能 (10Y-SMA125) + 通膨意外 (CPI-10YBE) + 銅金比報酬差 + IG企業債利差 + 1年通膨預期價差,5,-0.02626896853867173,-0.007605952311079443,,-9.384751773049645,141,8,7.769592644071421,-1.6151591289782234,36.17021276595745,50.0,-0.5498898496410486,-0.4786359833826703,0.0
momentum+inflation+cand_copper_gold+cand_credit_spread+cand_sofr_ted_spread+cand_inflation_1y,動能 (10Y-SMA125) + 通膨意外 (CPI-10YBE) + 銅金比報酬差 + IG企業債利差 + SOFR-3M利差 + 1年通膨預期價差,6,-0.02470334742066465,0.0014362036697112496,,-9.384751773049645,141,8,7.769592644071421,-1.6151591289782234,36.17021276595745,50.0,-0.5811224616754883,-0.32241293762215795,0.0
momentum+strength+move+curve+cand_copper_gold+cand_inflation_1y,動能 (10Y-SMA125) + 強度 (NQ 52W區間) + 波動度 (MOVE偏態) + 殖利率曲線 (10Y-2Y) + 銅金比報酬差 + 1年通膨預期價差,6,-0.02277837694765306,-0.0007565989504418623,,-9.403096903096909,91,22,13.81066504684595,4.407568143749041,29.67032967032967,81.81818181818183,-0.5117587944144405,-0.4700593994855987,0.0
strength+move+inflation+cand_credit_spread+cand_sofr_ted_spread+cand_inflation_1y,強度 (NQ 52W區間) + 波動度 (MOVE偏態) + 通膨意外 (CPI-10YBE) + IG企業債利差 + SOFR-3M利差 + 1年通膨預期價差,6,-0.050712492379448484,-0.06057476837377769,,-9.454186893203888,103,32,14.120277764225664,4.666090871021776,30.097087378640776,84.375,-0.7036321048569348,-1.4305692569812891,0.0
strength+curve+inflation+cand_credit_spread+cand_inflation_1y,強度 (NQ 52W區間) + 殖利率曲線 (10Y-2Y) + 通膨意外 (CPI-10YBE) + IG企業債利差 + 1年通膨預期價差,5,-0.05361054934288453,-0.052122325452856146,,-9.465816636308439,183,135,10.908064914737622,1.442248278429183,34.42622950819672,60.74074074074074,-0.48787362805767903,-1.3343741362278527,0.0
momentum+strength+duration+curve+cand_swap_spread+cand_sofr_ted_spread+cand_inflation_1y,動能 (10Y-SMA125) + 強度 (NQ 52W區間) + 存續期間避險 (TLT-SHY) + 殖利率曲線 (10Y-2Y) + 10Y Swap Spread + SOFR-3M利差 + 1年通膨預期價差,7,-0.05158049225420591,-0.07167937538273658,,-9.49198372816463,112,0,9.49198372816463,0.0,32.142857142857146,0.0,-0.9726341782986206,-0.16022509295063636,0.0
momentum+strength+inflation,動能 (10Y-SMA125) + 強度 (NQ 52W區間) + 通膨意外 (CPI-10YBE),3,-0.06381383492296287,-0.09425390601137318,,-9.49615734838827,285,578,4.982209292074406,-4.513948056313865,40.0,44.463667820069205,-0.6391156779390627,-0.14214521120682938,0.0
strength+duration+curve+cand_copper_gold+cand_swap_spread+cand_inflation_1y,強度 (NQ 52W區間) + 存續期間避險 (TLT-SHY) + 殖利率曲線 (10Y-2Y) + 銅金比報酬差 + 10Y Swap Spread + 1年通膨預期價差,6,-0.03719669150735472,-0.03932589608974267,,-9.529100529100523,27,70,12.449655685836584,2.9205551567360613,33.33333333333333,67.14285714285714,-0.12588805343599732,-0.5922095250457599,0.0
momentum+strength+cand_sofr_ted_spread,動能 (10Y-SMA125) + 強度 (NQ 52W區間) + SOFR-3M利差,3,-0.0252494642104064,-0.015205920972347933,,-9.551623168053542,247,271,4.363585810293029,-5.188037357760513,40.08097165991903,43.17343173431734,-0.41208669410001936,0.653787396121271,0.0
momentum+duration+curve+inflation+cand_copper_gold+cand_swap_spread+cand_sofr_ted_spread+cand_inflation_1y,動能 (10Y-SMA125) + 存續期間避險 (TLT-SHY) + 殖利率曲線 (10Y-2Y) + 通膨意外 (CPI-10YBE) + 銅金比報酬差 + 10Y Swap Spread + SOFR-3M利差 + 1年通膨預期價差,8,-0.042981117977701815,-0.03515297433798406,,-9.563412299593201,98,0,9.563412299593201,0.0,34.69387755102041,0.0,-0.9710294655019107,-0.11121456445501789,0.0
momentum+strength+curve+inflation+cand_copper_gold+cand_sofr_ted_spread+cand_inflation_1y,動能 (10Y-SMA125) + 強度 (NQ 52W區間) + 殖利率曲線 (10Y-2Y) + 通膨意外 (CPI-10YBE) + 銅金比報酬差 + SOFR-3M利差 + 1年通膨預期價差,7,-0.03465341628084452,-0.009771103625692348,,-9.575757575757574,192,22,11.801507537688439,2.2257499619308647,32.29166666666667,68.18181818181817,-0.5069449000063043,-0.32896597816934114,0.0
momentum+strength+duration+curve+inflation+cand_copper_gold+cand_credit_spread+cand_swap_spread+cand_sofr_ted_spread+cand_inflation_1y,動能 (10Y-SMA125) + 強度 (NQ 52W區間) + 存續期間避險 (TLT-SHY) + 殖利率曲線 (10Y-2Y) + 通膨意外 (CPI-10YBE) + 銅金比報酬差 + IG企業債利差 + 10Y Swap Spread + SOFR-3M利差 + 1年通膨預期價差,10,-0.038538828346069746,-0.016400337131189678,,-9.615038890823756,101,0,9.615038890823756,0.0,37.62376237623762,0.0,-0.5380016818493859,-0.5506811459051097,0.0
move+inflation+cand_swap_spread+cand_sofr_ted_spread+cand_inflation_1y,波動度 (MOVE偏態) + 通膨意外 (CPI-10YBE) + 10Y Swap Spread + SOFR-3M利差 + 1年通膨預期價差,5,-0.03651514721413346,-0.07750357691822114,,-9.626666666666672,150,3,8.928174204355109,-0.6984924623115631,42.0,66.66666666666666,-0.7834462700038679,-2.703609412798095,0.0
duration+cand_sofr_ted_spread+cand_inflation_1y,存續期間避險 (TLT-SHY) + SOFR-3M利差 + 1年通膨預期價差,3,-0.060629061720414476,-0.11569130358605524,,-9.627664884135477,425,198,6.201899694551189,-3.4257651895842884,42.8235294117647,46.96969696969697,-1.4969913182756798,0.21666383237578027,0.0
cand_credit_spread+cand_sofr_ted_spread+cand_inflation_1y,IG企業債利差 + SOFR-3M利差 + 1年通膨預期價差,3,-0.01623678503501452,-0.03597470532495151,,-9.635490470550234,251,185,9.383844855085522,-0.2516456154647124,33.46613545816733,59.45945945945946,-0.6932477031336396,-0.555660249985713,0.0
momentum+strength+duration,動能 (10Y-SMA125) + 強度 (NQ 52W區間) + 存續期間避險 (TLT-SHY),3,-0.047335550511564524,-0.07751414579420911,,-9.657732322341737,265,535,4.412199361587812,-5.245532960753925,38.113207547169814,44.11214953271028,-0.687375793252811,0.7916761087724585,0.0
strength+move+inflation+cand_copper_gold,強度 (NQ 52W區間) + 波動度 (MOVE偏態) + 通膨意外 (CPI-10YBE) + 銅金比報酬差,4,-0.023904107546893753,-0.0135112708010038,,-9.66950194712031,119,246,8.097025744971354,-1.5724762021489556,46.21848739495798,54.87804878048781,0.23294268741438084,-1.1459337664654954,-4.919380724869025
strength+curve+inflation+cand_copper_gold+cand_swap_spread+cand_inflation_1y,強度 (NQ 52W區間) + 殖利率曲線 (10Y-2Y) + 通膨意外 (CPI-10YBE) + 銅金比報酬差 + 10Y Swap Spread + 1年通膨預期價差,6,-0.03168110666146862,-0.019433492924258583,,-9.681030551755585,51,86,7.5368016553355,-2.1442288964200844,43.13725490196079,51.162790697674424,0.2005218134403203,-1.0689077041531123,-5.3306305474403795
strength+duration+inflation+cand_copper_gold,強度 (NQ 52W區間) + 存續期間避險 (TLT-SHY) + 通膨意外 (CPI-10YBE) + 銅金比報酬差,4,-0.04019420494409234,-0.03100497391074308,,-9.690284757118926,199,240,5.358458961474034,-4.331825795644892,39.698492462311556,47.91666666666667,-0.2167567335156077,-0.26833683351884235,0.0
strength+duration+move+curve+inflation+cand_credit_spread,強度 (NQ 52W區間) + 存續期間避險 (TLT-SHY) + 波動度 (MOVE偏態) + 殖利率曲線 (10Y-2Y) + 通膨意外 (CPI-10YBE) + IG企業債利差,6,-0.06075760232244498,-0.08007307193123378,,-9.699220693085728,163,37,10.469196699242636,0.7699760061569068,35.58282208588957,64.86486486486487,-0.7309364466511942,-0.984804830274544,0.0
momentum+strength+curve+cand_copper_gold+cand_sofr_ted_spread+cand_inflation_1y,動能 (10Y-SMA125) + 強度 (NQ 52W區間) + 殖利率曲線 (10Y-2Y) + 銅金比報酬差 + SOFR-3M利差 + 1年通膨預期價差,6,-0.01213971833566845,0.02226455503478611,,-9.720935314685315,143,32,12.94952618570709,3.2285908710217743,29.37062937062937,62.5,-0.3121720421981949,0.026662502120472026,0.0
strength+move+curve+cand_credit_spread+cand_swap_spread,強度 (NQ 52W區間) + 波動度 (MOVE偏態) + 殖利率曲線 (10Y-2Y) + IG企業債利差 + 10Y Swap Spread,5,-0.037431892769225816,-0.06351106074197352,,-9.752972027972033,88,65,0.9416590528399567,-8.811312975132077,61.36363636363637,26.153846153846157,0.3033371186851286,-1.5708018988026946,-5.178403176016272
duration+cand_copper_gold+cand_credit_spread+cand_swap_spread+cand_sofr_ted_spread+cand_inflation_1y,存續期間避險 (TLT-SHY) + 銅金比報酬差 + IG企業債利差 + 10Y Swap Spread + SOFR-3M利差 + 1年通膨預期價差,6,0.0055068684388479335,-0.007472182408355708,,-9.765539452495977,27,115,19.782989019169925,10.017449566673948,22.22222222222222,74.78260869565217,-0.1320802086939774,-0.5964539807978874,0.0
momentum+strength+move+inflation+cand_credit_spread+cand_sofr_ted_spread,動能 (10Y-SMA125) + 強度 (NQ 52W區間) + 波動度 (MOVE偏態) + 通膨意外 (CPI-10YBE) + IG企業債利差 + SOFR-3M利差,6,-0.03505823948509471,-0.03465085415088031,,-9.778571428571421,140,35,11.2134122995932,1.434840871021778,30.714285714285715,60.0,-0.6681331089365017,-0.8718084707945651,0.0
strength+duration+curve+inflation+cand_sofr_ted_spread+cand_inflation_1y,強度 (NQ 52W區間) + 存續期間避險 (TLT-SHY) + 殖利率曲線 (10Y-2Y) + 通膨意外 (CPI-10YBE) + SOFR-3M利差 + 1年通膨預期價差,6,-0.07095921496205118,-0.09607971455359247,,-9.786407766990292,206,3,12.421248638012065,2.6348408710217726,28.155339805825243,66.66666666666666,-1.110636995895037,-0.6171720129005529,0.0
move+cand_copper_gold+cand_swap_spread+cand_sofr_ted_spread+cand_inflation_1y,波動度 (MOVE偏態) + 銅金比報酬差 + 10Y Swap Spread + SOFR-3M利差 + 1年通膨預期價差,5,0.025185997831071543,0.02245887369395525,,-9.824089635854342,45,119,7.568174204355112,-2.25591543149923,42.22222222222222,56.30252100840336,0.18663387823534186,-1.3232121248889146,-7.08988173744302
momentum+duration+move+curve+cand_copper_gold+cand_credit_spread+cand_sofr_ted_spread+cand_inflation_1y,動能 (10Y-SMA125) + 存續期間避險 (TLT-SHY) + 波動度 (MOVE偏態) + 殖利率曲線 (10Y-2Y) + 銅金比報酬差 + IG企業債利差 + SOFR-3M利差 + 1年通膨預期價差,8,-0.02939824557779267,-0.016974284223617134,,-9.872464633398007,101,0,9.872464633398007,0.0,38.613861386138616,0.0,-0.9924545760657635,0.029926037508180844,0.0
cand_credit_spread+cand_inflation_1y,IG企業債利差 + 1年通膨預期價差,2,-0.02229725589990034,-0.03910706204299261,,-9.881132929146686,257,215,9.767136590866134,-0.11399633828055246,31.517509727626457,59.06976744186046,-0.5800882522507956,-1.037364399470022,0.0
curve+cand_inflation_1y,殖利率曲線 (10Y-2Y) + 1年通膨預期價差,2,-0.06813783429628782,-0.08518563859292837,,-9.889158124631352,421,149,9.383059398337688,-0.5060987262936643,33.966745843230406,51.67785234899329,-1.093152381914214,-0.7551322155311964,0.0
strength+move+cand_copper_gold+cand_credit_spread+cand_inflation_1y,強度 (NQ 52W區間) + 波動度 (MOVE偏態) + 銅金比報酬差 + IG企業債利差 + 1年通膨預期價差,5,-0.008667098200008173,0.0025844486050598356,,-9.900144300144303,77,90,14.712762948943851,4.812618648799548,31.16883116883117,67.77777777777779,0.18417686925045912,-0.9934116053595502,-5.39379135611555
momentum+strength+move+inflation+cand_copper_gold+cand_credit_spread+cand_inflation_1y,動能 (10Y-SMA125) + 強度 (NQ 52W區間) + 波動度 (MOVE偏態) + 通膨意外 (CPI-10YBE) + 銅金比報酬差 + IG企業債利差 + 1年通膨預期價差,7,-0.02979025470038686,-0.013907625533703413,,-9.900485436893202,103,8,12.285326307914977,2.3848408710217743,33.980582524271846,62.5,-0.4372704788657522,-0.9536111418333533,0.0
momentum+strength+duration+curve+inflation+cand_credit_spread+cand_swap_spread+cand_sofr_ted_spread+cand_inflation_1y,動能 (10Y-SMA125) + 強度 (NQ 52W區間) + 存續期間避險 (TLT-SHY) + 殖利率曲線 (10Y-2Y) + 通膨意外 (CPI-10YBE) + IG企業債利差 + 10Y Swap Spread + SOFR-3M利差 + 1年通膨預期價差,9,-0.05286856562493733,-0.05431144964388868,,-9.904682140863047,126,0,9.904682140863047,0.0,36.507936507936506,0.0,-0.9207876385384453,-0.6705242156927083,0.0
strength+move+inflation+cand_swap_spread,強度 (NQ 52W區間) + 波動度 (MOVE偏態) + 通膨意外 (CPI-10YBE) + 10Y Swap Spread,4,-0.0430359698124204,-0.07333433666918725,,-9.907708980141766,86,397,2.3208873826496825,-7.586821597492084,56.97674418604651,33.249370277078086,0.11143836269212669,-1.6582257984193662,-14.880206047181298
strength+duration+move+cand_copper_gold+cand_credit_spread+cand_swap_spread,強度 (NQ 52W區間) + 存續期間避險 (TLT-SHY) + 波動度 (MOVE偏態) + 銅金比報酬差 + IG企業債利差 + 10Y Swap Spread,6,-0.002062758774277694,0.002944385471382911,,-9.918001629106705,58,127,5.324496043435566,-4.593505585671138,50.0,43.30708661417323,0.32020277557105026,-0.910216288386662,-2.8426246048722734
momentum+strength+duration+curve+inflation+cand_credit_spread+cand_swap_spread,動能 (10Y-SMA125) + 強度 (NQ 52W區間) + 存續期間避險 (TLT-SHY) + 殖利率曲線 (10Y-2Y) + 通膨意外 (CPI-10YBE) + IG企業債利差 + 10Y Swap Spread,7,-0.04709618161769932,-0.05929314872520113,,-9.918269230769225,144,26,5.822340871021774,-4.09592835974745,39.58333333333333,46.15384615384615,-0.578929776285641,-0.3979834385602169,0.0
momentum+strength+duration+inflation+cand_copper_gold+cand_credit_spread,動能 (10Y-SMA125) + 強度 (NQ 52W區間) + 存續期間避險 (TLT-SHY) + 通膨意外 (CPI-10YBE) + 銅金比報酬差 + IG企業債利差,6,-0.03187337343881303,-0.020852631540015973,,-9.927559912854033,204,108,5.664252635727656,-4.263307277126376,38.23529411764706,45.370370370370374,-0.3731711283945632,0.03052365803546129,0.0
momentum+duration+curve+inflation+cand_copper_gold+cand_swap_spread+cand_inflation_1y,動能 (10Y-SMA125) + 存續期間避險 (TLT-SHY) + 殖利率曲線 (10Y-2Y) + 通膨意外 (CPI-10YBE) + 銅金比報酬差 + 10Y Swap Spread + 1年通膨預期價差,7,-0.048030059720555705,-0.05474803070238161,,-9.928571428571425,98,32,9.563412299593201,-0.36515912897822456,34.69387755102041,56.25,-0.9276859614478664,-0.1424542755985261,0.0
strength+move+cand_sofr_ted_spread,強度 (NQ 52W區間) + 波動度 (MOVE偏態) + SOFR-3M利差,3,-0.023007797461706128,-0.031866657911119034,,-9.948518518518515,135,300,9.153359389540292,-0.7951591289782245,42.22222222222222,51.33333333333333,-0.02981230674931325,-0.829993500192651,0.0
momentum+strength+curve+inflation+cand_credit_spread,動能 (10Y-SMA125) + 強度 (NQ 52W區間) + 殖利率曲線 (10Y-2Y) + 通膨意外 (CPI-10YBE) + IG企業債利差,5,-0.05258521221386963,-0.048741790804973116,,-9.957096047511776,257,76,6.144568497480918,-3.812527550030857,38.91050583657588,39.473684210526315,-0.4478907171720516,-0.44170593981151235,0.0
move+cand_swap_spread+cand_inflation_1y,波動度 (MOVE偏態) + 10Y Swap Spread + 1年通膨預期價差,3,-0.028446785757491627,-0.08806697436290602,,-9.96857182589348,141,306,4.734131651163621,-5.234440174729859,53.90070921985816,46.73202614379085,-0.37270022445463186,-2.2817240055763244,0.0
duration+move+curve+cand_copper_gold+cand_credit_spread+cand_swap_spread+cand_inflation_1y,存續期間避險 (TLT-SHY) + 波動度 (MOVE偏態) + 殖利率曲線 (10Y-2Y) + 銅金比報酬差 + IG企業債利差 + 10Y Swap Spread + 1年通膨預期價差,7,-0.03443662449704748,-0.04993645018767577,,-9.976190476190467,21,2,43.11103134721224,33.13484087102177,0.0,100.0,-0.487862325357174,-1.1279098860923857,0.0
duration+move+curve+cand_copper_gold+cand_credit_spread+cand_swap_spread+cand_sofr_ted_spread+cand_inflation_1y,存續期間避險 (TLT-SHY) + 波動度 (MOVE偏態) + 殖利率曲線 (10Y-2Y) + 銅金比報酬差 + IG企業債利差 + 10Y Swap Spread + SOFR-3M利差 + 1年通膨預期價差,8,-0.031185128215668136,-0.03538224684428723,,-9.976190476190467,21,2,43.11103134721224,33.13484087102177,0.0,100.0,-0.4926388539158329,-0.9512061065589489,0.0
momentum+duration+curve+inflation+cand_credit_spread+cand_sofr_ted_spread+cand_inflation_1y,動能 (10Y-SMA125) + 存續期間避險 (TLT-SHY) + 殖利率曲線 (10Y-2Y) + 通膨意外 (CPI-10YBE) + IG企業債利差 + SOFR-3M利差 + 1年通膨預期價差,7,-0.06043580574239856,-0.07235765562300742,,-10.00350446549182,217,0,10.00350446549182,0.0,32.71889400921659,0.0,-1.3110072187162516,0.11273793356436564,0.0
momentum+strength+duration+inflation+cand_copper_gold,動能 (10Y-SMA125) + 強度 (NQ 52W區間) + 存續期間避險 (TLT-SHY) + 通膨意外 (CPI-10YBE) + 銅金比報酬差,5,-0.044175608872451075,-0.05077031301434897,,-10.015101711734061,232,139,6.1391512158493615,-3.8759504958847004,36.206896551724135,44.60431654676259,-0.5257955553761919,0.28751603716742286,0.0
momentum+duration+move,動能 (10Y-SMA125) + 存續期間避險 (TLT-SHY) + 波動度 (MOVE偏態),3,-0.04980516339374683,-0.08686568439288693,,-10.028299289203439,397,247,7.088241374800111,-2.940057914403327,39.29471032745592,51.417004048582996,-1.42745756700888,0.6486054477721748,0.0
momentum+strength+duration+move+inflation+cand_credit_spread+cand_sofr_ted_spread+cand_inflation_1y,動能 (10Y-SMA125) + 強度 (NQ 52W區間) + 存續期間避險 (TLT-SHY) + 波動度 (MOVE偏態) + 通膨意外 (CPI-10YBE) + IG企業債利差 + SOFR-3M利差 + 1年通膨預期價差,8,-0.05613834997649871,-0.06584748833311754,,-10.05847953216374,171,3,14.359987069852185,4.301507537688444,25.730994152046783,66.66666666666666,-1.1999957888945332,-0.6194558464831061,0.0
duration+move+curve+cand_copper_gold+cand_swap_spread+cand_sofr_ted_spread,存續期間避險 (TLT-SHY) + 波動度 (MOVE偏態) + 殖利率曲線 (10Y-2Y) + 銅金比報酬差 + 10Y Swap Spread + SOFR-3M利差,6,-0.015690724809756612,0.0012187710959651408,,-10.06060606060606,21,11,6.96817420435511,-3.09243185625095,33.33333333333333,9.090909090909092,-0.21176084302948128,-0.6148934172287295,0.0
momentum+move+inflation+cand_sofr_ted_spread+cand_inflation_1y,動能 (10Y-SMA125) + 波動度 (MOVE偏態) + 通膨意外 (CPI-10YBE) + SOFR-3M利差 + 1年通膨預期價差,5,-0.05537009509606085,-0.07393338561743594,,-10.063412299593203,210,0,10.063412299593203,0.0,35.23809523809524,0.0,-1.6426672778984868,-0.6516812607525814,0.0
strength+inflation+cand_credit_spread+cand_sofr_ted_spread+cand_inflation_1y,強度 (NQ 52W區間) + 通膨意外 (CPI-10YBE) + IG企業債利差 + SOFR-3M利差 + 1年通膨預期價差,5,-0.03858150276066785,-0.02681470422312211,,-10.071698113207548,159,140,13.106538984229323,3.0348408710217747,29.559748427672954,65.0,-0.5628346035017109,-1.2608134139409506,0.0
momentum+strength+duration+curve+cand_inflation_1y,動能 (10Y-SMA125) + 強度 (NQ 52W區間) + 存續期間避險 (TLT-SHY) + 殖利率曲線 (10Y-2Y) + 1年通膨預期價差,5,-0.06035545441869699,-0.09018356897722307,,-10.151267056530209,228,135,9.512033853477913,-0.6392332030522951,32.89473684210527,54.074074074074076,-0.9858400213528623,0.2837884783523388,0.0
strength+move+curve+cand_copper_gold+cand_credit_spread+cand_sofr_ted_spread+cand_inflation_1y,強度 (NQ 52W區間) + 波動度 (MOVE偏態) + 殖利率曲線 (10Y-2Y) + 銅金比報酬差 + IG企業債利差 + SOFR-3M利差 + 1年通膨預期價差,7,-0.022279692413705927,0.00853523939737371,,-10.155945419103322,76,54,13.661156660495468,3.5052112413921463,36.84210526315789,50.0,-0.024522662078247062,-0.8352085325042488,0.0
move+inflation+cand_copper_gold+cand_inflation_1y,波動度 (MOVE偏態) + 通膨意外 (CPI-10YBE) + 銅金比報酬差 + 1年通膨預期價差,4,-0.023674263620652253,-0.03222999154251304,,-10.163169642857152,128,35,13.455153371021776,3.291983728164623,32.03125,77.14285714285715,-0.6116180802939125,-1.4052304692837259,0.0
momentum+strength+move+cand_copper_gold+cand_credit_spread+cand_swap_spread,動能 (10Y-SMA125) + 強度 (NQ 52W區間) + 波動度 (MOVE偏態) + 銅金比報酬差 + IG企業債利差 + 10Y Swap Spread,6,0.010852069512314032,0.030429995190532404,,-10.172413793103448,47,87,8.634840871021774,-1.537572922081675,46.808510638297875,50.57471264367817,0.48309266306164556,-0.8684600539247479,-1.7977090532089641
momentum+cand_copper_gold+cand_credit_spread+cand_swap_spread+cand_inflation_1y,動能 (10Y-SMA125) + 銅金比報酬差 + IG企業債利差 + 10Y Swap Spread + 1年通膨預期價差,5,0.01342950984776361,-0.0027931713059335494,,-10.180303030303024,30,88,25.70150753768844,15.521204507385415,6.666666666666667,85.22727272727273,0.0987155270680858,-0.6858516798168668,-6.947758880361578
momentum+duration+move+curve+inflation,動能 (10Y-SMA125) + 存續期間避險 (TLT-SHY) + 波動度 (MOVE偏態) + 殖利率曲線 (10Y-2Y) + 通膨意外 (CPI-10YBE),5,-0.06448259292661516,-0.09472154057210529,,-10.184433882193176,274,43,8.098344520656811,-2.086089361536364,33.941605839416056,44.18604651162791,-1.4498237205342508,0.16292095605790752,0.0
momentum+strength+move+curve+inflation,動能 (10Y-SMA125) + 強度 (NQ 52W區間) + 波動度 (MOVE偏態) + 殖利率曲線 (10Y-2Y) + 通膨意外 (CPI-10YBE),5,-0.061914711277210856,-0.07757617885165084,,-10.188842180727992,193,159,8.075255378793793,-2.113586801934198,36.787564766839374,49.056603773584904,-0.7967377157846112,-0.5443671836653844,0.0
momentum+strength+duration+move+inflation+cand_copper_gold+cand_inflation_1y,動能 (10Y-SMA125) + 強度 (NQ 52W區間) + 存續期間避險 (TLT-SHY) + 波動度 (MOVE偏態) + 通膨意外 (CPI-10YBE) + 銅金比報酬差 + 1年通膨預期價差,7,-0.04520683448919993,-0.05039215619988545,,-10.196347031963493,146,21,13.497854569651912,3.301507537688419,28.08219178082192,52.38095238095239,-0.9310472656723321,-0.3603332318517687,0.0
momentum+strength+curve+cand_sofr_ted_spread+cand_inflation_1y,動能 (10Y-SMA125) + 強度 (NQ 52W區間) + 殖利率曲線 (10Y-2Y) + SOFR-3M利差 + 1年通膨預期價差,5,-0.04259526184829309,-0.05782992646559246,,-10.20015612802498,183,35,13.006425570475328,2.8062694424503465,28.96174863387978,62.857142857142854,-0.8014272353407959,-0.029619304073814235,0.0
momentum+duration+curve+inflation+cand_copper_gold+cand_swap_spread+cand_sofr_ted_spread,動能 (10Y-SMA125) + 存續期間避險 (TLT-SHY) + 殖利率曲線 (10Y-2Y) + 通膨意外 (CPI-10YBE) + 銅金比報酬差 + 10Y Swap Spread + SOFR-3M利差,7,-0.033693654988560924,-0.008610066064883945,,-10.22020672468031,82,0,10.22020672468031,0.0,30.48780487804878,0.0,-0.6789812938852877,0.20514697711248767,0.0
strength+move+cand_credit_spread+cand_swap_spread+cand_sofr_ted_spread+cand_inflation_1y,強度 (NQ 52W區間) + 波動度 (MOVE偏態) + IG企業債利差 + 10Y Swap Spread + SOFR-3M利差 + 1年通膨預期價差,6,-0.02806531652805678,-0.06860397978523525,,-10.229720279720283,44,65,18.203022689203596,7.973302409483314,31.818181818181817,73.84615384615385,-0.00628457227253323,-1.545893469870377,0.0
momentum+duration+curve+cand_credit_spread+cand_sofr_ted_spread+cand_inflation_1y,動能 (10Y-SMA125) + 存續期間避險 (TLT-SHY) + 殖利率曲線 (10Y-2Y) + IG企業債利差 + SOFR-3M利差 + 1年通膨預期價差,6,-0.06046761882125564,-0.08032794043854759,,-10.230295416476322,220,0,10.230295416476322,0.0,33.18181818181819,0.0,-1.261755543809381,0.5703048986675898,0.0
momentum+duration+inflation+cand_copper_gold+cand_swap_spread,動能 (10Y-SMA125) + 存續期間避險 (TLT-SHY) + 通膨意外 (CPI-10YBE) + 銅金比報酬差 + 10Y Swap Spread,5,-0.027430556576712874,-0.025146729475752333,,-10.230392156862743,120,102,4.21817420435511,-6.012217952507633,41.66666666666667,46.07843137254902,-0.554884353595213,0.11126330939598256,0.0
strength+curve+cand_copper_gold+cand_credit_spread+cand_swap_spread+cand_sofr_ted_spread+cand_inflation_1y,強度 (NQ 52W區間) + 殖利率曲線 (10Y-2Y) + 銅金比報酬差 + IG企業債利差 + 10Y Swap Spread + SOFR-3M利差 + 1年通膨預期價差,7,-0.011164118514929999,0.013635183824910427,,-10.24250832408435,34,53,11.311311459257071,1.0688031351727212,38.23529411764706,56.60377358490566,0.5335229902430495,-0.9796865173965235,-1.8362592340214272
momentum+duration+move+cand_copper_gold,動能 (10Y-SMA125) + 存續期間避險 (TLT-SHY) + 波動度 (MOVE偏態) + 銅金比報酬差,4,-0.02059946052016098,-0.02760838784113585,,-10.245702144098905,167,62,9.461188176410996,-0.7845139676879097,32.33532934131736,50.0,-0.9176963589172835,0.6749824763367389,0.0
strength+duration+cand_credit_spread+cand_swap_spread,強度 (NQ 52W區間) + 存續期間避險 (TLT-SHY) + IG企業債利差 + 10Y Swap Spread,4,-0.022476670630308806,-0.04522814183811054,,-10.284748102139407,46,315,13.67831913189134,3.393571029751934,28.26086956521739,59.36507936507937,0.1846063963329222,-0.8301244450886736,-4.496726340898901
duration+inflation+cand_copper_gold+cand_inflation_1y,存續期間避險 (TLT-SHY) + 通膨意外 (CPI-10YBE) + 銅金比報酬差 + 1年通膨預期價差,4,-0.05303351451817091,-0.053221498604835764,,-10.285747901796222,209,61,9.969769100686849,-0.3159788011093737,33.97129186602871,57.377049180327866,-0.9885793656947918,-0.31059574233952164,0.0
momentum+move+inflation+cand_swap_spread+cand_sofr_ted_spread,動能 (10Y-SMA125) + 波動度 (MOVE偏態) + 通膨意外 (CPI-10YBE) + 10Y Swap Spread + SOFR-3M利差,5,-0.03246890014109243,-0.04626284255393139,,-10.298706417240263,119,0,10.298706417240263,0.0,39.49579831932773,0.0,-0.9376242122131461,-1.2518365969581755,0.0
duration+move+curve+inflation+cand_copper_gold+cand_credit_spread+cand_swap_spread+cand_sofr_ted_spread,存續期間避險 (TLT-SHY) + 波動度 (MOVE偏態) + 殖利率曲線 (10Y-2Y) + 通膨意外 (CPI-10YBE) + 銅金比報酬差 + IG企業債利差 + 10Y Swap Spread + SOFR-3M利差,8,-0.03126003634991674,-0.009953426061899003,,-10.344518290376614,62,0,10.344518290376614,0.0,37.096774193548384,0.0,-0.2756982126445112,-1.1859755248947512,0.0
duration+curve+inflation+cand_copper_gold+cand_swap_spread+cand_sofr_ted_spread,存續期間避險 (TLT-SHY) + 殖利率曲線 (10Y-2Y) + 通膨意外 (CPI-10YBE) + 銅金比報酬差 + 10Y Swap Spread + SOFR-3M利差,6,-0.02963955435099036,0.009722549963391013,,-10.354840871021782,25,0,10.354840871021782,0.0,36.0,0.0,-0.23818869676296375,-0.4256091248387604,0.0
strength+move+curve+cand_copper_gold+cand_credit_spread+cand_inflation_1y,強度 (NQ 52W區間) + 波動度 (MOVE偏態) + 殖利率曲線 (10Y-2Y) + 銅金比報酬差 + IG企業債利差 + 1年通膨預期價差,6,-0.0239119514342661,-0.005609773038533781,,-10.391395154553058,76,63,13.661156660495468,3.2697615059424106,36.84210526315789,55.55555555555556,-0.015098866236114603,-1.0190177478961637,0.0
momentum+strength+inflation+cand_credit_spread,動能 (10Y-SMA125) + 強度 (NQ 52W區間) + 通膨意外 (CPI-10YBE) + IG企業債利差,4,-0.042610973493124454,-0.044024740360999466,,-10.419853917662682,240,251,5.851507537688439,-4.568346379974242,38.75,47.01195219123506,-0.403498643149969,-0.5393784533835276,0.0
duration+curve+cand_credit_spread,存續期間避險 (TLT-SHY) + 殖利率曲線 (10Y-2Y) + IG企業債利差,3,-0.062090483238180304,-0.06424493098122283,,-10.420817036071277,295,78,2.2992476506827932,-8.121569385388483,44.74576271186441,23.076923076923077,-0.8530331499132768,0.23972927756073137,0.0
duration+curve+cand_credit_spread+cand_sofr_ted_spread,存續期間避險 (TLT-SHY) + 殖利率曲線 (10Y-2Y) + IG企業債利差 + SOFR-3M利差,4,-0.05877032523471575,-0.04306289664136382,,-10.423076923076927,237,78,2.301507537688443,-8.121569385388483,47.67932489451477,23.076923076923077,-0.8398255153345134,0.26872053452623496,0.0
move+cand_swap_spread+cand_sofr_ted_spread+cand_inflation_1y,波動度 (MOVE偏態) + 10Y Swap Spread + SOFR-3M利差 + 1年通膨預期價差,4,-0.013579602150712959,-0.052634644997600594,,-10.450775928656695,141,202,4.734131651163621,-5.7166442774930735,53.90070921985816,44.554455445544555,-0.4170722632846492,-1.9989331117473734,0.0
strength+move+inflation+cand_sofr_ted_spread+cand_inflation_1y,強度 (NQ 52W區間) + 波動度 (MOVE偏態) + 通膨意外 (CPI-10YBE) + SOFR-3M利差 + 1年通膨預期價差,5,-0.05658910347524617,-0.06062616883453482,,-10.48796241926013,131,26,17.19972636720498,6.711763947944851,24.427480916030532,73.07692307692307,-1.0532042030544764,-1.5491145611470574,0.0
duration+inflation+cand_swap_spread,存續期間避險 (TLT-SHY) + 通膨意外 (CPI-10YBE) + 10Y Swap Spread,3,-0.050037062592982774,-0.08819473121154699,,-10.495269189765455,224,268,3.469662299593204,-7.025606890172251,43.75,38.059701492537314,-0.8678910843624273,-0.5472861391298243,0.0
duration+move+inflation+cand_copper_gold+cand_credit_spread+cand_swap_spread,存續期間避險 (TLT-SHY) + 波動度 (MOVE偏態) + 通膨意外 (CPI-10YBE) + 銅金比報酬差 + IG企業債利差 + 10Y Swap Spread,6,-0.01700393800060815,-0.012863521240276064,,-10.500000000000004,102,38,5.134840871021777,-5.365159128978227,47.05882352941176,44.73684210526316,-0.12783700870586334,-1.2770495872022054,0.0
momentum+strength+duration+curve+inflation+cand_copper_gold,動能 (10Y-SMA125) + 強度 (NQ 52W區間) + 存續期間避險 (TLT-SHY) + 殖利率曲線 (10Y-2Y) + 通膨意外 (CPI-10YBE) + 銅金比報酬差,6,-0.05008655482957322,-0.053098124916880575,,-10.504901960784313,228,51,6.218174204355109,-4.286727756429205,39.03508771929825,39.21568627450981,-0.5549073625716281,0.2523650189416298,0.0
momentum+duration+curve+inflation+cand_inflation_1y,動能 (10Y-SMA125) + 存續期間避險 (TLT-SHY) + 殖利率曲線 (10Y-2Y) + 通膨意外 (CPI-10YBE) + 1年通膨預期價差,5,-0.06872854008000175,-0.09492576855949823,,-10.516059845155889,324,118,9.057680377194615,-1.4583794679612734,33.641975308641975,50.847457627118644,-1.3885828185709128,0.2575855096542889,0.0
momentum+strength+curve+inflation+cand_credit_spread+cand_sofr_ted_spread+cand_inflation_1y,動能 (10Y-SMA125) + 強度 (NQ 52W區間) + 殖利率曲線 (10Y-2Y) + 通膨意外 (CPI-10YBE) + IG企業債利差 + SOFR-3M利差 + 1年通膨預期價差,7,-0.05366033012605242,-0.04177193799796511,,-10.539147091117467,209,0,10.539147091117467,0.0,32.535885167464116,0.0,-0.7900935036526227,-0.7301820155035821,0.0
strength+duration+move+inflation+cand_copper_gold+cand_credit_spread+cand_swap_spread+cand_sofr_ted_spread+cand_inflation_1y,強度 (NQ 52W區間) + 存續期間避險 (TLT-SHY) + 波動度 (MOVE偏態) + 通膨意外 (CPI-10YBE) + 銅金比報酬差 + IG企業債利差 + 10Y Swap Spread + SOFR-3M利差 + 1年通膨預期價差,9,-0.0330792418283787,-0.030537368614936385,,-10.573359073359075,37,14,27.851057087237997,17.277698013878922,13.513513513513514,92.85714285714286,-0.3145572602851432,-1.2569055455316605,0.0
strength+curve+inflation+cand_swap_spread,強度 (NQ 52W區間) + 殖利率曲線 (10Y-2Y) + 通膨意外 (CPI-10YBE) + 10Y Swap Spread,4,-0.04992541886038938,-0.05626038886571107,,-10.585134575569361,69,350,3.7942611608768493,-6.790873414692512,59.42028985507246,31.428571428571427,0.20020385381308425,-0.9780611067662239,-4.885326072091341
strength+duration+curve+inflation+cand_copper_gold+cand_inflation_1y,強度 (NQ 52W區間) + 存續期間避險 (TLT-SHY) + 殖利率曲線 (10Y-2Y) + 通膨意外 (CPI-10YBE) + 銅金比報酬差 + 1年通膨預期價差,6,-0.05037518603768515,-0.04604617385667964,,-10.613251155624042,177,44,12.702637481191266,2.089386325567223,29.943502824858758,70.45454545454545,-0.6290313637458298,-0.4872834987238212,0.0
strength+duration+move+curve+cand_copper_gold+cand_credit_spread+cand_sofr_ted_spread,強度 (NQ 52W區間) + 存續期間避險 (TLT-SHY) + 波動度 (MOVE偏態) + 殖利率曲線 (10Y-2Y) + 銅金比報酬差 + IG企業債利差 + SOFR-3M利差,7,-0.02268063332828264,-0.0004049435221956435,,-10.639750215331606,108,43,8.088544574725475,-2.551205640606132,38.88888888888889,39.53488372093023,-0.14656786282374315,-0.3995065392496507,0.0
momentum+strength+curve+inflation+cand_copper_gold+cand_credit_spread+cand_swap_spread+cand_sofr_ted_spread+cand_inflation_1y,動能 (10Y-SMA125) + 強度 (NQ 52W區間) + 殖利率曲線 (10Y-2Y) + 通膨意外 (CPI-10YBE) + 銅金比報酬差 + IG企業債利差 + 10Y Swap Spread + SOFR-3M利差 + 1年通膨預期價差,9,-0.024968740269571528,0.017776467545920778,,-10.645829882010787,91,0,10.645829882010787,0.0,37.362637362637365,0.0,-0.15062818126920813,-0.8986687067370408,0.0
momentum+duration+move+curve+inflation+cand_copper_gold+cand_sofr_ted_spread,動能 (10Y-SMA125) + 存續期間避險 (TLT-SHY) + 波動度 (MOVE偏態) + 殖利率曲線 (10Y-2Y) + 通膨意外 (CPI-10YBE) + 銅金比報酬差 + SOFR-3M利差,7,-0.032698405424231886,-0.018170139686325252,,-10.650630344705984,190,0,10.650630344705984,0.0,33.1578947368421,0.0,-0.9980532575087341,0.3639160386605135,0.0
momentum+curve+cand_swap_spread+cand_sofr_ted_spread+cand_inflation_1y,動能 (10Y-SMA125) + 殖利率曲線 (10Y-2Y) + 10Y Swap Spread + SOFR-3M利差 + 1年通膨預期價差,5,-0.039795987468097795,-0.055254448141862283,,-10.65658000145656,92,0,10.65658000145656,0.0,46.73913043478261,0.0,-1.1053794597669417,-0.35037294426800436,0.0
momentum+strength+duration+curve+cand_credit_spread,動能 (10Y-SMA125) + 強度 (NQ 52W區間) + 存續期間避險 (TLT-SHY) + 殖利率曲線 (10Y-2Y) + IG企業債利差,5,-0.05795882173028506,-0.07203787679669202,,-10.670457079152733,230,156,6.3565800014565585,-4.313877077696174,38.26086956521739,43.58974358974359,-0.620369758003534,0.38075760876002984,0.0
momentum+strength+inflation+cand_swap_spread+cand_inflation_1y,動能 (10Y-SMA125) + 強度 (NQ 52W區間) + 通膨意外 (CPI-10YBE) + 10Y Swap Spread + 1年通膨預期價差,5,-0.04424243384602805,-0.07122668702608481,,-10.680486180486183,126,286,9.182459918640824,-1.498026261845359,33.33333333333333,48.6013986013986,-0.5421836411624197,-0.7888847746647248,0.0
momentum+inflation+cand_inflation_1y,動能 (10Y-SMA125) + 通膨意外 (CPI-10YBE) + 1年通膨預期價差,3,-0.06122023802668873,-0.0930786984038482,,-10.692583174401356,390,242,8.860481896662801,-1.832101277738555,38.97435897435898,48.760330578512395,-1.2879704981911508,-0.12872018689606754,0.0
momentum+strength+duration+curve+inflation+cand_copper_gold+cand_credit_spread+cand_swap_spread+cand_inflation_1y,動能 (10Y-SMA125) + 強度 (NQ 52W區間) + 存續期間避險 (TLT-SHY) + 殖利率曲線 (10Y-2Y) + 通膨意外 (CPI-10YBE) + 銅金比報酬差 + IG企業債利差 + 10Y Swap Spread + 1年通膨預期價差,9,-0.0406435356041418,-0.03290894839482964,,-10.730198019801986,101,4,9.615038890823756,-1.1151591289782288,37.62376237623762,25.0,-0.48090194206704445,-0.5400314366778486,0.0
move+inflation+cand_swap_spread,波動度 (MOVE偏態) + 通膨意外 (CPI-10YBE) + 10Y Swap Spread,3,-0.03688900677180693,-0.08344382003579265,,-10.797564186965108,217,196,-1.047186778747812,-11.84475096571292,57.14285714285714,29.591836734693878,-0.0878821487289616,-1.9748975788864238,0.0
momentum+strength+duration+curve+inflation+cand_copper_gold+cand_credit_spread+cand_sofr_ted_spread,動能 (10Y-SMA125) + 強度 (NQ 52W區間) + 存續期間避險 (TLT-SHY) + 殖利率曲線 (10Y-2Y) + 通膨意外 (CPI-10YBE) + 銅金比報酬差 + IG企業債利差 + SOFR-3M利差,8,-0.036594351991330314,-0.016149634699642916,,-10.816666666666666,210,20,5.201507537688441,-5.615159128978225,40.95238095238095,20.0,-0.457783094232369,0.10037727114385234,0.0
momentum+move+curve+inflation+cand_sofr_ted_spread,動能 (10Y-SMA125) + 波動度 (MOVE偏態) + 殖利率曲線 (10Y-2Y) + 通膨意外 (CPI-10YBE) + SOFR-3M利差,5,-0.05848697849007333,-0.05038981735516062,,-10.826959097622758,203,0,10.826959097622758,0.0,34.48275862068966,0.0,-1.2065824374284733,-0.2595031163638371,0.0
strength+duration+curve+cand_credit_spread+cand_sofr_ted_spread+cand_inflation_1y,強度 (NQ 52W區間) + 存續期間避險 (TLT-SHY) + 殖利率曲線 (10Y-2Y) + IG企業債利差 + SOFR-3M利差 + 1年通膨預期價差,6,-0.05772845012850324,-0.05626658726418891,,-10.866560509554143,157,20,13.851401380575915,2.984840871021772,29.936305732484076,60.0,-0.809150559523143,-0.45192932367776056,0.0
momentum+strength+curve+inflation+cand_copper_gold+cand_credit_spread+cand_swap_spread,動能 (10Y-SMA125) + 強度 (NQ 52W區間) + 殖利率曲線 (10Y-2Y) + 通膨意外 (CPI-10YBE) + 銅金比報酬差 + IG企業債利差 + 10Y Swap Spread,7,-0.026514535682287982,0.002940325610710338,,-10.87254901960784,102,33,2.174056557296287,-8.698492462311552,50.98039215686274,30.303030303030305,0.23991879332385943,-0.6572313628022458,-2.7393909151379745
momentum+duration+curve+inflation+cand_copper_gold+cand_credit_spread+cand_swap_spread,動能 (10Y-SMA125) + 存續期間避險 (TLT-SHY) + 殖利率曲線 (10Y-2Y) + 通膨意外 (CPI-10YBE) + 銅金比報酬差 + IG企業債利差 + 10Y Swap Spread,7,-0.03330930921950954,-0.014648708245063004,,-10.875000000000018,88,2,5.009840871021779,-5.865159128978238,42.04545454545455,0.0,-0.4621966889708564,-0.13284610086874246,0.0
momentum+strength+cand_copper_gold+cand_swap_spread+cand_sofr_ted_spread,動能 (10Y-SMA125) + 強度 (NQ 52W區間) + 銅金比報酬差 + 10Y Swap Spread + SOFR-3M利差,5,0.023842064191612368,0.07792354872538779,,-10.877192982456144,18,76,19.801507537688444,8.9243145552323,11.11111111111111,71.05263157894737,0.9245119102660001,-0.20191584573018953,-0.21840264412828864
momentum+duration+inflation+cand_credit_spread,動能 (10Y-SMA125) + 存續期間避險 (TLT-SHY) + 通膨意外 (CPI-10YBE) + IG企業債利差,4,-0.05714174947136114,-0.08905065425568798,,-10.891946865919472,330,73,4.965143901324804,-5.926802964594668,37.878787878787875,53.42465753424658,-1.1826337511462233,0.4929964548308506,0.0
duration+curve+inflation+cand_credit_spread,存續期間避險 (TLT-SHY) + 殖利率曲線 (10Y-2Y) + 通膨意外 (CPI-10YBE) + IG企業債利差,4,-0.0636107396109532,-0.07063955555409622,,-10.893145161290324,310,32,7.715486032312097,-3.1776591289782257,35.16129032258065,46.875,-0.9605414666688794,-0.42468396052685997,0.0
momentum+duration+inflation+cand_copper_gold+cand_inflation_1y,動能 (10Y-SMA125) + 存續期間避險 (TLT-SHY) + 通膨意外 (CPI-10YBE) + 銅金比報酬差 + 1年通膨預期價差,5,-0.05357401275903947,-0.056994212083411835,,-10.903872958980488,248,81,9.106615064570164,-1.7972578944103241,34.67741935483871,46.913580246913575,-1.0698027518528728,0.3481794989246513,0.0
duration+cand_credit_spread+cand_swap_spread+cand_inflation_1y,存續期間避險 (TLT-SHY) + IG企業債利差 + 10Y Swap Spread + 1年通膨預期價差,4,-0.03740442749951809,-0.09388932405640776,,-10.908094948265376,53,155,15.446161625738759,4.538066677473384,30.18867924528302,67.74193548387096,-0.6344374849403973,-1.2224682617044746,0.0
momentum+duration+move+inflation+cand_credit_spread,動能 (10Y-SMA125) + 存續期間避險 (TLT-SHY) + 波動度 (MOVE偏態) + 通膨意外 (CPI-10YBE) + IG企業債利差,5,-0.0558716858443013,-0.08912709431885033,,-10.910459498932711,207,43,12.103439904838199,1.1929804059054876,23.67149758454106,69.76744186046511,-1.3391511834986343,-0.13078003011969905,0.0
momentum+strength+inflation+cand_copper_gold+cand_sofr_ted_spread+cand_inflation_1y,動能 (10Y-SMA125) + 強度 (NQ 52W區間) + 通膨意外 (CPI-10YBE) + 銅金比報酬差 + SOFR-3M利差 + 1年通膨預期價差,6,-0.030258820474840496,0.0019239593642067247,,-10.912416851441241,164,44,12.183621358826652,1.2712045073854117,28.65853658536585,56.81818181818182,-0.4872872895482233,-0.36623738020755103,0.0
momentum+duration+curve+inflation+cand_copper_gold+cand_credit_spread+cand_swap_spread+cand_sofr_ted_spread+cand_inflation_1y,動能 (10Y-SMA125) + 存續期間避險 (TLT-SHY) + 殖利率曲線 (10Y-2Y) + 通膨意外 (CPI-10YBE) + 銅金比報酬差 + IG企業債利差 + 10Y Swap Spread + SOFR-3M利差 + 1年通膨預期價差,9,-0.0410686151715933,-0.026819238276577624,,-10.922074913574969,94,0,10.922074913574969,0.0,34.04255319148936,0.0,-0.7927471156637202,-0.39836109030817607,0.0
momentum+duration+curve+inflation+cand_copper_gold+cand_credit_spread+cand_swap_spread+cand_inflation_1y,動能 (10Y-SMA125) + 存續期間避險 (TLT-SHY) + 殖利率曲線 (10Y-2Y) + 通膨意外 (CPI-10YBE) + 銅金比報酬差 + IG企業債利差 + 10Y Swap Spread + 1年通膨預期價差,8,-0.04361390391320646,-0.040857022222214,,-10.922074913574969,94,0,10.922074913574969,0.0,34.04255319148936,0.0,-0.7522805983893345,-0.3997553466956022,0.0
strength+duration+inflation+cand_credit_spread,強度 (NQ 52W區間) + 存續期間避險 (TLT-SHY) + 通膨意外 (CPI-10YBE) + IG企業債利差,4,-0.0547896099697439,-0.07642424344255505,,-10.924350417935594,244,253,6.397135952988986,-4.527214464946608,37.295081967213115,48.22134387351779,-0.5542675718048004,-0.7096681433074746,0.0
momentum+duration+curve+cand_copper_gold+cand_swap_spread+cand_sofr_ted_spread+cand_inflation_1y,動能 (10Y-SMA125) + 存續期間避險 (TLT-SHY) + 殖利率曲線 (10Y-2Y) + 銅金比報酬差 + 10Y Swap Spread + SOFR-3M利差 + 1年通膨預期價差,7,-0.03413873272953515,-0.03737980612877507,,-10.925749961930865,55,0,10.925749961930865,0.0,36.36363636363637,0.0,-0.860606444192316,0.25663309716158833,0.0
momentum+curve+inflation+cand_copper_gold+cand_credit_spread,動能 (10Y-SMA125) + 殖利率曲線 (10Y-2Y) + 通膨意外 (CPI-10YBE) + 銅金比報酬差 + IG企業債利差,5,-0.028348952572014058,0.011537472064000411,,-10.928836633663362,202,16,5.001177504685139,-5.927659128978223,41.089108910891085,6.25,-0.2623694337995756,-0.010668996766405694,0.0
move+cand_copper_gold+cand_swap_spread+cand_inflation_1y,波動度 (MOVE偏態) + 銅金比報酬差 + 10Y Swap Spread + 1年通膨預期價差,4,0.007926399192313452,-0.01913861496406498,,-10.939714680165668,41,159,7.951914041753484,-2.9878006384121845,41.46341463414634,55.34591194968554,0.16124419440631585,-1.6132452936310704,-10.004982192201522
move+curve+inflation+cand_copper_gold+cand_credit_spread+cand_swap_spread+cand_inflation_1y,波動度 (MOVE偏態) + 殖利率曲線 (10Y-2Y) + 通膨意外 (CPI-10YBE) + 銅金比報酬差 + IG企業債利差 + 10Y Swap Spread + 1年通膨預期價差,7,-0.028974713022542384,-0.026559520007001274,,-10.958333333333353,48,4,14.843174204355108,3.884840871021754,35.41666666666667,100.0,-0.1353994335409292,-1.9203246335075155,0.0
strength+duration+move+cand_credit_spread+cand_swap_spread,強度 (NQ 52W區間) + 存續期間避險 (TLT-SHY) + 波動度 (MOVE偏態) + IG企業債利差 + 10Y Swap Spread,5,-0.02553138348113633,-0.06126827707855212,,-10.972342621259033,51,190,12.438762439649228,1.4664198183901949,39.21568627450981,55.78947368421052,-0.0652133933183798,-1.18924433741115,0.0
move+curve+inflation+cand_inflation_1y,波動度 (MOVE偏態) + 殖利率曲線 (10Y-2Y) + 通膨意外 (CPI-10YBE) + 1年通膨預期價差,4,-0.0667375937625137,-0.09762500814304921,,-10.98919925512105,179,15,16.690706792809486,5.7015075376884345,25.139664804469277,93.33333333333333,-1.372886767232272,-1.551894412955251,0.0
momentum+strength+inflation+cand_credit_spread+cand_inflation_1y,動能 (10Y-SMA125) + 強度 (NQ 52W區間) + 通膨意外 (CPI-10YBE) + IG企業債利差 + 1年通膨預期價差,5,-0.0518885776636919,-0.05498722003260164,,-11.005789022298456,176,53,14.168931780112683,3.1631427578142257,26.704545454545453,64.15094339622641,-0.7004343836896233,-0.8493218735888592,0.0
strength+move+curve+inflation+cand_swap_spread,強度 (NQ 52W區間) + 波動度 (MOVE偏態) + 殖利率曲線 (10Y-2Y) + 通膨意外 (CPI-10YBE) + 10Y Swap Spread,5,-0.055196855122135985,-0.07457819083186798,,-11.017739347477274,71,158,3.747516927359804,-7.270222420117471,59.154929577464785,26.582278481012654,-0.06770835391402312,-1.4313181252857103,0.0
momentum+duration+curve+inflation+cand_swap_spread+cand_sofr_ted_spread,動能 (10Y-SMA125) + 存續期間避險 (TLT-SHY) + 殖利率曲線 (10Y-2Y) + 通膨意外 (CPI-10YBE) + 10Y Swap Spread + SOFR-3M利差,6,-0.06099650310081995,-0.07707815691558018,,-11.028780264961167,165,0,11.028780264961167,0.0,26.666666666666668,0.0,-1.257708754362981,0.1650632338155575,0.0
momentum+duration+curve+inflation+cand_copper_gold+cand_swap_spread,動能 (10Y-SMA125) + 存續期間避險 (TLT-SHY) + 殖利率曲線 (10Y-2Y) + 通膨意外 (CPI-10YBE) + 銅金比報酬差 + 10Y Swap Spread,6,-0.04068655314100983,-0.03478911703563151,,-11.063626723223749,82,46,10.22020672468031,-0.8434199985434393,30.48780487804878,56.52173913043478,-0.6512252753761717,0.09799455826947488,0.0
momentum+move+curve+inflation+cand_copper_gold+cand_credit_spread+cand_inflation_1y,動能 (10Y-SMA125) + 波動度 (MOVE偏態) + 殖利率曲線 (10Y-2Y) + 通膨意外 (CPI-10YBE) + 銅金比報酬差 + IG企業債利差 + 1年通膨預期價差,7,-0.035580519969164115,-0.012539355421304348,,-11.087014784065257,115,0,11.087014784065257,0.0,33.91304347826087,0.0,-0.7665454218502578,-0.8783583751162024,0.0
momentum+duration+curve+inflation+cand_copper_gold+cand_credit_spread+cand_sofr_ted_spread+cand_inflation_1y,動能 (10Y-SMA125) + 存續期間避險 (TLT-SHY) + 殖利率曲線 (10Y-2Y) + 通膨意外 (CPI-10YBE) + 銅金比報酬差 + IG企業債利差 + SOFR-3M利差 + 1年通膨預期價差,8,-0.043228569882192404,-0.023929239485060882,,-11.126460982753619,179,0,11.126460982753619,0.0,32.402234636871505,0.0,-0.9201972186534578,0.14472105800366336,0.0
strength+duration+inflation+cand_copper_gold+cand_swap_spread+cand_inflation_1y,強度 (NQ 52W區間) + 存續期間避險 (TLT-SHY) + 通膨意外 (CPI-10YBE) + 銅金比報酬差 + 10Y Swap Spread + 1年通膨預期價差,6,-0.03600405187064441,-0.03829450862395845,,-11.130159866380339,66,127,9.528780264961169,-1.6013796014191706,33.33333333333333,57.48031496062992,-0.22994592843174663,-0.8327942407616152,0.0
strength+curve+inflation+cand_inflation_1y,強度 (NQ 52W區間) + 殖利率曲線 (10Y-2Y) + 通膨意外 (CPI-10YBE) + 1年通膨預期價差,4,-0.06583455451707197,-0.07444857525032579,,-11.155265257279618,184,218,12.689188697108731,1.5339234398291135,30.434782608695656,59.63302752293578,-0.6921562860457425,-1.048669115743299,0.0
duration+cand_credit_spread+cand_swap_spread+cand_sofr_ted_spread+cand_inflation_1y,存續期間避險 (TLT-SHY) + IG企業債利差 + 10Y Swap Spread + SOFR-3M利差 + 1年通膨預期價差,5,-0.03327905619344117,-0.09978501554816921,,-11.161320754716987,53,120,15.446161625738759,4.284840871021771,30.18867924528302,66.66666666666666,-0.7764168894318041,-0.9210811253169848,0.0
strength+duration+curve+cand_copper_gold+cand_credit_spread+cand_swap_spread,強度 (NQ 52W區間) + 存續期間避險 (TLT-SHY) + 殖利率曲線 (10Y-2Y) + 銅金比報酬差 + IG企業債利差 + 10Y Swap Spread,6,-0.03290942842726636,-0.012001432184370973,,-11.171138211382114,40,123,6.984840871021777,-4.186297340360339,35.0,43.90243902439025,0.4042675504413089,-0.5614114491723579,-1.3887126200445883
momentum+duration+curve+cand_copper_gold+cand_swap_spread+cand_inflation_1y,動能 (10Y-SMA125) + 存續期間避險 (TLT-SHY) + 殖利率曲線 (10Y-2Y) + 銅金比報酬差 + 10Y Swap Spread + 1年通膨預期價差,6,-0.03778113697636985,-0.050044014629988864,,-11.19090909090909,55,30,10.925749961930865,-0.265159128978224,36.36363636363637,60.0,-0.8207006929595653,0.138991225580628,0.0
momentum+duration+move+curve+inflation+cand_inflation_1y,動能 (10Y-SMA125) + 存續期間避險 (TLT-SHY) + 波動度 (MOVE偏態) + 殖利率曲線 (10Y-2Y) + 通膨意外 (CPI-10YBE) + 1年通膨預期價差,6,-0.062371735295972425,-0.0927013388424542,,-11.194656488549622,262,8,13.829497359571391,2.6348408710217694,24.80916030534351,62.5,-1.5878214384425415,-0.1325193168096861,0.0
momentum+move+curve+inflation+cand_credit_spread,動能 (10Y-SMA125) + 波動度 (MOVE偏態) + 殖利率曲線 (10Y-2Y) + 通膨意外 (CPI-10YBE) + IG企業債利差,5,-0.05376324854471227,-0.054094255302202174,,-11.208805368063194,169,0,11.208805368063194,0.0,33.72781065088758,0.0,-0.9649195465402038,-0.7583887495749654,0.0
momentum+move+curve+cand_copper_gold+cand_credit_spread,動能 (10Y-SMA125) + 波動度 (MOVE偏態) + 殖利率曲線 (10Y-2Y) + 銅金比報酬差 + IG企業債利差,5,-0.013840115057929306,0.017367173476369034,,-11.21519801387892,112,0,11.21519801387892,0.0,29.464285714285715,0.0,-0.2906243450407795,-0.13753941673228756,0.0
momentum+strength+inflation+cand_copper_gold+cand_credit_spread+cand_inflation_1y,動能 (10Y-SMA125) + 強度 (NQ 52W區間) + 通膨意外 (CPI-10YBE) + 銅金比報酬差 + IG企業債利差 + 1年通膨預期價差,6,-0.02779387765970484,-0.00308503566140813,,-11.218456375838928,149,60,7.903297246860703,-3.315159128978225,36.91275167785235,40.0,-0.26903677926878744,-0.6556928902714216,0.0
momentum+move+curve+cand_copper_gold+cand_credit_spread+cand_swap_spread+cand_sofr_ted_spread,動能 (10Y-SMA125) + 波動度 (MOVE偏態) + 殖利率曲線 (10Y-2Y) + 銅金比報酬差 + IG企業債利差 + 10Y Swap Spread + SOFR-3M利差,7,-0.003887379474200022,0.030152528601567433,,-11.234840871021778,40,0,11.234840871021778,0.0,37.5,0.0,0.0832376502634798,-0.6856386254665671,-8.23712134228023
momentum+move+curve+inflation+cand_copper_gold+cand_inflation_1y,動能 (10Y-SMA125) + 波動度 (MOVE偏態) + 殖利率曲線 (10Y-2Y) + 通膨意外 (CPI-10YBE) + 銅金比報酬差 + 1年通膨預期價差,6,-0.03575986441858817,-0.023652820256069264,,-11.298089171974526,157,10,15.532930042996295,4.234840871021769,29.936305732484076,100.0,-0.9615359225157676,-0.5449097073559813,0.0
momentum+strength+move+cand_copper_gold+cand_swap_spread+cand_sofr_ted_spread,動能 (10Y-SMA125) + 強度 (NQ 52W區間) + 波動度 (MOVE偏態) + 銅金比報酬差 + 10Y Swap Spread + SOFR-3M利差,6,0.020120650867603375,0.06252417877913741,,-11.386446886446898,21,26,17.444364680545586,6.05791779409869,19.047619047619047,65.38461538461539,0.5005254547976972,-0.6614228856266617,-1.3214570393707474
momentum+strength+duration+move+cand_copper_gold+cand_inflation_1y,動能 (10Y-SMA125) + 強度 (NQ 52W區間) + 存續期間避險 (TLT-SHY) + 波動度 (MOVE偏態) + 銅金比報酬差 + 1年通膨預期價差,6,-0.029830069219235658,-0.032955983628048684,,-11.428571428571438,105,50,10.663412299593205,-0.7651591289782336,30.476190476190478,56.00000000000001,-0.7816180622270936,-0.09297287128102351,0.0
momentum+strength+curve+cand_copper_gold+cand_credit_spread+cand_sofr_ted_spread+cand_inflation_1y,動能 (10Y-SMA125) + 強度 (NQ 52W區間) + 殖利率曲線 (10Y-2Y) + 銅金比報酬差 + IG企業債利差 + SOFR-3M利差 + 1年通膨預期價差,7,-0.020366283604637936,0.02173324662978845,,-11.432967032967042,130,7,7.4963793325602355,-3.936587700406806,40.0,28.57142857142857,-0.19511073663872028,-0.21905199356634347,0.0
momentum+strength+duration+move+inflation+cand_copper_gold+cand_credit_spread+cand_sofr_ted_spread+cand_inflation_1y,動能 (10Y-SMA125) + 強度 (NQ 52W區間) + 存續期間避險 (TLT-SHY) + 波動度 (MOVE偏態) + 通膨意外 (CPI-10YBE) + 銅金比報酬差 + IG企業債利差 + SOFR-3M利差 + 1年通膨預期價差,9,-0.03758440657719802,-0.02547827095808489,,-11.478319131891341,115,0,11.478319131891341,0.0,33.04347826086956,0.0,-0.8194707801099158,-0.49682965621532754,0.0
strength+duration+inflation+cand_copper_gold+cand_swap_spread,強度 (NQ 52W區間) + 存續期間避險 (TLT-SHY) + 通膨意外 (CPI-10YBE) + 銅金比報酬差 + 10Y Swap Spread,5,-0.02610324795619682,-0.009599391764898605,,-11.519090644127077,47,219,5.592287679532412,-5.926802964594665,36.17021276595745,45.662100456621005,0.21736336515376445,-0.6179135027457379,-2.842767465937148
duration+move+cand_credit_spread+cand_swap_spread,存續期間避險 (TLT-SHY) + 波動度 (MOVE偏態) + IG企業債利差 + 10Y Swap Spread,4,-0.025318031044980826,-0.0723382493279257,,-11.5258277186119,107,129,10.354467039246076,-1.1713606793658244,28.037383177570092,55.03875968992248,-0.37924289706131903,-1.3710027974642263,0.0
momentum+duration+move+curve+cand_credit_spread+cand_swap_spread+cand_inflation_1y,動能 (10Y-SMA125) + 存續期間避險 (TLT-SHY) + 波動度 (MOVE偏態) + 殖利率曲線 (10Y-2Y) + IG企業債利差 + 10Y Swap Spread + 1年通膨預期價差,7,-0.05889729935567839,-0.1009806000688793,,-11.531250000000004,32,12,39.16609087102178,27.634840871021776,6.25,91.66666666666666,-1.2234276077151014,-0.6804954208767027,0.0
momentum+duration+move+curve+cand_credit_spread+cand_swap_spread+cand_sofr_ted_spread+cand_inflation_1y,動能 (10Y-SMA125) + 存續期間避險 (TLT-SHY) + 波動度 (MOVE偏態) + 殖利率曲線 (10Y-2Y) + IG企業債利差 + 10Y Swap Spread + SOFR-3M利差 + 1年通膨預期價差,8,-0.06296563984646256,-0.09583863996891404,,-11.531250000000004,32,12,39.16609087102178,27.634840871021776,6.25,91.66666666666666,-1.3056907444005514,-0.6601486187939242,0.0
momentum+strength+curve+cand_inflation_1y,動能 (10Y-SMA125) + 強度 (NQ 52W區間) + 殖利率曲線 (10Y-2Y) + 1年通膨預期價差,4,-0.051844267080580056,-0.07451842100154508,,-11.53946791113238,183,137,13.006425570475328,1.466957659342948,28.96174863387978,62.77372262773723,-0.7243161281381242,-0.11472762354658969,0.0
strength+duration+curve+cand_credit_spread+cand_swap_spread+cand_sofr_ted_spread+cand_inflation_1y,強度 (NQ 52W區間) + 存續期間避險 (TLT-SHY) + 殖利率曲線 (10Y-2Y) + IG企業債利差 + 10Y Swap Spread + SOFR-3M利差 + 1年通膨預期價差,7,-0.05635110385828275,-0.06819285391371335,,-11.608695652173921,46,23,23.460927827543518,11.852232175369597,15.217391304347828,100.0,-0.5789565362486347,-0.9260323475195158,0.0
momentum+move+inflation+cand_copper_gold,動能 (10Y-SMA125) + 波動度 (MOVE偏態) + 通膨意外 (CPI-10YBE) + 銅金比報酬差,4,-0.0229644577640251,-0.00875504132910505,,-11.621473354231973,116,44,12.824496043435568,1.2030226892035942,34.48275862068966,70.45454545454545,-0.631124808498282,-0.2383096805148047,0.0
momentum+strength+duration+move+curve+inflation+cand_copper_gold+cand_credit_spread,動能 (10Y-SMA125) + 強度 (NQ 52W區間) + 存續期間避險 (TLT-SHY) + 波動度 (MOVE偏態) + 殖利率曲線 (10Y-2Y) + 通膨意外 (CPI-10YBE) + 銅金比報酬差 + IG企業債利差,8,-0.039705504022633176,-0.031903992431508287,,-11.63398692810459,153,15,6.935494465793017,-4.698492462311575,39.21568627450981,53.333333333333336,-0.5667365022909154,-0.3261688264635251,0.0
momentum+inflation+cand_credit_spread+cand_sofr_ted_spread+cand_inflation_1y,動能 (10Y-SMA125) + 通膨意外 (CPI-10YBE) + IG企業債利差 + SOFR-3M利差 + 1年通膨預期價差,5,-0.052318990844495684,-0.05451914663906265,,-11.637681159420294,207,3,14.605855363775397,2.968174204355103,27.053140096618357,100.0,-1.1973945912271369,-0.5290827748769849,0.0
strength+inflation+cand_credit_spread+cand_swap_spread+cand_inflation_1y,強度 (NQ 52W區間) + 通膨意外 (CPI-10YBE) + IG企業債利差 + 10Y Swap Spread + 1年通膨預期價差,5,-0.03259194386215558,-0.03888596261912346,,-11.65439024390244,82,200,14.659231114924216,3.0048408710217744,29.268292682926827,60.5,0.0074852816613864845,-1.7161633264733864,-229.2717100181244
momentum+strength+duration+move+curve+cand_copper_gold+cand_inflation_1y,動能 (10Y-SMA125) + 強度 (NQ 52W區間) + 存續期間避險 (TLT-SHY) + 波動度 (MOVE偏態) + 殖利率曲線 (10Y-2Y) + 銅金比報酬差 + 1年通膨預期價差,7,-0.03305022960725831,-0.03176969619354045,,-11.657142857142889,133,5,13.491983728164628,1.8348408710217399,27.819548872180448,60.0,-0.8435759483351953,-0.08839751581975418,0.0
duration+curve+inflation+cand_copper_gold+cand_inflation_1y,存續期間避險 (TLT-SHY) + 殖利率曲線 (10Y-2Y) + 通膨意外 (CPI-10YBE) + 銅金比報酬差 + 1年通膨預期價差,5,-0.050475461353769326,-0.04517640182552448,,-11.669607056936648,215,29,11.890654824510147,0.22104776757349903,30.697674418604652,68.96551724137932,-0.9492070428695337,-0.2704547572734264,0.0
momentum+strength+duration+curve+inflation+cand_copper_gold+cand_sofr_ted_spread+cand_inflation_1y,動能 (10Y-SMA125) + 強度 (NQ 52W區間) + 存續期間避險 (TLT-SHY) + 殖利率曲線 (10Y-2Y) + 通膨意外 (CPI-10YBE) + 銅金比報酬差 + SOFR-3M利差 + 1年通膨預期價差,8,-0.04647376694931553,-0.04359279555893778,,-11.683937823834198,193,3,13.31877869485597,1.634840871021772,28.497409326424872,66.66666666666666,-0.8092791522396809,0.0579054171767012,0.0
momentum+curve+inflation+cand_copper_gold+cand_credit_spread+cand_sofr_ted_spread,動能 (10Y-SMA125) + 殖利率曲線 (10Y-2Y) + 通膨意外 (CPI-10YBE) + 銅金比報酬差 + IG企業債利差 + SOFR-3M利差,6,-0.021890935455775844,0.029046539926079702,,-11.68783068783068,189,14,5.75124298742389,-5.936587700406791,40.21164021164021,7.142857142857142,-0.2578445911213329,0.10649591786735535,0.0
strength+move+curve+cand_sofr_ted_spread,強度 (NQ 52W區間) + 波動度 (MOVE偏態) + 殖利率曲線 (10Y-2Y) + SOFR-3M利差,4,-0.03752695424739709,-0.028287019940937543,,-11.6881565206708,146,223,11.874566898419033,0.1864103777482329,38.35616438356164,43.49775784753363,-0.22534554265309986,-0.8919223998360676,0.0
inflation+cand_credit_spread+cand_inflation_1y,通膨意外 (CPI-10YBE) + IG企業債利差 + 1年通膨預期價差,3,-0.0467045703168401,-0.046234436950382096,,-11.710866013071898,288,85,9.475118648799553,-2.235747364272345,35.06944444444444,54.11764705882353,-0.881252316841231,-1.9469639389401348,0.0
momentum+strength+inflation+cand_copper_gold+cand_credit_spread+cand_sofr_ted_spread+cand_inflation_1y,動能 (10Y-SMA125) + 強度 (NQ 52W區間) + 通膨意外 (CPI-10YBE) + 銅金比報酬差 + IG企業債利差 + SOFR-3M利差 + 1年通膨預期價差,7,-0.024840522971887675,0.01155733542327829,,-11.715264886477225,149,47,7.903297246860703,-3.811967639616522,36.91275167785235,38.297872340425535,-0.3341492418293097,-0.5618485340959913,0.0
duration+inflation+cand_copper_gold+cand_credit_spread+cand_swap_spread,存續期間避險 (TLT-SHY) + 通膨意外 (CPI-10YBE) + 銅金比報酬差 + IG企業債利差 + 10Y Swap Spread,5,-0.012605861731346006,0.009475137388686784,,-11.753696604600222,88,83,8.12347723465814,-3.6302193699420826,31.818181818181817,51.80722891566265,0.10527051595477818,-0.8189088651041774,-7.7790904478511536
momentum+strength+duration+inflation+cand_swap_spread+cand_inflation_1y,動能 (10Y-SMA125) + 強度 (NQ 52W區間) + 存續期間避險 (TLT-SHY) + 通膨意外 (CPI-10YBE) + 10Y Swap Spread + 1年通膨預期價差,6,-0.055500357225616775,-0.08811130062058276,,-11.791269737700636,158,194,12.70446112418633,0.9131913864856951,26.582278481012654,57.73195876288659,-0.8850729656616679,-0.41957361629807216,0.0
duration+move+cand_copper_gold+cand_swap_spread,存續期間避險 (TLT-SHY) + 波動度 (MOVE偏態) + 銅金比報酬差 + 10Y Swap Spread,4,0.0010091809792557242,-0.0019363564034377899,,-11.793671720500988,41,148,7.293377456387626,-4.500294264113362,29.268292682926827,43.24324324324324,-0.01513701311753607,-0.7010185701683944,0.0
momentum+strength+duration+curve+inflation+cand_swap_spread,動能 (10Y-SMA125) + 強度 (NQ 52W區間) + 存續期間避險 (TLT-SHY) + 殖利率曲線 (10Y-2Y) + 通膨意外 (CPI-10YBE) + 10Y Swap Spread,6,-0.05484143352512549,-0.07981464583249218,,-11.806653491436096,184,132,7.221797392760903,-4.584856098675193,35.32608695652174,43.93939393939394,-0.7395511311659613,-0.16911775134716817,0.0
momentum+strength+move+curve+cand_copper_gold+cand_credit_spread+cand_sofr_ted_spread,動能 (10Y-SMA125) + 強度 (NQ 52W區間) + 波動度 (MOVE偏態) + 殖利率曲線 (10Y-2Y) + 銅金比報酬差 + IG企業債利差 + SOFR-3M利差,7,-0.014388276860107385,0.02219123811979529,,-11.818631863186313,101,22,8.862563643299,-2.9560682198873134,37.62376237623762,22.727272727272727,-0.01878706945462719,-0.3088302731072551,0.0
momentum+strength+inflation+cand_copper_gold+cand_credit_spread+cand_swap_spread,動能 (10Y-SMA125) + 強度 (NQ 52W區間) + 通膨意外 (CPI-10YBE) + 銅金比報酬差 + IG企業債利差 + 10Y Swap Spread,6,-0.007970120145246461,0.021647672826886948,,-11.841341341341344,108,74,2.597803833984739,-9.243537507356605,50.92592592592593,40.54054054054054,0.41512525867017885,-0.7413218226777396,-1.7857786467932735
duration+move+curve+cand_swap_spread+cand_sofr_ted_spread+cand_inflation_1y,存續期間避險 (TLT-SHY) + 波動度 (MOVE偏態) + 殖利率曲線 (10Y-2Y) + 10Y Swap Spread + SOFR-3M利差 + 1年通膨預期價差,6,-0.07424942750930041,-0.13554952511220617,,-11.870795927201552,89,0,11.870795927201552,0.0,53.93258426966292,0.0,-1.4351094959095123,-1.2510586979041236,0.0
momentum+strength+duration+move+curve+inflation,動能 (10Y-SMA125) + 強度 (NQ 52W區間) + 存續期間避險 (TLT-SHY) + 波動度 (MOVE偏態) + 殖利率曲線 (10Y-2Y) + 通膨意外 (CPI-10YBE),6,-0.0646726051448199,-0.09294073850227917,,-11.886312217194568,204,104,7.223076165139421,-4.663236052055148,36.76470588235294,43.269230769230774,-1.0701382008546918,-0.14203081262665734,0.0
momentum+strength+duration+inflation+cand_copper_gold+cand_credit_spread+cand_swap_spread,動能 (10Y-SMA125) + 強度 (NQ 52W區間) + 存續期間避險 (TLT-SHY) + 通膨意外 (CPI-10YBE) + 銅金比報酬差 + IG企業債利差 + 10Y Swap Spread,7,-0.024485861186925598,-0.007144337245309826,,-11.897894736842108,100,76,7.3748408710217745,-4.523053865820333,36.0,53.94736842105263,-0.09410762741944632,-0.3783606727051539,0.0
strength+move,強度 (NQ 52W區間) + 波動度 (MOVE偏態),2,-0.029486729468862667,-0.05955078792432079,,-11.922230916362368,142,648,7.979911293556983,-3.9423196228053854,45.07042253521127,45.370370370370374,0.05672501522621102,-1.1076188092403518,-19.52610862814811
momentum+strength+curve+cand_copper_gold+cand_swap_spread+cand_sofr_ted_spread,動能 (10Y-SMA125) + 強度 (NQ 52W區間) + 殖利率曲線 (10Y-2Y) + 銅金比報酬差 + 10Y Swap Spread + SOFR-3M利差,6,-0.010535048215715024,0.033548950620200975,,-11.924242424242436,22,9,15.225749961930866,3.3015075376884306,27.27272727272727,44.44444444444444,0.5676757047671691,-0.1797010263484166,-0.31655578147759655
strength+duration+inflation+cand_swap_spread+cand_inflation_1y,強度 (NQ 52W區間) + 存續期間避險 (TLT-SHY) + 通膨意外 (CPI-10YBE) + 10Y Swap Spread + 1年通膨預期價差,5,-0.061680025191077986,-0.096057851635714,,-11.951927437641725,99,245,8.745951982132887,-3.205975455508839,32.323232323232325,44.89795918367347,-0.7207805911882158,-0.9518508491667629,0.0
strength+move+cand_credit_spread+cand_sofr_ted_spread+cand_inflation_1y,強度 (NQ 52W區間) + 波動度 (MOVE偏態) + IG企業債利差 + SOFR-3M利差 + 1年通膨預期價差,5,-0.039661667262768624,-0.05277265035263894,,-11.953913043478263,75,46,17.914840871021777,5.9609278275435145,24.0,67.3913043478261,-0.43875976977119857,-0.9807582472073753,0.0
momentum+strength+move+inflation+cand_credit_spread+cand_swap_spread+cand_inflation_1y,動能 (10Y-SMA125) + 強度 (NQ 52W區間) + 波動度 (MOVE偏態) + 通膨意外 (CPI-10YBE) + IG企業債利差 + 10Y Swap Spread + 1年通膨預期價差,7,-0.04199989003937954,-0.06457972621748329,,-11.95684523809526,42,32,26.37293610911702,14.41609087102176,16.666666666666664,78.125,-0.5299412666355848,-1.5043081386532573,0.0
momentum+strength+duration+curve+inflation+cand_copper_gold+cand_credit_spread+cand_swap_spread,動能 (10Y-SMA125) + 強度 (NQ 52W區間) + 存續期間避險 (TLT-SHY) + 殖利率曲線 (10Y-2Y) + 通膨意外 (CPI-10YBE) + 銅金比報酬差 + IG企業債利差 + 10Y Swap Spread,8,-0.035056567325796706,-0.0183653834077989,,-11.957775189283636,101,34,5.32791017795247,-6.629865011331166,44.554455445544555,41.17647058823529,-0.20993173081918728,-0.3390560946846709,0.0
momentum+strength+move+curve+inflation+cand_copper_gold+cand_credit_spread+cand_sofr_ted_spread+cand_inflation_1y,動能 (10Y-SMA125) + 強度 (NQ 52W區間) + 波動度 (MOVE偏態) + 殖利率曲線 (10Y-2Y) + 通膨意外 (CPI-10YBE) + 銅金比報酬差 + IG企業債利差 + SOFR-3M利差 + 1年通膨預期價差,9,-0.034012751072437106,0.0019991008698044366,,-12.001813348085998,109,0,12.001813348085998,0.0,33.94495412844037,0.0,-0.527149678797944,-0.848479992888237,0.0
strength+inflation+cand_credit_spread+cand_inflation_1y,強度 (NQ 52W區間) + 通膨意外 (CPI-10YBE) + IG企業債利差 + 1年通膨預期價差,4,-0.048203315449218645,-0.04770018882155046,,-12.09709629992649,154,212,12.972503208684111,0.8754069087576222,29.87012987012987,58.01886792452831,-0.41981098293144187,-1.496887586108452,0.0
momentum+strength+move+inflation+cand_copper_gold,動能 (10Y-SMA125) + 強度 (NQ 52W區間) + 波動度 (MOVE偏態) + 通膨意外 (CPI-10YBE) + 銅金比報酬差,5,-0.030566875537736873,-0.016659151392020462,,-12.10909090909091,120,99,8.834840871021774,-3.274250038069135,33.33333333333333,49.494949494949495,-0.2617682172090051,-0.5296624005731615,0.0
momentum+strength+move+inflation+cand_copper_gold+cand_credit_spread+cand_sofr_ted_spread+cand_inflation_1y,動能 (10Y-SMA125) + 強度 (NQ 52W區間) + 波動度 (MOVE偏態) + 通膨意外 (CPI-10YBE) + 銅金比報酬差 + IG企業債利差 + SOFR-3M利差 + 1年通膨預期價差,8,-0.02779641963812672,0.00047727519720805716,,-12.115610101791008,104,0,12.115610101791008,0.0,34.61538461538461,0.0,-0.4870023378995059,-0.8397734326661954,0.0
momentum+curve+cand_inflation_1y,動能 (10Y-SMA125) + 殖利率曲線 (10Y-2Y) + 1年通膨預期價差,3,-0.050199502769193854,-0.06387183074369436,,-12.1167327517843,325,97,9.988687024867929,-2.1280457269163704,36.0,43.29896907216495,-1.1660863765216103,0.4013086950620046,0.0
strength+inflation+cand_copper_gold+cand_swap_spread+cand_inflation_1y,強度 (NQ 52W區間) + 通膨意外 (CPI-10YBE) + 銅金比報酬差 + 10Y Swap Spread + 1年通膨預期價差,5,-0.02031974805167117,-0.01823788839691403,,-12.118505839710028,52,191,11.538687024867928,-0.5798188148421001,32.69230769230769,56.02094240837696,0.3997592203173593,-1.2037345715802437,-3.0111489876947117
momentum+strength+duration+move+curve+cand_credit_spread+cand_inflation_1y,動能 (10Y-SMA125) + 強度 (NQ 52W區間) + 存續期間避險 (TLT-SHY) + 波動度 (MOVE偏態) + 殖利率曲線 (10Y-2Y) + IG企業債利差 + 1年通膨預期價差,7,-0.053195841226550224,-0.06629892164525832,,-12.122448979591807,147,2,14.75728985061361,2.6348408710218028,27.2108843537415,50.0,-1.036812065857008,-0.3778115152334663,0.0
momentum+duration+curve+cand_swap_spread+cand_inflation_1y,動能 (10Y-SMA125) + 存續期間避險 (TLT-SHY) + 殖利率曲線 (10Y-2Y) + 10Y Swap Spread + 1年通膨預期價差,5,-0.0560542824901814,-0.09217421356436403,,-12.12619941593659,102,47,13.526997733766876,1.4007983178302867,33.33333333333333,59.57446808510638,-1.267634470682281,0.09946705192217765,0.0
momentum+curve+cand_credit_spread+cand_inflation_1y,動能 (10Y-SMA125) + 殖利率曲線 (10Y-2Y) + IG企業債利差 + 1年通膨預期價差,4,-0.05117265033299653,-0.052387678701917864,,-12.127594494210182,207,0,12.127594494210182,0.0,29.468599033816425,0.0,-1.0027708690277315,-0.06057552786703724,0.0
strength+duration+inflation+cand_credit_spread+cand_sofr_ted_spread,強度 (NQ 52W區間) + 存續期間避險 (TLT-SHY) + 通膨意外 (CPI-10YBE) + IG企業債利差 + SOFR-3M利差,5,-0.04900856392077521,-0.05055487995298679,,-12.155075187969924,245,152,6.349126585307488,-5.805948602662437,37.55102040816327,48.026315789473685,-0.6805873716764994,-0.604434986648078,0.0
momentum+move+curve+inflation+cand_credit_spread+cand_sofr_ted_spread,動能 (10Y-SMA125) + 波動度 (MOVE偏態) + 殖利率曲線 (10Y-2Y) + 通膨意外 (CPI-10YBE) + IG企業債利差 + SOFR-3M利差,6,-0.04904815422117025,-0.033558014008871255,,-12.160814896995799,154,0,12.160814896995799,0.0,33.76623376623377,0.0,-0.9637124058168615,-0.720972508814534,0.0
momentum+duration+curve+cand_copper_gold+cand_credit_spread+cand_swap_spread+cand_sofr_ted_spread+cand_inflation_1y,動能 (10Y-SMA125) + 存續期間避險 (TLT-SHY) + 殖利率曲線 (10Y-2Y) + 銅金比報酬差 + IG企業債利差 + 10Y Swap Spread + SOFR-3M利差 + 1年通膨預期價差,8,-0.03715834835331893,-0.04166441636591878,,-12.16115666049546,57,0,12.16115666049546,0.0,29.82456140350877,0.0,-0.6676950089451366,-0.05651612445984582,0.0
strength+duration+move+inflation+cand_copper_gold+cand_credit_spread,強度 (NQ 52W區間) + 存續期間避險 (TLT-SHY) + 波動度 (MOVE偏態) + 通膨意外 (CPI-10YBE) + 銅金比報酬差 + IG企業債利差,6,-0.02949873944673925,-0.024363854285182514,,-12.16766218682595,123,98,8.05760509866405,-4.110057088161901,36.58536585365854,52.04081632653062,-0.23598815452468566,-0.8179393178443836,0.0
momentum+strength+move+cand_copper_gold+cand_credit_spread,動能 (10Y-SMA125) + 強度 (NQ 52W區間) + 波動度 (MOVE偏態) + 銅金比報酬差 + IG企業債利差,5,0.0005489847165656563,0.02385669767234367,,-12.182093811307299,89,63,11.308998174392562,-0.8730956369147367,32.58426966292135,57.14285714285714,0.18583653164004463,-0.41113391880035843,-2.2123417563383216
momentum+strength+duration+curve+inflation+cand_copper_gold+cand_credit_spread+cand_sofr_ted_spread+cand_inflation_1y,動能 (10Y-SMA125) + 強度 (NQ 52W區間) + 存續期間避險 (TLT-SHY) + 殖利率曲線 (10Y-2Y) + 通膨意外 (CPI-10YBE) + 銅金比報酬差 + IG企業債利差 + SOFR-3M利差 + 1年通膨預期價差,9,-0.039778172267220115,-0.021298333890722127,,-12.206269442450346,182,0,12.206269442450346,0.0,31.318681318681318,0.0,-0.6901686160973958,-0.17991418138626233,0.0
strength+duration+move+curve+cand_copper_gold+cand_credit_spread+cand_swap_spread+cand_sofr_ted_spread,強度 (NQ 52W區間) + 存續期間避險 (TLT-SHY) + 波動度 (MOVE偏態) + 殖利率曲線 (10Y-2Y) + 銅金比報酬差 + IG企業債利差 + 10Y Swap Spread + SOFR-3M利差,8,-0.020218799618918443,0.0014573982697257829,,-12.221388367729833,41,13,10.317767700290068,-1.903620667439766,46.34146341463415,23.076923076923077,0.13950168665654264,-0.7995593866264666,-5.731539207801881
momentum+move+curve+inflation+cand_copper_gold+cand_sofr_ted_spread,動能 (10Y-SMA125) + 波動度 (MOVE偏態) + 殖利率曲線 (10Y-2Y) + 通膨意外 (CPI-10YBE) + 銅金比報酬差 + SOFR-3M利差,6,-0.02439425690740504,0.018763659556475812,,-12.226390166796419,142,0,12.226390166796419,0.0,33.80281690140845,0.0,-0.5832240516559213,-0.15599667038006398,0.0
move+inflation+cand_credit_spread+cand_swap_spread,波動度 (MOVE偏態) + 通膨意外 (CPI-10YBE) + IG企業債利差 + 10Y Swap Spread,4,-0.028200858341698522,-0.05220670472078942,,-12.247142857142855,168,75,3.9086503948313003,-8.338492462311555,45.23809523809524,36.0,0.02029249859988896,-2.791229084054787,-137.54979803571655
momentum+move+curve+cand_copper_gold+cand_credit_spread+cand_sofr_ted_spread,動能 (10Y-SMA125) + 波動度 (MOVE偏態) + 殖利率曲線 (10Y-2Y) + 銅金比報酬差 + IG企業債利差 + SOFR-3M利差,6,-0.0023465670676601196,0.042856106694777525,,-12.252818399111664,89,0,12.252818399111664,0.0,32.58426966292135,0.0,-0.2479621274328743,-0.028603493657557048,0.0
duration+inflation,存續期間避險 (TLT-SHY) + 通膨意外 (CPI-10YBE),2,-0.07634146893526943,-0.12412321611258181,,-12.27033921889978,443,292,3.9531252954010068,-8.317213923498773,42.21218961625282,36.986301369863014,-1.530802842197114,0.06960257766978949,0.0
momentum+duration+curve+inflation+cand_credit_spread+cand_swap_spread+cand_inflation_1y,動能 (10Y-SMA125) + 存續期間避險 (TLT-SHY) + 殖利率曲線 (10Y-2Y) + 通膨意外 (CPI-10YBE) + IG企業債利差 + 10Y Swap Spread + 1年通膨預期價差,7,-0.061483766762919126,-0.08432707679699104,,-12.298633974470054,116,0,12.298633974470054,0.0,33.62068965517241,0.0,-1.175850353367771,-0.4598201419124123,0.0
momentum+duration+curve+inflation+cand_credit_spread+cand_swap_spread+cand_sofr_ted_spread+cand_inflation_1y,動能 (10Y-SMA125) + 存續期間避險 (TLT-SHY) + 殖利率曲線 (10Y-2Y) + 通膨意外 (CPI-10YBE) + IG企業債利差 + 10Y Swap Spread + SOFR-3M利差 + 1年通膨預期價差,8,-0.06142703446229231,-0.07464046739698973,,-12.298633974470054,116,0,12.298633974470054,0.0,33.62068965517241,0.0,-1.259361963629927,-0.5182121505533357,0.0
strength+duration+move+curve+inflation+cand_copper_gold+cand_inflation_1y,強度 (NQ 52W區間) + 存續期間避險 (TLT-SHY) + 波動度 (MOVE偏態) + 殖利率曲線 (10Y-2Y) + 通膨意外 (CPI-10YBE) + 銅金比報酬差 + 1年通膨預期價差,7,-0.049727882898847914,-0.044329969514899835,,-12.300751879699257,133,19,15.093487487563127,2.7927356078638694,26.31578947368421,78.94736842105263,-0.8075510673394224,-0.821183726735806,0.0
strength+duration+move+inflation+cand_credit_spread+cand_sofr_ted_spread+cand_inflation_1y,強度 (NQ 52W區間) + 存續期間避險 (TLT-SHY) + 波動度 (MOVE偏態) + 通膨意外 (CPI-10YBE) + IG企業債利差 + SOFR-3M利差 + 1年通膨預期價差,7,-0.06184351586272893,-0.07692680740997562,,-12.313227513227519,135,7,15.805211241392149,3.4919837281646307,26.666666666666668,85.71428571428571,-1.1148500064737605,-1.0734479702189301,0.0
momentum+duration+move+curve+inflation+cand_copper_gold+cand_credit_spread+cand_inflation_1y,動能 (10Y-SMA125) + 存續期間避險 (TLT-SHY) + 波動度 (MOVE偏態) + 殖利率曲線 (10Y-2Y) + 通膨意外 (CPI-10YBE) + 銅金比報酬差 + IG企業債利差 + 1年通膨預期價差,8,-0.04372661302438485,-0.038942840315887774,,-12.337965871021778,128,0,12.337965871021778,0.0,31.25,0.0,-1.0614604761666149,-0.36502800004042496,0.0
momentum+curve+cand_swap_spread+cand_inflation_1y,動能 (10Y-SMA125) + 殖利率曲線 (10Y-2Y) + 10Y Swap Spread + 1年通膨預期價差,4,-0.046927865253829915,-0.07798059080620293,,-12.344319775596077,92,31,10.65658000145656,-1.6877397741395175,46.73913043478261,51.61290322580645,-0.9711635579222728,-0.3187100532799734,0.0
move+curve,波動度 (MOVE偏態) + 殖利率曲線 (10Y-2Y),2,-0.051427828874221114,-0.061544719240911226,,-12.346497785160572,336,215,10.209245632926535,-2.137252152234037,33.63095238095239,36.74418604651163,-0.7898219958194875,-1.1279738518825217,0.0
momentum+strength+duration+cand_sofr_ted_spread,動能 (10Y-SMA125) + 強度 (NQ 52W區間) + 存續期間避險 (TLT-SHY) + SOFR-3M利差,4,-0.03597417159057717,-0.04416085541876819,,-12.350595238095238,252,240,6.2896027757836785,-6.06099246231156,35.317460317460316,44.166666666666664,-0.821065662738161,1.1110051161711119,0.0
strength+curve+cand_credit_spread+cand_sofr_ted_spread+cand_inflation_1y,強度 (NQ 52W區間) + 殖利率曲線 (10Y-2Y) + IG企業債利差 + SOFR-3M利差 + 1年通膨預期價差,5,-0.042183599169870356,-0.024079785964605124,,-12.399735449735449,140,108,14.691983728164633,2.292248278429184,30.0,58.333333333333336,-0.34901777426994995,-0.8024043046694517,0.0
momentum+duration+curve+inflation+cand_swap_spread+cand_inflation_1y,動能 (10Y-SMA125) + 存續期間避險 (TLT-SHY) + 殖利率曲線 (10Y-2Y) + 通膨意外 (CPI-10YBE) + 10Y Swap Spread + 1年通膨預期價差,6,-0.06476991906468577,-0.10214968953336688,,-12.42838609237156,164,47,13.573865261265675,1.145479168894114,26.21951219512195,59.57446808510638,-1.3353814030497713,-0.17286402089742964,0.0
strength+duration+move+inflation+cand_credit_spread+cand_swap_spread+cand_sofr_ted_spread,強度 (NQ 52W區間) + 存續期間避險 (TLT-SHY) + 波動度 (MOVE偏態) + 通膨意外 (CPI-10YBE) + IG企業債利差 + 10Y Swap Spread + SOFR-3M利差,7,-0.04260733409452824,-0.061817082809448365,,-12.433333333333346,60,24,11.56817420435511,-0.8651591289782362,40.0,54.166666666666664,-0.42833151259221613,-1.4502105096076494,0.0
momentum+move+curve+inflation+cand_copper_gold+cand_credit_spread+cand_sofr_ted_spread+cand_inflation_1y,動能 (10Y-SMA125) + 波動度 (MOVE偏態) + 殖利率曲線 (10Y-2Y) + 通膨意外 (CPI-10YBE) + 銅金比報酬差 + IG企業債利差 + SOFR-3M利差 + 1年通膨預期價差,8,-0.032941574606797815,0.0038967856003677367,,-12.45837028278648,102,0,12.45837028278648,0.0,33.33333333333333,0.0,-0.7603223309273037,-0.7503108590979004,0.0
move+curve+inflation+cand_credit_spread+cand_inflation_1y,波動度 (MOVE偏態) + 殖利率曲線 (10Y-2Y) + 通膨意外 (CPI-10YBE) + IG企業債利差 + 1年通膨預期價差,5,-0.06149912493289548,-0.07125983000674015,,-12.461538461538453,130,1,18.096379332560236,5.634840871021783,23.076923076923077,100.0,-1.0367979910891223,-1.940243360767759,0.0
strength+duration+curve+inflation+cand_inflation_1y,強度 (NQ 52W區間) + 存續期間避險 (TLT-SHY) + 殖利率曲線 (10Y-2Y) + 通膨意外 (CPI-10YBE) + 1年通膨預期價差,5,-0.07587610164201904,-0.10364434970298902,,-12.463491100323619,206,96,12.421248638012065,-0.04224246231155485,28.155339805825243,57.291666666666664,-1.052597062299026,-0.5755978734818665,0.0
momentum+strength+cand_credit_spread+cand_sofr_ted_spread,動能 (10Y-SMA125) + 強度 (NQ 52W區間) + IG企業債利差 + SOFR-3M利差,4,-0.019111026425896706,0.010841959390054452,,-12.464345154269619,214,146,2.8731586280311197,-9.5911865262385,43.925233644859816,27.397260273972602,-0.20604380127548722,0.028974343713745986,0.0
strength+move+inflation+cand_copper_gold+cand_credit_spread+cand_swap_spread,強度 (NQ 52W區間) + 波動度 (MOVE偏態) + 通膨意外 (CPI-10YBE) + 銅金比報酬差 + IG企業債利差 + 10Y Swap Spread,6,-0.00493444697665313,0.006631969111725817,,-12.505445075757574,99,128,2.210598446779351,-10.294846628978224,52.52525252525253,32.03125,0.5358346027983177,-1.5266014644416572,-2.8490162010239812
momentum+strength+move+inflation+cand_credit_spread+cand_swap_spread+cand_sofr_ted_spread,動能 (10Y-SMA125) + 強度 (NQ 52W區間) + 波動度 (MOVE偏態) + 通膨意外 (CPI-10YBE) + IG企業債利差 + 10Y Swap Spread + SOFR-3M利差,7,-0.024640905050820054,-0.02697501754357968,,-12.519230769230765,52,4,17.154071640252546,4.634840871021781,30.76923076923077,50.0,-0.30339975317132806,-1.474595657733162,0.0
momentum+curve+inflation+cand_credit_spread+cand_inflation_1y,動能 (10Y-SMA125) + 殖利率曲線 (10Y-2Y) + 通膨意外 (CPI-10YBE) + IG企業債利差 + 1年通膨預期價差,5,-0.058936511916172975,-0.05535402749309388,,-12.520257537688442,192,0,12.520257537688442,0.0,29.6875,0.0,-1.0668693223451982,-0.5491437973790361,0.0
momentum+curve+inflation+cand_credit_spread+cand_sofr_ted_spread+cand_inflation_1y,動能 (10Y-SMA125) + 殖利率曲線 (10Y-2Y) + 通膨意外 (CPI-10YBE) + IG企業債利差 + SOFR-3M利差 + 1年通膨預期價差,6,-0.05658038047604449,-0.041127125024610946,,-12.520257537688442,192,0,12.520257537688442,0.0,29.6875,0.0,-1.0982961913834708,-0.5193418612256488,0.0
momentum+duration+move+curve+inflation+cand_credit_spread+cand_inflation_1y,動能 (10Y-SMA125) + 存續期間避險 (TLT-SHY) + 波動度 (MOVE偏態) + 殖利率曲線 (10Y-2Y) + 通膨意外 (CPI-10YBE) + IG企業債利差 + 1年通膨預期價差,7,-0.06483235029029914,-0.0865158071876358,,-12.529285315466218,180,0,12.529285315466218,0.0,30.0,0.0,-1.4417515714163296,-0.430476149257985,0.0
momentum+duration+move+inflation+cand_copper_gold+cand_sofr_ted_spread+cand_inflation_1y,動能 (10Y-SMA125) + 存續期間避險 (TLT-SHY) + 波動度 (MOVE偏態) + 通膨意外 (CPI-10YBE) + 銅金比報酬差 + SOFR-3M利差 + 1年通膨預期價差,7,-0.04697034827068356,-0.04765774560330751,,-12.532276768457672,156,0,12.532276768457672,0.0,32.05128205128205,0.0,-1.2995255931859253,-0.03418355084588682,0.0
strength+duration+move+inflation+cand_copper_gold+cand_credit_spread+cand_inflation_1y,強度 (NQ 52W區間) + 存續期間避險 (TLT-SHY) + 波動度 (MOVE偏態) + 通膨意外 (CPI-10YBE) + 銅金比報酬差 + IG企業債利差 + 1年通膨預期價差,7,-0.03913137412256348,-0.03514051440475908,,-12.5373831775701,107,16,9.67222404859187,-2.8651591289782283,36.44859813084112,68.75,-0.5652043267603382,-0.9910133462397452,0.0
strength+duration+curve+cand_credit_spread+cand_swap_spread+cand_inflation_1y,強度 (NQ 52W區間) + 存續期間避險 (TLT-SHY) + 殖利率曲線 (10Y-2Y) + IG企業債利差 + 10Y Swap Spread + 1年通膨預期價差,6,-0.05469513146318298,-0.07888597743342056,,-12.58608695652175,46,25,23.460927827543518,10.874840871021767,15.217391304347828,92.0,-0.45228887265402257,-0.9694922564354002,0.0
duration+move+curve+inflation+cand_copper_gold+cand_inflation_1y,存續期間避險 (TLT-SHY) + 波動度 (MOVE偏態) + 殖利率曲線 (10Y-2Y) + 通膨意外 (CPI-10YBE) + 銅金比報酬差 + 1年通膨預期價差,6,-0.044743085241615035,-0.043370880855947536,,-12.594479830148625,157,6,16.89598736783706,4.301507537688434,26.11464968152866,100.0,-1.1531085047875598,-0.7275784971463899,0.0
momentum+curve+inflation+cand_copper_gold+cand_inflation_1y,動能 (10Y-SMA125) + 殖利率曲線 (10Y-2Y) + 通膨意外 (CPI-10YBE) + 銅金比報酬差 + 1年通膨預期價差,5,-0.04215052425148003,-0.02541018612519927,,-12.607868701587547,221,59,12.598641775999152,-0.009226925588395128,31.221719457013574,64.40677966101694,-0.7500852360073329,-0.058269218234552105,0.0
strength+duration+curve+cand_inflation_1y,強度 (NQ 52W區間) + 存續期間避險 (TLT-SHY) + 殖利率曲線 (10Y-2Y) + 1年通膨預期價差,4,-0.07274363377603162,-0.1084193269010925,,-12.61093038386467,174,106,12.858978802056255,0.24804841819158552,29.310344827586203,53.77358490566038,-0.9337916303977092,-0.3226840096180194,0.0
momentum+strength+duration+cand_credit_spread,動能 (10Y-SMA125) + 強度 (NQ 52W區間) + 存續期間避險 (TLT-SHY) + IG企業債利差,4,-0.038865815276018484,-0.05926655115157747,,-12.614201749589938,236,248,5.995010362547197,-6.61919138704274,37.28813559322034,46.774193548387096,-0.5381397708843142,0.4271007348980004,0.0
strength+move+cand_copper_gold+cand_sofr_ted_spread+cand_inflation_1y,強度 (NQ 52W區間) + 波動度 (MOVE偏態) + 銅金比報酬差 + SOFR-3M利差 + 1年通膨預期價差,5,-0.015409596346741768,0.010995595424187389,,-12.6375,65,64,20.834840871021775,8.197340871021776,18.461538461538463,73.4375,0.07663253968099047,-0.7907686369652335,-10.31896685477321
curve+cand_credit_spread+cand_sofr_ted_spread+cand_inflation_1y,殖利率曲線 (10Y-2Y) + IG企業債利差 + SOFR-3M利差 + 1年通膨預期價差,4,-0.044706439308724435,-0.0412649393994347,,-12.64328743545611,166,56,12.670985449335028,0.027698013878918206,31.92771084337349,48.214285714285715,-0.7560782771785224,-0.6277884171571119,0.0
strength+duration+curve+cand_credit_spread+cand_inflation_1y,強度 (NQ 52W區間) + 存續期間避險 (TLT-SHY) + 殖利率曲線 (10Y-2Y) + IG企業債利差 + 1年通膨預期價差,5,-0.06319164958178627,-0.07280510727052295,,-12.684463684463687,154,27,14.245230481411383,1.5607667969476964,29.22077922077922,55.55555555555556,-0.7396398863065257,-0.5821978594651276,0.0
momentum+curve+inflation+cand_copper_gold+cand_credit_spread+cand_swap_spread+cand_inflation_1y,動能 (10Y-SMA125) + 殖利率曲線 (10Y-2Y) + 通膨意外 (CPI-10YBE) + 銅金比報酬差 + IG企業債利差 + 10Y Swap Spread + 1年通膨預期價差,7,-0.030137907629021913,-0.007196832680239174,,-12.703806388263159,87,0,12.703806388263159,0.0,34.48275862068966,0.0,-0.3338324292413277,-0.8379860838330766,0.0
momentum+curve+inflation+cand_copper_gold+cand_credit_spread+cand_swap_spread+cand_sofr_ted_spread+cand_inflation_1y,動能 (10Y-SMA125) + 殖利率曲線 (10Y-2Y) + 通膨意外 (CPI-10YBE) + 銅金比報酬差 + IG企業債利差 + 10Y Swap Spread + SOFR-3M利差 + 1年通膨預期價差,8,-0.020837358855584232,0.012588659099988934,,-12.703806388263159,87,0,12.703806388263159,0.0,34.48275862068966,0.0,-0.36639573109511503,-0.8972146456993888,0.0
momentum+strength+inflation+cand_credit_spread+cand_sofr_ted_spread,動能 (10Y-SMA125) + 強度 (NQ 52W區間) + 通膨意外 (CPI-10YBE) + IG企業債利差 + SOFR-3M利差,5,-0.03187259722837421,-0.003467491087372793,,-12.75045045045045,240,148,5.851507537688439,-6.89894291276201,38.75,41.891891891891895,-0.5339223316832592,-0.4818665208717657,0.0
move+inflation+cand_copper_gold+cand_credit_spread+cand_swap_spread,波動度 (MOVE偏態) + 通膨意外 (CPI-10YBE) + 銅金比報酬差 + IG企業債利差 + 10Y Swap Spread,5,0.0019191678801824305,0.01320890849416865,,-12.750744047619053,128,63,0.3379658710217748,-12.412778176597278,55.46875,23.809523809523807,0.4205756206394988,-1.8894670566181437,-4.4925739008484324
momentum+move+curve+inflation,動能 (10Y-SMA125) + 波動度 (MOVE偏態) + 殖利率曲線 (10Y-2Y) + 通膨意外 (CPI-10YBE),4,-0.06232994196375878,-0.07743891921610549,,-12.759259259259258,243,54,10.597803833984738,-2.16145542527452,32.510288065843625,50.0,-1.2244194936607478,-0.25889527954132274,0.0
momentum+strength+duration+curve+inflation+cand_copper_gold+cand_swap_spread,動能 (10Y-SMA125) + 強度 (NQ 52W區間) + 存續期間避險 (TLT-SHY) + 殖利率曲線 (10Y-2Y) + 通膨意外 (CPI-10YBE) + 銅金比報酬差 + 10Y Swap Spread,7,-0.03902167260994797,-0.03213205096647994,,-12.784036697247696,109,50,5.478877568269481,-7.305159128978216,39.44954128440367,36.0,-0.3369671503104145,-0.1369569869463508,0.0
momentum+move+inflation+cand_copper_gold+cand_credit_spread+cand_inflation_1y,動能 (10Y-SMA125) + 波動度 (MOVE偏態) + 通膨意外 (CPI-10YBE) + 銅金比報酬差 + IG企業債利差 + 1年通膨預期價差,6,-0.032235930837905276,-0.026774468115668724,,-12.784840871021775,100,0,12.784840871021775,0.0,32.0,0.0,-0.7401068736233183,-0.8849875235549034,0.0
momentum+move+cand_copper_gold+cand_credit_spread+cand_swap_spread+cand_sofr_ted_spread+cand_inflation_1y,動能 (10Y-SMA125) + 波動度 (MOVE偏態) + 銅金比報酬差 + IG企業債利差 + 10Y Swap Spread + SOFR-3M利差 + 1年通膨預期價差,7,0.009315850505460998,-0.008671046739587837,,-12.799999999999994,25,50,35.59484087102177,22.79484087102178,4.0,92.0,-0.1762468225280253,-0.8867615249653136,0.0
duration+move+curve+inflation+cand_copper_gold+cand_credit_spread+cand_inflation_1y,存續期間避險 (TLT-SHY) + 波動度 (MOVE偏態) + 殖利率曲線 (10Y-2Y) + 通膨意外 (CPI-10YBE) + 銅金比報酬差 + IG企業債利差 + 1年通膨預期價差,7,-0.044420739092999914,-0.03655296566944461,,-12.848516084696996,117,0,12.848516084696996,0.0,28.205128205128204,0.0,-0.9076802112790571,-0.9654822654940982,0.0
momentum+strength+duration+move+curve+inflation+cand_copper_gold+cand_inflation_1y,動能 (10Y-SMA125) + 強度 (NQ 52W區間) + 存續期間避險 (TLT-SHY) + 波動度 (MOVE偏態) + 殖利率曲線 (10Y-2Y) + 通膨意外 (CPI-10YBE) + 銅金比報酬差 + 1年通膨預期價差,8,-0.045492850663077664,-0.04886699485060382,,-12.882620564149247,157,7,14.660318578028141,1.7776980138788936,27.388535031847134,57.14285714285714,-0.9376306607235843,-0.33401416260373484,0.0
momentum+curve+cand_copper_gold+cand_inflation_1y,動能 (10Y-SMA125) + 殖利率曲線 (10Y-2Y) + 銅金比報酬差 + 1年通膨預期價差,4,-0.01920196412684873,0.010530808446877336,,-12.9084377302874,236,46,11.47806121000483,-1.4303765202825707,30.508474576271187,54.347826086956516,-0.6285286288864562,0.44697275332772995,0.0
momentum+strength+duration+move+curve+inflation+cand_copper_gold,動能 (10Y-SMA125) + 強度 (NQ 52W區間) + 存續期間避險 (TLT-SHY) + 波動度 (MOVE偏態) + 殖利率曲線 (10Y-2Y) + 通膨意外 (CPI-10YBE) + 銅金比報酬差,7,-0.04710072965392888,-0.04932390586594635,,-12.918659217877089,179,25,8.193500088898869,-4.725159128978221,35.754189944134076,40.0,-0.7128088149129204,-0.10215274870588487,0.0
strength+move+curve+cand_copper_gold+cand_sofr_ted_spread+cand_inflation_1y,強度 (NQ 52W區間) + 波動度 (MOVE偏態) + 殖利率曲線 (10Y-2Y) + 銅金比報酬差 + SOFR-3M利差 + 1年通膨預期價差,6,-0.024705092596905176,0.015630358546782158,,-12.92777944261313,71,47,15.817939462571076,2.8901600199579467,35.2112676056338,38.297872340425535,-0.1376111104728591,-0.8275613533006355,0.0
momentum+strength+duration+curve+inflation+cand_sofr_ted_spread+cand_inflation_1y,動能 (10Y-SMA125) + 強度 (NQ 52W區間) + 存續期間避險 (TLT-SHY) + 殖利率曲線 (10Y-2Y) + 通膨意外 (CPI-10YBE) + SOFR-3M利差 + 1年通膨預期價差,7,-0.06489729514465777,-0.09107810547934361,,-12.94035087719298,228,20,9.025191748214755,-3.9151591289782255,33.771929824561404,60.0,-1.1403467258449198,0.019008417231998635,0.0
momentum+strength+duration+move+cand_copper_gold+cand_sofr_ted_spread,動能 (10Y-SMA125) + 強度 (NQ 52W區間) + 存續期間避險 (TLT-SHY) + 波動度 (MOVE偏態) + 銅金比報酬差 + SOFR-3M利差,6,-0.010159274677702262,0.01350245089147028,,-12.94736842105263,109,57,9.63484087102177,-3.31252755003086,29.357798165137616,38.59649122807017,-0.5313992313364796,0.2812221003176184,0.0
curve+inflation+cand_credit_spread+cand_swap_spread,殖利率曲線 (10Y-2Y) + 通膨意外 (CPI-10YBE) + IG企業債利差 + 10Y Swap Spread,4,-0.03858521559574721,-0.019555294065160735,,-12.94741379310344,174,40,-3.6927453358747786,-16.64015912897822,55.74712643678161,7.5,0.09989028363432274,-1.5415200216911566,-15.432131791059241
momentum+move+curve+inflation+cand_inflation_1y,動能 (10Y-SMA125) + 波動度 (MOVE偏態) + 殖利率曲線 (10Y-2Y) + 通膨意外 (CPI-10YBE) + 1年通膨預期價差,5,-0.057428163448239436,-0.08280670008356862,,-12.958542713567848,199,8,16.343383584589613,3.3848408710217646,27.1356783919598,87.5,-1.4588936145636309,-0.5774858351678676,0.0
momentum+move+inflation+cand_copper_gold+cand_credit_spread+cand_sofr_ted_spread+cand_inflation_1y,動能 (10Y-SMA125) + 波動度 (MOVE偏態) + 通膨意外 (CPI-10YBE) + 銅金比報酬差 + IG企業債利差 + SOFR-3M利差 + 1年通膨預期價差,7,-0.03220319985125619,-0.01960449136477288,,-12.98177964653198,98,0,12.98177964653198,0.0,31.63265306122449,0.0,-0.7558225539537672,-0.6969957804553194,0.0
strength+duration+move+cand_credit_spread+cand_sofr_ted_spread,強度 (NQ 52W區間) + 存續期間避險 (TLT-SHY) + 波動度 (MOVE偏態) + IG企業債利差 + SOFR-3M利差,5,-0.039682200668343874,-0.05039736352016375,,-13.02275698158051,110,153,10.55302268920359,-2.46973429237692,34.54545454545455,41.17647058823529,-0.554368866981197,-0.5015178900809592,0.0
duration+curve+inflation+cand_credit_spread+cand_swap_spread+cand_sofr_ted_spread,存續期間避險 (TLT-SHY) + 殖利率曲線 (10Y-2Y) + 通膨意外 (CPI-10YBE) + IG企業債利差 + 10Y Swap Spread + SOFR-3M利差,6,-0.041971967626891316,-0.027759266066969268,,-13.027698013878924,84,0,13.027698013878924,0.0,27.380952380952383,0.0,-0.7190042332827116,-1.0864206648959687,0.0
momentum+move+inflation+cand_copper_gold+cand_credit_spread+cand_swap_spread,動能 (10Y-SMA125) + 波動度 (MOVE偏態) + 通膨意外 (CPI-10YBE) + 銅金比報酬差 + IG企業債利差 + 10Y Swap Spread,6,-0.00333252602097164,0.009627663102240993,,-13.04444444444446,90,24,5.179285315466222,-7.865159128978238,50.0,41.66666666666667,0.013839110038580852,-1.2013413552550898,-86.80770308971998
momentum+strength+curve+cand_credit_spread+cand_sofr_ted_spread+cand_inflation_1y,動能 (10Y-SMA125) + 強度 (NQ 52W區間) + 殖利率曲線 (10Y-2Y) + IG企業債利差 + SOFR-3M利差 + 1年通膨預期價差,6,-0.04196048305237383,-0.029181141159691164,,-13.049689440993784,161,1,14.684530312015564,1.6348408710217792,28.57142857142857,100.0,-0.6522034503689029,-0.3342700785290163,0.0
momentum+strength+curve+inflation+cand_swap_spread+cand_sofr_ted_spread+cand_inflation_1y,動能 (10Y-SMA125) + 強度 (NQ 52W區間) + 殖利率曲線 (10Y-2Y) + 通膨意外 (CPI-10YBE) + 10Y Swap Spread + SOFR-3M利差 + 1年通膨預期價差,7,-0.049039903476502326,-0.043522926631784496,,-13.073689791885084,139,0,13.073689791885084,0.0,31.654676258992804,0.0,-0.7894815936173589,-0.8055856087933218,0.0
momentum+strength+curve+cand_credit_spread,動能 (10Y-SMA125) + 強度 (NQ 52W區間) + 殖利率曲線 (10Y-2Y) + IG企業債利差,4,-0.046323997231853195,-0.0427804784230807,,-13.078591464636343,217,92,4.832997553049423,-8.245593911586921,43.31797235023041,25.0,-0.21644579546912215,-0.07102049051265126,0.0
move+inflation+cand_sofr_ted_spread+cand_inflation_1y,波動度 (MOVE偏態) + 通膨意外 (CPI-10YBE) + SOFR-3M利差 + 1年通膨預期價差,4,-0.056034911445510205,-0.08414807314336524,,-13.0834390018629,214,0,13.0834390018629,0.0,29.906542056074763,0.0,-1.5820146465912843,-1.5160167966863867,0.0
momentum+strength+move+curve+cand_copper_gold,動能 (10Y-SMA125) + 強度 (NQ 52W區間) + 波動度 (MOVE偏態) + 殖利率曲線 (10Y-2Y) + 銅金比報酬差,5,-0.025717199082306432,-0.00676367582717126,,-13.08434782608695,92,100,12.689188697108728,-0.39515912897822175,29.347826086956523,45.0,-0.12905469252646676,-0.1809589512906158,0.0
momentum+curve+inflation+cand_swap_spread+cand_sofr_ted_spread+cand_inflation_1y,動能 (10Y-SMA125) + 殖利率曲線 (10Y-2Y) + 通膨意外 (CPI-10YBE) + 10Y Swap Spread + SOFR-3M利差 + 1年通膨預期價差,6,-0.048637528904493424,-0.0569407110676938,,-13.134840871021776,106,0,13.134840871021776,0.0,32.075471698113205,0.0,-1.1771035916092234,-0.6445836296566342,0.0
momentum+duration+move+inflation+cand_inflation_1y,動能 (10Y-SMA125) + 存續期間避險 (TLT-SHY) + 波動度 (MOVE偏態) + 通膨意外 (CPI-10YBE) + 1年通膨預期價差,5,-0.06414972268486277,-0.10903012503141596,,-13.196059889676912,270,94,12.075581611762516,-1.1204782779143956,28.888888888888886,47.87234042553192,-1.6464012582428844,-0.1438132331790882,0.0
momentum+cand_credit_spread+cand_swap_spread+cand_sofr_ted_spread+cand_inflation_1y,動能 (10Y-SMA125) + IG企業債利差 + 10Y Swap Spread + SOFR-3M利差 + 1年通膨預期價差,5,-0.01653658577427406,-0.06332457246511267,,-13.21568627450981,51,87,20.850527145531586,7.634840871021776,19.607843137254903,68.96551724137932,-0.6064781854245954,-0.9015812067225565,0.0
duration+move+curve+cand_swap_spread+cand_inflation_1y,存續期間避險 (TLT-SHY) + 波動度 (MOVE偏態) + 殖利率曲線 (10Y-2Y) + 10Y Swap Spread + 1年通膨預期價差,5,-0.06807974668329882,-0.1331188345084851,,-13.235955056179797,89,2,11.870795927201552,-1.3651591289782457,53.93258426966292,0.0,-1.354650401905756,-1.118823937788901,0.0
duration+move+cand_copper_gold,存續期間避險 (TLT-SHY) + 波動度 (MOVE偏態) + 銅金比報酬差,3,-0.009608297208334858,-0.008008716939228139,,-13.273988066440891,159,117,10.609683638317367,-2.6643044281235233,30.81761006289308,46.15384615384615,-0.5894553231774073,-0.013680379748731805,0.0
momentum+duration+move+curve+inflation+cand_copper_gold+cand_sofr_ted_spread+cand_inflation_1y,動能 (10Y-SMA125) + 存續期間避險 (TLT-SHY) + 波動度 (MOVE偏態) + 殖利率曲線 (10Y-2Y) + 通膨意外 (CPI-10YBE) + 銅金比報酬差 + SOFR-3M利差 + 1年通膨預期價差,8,-0.03903482194017863,-0.025165792481266113,,-13.275724848922327,181,0,13.275724848922327,0.0,29.83425414364641,0.0,-1.2313083016472632,-0.03329945137567318,0.0
strength+duration+move+inflation+cand_credit_spread+cand_sofr_ted_spread,強度 (NQ 52W區間) + 存續期間避險 (TLT-SHY) + 波動度 (MOVE偏態) + 通膨意外 (CPI-10YBE) + IG企業債利差 + SOFR-3M利差,6,-0.05037280007661735,-0.06868087997907733,,-13.340375586854458,142,57,10.6418831245429,-2.698492462311558,30.985915492957744,52.63157894736842,-0.7957559873137644,-0.9112433742336745,0.0
momentum+strength+duration+curve+cand_credit_spread+cand_sofr_ted_spread,動能 (10Y-SMA125) + 強度 (NQ 52W區間) + 存續期間避險 (TLT-SHY) + 殖利率曲線 (10Y-2Y) + IG企業債利差 + SOFR-3M利差,6,-0.05396447402981695,-0.05048428099258812,,-13.34873348017621,227,80,6.996074351197986,-6.352659128978223,37.44493392070485,28.749999999999996,-0.6811144784317467,0.48404123667350507,0.0
strength+move+inflation+cand_copper_gold+cand_credit_spread+cand_swap_spread+cand_inflation_1y,強度 (NQ 52W區間) + 波動度 (MOVE偏態) + 通膨意外 (CPI-10YBE) + 銅金比報酬差 + IG企業債利差 + 10Y Swap Spread + 1年通膨預期價差,7,-0.017888492670575604,-0.01835666991849704,,-13.362625139043384,58,31,12.255530526194189,-1.1070946128491959,46.55172413793103,64.51612903225806,0.20128421501710922,-1.671211000293596,-8.302742468660757
momentum+duration+move+curve+inflation+cand_credit_spread+cand_sofr_ted_spread+cand_inflation_1y,動能 (10Y-SMA125) + 存續期間避險 (TLT-SHY) + 波動度 (MOVE偏態) + 殖利率曲線 (10Y-2Y) + 通膨意外 (CPI-10YBE) + IG企業債利差 + SOFR-3M利差 + 1年通膨預期價差,8,-0.06425670722962426,-0.076217839882237,,-13.387852919214543,166,0,13.387852919214543,0.0,29.518072289156628,0.0,-1.471899259412345,-0.3883110963258492,0.0
momentum+strength+move+curve+cand_copper_gold+cand_credit_spread+cand_swap_spread+cand_sofr_ted_spread,動能 (10Y-SMA125) + 強度 (NQ 52W區間) + 波動度 (MOVE偏態) + 殖利率曲線 (10Y-2Y) + 銅金比報酬差 + IG企業債利差 + 10Y Swap Spread + SOFR-3M利差,8,-0.009389329588222865,0.028648624931458613,,-13.390938431997386,41,0,13.390938431997386,0.0,39.02439024390244,0.0,0.2869587205862273,-0.7627924517570983,-2.6581957509386416
duration+curve+inflation+cand_credit_spread+cand_sofr_ted_spread+cand_inflation_1y,存續期間避險 (TLT-SHY) + 殖利率曲線 (10Y-2Y) + 通膨意外 (CPI-10YBE) + IG企業債利差 + SOFR-3M利差 + 1年通膨預期價差,6,-0.07140473522077233,-0.08536710013138475,,-13.40203663821754,189,0,13.40203663821754,0.0,28.57142857142857,0.0,-1.2795530360079954,-0.696897661029209,0.0
duration+move+curve+cand_copper_gold+cand_credit_spread,存續期間避險 (TLT-SHY) + 波動度 (MOVE偏態) + 殖利率曲線 (10Y-2Y) + 銅金比報酬差 + IG企業債利差,5,-0.022139386707377928,-0.013922994165432688,,-13.4822695035461,141,26,10.117110374567876,-3.365159128978225,32.62411347517731,30.76923076923077,-0.43836025442933724,-0.31773168036787647,0.0
duration+move+cand_copper_gold+cand_swap_spread+cand_inflation_1y,存續期間避險 (TLT-SHY) + 波動度 (MOVE偏態) + 銅金比報酬差 + 10Y Swap Spread + 1年通膨預期價差,5,-0.0195785511862295,-0.06485184171282336,,-13.489046391752575,32,97,18.072340871021773,4.583294479269197,34.375,60.824742268041234,-0.47907806554957627,-0.9802236179218217,0.0
momentum+strength+inflation+cand_copper_gold+cand_swap_spread,動能 (10Y-SMA125) + 強度 (NQ 52W區間) + 通膨意外 (CPI-10YBE) + 銅金比報酬差 + 10Y Swap Spread,5,-0.018163139207561425,-0.002034885356290743,,-13.493902439024392,64,164,8.634840871021778,-4.859061568002615,37.5,48.170731707317074,0.3785883548848826,-0.47987398702147593,-1.2675349910521976
momentum+strength+duration+move+inflation+cand_copper_gold+cand_sofr_ted_spread+cand_inflation_1y,動能 (10Y-SMA125) + 強度 (NQ 52W區間) + 存續期間避險 (TLT-SHY) + 波動度 (MOVE偏態) + 通膨意外 (CPI-10YBE) + 銅金比報酬差 + SOFR-3M利差 + 1年通膨預期價差,8,-0.03826474851297256,-0.02519583640343415,,-13.497854569651912,146,0,13.497854569651912,0.0,28.08219178082192,0.0,-0.9913878126643466,-0.3285811942368047,0.0
strength+duration+curve+cand_swap_spread+cand_inflation_1y,強度 (NQ 52W區間) + 存續期間避險 (TLT-SHY) + 殖利率曲線 (10Y-2Y) + 10Y Swap Spread + 1年通膨預期價差,5,-0.06401266788426363,-0.09736369905133452,,-13.50806451612903,40,62,17.384840871021773,3.8767763548927423,27.500000000000004,66.12903225806451,-0.6679748833026837,-0.7118149597150727,0.0
momentum+duration+curve+cand_swap_spread+cand_sofr_ted_spread+cand_inflation_1y,動能 (10Y-SMA125) + 存續期間避險 (TLT-SHY) + 殖利率曲線 (10Y-2Y) + 10Y Swap Spread + SOFR-3M利差 + 1年通膨預期價差,6,-0.0555188668022276,-0.08586179046043656,,-13.526997733766876,102,0,13.526997733766876,0.0,33.33333333333333,0.0,-1.371822130684849,0.23509613926829512,0.0
momentum+duration+move+cand_credit_spread+cand_swap_spread,動能 (10Y-SMA125) + 存續期間避險 (TLT-SHY) + 波動度 (MOVE偏態) + IG企業債利差 + 10Y Swap Spread,5,-0.030347103352179893,-0.06720586996403079,,-13.530890804597703,80,87,17.947340871021776,4.416450066424074,12.5,66.66666666666666,-0.7698120784742994,-0.4002332829834199,0.0
momentum+strength+duration+move+curve+cand_copper_gold+cand_sofr_ted_spread+cand_inflation_1y,動能 (10Y-SMA125) + 強度 (NQ 52W區間) + 存續期間避險 (TLT-SHY) + 波動度 (MOVE偏態) + 殖利率曲線 (10Y-2Y) + 銅金比報酬差 + SOFR-3M利差 + 1年通膨預期價差,8,-0.021566089956932762,-0.0031780145480615053,,-13.557917794098694,130,0,13.557917794098694,0.0,27.692307692307693,0.0,-0.8689489540488194,-0.02674926869117663,0.0
strength+curve+inflation+cand_copper_gold+cand_credit_spread+cand_swap_spread+cand_inflation_1y,強度 (NQ 52W區間) + 殖利率曲線 (10Y-2Y) + 通膨意外 (CPI-10YBE) + 銅金比報酬差 + IG企業債利差 + 10Y Swap Spread + 1年通膨預期價差,7,-0.02760202800548376,-0.008820602079321409,,-13.568660847349374,77,61,11.154321390502293,-2.4143394568470806,38.961038961038966,50.81967213114754,0.25775117281308574,-1.2693120523776213,-4.92456363447119
momentum+duration+curve+inflation+cand_swap_spread+cand_sofr_ted_spread+cand_inflation_1y,動能 (10Y-SMA125) + 存續期間避險 (TLT-SHY) + 殖利率曲線 (10Y-2Y) + 通膨意外 (CPI-10YBE) + 10Y Swap Spread + SOFR-3M利差 + 1年通膨預期價差,7,-0.06283844843873534,-0.08566454013941846,,-13.573865261265675,164,0,13.573865261265675,0.0,26.21951219512195,0.0,-1.4281049404239599,-0.15892352628822154,0.0
strength+cand_inflation_1y,強度 (NQ 52W區間) + 1年通膨預期價差,2,-0.04498371392256883,-0.07193996200992123,,-13.584379776116322,172,563,12.698794359393867,-0.8855854167224552,31.3953488372093,54.52930728241563,-0.24307847933121624,-1.015847330165413,0.0
momentum+strength+duration+curve+inflation+cand_swap_spread+cand_inflation_1y,動能 (10Y-SMA125) + 強度 (NQ 52W區間) + 存續期間避險 (TLT-SHY) + 殖利率曲線 (10Y-2Y) + 通膨意外 (CPI-10YBE) + 10Y Swap Spread + 1年通膨預期價差,7,-0.058733858601255816,-0.08414139659599124,,-13.587134502923968,171,45,14.710864262834638,1.1237297599106704,26.31578947368421,62.22222222222222,-0.9670365859953233,-0.369299111180876,0.0
momentum+strength+duration+move+curve+inflation+cand_copper_gold+cand_credit_spread+cand_sofr_ted_spread+cand_inflation_1y,動能 (10Y-SMA125) + 強度 (NQ 52W區間) + 存續期間避險 (TLT-SHY) + 波動度 (MOVE偏態) + 殖利率曲線 (10Y-2Y) + 通膨意外 (CPI-10YBE) + 銅金比報酬差 + IG企業債利差 + SOFR-3M利差 + 1年通膨預期價差,10,-0.037733250180665985,-0.01819692128770831,,-13.588687024867932,130,0,13.588687024867932,0.0,30.76923076923077,0.0,-0.8220977039655122,-0.4964157668962006,0.0
momentum+strength+duration+inflation,動能 (10Y-SMA125) + 強度 (NQ 52W區間) + 存續期間避險 (TLT-SHY) + 通膨意外 (CPI-10YBE),4,-0.06502576843922821,-0.10629773901435621,,-13.589162561576353,290,406,7.438289146883843,-6.15087341469251,34.13793103448276,43.34975369458128,-0.9345679931313469,0.25838020058678773,0.0
momentum+strength+duration+inflation+cand_copper_gold+cand_swap_spread,動能 (10Y-SMA125) + 強度 (NQ 52W區間) + 存續期間避險 (TLT-SHY) + 通膨意外 (CPI-10YBE) + 銅金比報酬差 + 10Y Swap Spread,6,-0.027946528859443032,-0.01926609008208489,,-13.602990033222595,86,133,6.809259475672939,-6.793730557549655,32.55813953488372,42.857142857142854,-0.2226633153384096,-0.15466960607264824,0.0
momentum+strength+move+cand_copper_gold+cand_sofr_ted_spread,動能 (10Y-SMA125) + 強度 (NQ 52W區間) + 波動度 (MOVE偏態) + 銅金比報酬差 + SOFR-3M利差,5,0.007052159411187616,0.05265687004778069,,-13.610119047619037,80,21,19.197340871021773,5.587221823402737,18.75,47.61904761904761,0.0799062483321452,-0.09856221663199749,-1.2334732100336545
duration+move+inflation+cand_copper_gold+cand_credit_spread,存續期間避險 (TLT-SHY) + 波動度 (MOVE偏態) + 通膨意外 (CPI-10YBE) + 銅金比報酬差 + IG企業債利差,5,-0.024609852348589308,-0.022855325417503243,,-13.6124031007752,129,47,9.247243971796967,-4.365159128978234,34.10852713178294,59.57446808510638,-0.5204718853035903,-0.729647786701183,0.0
duration+curve+inflation+cand_copper_gold+cand_swap_spread+cand_inflation_1y,存續期間避險 (TLT-SHY) + 殖利率曲線 (10Y-2Y) + 通膨意外 (CPI-10YBE) + 銅金比報酬差 + 10Y Swap Spread + 1年通膨預期價差,6,-0.04380343929016049,-0.04719245200285714,,-13.621374865735767,49,38,15.12463678938912,1.5032619236533524,28.57142857142857,63.1578947368421,-0.7187371490083422,-0.6535316313187997,0.0
momentum+strength+move+curve+inflation+cand_copper_gold+cand_sofr_ted_spread+cand_inflation_1y,動能 (10Y-SMA125) + 強度 (NQ 52W區間) + 波動度 (MOVE偏態) + 殖利率曲線 (10Y-2Y) + 通膨意外 (CPI-10YBE) + 銅金比報酬差 + SOFR-3M利差 + 1年通膨預期價差,8,-0.032085980505863095,-0.00027901311555683054,,-13.627748672440212,141,0,13.627748672440212,0.0,28.368794326241137,0.0,-0.6781155241526075,-0.7252100601202545,0.0
momentum+duration+curve+inflation+cand_copper_gold+cand_credit_spread,動能 (10Y-SMA125) + 存續期間避險 (TLT-SHY) + 殖利率曲線 (10Y-2Y) + 通膨意外 (CPI-10YBE) + 銅金比報酬差 + IG企業債利差,6,-0.03745215981228828,-0.018713994015192807,,-13.633333333333333,228,5,3.4681742043551096,-10.165159128978223,42.98245614035088,0.0,-0.6775935774946149,0.4409885463507348,0.0
strength+duration+cand_copper_gold+cand_swap_spread+cand_sofr_ted_spread,強度 (NQ 52W區間) + 存續期間避險 (TLT-SHY) + 銅金比報酬差 + 10Y Swap Spread + SOFR-3M利差,5,0.003111774902330304,0.0390961139122215,,-13.639735099337756,15,151,16.234840871021785,2.5951057716840285,20.0,57.615894039735096,0.6610158659001958,-0.35343448101614405,-0.53468380904114
momentum+duration+move+curve+inflation+cand_copper_gold+cand_credit_spread+cand_sofr_ted_spread+cand_inflation_1y,動能 (10Y-SMA125) + 存續期間避險 (TLT-SHY) + 波動度 (MOVE偏態) + 殖利率曲線 (10Y-2Y) + 通膨意外 (CPI-10YBE) + 銅金比報酬差 + IG企業債利差 + SOFR-3M利差 + 1年通膨預期價差,9,-0.041294603769530036,-0.025376979037039428,,-13.661156660495461,114,0,13.661156660495461,0.0,30.701754385964914,0.0,-1.0678519003148104,-0.2974391965957612,0.0
momentum+strength+cand_swap_spread+cand_sofr_ted_spread+cand_inflation_1y,動能 (10Y-SMA125) + 強度 (NQ 52W區間) + 10Y Swap Spread + SOFR-3M利差 + 1年通膨預期價差,5,-0.031413008865593874,-0.05020618571051855,,-13.676200204290087,44,89,24.816659052839956,11.14045884854987,20.454545454545457,77.52808988764045,-0.43221348351497973,-0.7506207852936475,0.0
curve+cand_credit_spread+cand_inflation_1y,殖利率曲線 (10Y-2Y) + IG企業債利差 + 1年通膨預期價差,3,-0.050044329478312555,-0.047810317583238865,,-13.6852998065764,188,55,13.283777041234538,-0.4015227653418619,27.659574468085108,45.45454545454545,-0.7536432994990119,-1.1196803689186905,0.0
momentum+strength+move+inflation+cand_credit_spread,動能 (10Y-SMA125) + 強度 (NQ 52W區間) + 波動度 (MOVE偏態) + 通膨意外 (CPI-10YBE) + IG企業債利差,5,-0.04116359926110224,-0.05765929442297884,,-13.710317460317464,144,84,10.440396426577328,-3.269921033740136,32.63888888888889,47.61904761904761,-0.5707039493929178,-0.9518198728052258,0.0
move+cand_credit_spread+cand_inflation_1y,波動度 (MOVE偏態) + IG企業債利差 + 1年通膨預期價差,3,-0.03567776762244889,-0.07496539713115852,,-13.715789473684218,152,95,14.055893502600728,0.34010402891650965,20.394736842105264,56.84210526315789,-0.8220106715431513,-1.208775559485913,0.0
momentum+strength+duration+inflation+cand_copper_gold+cand_credit_spread+cand_swap_spread+cand_inflation_1y,動能 (10Y-SMA125) + 強度 (NQ 52W區間) + 存續期間避險 (TLT-SHY) + 通膨意外 (CPI-10YBE) + 銅金比報酬差 + IG企業債利差 + 10Y Swap Spread + 1年通膨預期價差,8,-0.035109006542004266,-0.03200742261894146,,-13.730234029095525,102,31,10.977978125923737,-2.7522559031717884,34.31372549019608,51.61290322580645,-0.38693525705003384,-0.5971378830214997,0.0
strength+duration+inflation+cand_credit_spread+cand_swap_spread,強度 (NQ 52W區間) + 存續期間避險 (TLT-SHY) + 通膨意外 (CPI-10YBE) + IG企業債利差 + 10Y Swap Spread,5,-0.03656822231428003,-0.049420993111679884,,-13.797794117647058,96,187,10.197340871021774,-3.600453246625284,30.208333333333332,45.98930481283423,-0.15633733902977592,-1.0402278107923044,0.0
strength+duration+curve+cand_sofr_ted_spread+cand_inflation_1y,強度 (NQ 52W區間) + 存續期間避險 (TLT-SHY) + 殖利率曲線 (10Y-2Y) + SOFR-3M利差 + 1年通膨預期價差,5,-0.05971503454712756,-0.07769327886750217,,-13.801915708812261,174,45,12.858978802056255,-0.9429369067560063,29.310344827586203,48.888888888888886,-0.997884937488655,-0.2505030484443158,0.0
momentum+strength+move+curve+cand_copper_gold+cand_sofr_ted_spread+cand_inflation_1y,動能 (10Y-SMA125) + 強度 (NQ 52W區間) + 波動度 (MOVE偏態) + 殖利率曲線 (10Y-2Y) + 銅金比報酬差 + SOFR-3M利差 + 1年通膨預期價差,7,-0.011361765382657306,0.037922381298293485,,-13.81066504684595,91,0,13.81066504684595,0.0,29.67032967032967,0.0,-0.5248023099899194,-0.3956247748148358,0.0
strength+duration+move+cand_copper_gold+cand_credit_spread,強度 (NQ 52W區間) + 存續期間避險 (TLT-SHY) + 波動度 (MOVE偏態) + 銅金比報酬差 + IG企業債利差,5,-0.015260989386776457,-0.007130841288489524,,-13.839903564214502,103,149,9.790180676847015,-4.049722887367488,32.038834951456316,48.322147651006716,0.02319116777335109,-0.5009559340632351,-21.60115173841665
momentum+cand_credit_spread+cand_swap_spread+cand_inflation_1y,動能 (10Y-SMA125) + IG企業債利差 + 10Y Swap Spread + 1年通膨預期價差,4,-0.02051666529440608,-0.06396826830738411,,-13.879919851152145,51,137,20.850527145531586,6.97060729437944,19.607843137254903,68.61313868613139,-0.4489663049612885,-1.1016924156134373,0.0
momentum+move+curve+cand_copper_gold+cand_inflation_1y,動能 (10Y-SMA125) + 波動度 (MOVE偏態) + 殖利率曲線 (10Y-2Y) + 銅金比報酬差 + 1年通膨預期價差,5,-0.01750140282807548,0.0052813624332979,,-13.97222222222223,144,6,17.607063093243998,3.634840871021767,24.305555555555554,100.0,-0.8834843648469297,-0.19250028088024143,0.0
momentum+duration+move+curve+inflation+cand_sofr_ted_spread+cand_inflation_1y,動能 (10Y-SMA125) + 存續期間避險 (TLT-SHY) + 波動度 (MOVE偏態) + 殖利率曲線 (10Y-2Y) + 通膨意外 (CPI-10YBE) + SOFR-3M利差 + 1年通膨預期價差,7,-0.05772457072955498,-0.0777113901698965,,-13.987519442450346,224,0,13.987519442450346,0.0,26.785714285714285,0.0,-1.6174010038505122,-0.08370184853878698,0.0
momentum+strength+duration+move+cand_credit_spread+cand_swap_spread+cand_sofr_ted_spread,動能 (10Y-SMA125) + 強度 (NQ 52W區間) + 存續期間避險 (TLT-SHY) + 波動度 (MOVE偏態) + IG企業債利差 + 10Y Swap Spread + SOFR-3M利差,7,-0.030115506125540797,-0.04754417723968182,,-13.988888888888898,44,45,22.134840871021776,8.145951982132878,18.181818181818183,71.11111111111111,-0.5269966569441896,-0.5730233397601563,0.0
inflation+cand_credit_spread+cand_swap_spread+cand_inflation_1y,通膨意外 (CPI-10YBE) + IG企業債利差 + 10Y Swap Spread + 1年通膨預期價差,4,-0.02846598461507941,-0.04108376304782157,,-13.990533680889019,197,111,9.030779957316195,-4.959753723572824,38.07106598984771,47.74774774774775,-0.25565060231497405,-2.275566444188454,0.0
strength+duration+move+curve+inflation+cand_credit_spread+cand_inflation_1y,強度 (NQ 52W區間) + 存續期間避險 (TLT-SHY) + 波動度 (MOVE偏態) + 殖利率曲線 (10Y-2Y) + 通膨意外 (CPI-10YBE) + IG企業債利差 + 1年通膨預期價差,7,-0.06487251844942597,-0.07876210446518796,,-13.991005254583419,146,0,13.991005254583419,0.0,29.45205479452055,0.0,-1.0235864048313945,-1.1540941280582253,0.0
strength+duration+move+curve+inflation+cand_credit_spread+cand_sofr_ted_spread+cand_inflation_1y,強度 (NQ 52W區間) + 存續期間避險 (TLT-SHY) + 波動度 (MOVE偏態) + 殖利率曲線 (10Y-2Y) + 通膨意外 (CPI-10YBE) + IG企業債利差 + SOFR-3M利差 + 1年通膨預期價差,8,-0.062275395631690524,-0.06690144164507347,,-13.991005254583419,146,0,13.991005254583419,0.0,29.45205479452055,0.0,-1.0751808796101188,-1.0864020108079748,0.0
momentum+curve+inflation+cand_inflation_1y,動能 (10Y-SMA125) + 殖利率曲線 (10Y-2Y) + 通膨意外 (CPI-10YBE) + 1年通膨預期價差,4,-0.06382972162942947,-0.07663092184256894,,-14.011397370653096,288,131,13.058451982132887,-0.9529453885202088,27.430555555555557,51.908396946564885,-1.2191264382222193,-0.10559634968179119,0.0
momentum+strength+move+curve+cand_copper_gold+cand_sofr_ted_spread,動能 (10Y-SMA125) + 強度 (NQ 52W區間) + 波動度 (MOVE偏態) + 殖利率曲線 (10Y-2Y) + 銅金比報酬差 + SOFR-3M利差,6,-0.013737465319469053,0.024145718738554353,,-14.03547990155865,92,53,12.689188697108728,-1.346291204449922,29.347826086956523,32.075471698113205,-0.11753123657490104,-0.10141794826000089,0.0
momentum+curve+inflation+cand_credit_spread+cand_swap_spread+cand_sofr_ted_spread+cand_inflation_1y,動能 (10Y-SMA125) + 殖利率曲線 (10Y-2Y) + 通膨意外 (CPI-10YBE) + IG企業債利差 + 10Y Swap Spread + SOFR-3M利差 + 1年通膨預期價差,7,-0.04008439623006463,-0.026865772648125116,,-14.072936109117018,105,0,14.072936109117018,0.0,31.428571428571427,0.0,-0.9432029150819472,-1.2090962653675288,0.0
momentum+curve+inflation+cand_credit_spread+cand_swap_spread+cand_inflation_1y,動能 (10Y-SMA125) + 殖利率曲線 (10Y-2Y) + 通膨意外 (CPI-10YBE) + IG企業債利差 + 10Y Swap Spread + 1年通膨預期價差,6,-0.04737027201419725,-0.05333799553119964,,-14.072936109117018,105,0,14.072936109117018,0.0,31.428571428571427,0.0,-0.8532692754159178,-0.9559801042637602,0.0
momentum+move+cand_copper_gold,動能 (10Y-SMA125) + 波動度 (MOVE偏態) + 銅金比報酬差,3,0.004834669349200754,0.024290300095911974,,-14.089407313997475,122,65,14.462709723480787,0.37330240948331184,29.508196721311474,61.53846153846154,-0.35617680449324896,0.27583593938423157,0.0
strength+move+curve+inflation+cand_copper_gold+cand_credit_spread+cand_swap_spread+cand_sofr_ted_spread+cand_inflation_1y,強度 (NQ 52W區間) + 波動度 (MOVE偏態) + 殖利率曲線 (10Y-2Y) + 通膨意外 (CPI-10YBE) + 銅金比報酬差 + IG企業債利差 + 10Y Swap Spread + SOFR-3M利差 + 1年通膨預期價差,9,-0.029905438142982167,-0.012411821534251938,,-14.094840871021772,50,0,14.094840871021772,0.0,40.0,0.0,0.0342338812496181,-1.5417487408942863,-45.03575652589744
momentum+strength+duration+move+curve+inflation+cand_credit_spread+cand_sofr_ted_spread+cand_inflation_1y,動能 (10Y-SMA125) + 強度 (NQ 52W區間) + 存續期間避險 (TLT-SHY) + 波動度 (MOVE偏態) + 殖利率曲線 (10Y-2Y) + 通膨意外 (CPI-10YBE) + IG企業債利差 + SOFR-3M利差 + 1年通膨預期價差,9,-0.05625007945457388,-0.06267304300970818,,-14.137543573724477,185,0,14.137543573724477,0.0,25.945945945945947,0.0,-1.1653040839377036,-0.6097134413441242,0.0
strength+move+curve,強度 (NQ 52W區間) + 波動度 (MOVE偏態) + 殖利率曲線 (10Y-2Y),3,-0.04850369593588948,-0.06293553141859888,,-14.151569352480863,145,401,11.758978802056255,-2.392590550424608,38.62068965517241,41.64588528678304,-0.22339868888032738,-1.0557521966584005,0.0
momentum+strength+duration+move+curve+cand_copper_gold+cand_credit_spread+cand_sofr_ted_spread,動能 (10Y-SMA125) + 強度 (NQ 52W區間) + 存續期間避險 (TLT-SHY) + 波動度 (MOVE偏態) + 殖利率曲線 (10Y-2Y) + 銅金比報酬差 + IG企業債利差 + SOFR-3M利差,8,-0.023782308981596577,-0.0011082583414427525,,-14.189922480620151,129,24,5.324763351641928,-8.865159128978222,40.310077519379846,16.666666666666664,-0.44235838294624147,0.010570939173026485,0.0
momentum+strength+duration+curve+cand_copper_gold+cand_swap_spread,動能 (10Y-SMA125) + 強度 (NQ 52W區間) + 存續期間避險 (TLT-SHY) + 殖利率曲線 (10Y-2Y) + 銅金比報酬差 + 10Y Swap Spread,6,-0.0303847099687162,-0.021544442467135043,,-14.196987807793443,47,89,7.528457892298364,-6.668529915495079,29.78723404255319,44.9438202247191,-0.10316944058557906,0.09900265448948418,0.0
duration+move+curve+inflation+cand_copper_gold+cand_credit_spread+cand_sofr_ted_spread+cand_inflation_1y,存續期間避險 (TLT-SHY) + 波動度 (MOVE偏態) + 殖利率曲線 (10Y-2Y) + 通膨意外 (CPI-10YBE) + 銅金比報酬差 + IG企業債利差 + SOFR-3M利差 + 1年通膨預期價差,8,-0.0449815842357551,-0.03161569229413412,,-14.212160458650642,97,0,14.212160458650642,0.0,28.865979381443296,0.0,-0.8944391022784419,-0.8053290139976846,0.0
momentum+duration+move+inflation+cand_copper_gold+cand_credit_spread,動能 (10Y-SMA125) + 存續期間避險 (TLT-SHY) + 波動度 (MOVE偏態) + 通膨意外 (CPI-10YBE) + 銅金比報酬差 + IG企業債利差,6,-0.030376739272580253,-0.030579163320452567,,-14.225806451612911,124,31,8.280002161344353,-5.945804290268558,32.25806451612903,61.29032258064516,-0.8365107203775644,-0.06960096028529485,0.0
momentum+move+curve+cand_copper_gold,動能 (10Y-SMA125) + 波動度 (MOVE偏態) + 殖利率曲線 (10Y-2Y) + 銅金比報酬差,4,-0.012823769176588829,0.01959859005042098,,-14.241448692152915,142,28,17.233432420317552,2.991983728164637,21.12676056338028,64.28571428571429,-0.4947736486422402,0.2852862145823928,0.0
strength+duration+move+cand_copper_gold+cand_swap_spread+cand_sofr_ted_spread,強度 (NQ 52W區間) + 存續期間避險 (TLT-SHY) + 波動度 (MOVE偏態) + 銅金比報酬差 + 10Y Swap Spread + SOFR-3M利差,6,-0.0012291689343605936,0.020838603964888035,,-14.244444444444449,18,75,12.745951982132889,-1.4984924623115603,33.33333333333333,50.66666666666667,0.2822260848604881,-0.7316878484117428,-2.592559255369452
strength+move+curve+inflation+cand_copper_gold+cand_credit_spread+cand_swap_spread+cand_inflation_1y,強度 (NQ 52W區間) + 波動度 (MOVE偏態) + 殖利率曲線 (10Y-2Y) + 通膨意外 (CPI-10YBE) + 銅金比報酬差 + IG企業債利差 + 10Y Swap Spread + 1年通膨預期價差,8,-0.03310693172291499,-0.025932200010690517,,-14.245714285714278,50,14,14.094840871021772,-0.15087341469250606,40.0,71.42857142857143,0.05822266472166558,-1.5835456780507884,-27.198096920176273
momentum+curve+inflation+cand_copper_gold+cand_swap_spread+cand_inflation_1y,動能 (10Y-SMA125) + 殖利率曲線 (10Y-2Y) + 通膨意外 (CPI-10YBE) + 銅金比報酬差 + 10Y Swap Spread + 1年通膨預期價差,6,-0.03356307718457389,-0.027539661150887764,,-14.25814111261872,67,44,15.097527438185951,0.839386325567231,31.343283582089555,70.45454545454545,-0.506036527706396,-0.48521845580837936,0.0
momentum+strength+duration+move+curve+inflation+cand_sofr_ted_spread+cand_inflation_1y,動能 (10Y-SMA125) + 強度 (NQ 52W區間) + 存續期間避險 (TLT-SHY) + 波動度 (MOVE偏態) + 殖利率曲線 (10Y-2Y) + 通膨意外 (CPI-10YBE) + SOFR-3M利差 + 1年通膨預期價差,8,-0.06006018373598056,-0.07811711797051947,,-14.326732762913663,185,0,14.326732762913663,0.0,25.945945945945947,0.0,-1.3088731267157867,-0.3868329061566674,0.0
strength+curve+cand_sofr_ted_spread+cand_inflation_1y,強度 (NQ 52W區間) + 殖利率曲線 (10Y-2Y) + SOFR-3M利差 + 1年通膨預期價差,4,-0.05056261257244336,-0.043140256786937684,,-14.36728184096605,165,133,16.483325719506624,2.116043878540572,24.848484848484848,57.14285714285714,-0.5506153999595648,-0.7479773647527124,0.0
momentum+duration+curve+inflation+cand_sofr_ted_spread,動能 (10Y-SMA125) + 存續期間避險 (TLT-SHY) + 殖利率曲線 (10Y-2Y) + 通膨意外 (CPI-10YBE) + SOFR-3M利差,5,-0.06485687125903274,-0.09008490939492285,,-14.367840375586855,355,48,3.9193479132752964,-10.448492462311558,40.563380281690144,16.666666666666664,-1.2629444304392008,0.95758011678708,0.0
momentum+move+curve+inflation+cand_copper_gold+cand_credit_spread+cand_swap_spread+cand_sofr_ted_spread,動能 (10Y-SMA125) + 波動度 (MOVE偏態) + 殖利率曲線 (10Y-2Y) + 通膨意外 (CPI-10YBE) + 銅金比報酬差 + IG企業債利差 + 10Y Swap Spread + SOFR-3M利差,8,-0.02221514358951608,0.01687368647423211,,-14.401507537688444,60,0,14.401507537688444,0.0,28.333333333333332,0.0,-0.14944170128325107,-1.1770401553213938,0.0
momentum+strength+inflation+cand_credit_spread+cand_swap_spread+cand_sofr_ted_spread,動能 (10Y-SMA125) + 強度 (NQ 52W區間) + 通膨意外 (CPI-10YBE) + IG企業債利差 + 10Y Swap Spread + SOFR-3M利差,6,-0.01806929983642012,0.0006139397644026757,,-14.40251763869854,99,0,14.40251763869854,0.0,26.262626262626267,0.0,-0.15002646664960279,-1.0383848777546942,0.0
momentum+strength+duration+curve+cand_copper_gold+cand_sofr_ted_spread+cand_inflation_1y,動能 (10Y-SMA125) + 強度 (NQ 52W區間) + 存續期間避險 (TLT-SHY) + 殖利率曲線 (10Y-2Y) + 銅金比報酬差 + SOFR-3M利差 + 1年通膨預期價差,7,-0.025852396960613096,-0.028118835556006087,,-14.415204678362572,171,9,13.605601104939902,-0.8096035734226698,27.485380116959064,22.22222222222222,-0.6858188245576424,0.4006465142612037,0.0
momentum+duration+move+inflation+cand_credit_spread+cand_swap_spread,動能 (10Y-SMA125) + 存續期間避險 (TLT-SHY) + 波動度 (MOVE偏態) + 通膨意外 (CPI-10YBE) + IG企業債利差 + 10Y Swap Spread,6,-0.040171302960585284,-0.07040177342887328,,-14.457840819542954,81,47,17.560766796947703,3.1029259774047504,20.98765432098765,63.829787234042556,-0.988317850171082,-0.7017538880862062,0.0
strength+curve+cand_copper_gold+cand_credit_spread+cand_swap_spread+cand_inflation_1y,強度 (NQ 52W區間) + 殖利率曲線 (10Y-2Y) + 銅金比報酬差 + IG企業債利差 + 10Y Swap Spread + 1年通膨預期價差,6,-0.013394538972993841,0.00476992915199924,,-14.460254372019081,34,74,11.311311459257071,-3.1489429127620094,38.23529411764706,44.5945945945946,0.5761158403424057,-1.0894466290065818,-1.8910200913050503
duration+move+inflation+cand_copper_gold+cand_inflation_1y,存續期間避險 (TLT-SHY) + 波動度 (MOVE偏態) + 通膨意外 (CPI-10YBE) + 銅金比報酬差 + 1年通膨預期價差,5,-0.045278977098135345,-0.06307812785082259,,-14.497899159663895,119,12,15.382740030685639,0.8848408710217437,24.369747899159663,66.66666666666666,-1.213377759489642,-0.760877235672899,0.0
momentum+strength+move+curve+cand_copper_gold+cand_credit_spread,動能 (10Y-SMA125) + 強度 (NQ 52W區間) + 波動度 (MOVE偏態) + 殖利率曲線 (10Y-2Y) + 銅金比報酬差 + IG企業債利差,6,-0.02220166126403473,-0.0039658681974130494,,-14.498205128205132,100,39,9.00484087102177,-5.493364257183363,37.0,33.33333333333333,-0.009424027628979648,-0.4139667427328982,0.0
momentum+strength+move+inflation+cand_inflation_1y,動能 (10Y-SMA125) + 強度 (NQ 52W區間) + 波動度 (MOVE偏態) + 通膨意外 (CPI-10YBE) + 1年通膨預期價差,5,-0.056930665026729034,-0.081469375248169,,-14.509031523729405,167,121,14.730649254255308,0.22161773052590236,26.34730538922156,59.50413223140496,-1.0786194831144802,-0.8764257603278304,0.0
momentum+duration+inflation+cand_inflation_1y,動能 (10Y-SMA125) + 存續期間避險 (TLT-SHY) + 通膨意外 (CPI-10YBE) + 1年通膨預期價差,4,-0.06431701950325854,-0.09755256756858417,,-14.509622687808925,377,227,7.990278536804269,-6.519344151004657,36.339522546419104,42.290748898678416,-1.4279298586832136,0.2935961730901622,0.0
strength+curve+cand_credit_spread+cand_inflation_1y,強度 (NQ 52W區間) + 殖利率曲線 (10Y-2Y) + IG企業債利差 + 1年通膨預期價差,4,-0.044309539373323506,-0.03988835043394948,,-14.589097952407304,139,130,14.570092669582927,-0.0190052828243779,30.215827338129497,50.76923076923077,-0.2578610732175815,-1.0352248520384402,0.0
momentum+move+cand_credit_spread+cand_swap_spread,動能 (10Y-SMA125) + 波動度 (MOVE偏態) + IG企業債利差 + 10Y Swap Spread,4,-0.008862613095350157,-0.04078800066471622,,-14.63993453355156,65,94,23.019456255637163,8.379521722085602,7.6923076923076925,72.3404255319149,-0.22514517449154164,-1.326130871802311,0.0
strength+duration+move+cand_credit_spread,強度 (NQ 52W區間) + 存續期間避險 (TLT-SHY) + 波動度 (MOVE偏態) + IG企業債利差,4,-0.0391076120847057,-0.06667992219181075,,-14.645535714285714,105,224,9.606269442450344,-5.039266271835371,38.095238095238095,38.839285714285715,-0.45437847633174083,-0.669996916560661,0.0
momentum+duration+curve+inflation+cand_copper_gold+cand_inflation_1y,動能 (10Y-SMA125) + 存續期間避險 (TLT-SHY) + 殖利率曲線 (10Y-2Y) + 通膨意外 (CPI-10YBE) + 銅金比報酬差 + 1年通膨預期價差,6,-0.05296873655373775,-0.051099076270579066,,-14.650549450549455,260,28,10.642533178714082,-4.008016271835374,31.538461538461537,50.0,-1.0467418994086508,0.30868364235478984,0.0
momentum+strength+move+inflation+cand_copper_gold+cand_credit_spread,動能 (10Y-SMA125) + 強度 (NQ 52W區間) + 波動度 (MOVE偏態) + 通膨意外 (CPI-10YBE) + 銅金比報酬差 + IG企業債利差,6,-0.019878687022624627,-0.0038786164892421478,,-14.65164912280703,125,57,8.426840871021778,-6.224808251785251,38.4,45.614035087719294,-0.10966076806906251,-0.7515789551667409,0.0
momentum+strength+duration+move+curve+inflation+cand_copper_gold+cand_sofr_ted_spread+cand_inflation_1y,動能 (10Y-SMA125) + 強度 (NQ 52W區間) + 存續期間避險 (TLT-SHY) + 波動度 (MOVE偏態) + 殖利率曲線 (10Y-2Y) + 通膨意外 (CPI-10YBE) + 銅金比報酬差 + SOFR-3M利差 + 1年通膨預期價差,9,-0.038503211121441,-0.027280809845907382,,-14.660318578028141,157,0,14.660318578028141,0.0,27.388535031847134,0.0,-0.9662455875097534,-0.315829054175464,0.0
duration+move+curve+cand_copper_gold+cand_credit_spread+cand_sofr_ted_spread,存續期間避險 (TLT-SHY) + 波動度 (MOVE偏態) + 殖利率曲線 (10Y-2Y) + 銅金比報酬差 + IG企業債利差 + SOFR-3M利差,6,-0.014636710913536478,0.00915222295676625,,-14.682926829268292,123,25,11.317767700290066,-3.3651591289782257,28.455284552845526,32.0,-0.38732315531927647,-0.18666491456636464,0.0
momentum+strength+duration+curve+inflation+cand_swap_spread+cand_sofr_ted_spread+cand_inflation_1y,動能 (10Y-SMA125) + 強度 (NQ 52W區間) + 存續期間避險 (TLT-SHY) + 殖利率曲線 (10Y-2Y) + 通膨意外 (CPI-10YBE) + 10Y Swap Spread + SOFR-3M利差 + 1年通膨預期價差,8,-0.05928961660951317,-0.07423349956562383,,-14.710864262834638,171,0,14.710864262834638,0.0,26.31578947368421,0.0,-1.0789952371439104,-0.40489958420349986,0.0
strength+move+inflation+cand_sofr_ted_spread,強度 (NQ 52W區間) + 波動度 (MOVE偏態) + 通膨意外 (CPI-10YBE) + SOFR-3M利差,4,-0.0544899479137882,-0.07193061967762386,,-14.719122173156697,141,159,13.54264228946149,-1.1764798836952064,32.62411347517731,65.40880503144653,-0.5196039290266274,-1.4636328149011446,0.0
strength+duration+move+curve+inflation+cand_sofr_ted_spread+cand_inflation_1y,強度 (NQ 52W區間) + 存續期間避險 (TLT-SHY) + 波動度 (MOVE偏態) + 殖利率曲線 (10Y-2Y) + 通膨意外 (CPI-10YBE) + SOFR-3M利差 + 1年通膨預期價差,7,-0.06785801803113532,-0.07959817858273073,,-14.732401846631527,164,0,14.732401846631527,0.0,25.609756097560975,0.0,-1.2986366090978605,-0.9923244459897629,0.0
strength+duration+move+curve+cand_copper_gold+cand_credit_spread,強度 (NQ 52W區間) + 存續期間避險 (TLT-SHY) + 波動度 (MOVE偏態) + 殖利率曲線 (10Y-2Y) + 銅金比報酬差 + IG企業債利差,6,-0.028530213486515302,-0.023858940142786427,,-14.765910102358701,107,63,7.924560497189994,-6.841349605168707,39.25233644859813,38.095238095238095,-0.14313417076826765,-0.5102103097692698,0.0
momentum+strength+duration+curve+cand_credit_spread+cand_swap_spread,動能 (10Y-SMA125) + 強度 (NQ 52W區間) + 存續期間避險 (TLT-SHY) + 殖利率曲線 (10Y-2Y) + IG企業債利差 + 10Y Swap Spread,6,-0.04101039135310652,-0.052878751868411594,,-14.768817204301081,78,62,10.968174204355108,-3.800642999945973,30.76923076923077,54.83870967741935,-0.3926104772929179,-0.17489572309264564,0.0
strength+duration+cand_swap_spread,強度 (NQ 52W區間) + 存續期間避險 (TLT-SHY) + 10Y Swap Spread,3,-0.03026479250762792,-0.05740085576992274,,-14.81418453669093,17,598,13.928958518080599,-0.8852260186103319,17.647058823529413,50.836120401337794,0.0723836817161005,-0.5429892658556319,-7.501542515968116
momentum+curve+inflation+cand_copper_gold+cand_sofr_ted_spread+cand_inflation_1y,動能 (10Y-SMA125) + 殖利率曲線 (10Y-2Y) + 通膨意外 (CPI-10YBE) + 銅金比報酬差 + SOFR-3M利差 + 1年通膨預期價差,6,-0.0359208751184494,0.002089691465341939,,-14.816925734024181,193,18,12.785099938379288,-2.0318257956448926,31.088082901554404,50.0,-0.7382252759818011,0.034671365904307104,0.0
duration+curve+inflation+cand_credit_spread+cand_swap_spread+cand_sofr_ted_spread+cand_inflation_1y,存續期間避險 (TLT-SHY) + 殖利率曲線 (10Y-2Y) + 通膨意外 (CPI-10YBE) + IG企業債利差 + 10Y Swap Spread + SOFR-3M利差 + 1年通膨預期價差,7,-0.061896429813372476,-0.06707777819119909,,-14.81776770029007,82,0,14.81776770029007,0.0,26.82926829268293,0.0,-1.136715028534961,-1.3389023237079252,0.0
momentum+strength+duration+curve+cand_sofr_ted_spread+cand_inflation_1y,動能 (10Y-SMA125) + 強度 (NQ 52W區間) + 存續期間避險 (TLT-SHY) + 殖利率曲線 (10Y-2Y) + SOFR-3M利差 + 1年通膨預期價差,6,-0.05151971090177066,-0.07480415151514845,,-14.826679841897231,220,46,9.548477234658137,-5.278202607239096,33.63636363636363,36.95652173913043,-1.0474209862234691,0.43103034931912504,0.0
move+curve+inflation+cand_copper_gold+cand_credit_spread+cand_swap_spread+cand_sofr_ted_spread+cand_inflation_1y,波動度 (MOVE偏態) + 殖利率曲線 (10Y-2Y) + 通膨意外 (CPI-10YBE) + 銅金比報酬差 + IG企業債利差 + 10Y Swap Spread + SOFR-3M利差 + 1年通膨預期價差,8,-0.024671212713100448,-0.013956243660510691,,-14.843174204355108,48,0,14.843174204355108,0.0,35.41666666666667,0.0,-0.13551381835407322,-1.8040314441854761,0.0
momentum+curve+inflation+cand_copper_gold+cand_credit_spread+cand_swap_spread,動能 (10Y-SMA125) + 殖利率曲線 (10Y-2Y) + 通膨意外 (CPI-10YBE) + 銅金比報酬差 + IG企業債利差 + 10Y Swap Spread,6,-0.022006201936702066,0.01641455424838641,,-14.844155844155853,77,8,3.478996715177622,-11.365159128978231,49.35064935064935,0.0,0.06895222937026257,-0.5508552145950597,-7.988939873677677
duration+move+curve+cand_inflation_1y,存續期間避險 (TLT-SHY) + 波動度 (MOVE偏態) + 殖利率曲線 (10Y-2Y) + 1年通膨預期價差,4,-0.06995068635809826,-0.11139433082154247,,-14.879905808477249,196,13,21.05320821796055,6.1733024094833,16.3265306122449,69.23076923076923,-1.6955681302960763,-0.5128671453838584,0.0
strength+cand_sofr_ted_spread+cand_inflation_1y,強度 (NQ 52W區間) + SOFR-3M利差 + 1年通膨預期價差,3,-0.03357219314534139,-0.03780584558097362,,-14.88632801018909,173,236,12.542355321888829,-2.3439726883002607,30.63583815028902,58.47457627118644,-0.5028614643016918,-0.7558901856405604,0.0
momentum+strength+curve+inflation+cand_swap_spread,動能 (10Y-SMA125) + 強度 (NQ 52W區間) + 殖利率曲線 (10Y-2Y) + 通膨意外 (CPI-10YBE) + 10Y Swap Spread,5,-0.047899303930638126,-0.0583471769024499,,-14.932815964523282,110,205,8.953022689203596,-5.979793275319686,34.54545454545455,39.02439024390244,-0.30728991884298706,-0.4645424465903416,0.0
momentum+strength+duration+move+curve+cand_sofr_ted_spread,動能 (10Y-SMA125) + 強度 (NQ 52W區間) + 存續期間避險 (TLT-SHY) + 波動度 (MOVE偏態) + 殖利率曲線 (10Y-2Y) + SOFR-3M利差,6,-0.0475487365151559,-0.05456132625117418,,-14.942361761949387,176,97,10.680295416476318,-4.26206634547307,34.659090909090914,38.144329896907216,-0.997770948092022,0.2925588681627575,0.0
momentum+strength+curve+cand_copper_gold+cand_swap_spread,動能 (10Y-SMA125) + 強度 (NQ 52W區間) + 殖利率曲線 (10Y-2Y) + 銅金比報酬差 + 10Y Swap Spread,5,-0.027082343982727828,-0.007309221966861004,,-14.955988455988448,22,126,15.225749961930866,0.2697615059424176,27.27272727272727,57.936507936507944,0.5817537492046457,-0.21517693399222004,-0.3698763167171724
momentum+strength+move+curve+cand_credit_spread+cand_swap_spread+cand_inflation_1y,動能 (10Y-SMA125) + 強度 (NQ 52W區間) + 波動度 (MOVE偏態) + 殖利率曲線 (10Y-2Y) + IG企業債利差 + 10Y Swap Spread + 1年通膨預期價差,7,-0.044516696340241586,-0.06200032557214272,,-14.967741935483893,31,1,34.602582806505644,19.63484087102175,6.451612903225806,100.0,-0.48363382786993037,-1.2470008577626133,0.0
strength+duration+move+inflation+cand_copper_gold+cand_credit_spread+cand_swap_spread+cand_sofr_ted_spread,強度 (NQ 52W區間) + 存續期間避險 (TLT-SHY) + 波動度 (MOVE偏態) + 通膨意外 (CPI-10YBE) + 銅金比報酬差 + IG企業債利差 + 10Y Swap Spread + SOFR-3M利差,8,-0.01892034410681868,-0.0016924835940501399,,-14.968421052631596,60,19,11.234840871021776,-3.7335801816098204,43.333333333333336,52.63157894736842,0.03668793502091784,-1.1097289837323159,-30.247790809147403
strength+move+cand_copper_gold+cand_inflation_1y,強度 (NQ 52W區間) + 波動度 (MOVE偏態) + 銅金比報酬差 + 1年通膨預期價差,4,-0.014754936718574606,-0.004870182891700606,,-14.996460176991151,65,113,20.834840871021775,5.838380694030624,18.461538461538463,71.68141592920354,0.0867035623461612,-0.9889630784919151,-11.406256579672144
duration+move+inflation+cand_swap_spread+cand_inflation_1y,存續期間避險 (TLT-SHY) + 波動度 (MOVE偏態) + 通膨意外 (CPI-10YBE) + 10Y Swap Spread + 1年通膨預期價差,5,-0.05844262371842805,-0.11796577653022015,,-15.007150595882997,71,65,24.05737608228938,9.050225486406383,11.267605633802818,64.61538461538461,-1.2980531021545476,-1.3385248373519636,0.0
move+inflation+cand_copper_gold+cand_swap_spread+cand_inflation_1y,波動度 (MOVE偏態) + 通膨意外 (CPI-10YBE) + 銅金比報酬差 + 10Y Swap Spread + 1年通膨預期價差,5,-0.018856994148406456,-0.0442045989718153,,-15.011396011396013,81,39,10.005211241392145,-5.006184770003867,40.74074074074074,58.97435897435898,-0.0851433281494946,-1.8288856036629937,0.0
cand_credit_spread+cand_swap_spread+cand_inflation_1y,IG企業債利差 + 10Y Swap Spread + 1年通膨預期價差,3,-8.312092718063717e-06,-0.033150100094699146,,-15.029220779220786,77,308,16.206269442450353,1.1770486632295662,18.181818181818183,59.09090909090909,0.06843895763713304,-2.1341054570707927,-31.182611932606168
strength+duration+move+curve+inflation+cand_copper_gold+cand_sofr_ted_spread+cand_inflation_1y,強度 (NQ 52W區間) + 存續期間避險 (TLT-SHY) + 波動度 (MOVE偏態) + 殖利率曲線 (10Y-2Y) + 通膨意外 (CPI-10YBE) + 銅金比報酬差 + SOFR-3M利差 + 1年通膨預期價差,8,-0.043390410925502276,-0.02438870747730989,,-15.093487487563127,133,0,15.093487487563127,0.0,26.31578947368421,0.0,-0.8253040936072102,-0.8046887632034595,0.0
momentum+curve+inflation+cand_copper_gold+cand_swap_spread+cand_sofr_ted_spread+cand_inflation_1y,動能 (10Y-SMA125) + 殖利率曲線 (10Y-2Y) + 通膨意外 (CPI-10YBE) + 銅金比報酬差 + 10Y Swap Spread + SOFR-3M利差 + 1年通膨預期價差,7,-0.019954957369611864,0.013449154239653144,,-15.097527438185951,67,0,15.097527438185951,0.0,31.343283582089555,0.0,-0.5347094522503788,-0.5539251159664685,0.0
strength+duration+move+curve+inflation,強度 (NQ 52W區間) + 存續期間避險 (TLT-SHY) + 波動度 (MOVE偏態) + 殖利率曲線 (10Y-2Y) + 通膨意外 (CPI-10YBE),5,-0.0715155140830701,-0.09886668416810643,,-15.194249284413216,183,126,9.8370266633715,-5.357222621041716,33.87978142076503,43.65079365079365,-0.9536931642339523,-0.7286471191721251,0.0
strength+duration+move+inflation+cand_copper_gold+cand_inflation_1y,強度 (NQ 52W區間) + 存續期間避險 (TLT-SHY) + 波動度 (MOVE偏態) + 通膨意外 (CPI-10YBE) + 銅金比報酬差 + 1年通膨預期價差,6,-0.04467406173246857,-0.04394605808850416,,-15.211519364448861,106,38,11.398991814418,-3.8125275500308615,31.132075471698112,57.89473684210527,-0.7854479099007903,-0.8734145084264124,0.0
move+curve+inflation+cand_copper_gold+cand_swap_spread+cand_inflation_1y,波動度 (MOVE偏態) + 殖利率曲線 (10Y-2Y) + 通膨意外 (CPI-10YBE) + 銅金比報酬差 + 10Y Swap Spread + 1年通膨預期價差,6,-0.03610469126337869,-0.049454434223027484,,-15.217171717171723,36,11,19.57928531546622,4.3621135982944965,27.77777777777778,100.0,-0.28107970190213477,-1.6285832683112809,0.0
momentum+strength+move+cand_inflation_1y,動能 (10Y-SMA125) + 強度 (NQ 52W區間) + 波動度 (MOVE偏態) + 1年通膨預期價差,4,-0.03967087753942284,-0.06311624280783011,,-15.224231213872837,125,173,17.338840871021777,2.114609657148939,26.400000000000002,60.69364161849711,-0.8886078620227118,-0.6250610063513736,0.0
strength+duration+move+curve+cand_copper_gold+cand_credit_spread+cand_inflation_1y,強度 (NQ 52W區間) + 存續期間避險 (TLT-SHY) + 波動度 (MOVE偏態) + 殖利率曲線 (10Y-2Y) + 銅金比報酬差 + IG企業債利差 + 1年通膨預期價差,7,-0.037285845134963407,-0.022423236687603928,,-15.234001292824823,91,17,10.986489222670125,-4.2475120701546984,36.26373626373626,23.52941176470588,-0.4828147031418354,-0.7063872834075222,0.0
momentum+duration+inflation+cand_credit_spread+cand_sofr_ted_spread,動能 (10Y-SMA125) + 存續期間避險 (TLT-SHY) + 通膨意外 (CPI-10YBE) + IG企業債利差 + SOFR-3M利差,5,-0.05344105920635316,-0.07310013856664832,,-15.263028372900985,314,44,6.466051062104576,-8.796977310796409,36.30573248407643,45.45454545454545,-1.2508864681641727,0.7264558612164407,0.0
strength+move+inflation+cand_inflation_1y,強度 (NQ 52W區間) + 波動度 (MOVE偏態) + 通膨意外 (CPI-10YBE) + 1年通膨預期價差,4,-0.06222626519411464,-0.09638580138574368,,-15.286412512218966,132,124,16.44544693162783,1.1590344194088642,27.27272727272727,51.61290322580645,-0.9009715192598304,-1.597079120868884,0.0
momentum+strength+move+curve+inflation+cand_credit_spread+cand_sofr_ted_spread+cand_inflation_1y,動能 (10Y-SMA125) + 強度 (NQ 52W區間) + 波動度 (MOVE偏態) + 殖利率曲線 (10Y-2Y) + 通膨意外 (CPI-10YBE) + IG企業債利差 + SOFR-3M利差 + 1年通膨預期價差,8,-0.052876996070474386,-0.04026284193459315,,-15.360955520703303,157,0,15.360955520703303,0.0,28.02547770700637,0.0,-0.9432002052678493,-1.0568391373163206,0.0
momentum+strength+move+curve+inflation+cand_credit_spread+cand_inflation_1y,動能 (10Y-SMA125) + 強度 (NQ 52W區間) + 波動度 (MOVE偏態) + 殖利率曲線 (10Y-2Y) + 通膨意外 (CPI-10YBE) + IG企業債利差 + 1年通膨預期價差,7,-0.05747060307132339,-0.05988393445645041,,-15.360955520703303,157,0,15.360955520703303,0.0,28.02547770700637,0.0,-0.8876069807154598,-1.0713151976457032,0.0
duration+curve+cand_credit_spread+cand_swap_spread+cand_inflation_1y,存續期間避險 (TLT-SHY) + 殖利率曲線 (10Y-2Y) + IG企業債利差 + 10Y Swap Spread + 1年通膨預期價差,5,-0.06005899849140225,-0.10008520693875071,,-15.374727668845324,27,17,38.59780383398474,23.223076165139418,7.4074074074074066,100.0,-0.9455148262508085,-1.04061916417657,0.0
duration+curve+cand_credit_spread+cand_swap_spread+cand_sofr_ted_spread+cand_inflation_1y,存續期間避險 (TLT-SHY) + 殖利率曲線 (10Y-2Y) + IG企業債利差 + 10Y Swap Spread + SOFR-3M利差 + 1年通膨預期價差,6,-0.06268495730965694,-0.09502054415560456,,-15.374727668845324,27,17,38.59780383398474,23.223076165139418,7.4074074074074066,100.0,-1.0354125006126356,-0.927731382725862,0.0
duration+move+inflation+cand_sofr_ted_spread+cand_inflation_1y,存續期間避險 (TLT-SHY) + 波動度 (MOVE偏態) + 通膨意外 (CPI-10YBE) + SOFR-3M利差 + 1年通膨預期價差,5,-0.07365786855308484,-0.11516224903774175,,-15.380786816967722,185,0,15.380786816967722,0.0,25.405405405405407,0.0,-1.8905856184002716,-0.8390018797673049,0.0
duration+curve+inflation+cand_copper_gold+cand_credit_spread+cand_swap_spread,存續期間避險 (TLT-SHY) + 殖利率曲線 (10Y-2Y) + 通膨意外 (CPI-10YBE) + 銅金比報酬差 + IG企業債利差 + 10Y Swap Spread,6,-0.03237673985462494,-0.0055784892485651666,,-15.38090646094502,61,17,8.192217920202104,-7.188688540742917,36.0655737704918,35.294117647058826,-0.08221386598213853,-0.7170683304873283,0.0
momentum+strength+duration+inflation+cand_credit_spread+cand_swap_spread,動能 (10Y-SMA125) + 強度 (NQ 52W區間) + 存續期間避險 (TLT-SHY) + 通膨意外 (CPI-10YBE) + IG企業債利差 + 10Y Swap Spread,6,-0.03646646729290844,-0.05694185717501694,,-15.389807015673313,113,83,12.289708127658942,-3.1000988880143696,27.43362831858407,55.42168674698795,-0.4895102859197589,-0.4591172420804021,0.0
momentum+duration+curve+cand_credit_spread+cand_swap_spread+cand_sofr_ted_spread,動能 (10Y-SMA125) + 存續期間避險 (TLT-SHY) + 殖利率曲線 (10Y-2Y) + IG企業債利差 + 10Y Swap Spread + SOFR-3M利差,6,-0.050325455139490244,-0.05235324338194834,,-15.390396426577336,45,0,15.390396426577336,0.0,26.666666666666668,0.0,-0.9216060593119607,0.38482406513983375,0.0
duration+move+curve+inflation+cand_copper_gold+cand_sofr_ted_spread,存續期間避險 (TLT-SHY) + 波動度 (MOVE偏態) + 殖利率曲線 (10Y-2Y) + 通膨意外 (CPI-10YBE) + 銅金比報酬差 + SOFR-3M利差,6,-0.032182830384170004,-0.012654040416279327,,-15.39954675337471,136,0,15.39954675337471,0.0,30.88235294117647,0.0,-0.7407602572404077,-0.3947421314234748,0.0
curve+inflation+cand_inflation_1y,殖利率曲線 (10Y-2Y) + 通膨意外 (CPI-10YBE) + 1年通膨預期價差,3,-0.08102312935461693,-0.10029693262388008,,-15.401378160112364,256,89,15.013747121021778,-0.38763103909058516,26.5625,57.30337078651685,-1.1121751716488273,-0.9902192758277256,0.0
momentum+duration+curve+inflation+cand_copper_gold+cand_credit_spread+cand_sofr_ted_spread,動能 (10Y-SMA125) + 存續期間避險 (TLT-SHY) + 殖利率曲線 (10Y-2Y) + 通膨意外 (CPI-10YBE) + 銅金比報酬差 + IG企業債利差 + SOFR-3M利差,7,-0.03073913153678126,-0.005963236534674523,,-15.421359223300968,206,5,5.256200094322746,-10.165159128978223,41.262135922330096,0.0,-0.677756286856845,0.5933531893438535,0.0
momentum+strength+inflation+cand_sofr_ted_spread,動能 (10Y-SMA125) + 強度 (NQ 52W區間) + 通膨意外 (CPI-10YBE) + SOFR-3M利差,4,-0.049585040676146705,-0.053330805928910055,,-15.424291497975709,285,156,4.982209292074406,-10.442082205901302,40.0,35.8974358974359,-0.7894951820539711,-0.08055176181819503,0.0
strength+inflation+cand_inflation_1y,強度 (NQ 52W區間) + 通膨意外 (CPI-10YBE) + 1年通膨預期價差,3,-0.06355276898562062,-0.08149231189312815,,-15.424551971326164,180,558,15.35150753768844,-0.0730444336377249,25.555555555555554,57.52688172043011,-0.6952513855520149,-1.269547680500262,0.0
cand_credit_spread+cand_swap_spread+cand_sofr_ted_spread+cand_inflation_1y,IG企業債利差 + 10Y Swap Spread + SOFR-3M利差 + 1年通膨預期價差,4,0.013937820327206502,-0.005625048397901389,,-15.4334935897436,78,192,16.057917794098707,0.624424204355106,17.94871794871795,59.895833333333336,-0.06942332903669107,-1.4180802813415736,0.0
strength+duration+inflation,強度 (NQ 52W區間) + 存續期間避險 (TLT-SHY) + 通膨意外 (CPI-10YBE),3,-0.07618413021126759,-0.11854044348457783,,-15.439523336643495,265,475,7.948048418191585,-7.491474918451909,33.9622641509434,40.421052631578945,-0.8329257696001326,-0.37230457403066697,0.0
momentum+strength+duration+inflation+cand_copper_gold+cand_sofr_ted_spread+cand_inflation_1y,動能 (10Y-SMA125) + 強度 (NQ 52W區間) + 存續期間避險 (TLT-SHY) + 通膨意外 (CPI-10YBE) + 銅金比報酬差 + SOFR-3M利差 + 1年通膨預期價差,7,-0.04791968827284132,-0.0366083002914785,,-15.441620879120876,182,16,13.01396175014265,-2.4276591289782257,27.472527472527474,43.75,-0.8214831967024864,0.06270983341106272,0.0
momentum+strength+move+curve+inflation+cand_sofr_ted_spread+cand_inflation_1y,動能 (10Y-SMA125) + 強度 (NQ 52W區間) + 波動度 (MOVE偏態) + 殖利率曲線 (10Y-2Y) + 通膨意外 (CPI-10YBE) + SOFR-3M利差 + 1年通膨預期價差,7,-0.05508451719421414,-0.05259026035206542,,-15.471098180963294,171,0,15.471098180963294,0.0,25.146198830409354,0.0,-1.126915255363188,-0.8777689042872066,0.0
momentum+curve+cand_credit_spread+cand_sofr_ted_spread+cand_inflation_1y,動能 (10Y-SMA125) + 殖利率曲線 (10Y-2Y) + IG企業債利差 + SOFR-3M利差 + 1年通膨預期價差,5,-0.04695144400695361,-0.05045464112126556,,-15.484551853680733,173,0,15.484551853680733,0.0,26.589595375722542,0.0,-1.0345246240066457,0.06825348551243708,0.0
momentum+strength+duration+inflation+cand_swap_spread,動能 (10Y-SMA125) + 強度 (NQ 52W區間) + 存續期間避險 (TLT-SHY) + 通膨意外 (CPI-10YBE) + 10Y Swap Spread,5,-0.04822123555546542,-0.07770991406945107,,-15.491884183070308,161,331,9.280803603941028,-6.211080579129281,25.465838509316768,40.78549848942598,-0.6604934912702641,-0.1939882174943435,0.0
momentum+strength+curve+cand_credit_spread+cand_sofr_ted_spread,動能 (10Y-SMA125) + 強度 (NQ 52W區間) + 殖利率曲線 (10Y-2Y) + IG企業債利差 + SOFR-3M利差,5,-0.03600163070393258,-0.011488493329143102,,-15.518911399008779,217,53,4.832997553049423,-10.685913845959355,43.31797235023041,11.320754716981133,-0.2970645024360092,0.03065028666490428,0.0
strength+duration+inflation+cand_swap_spread,強度 (NQ 52W區間) + 存續期間避險 (TLT-SHY) + 通膨意外 (CPI-10YBE) + 10Y Swap Spread,4,-0.052093791554685,-0.0854848872044175,,-15.52386784850927,73,425,9.662238131295748,-5.861629717213521,28.767123287671232,40.705882352941174,-0.3481459576527234,-0.721060863017559,0.0
momentum+duration+curve+cand_swap_spread,動能 (10Y-SMA125) + 存續期間避險 (TLT-SHY) + 殖利率曲線 (10Y-2Y) + 10Y Swap Spread,4,-0.052137504610141744,-0.08297505877182085,,-15.534391534391531,54,63,18.820026056206963,3.285634521815431,31.48148148148148,68.25396825396825,-1.0646362169252699,0.4200564630687641,0.0
momentum+move+curve+inflation+cand_copper_gold+cand_sofr_ted_spread+cand_inflation_1y,動能 (10Y-SMA125) + 波動度 (MOVE偏態) + 殖利率曲線 (10Y-2Y) + 通膨意外 (CPI-10YBE) + 銅金比報酬差 + SOFR-3M利差 + 1年通膨預期價差,7,-0.02851129547557584,0.011166866264358335,,-15.598869648000191,139,0,15.598869648000191,0.0,30.215827338129497,0.0,-0.9434059258492185,-0.540214318358441,0.0
strength+duration+curve+inflation+cand_credit_spread+cand_swap_spread,強度 (NQ 52W區間) + 存續期間避險 (TLT-SHY) + 殖利率曲線 (10Y-2Y) + 通膨意外 (CPI-10YBE) + IG企業債利差 + 10Y Swap Spread,6,-0.050714299018899435,-0.05674453052854984,,-15.609511889862333,85,47,11.223076165139423,-4.386435724722909,34.11764705882353,34.04255319148936,-0.2921299473164637,-0.9006451793300144,0.0
momentum+duration+curve+cand_sofr_ted_spread+cand_inflation_1y,動能 (10Y-SMA125) + 存續期間避險 (TLT-SHY) + 殖利率曲線 (10Y-2Y) + SOFR-3M利差 + 1年通膨預期價差,5,-0.053994099115849334,-0.07052397652965674,,-15.613636363636363,330,60,5.765143901324806,-9.848492462311558,40.60606060606061,23.333333333333332,-1.3660533652253088,1.0390241122191766,0.0
momentum+move+curve+cand_copper_gold+cand_credit_spread+cand_inflation_1y,動能 (10Y-SMA125) + 波動度 (MOVE偏態) + 殖利率曲線 (10Y-2Y) + 銅金比報酬差 + IG企業債利差 + 1年通膨預期價差,6,-0.022328555437133718,0.008038102097993981,,-15.647340871021777,80,0,15.647340871021777,0.0,26.25,0.0,-0.6638023494638543,-0.4840015619701975,0.0
momentum+strength+duration+move+curve+cand_credit_spread+cand_sofr_ted_spread,動能 (10Y-SMA125) + 強度 (NQ 52W區間) + 存續期間避險 (TLT-SHY) + 波動度 (MOVE偏態) + 殖利率曲線 (10Y-2Y) + IG企業債利差 + SOFR-3M利差,7,-0.04659677257878118,-0.042917071803024794,,-15.666233766233766,154,55,9.082892819073724,-6.5833409471600435,35.714285714285715,34.54545454545455,-0.8406177455636181,-0.03098204354934206,0.0
strength+move+cand_credit_spread+cand_swap_spread+cand_inflation_1y,強度 (NQ 52W區間) + 波動度 (MOVE偏態) + IG企業債利差 + 10Y Swap Spread + 1年通膨預期價差,5,-0.030669952561903906,-0.07892146400924155,,-15.688181818181821,44,175,18.203022689203596,2.5148408710217742,31.818181818181817,62.28571428571429,0.07884665171859091,-1.8022271370622223,-22.85737057667958
strength+duration+cand_inflation_1y,強度 (NQ 52W區間) + 存續期間避險 (TLT-SHY) + 1年通膨預期價差,3,-0.06285614409067551,-0.09995687259020801,,-15.691077524775446,178,339,12.85394199461728,-2.8371355301581667,29.213483146067414,53.392330383480825,-0.8443470690503037,-0.37424151595411154,0.0
strength+duration+move+curve+inflation+cand_copper_gold+cand_credit_spread+cand_swap_spread+cand_sofr_ted_spread,強度 (NQ 52W區間) + 存續期間避險 (TLT-SHY) + 波動度 (MOVE偏態) + 殖利率曲線 (10Y-2Y) + 通膨意外 (CPI-10YBE) + 銅金比報酬差 + IG企業債利差 + 10Y Swap Spread + SOFR-3M利差,9,-0.03423061286954333,-0.009439824624678746,,-15.710312569134981,53,0,15.710312569134981,0.0,35.84905660377358,0.0,-0.08775485849561888,-1.083186427659148,0.0
momentum+curve+inflation+cand_swap_spread+cand_inflation_1y,動能 (10Y-SMA125) + 殖利率曲線 (10Y-2Y) + 通膨意外 (CPI-10YBE) + 10Y Swap Spread + 1年通膨預期價差,5,-0.05289799970091023,-0.07750524741638873,,-15.725806451612904,106,31,13.134840871021776,-2.5909655805911274,32.075471698113205,51.61290322580645,-1.0671297549712526,-0.5168171073413035,0.0
strength+duration+move+curve+cand_copper_gold+cand_credit_spread+cand_sofr_ted_spread+cand_inflation_1y,強度 (NQ 52W區間) + 存續期間避險 (TLT-SHY) + 波動度 (MOVE偏態) + 殖利率曲線 (10Y-2Y) + 銅金比報酬差 + IG企業債利差 + SOFR-3M利差 + 1年通膨預期價差,8,-0.03510922813589679,-0.014159029412078314,,-15.760869565217398,92,16,11.145710436239169,-4.615159128978228,35.869565217391305,18.75,-0.4992202086184414,-0.5831944759661359,0.0
momentum+curve+cand_copper_gold+cand_sofr_ted_spread+cand_inflation_1y,動能 (10Y-SMA125) + 殖利率曲線 (10Y-2Y) + 銅金比報酬差 + SOFR-3M利差 + 1年通膨預期價差,5,-0.012380472388458432,0.03555485822789511,,-15.763757115749526,186,17,13.457421516183064,-2.3063355995664607,31.182795698924732,47.05882352941176,-0.5964084215946833,0.5614289231548867,0.0
strength+move+cand_sofr_ted_spread+cand_inflation_1y,強度 (NQ 52W區間) + 波動度 (MOVE偏態) + SOFR-3M利差 + 1年通膨預期價差,4,-0.03976776168072558,-0.05506701860731648,,-15.78404182768811,83,53,21.683033642106114,5.898991814418003,20.481927710843372,62.264150943396224,-0.7545218505718719,-1.0322770343832843,0.0
momentum+strength+duration+move+curve+cand_copper_gold+cand_sofr_ted_spread,動能 (10Y-SMA125) + 強度 (NQ 52W區間) + 存續期間避險 (TLT-SHY) + 波動度 (MOVE偏態) + 殖利率曲線 (10Y-2Y) + 銅金比報酬差 + SOFR-3M利差,7,-0.02325771367783604,-0.0034539356140381875,,-15.793674418604654,125,43,8.730840871021776,-7.062833547582878,32.800000000000004,16.27906976744186,-0.5808248196925905,0.28669190739882894,0.0
momentum+duration+move+cand_credit_spread+cand_swap_spread+cand_inflation_1y,動能 (10Y-SMA125) + 存續期間避險 (TLT-SHY) + 波動度 (MOVE偏態) + IG企業債利差 + 10Y Swap Spread + 1年通膨預期價差,6,-0.04669622650402342,-0.10610102976859251,,-15.798663777537021,71,78,22.677094392148543,6.878430614611522,8.450704225352112,66.66666666666666,-1.0326040462237018,-0.729472528327729,0.0
move+curve+cand_copper_gold+cand_inflation_1y,波動度 (MOVE偏態) + 殖利率曲線 (10Y-2Y) + 銅金比報酬差 + 1年通膨預期價差,4,-0.02113397229421817,-0.003151381442629394,,-15.80163883735312,147,44,15.913752435647623,0.1121135982945025,27.2108843537415,40.909090909090914,-0.5393690871497471,-0.9604487914451609,0.0
momentum+strength+move+cand_credit_spread+cand_sofr_ted_spread,動能 (10Y-SMA125) + 強度 (NQ 52W區間) + 波動度 (MOVE偏態) + IG企業債利差 + SOFR-3M利差,5,-0.018200749047921717,-0.01502847504199269,,-15.803804347826079,92,80,14.776145218847855,-1.0276591289782242,29.347826086956523,43.75,-0.4105253428196862,-0.41050951504986094,0.0
duration+move+inflation+cand_copper_gold+cand_sofr_ted_spread+cand_inflation_1y,存續期間避險 (TLT-SHY) + 波動度 (MOVE偏態) + 通膨意外 (CPI-10YBE) + 銅金比報酬差 + SOFR-3M利差 + 1年通膨預期價差,6,-0.045310546186240114,-0.05049367273661633,,-15.836763947944851,104,0,15.836763947944851,0.0,27.884615384615387,0.0,-1.2121595819487474,-0.6539286720457133,0.0
momentum+duration+inflation+cand_copper_gold+cand_sofr_ted_spread,動能 (10Y-SMA125) + 存續期間避險 (TLT-SHY) + 通膨意外 (CPI-10YBE) + 銅金比報酬差 + SOFR-3M利差,5,-0.03667173658642815,-0.013466395010143968,,-15.84,288,25,5.634840871021775,-10.205159128978226,40.27777777777778,16.0,-0.8896254829959223,1.0938364144133368,0.0
strength+cand_credit_spread+cand_swap_spread+cand_sofr_ted_spread+cand_inflation_1y,強度 (NQ 52W區間) + IG企業債利差 + 10Y Swap Spread + SOFR-3M利差 + 1年通膨預期價差,5,-0.003126265385979954,-0.025748244977935448,,-15.873275862068974,40,145,23.059840871021784,7.18656500895281,22.5,73.79310344827587,0.22590817774868632,-1.323031129610591,-5.856499498138617
momentum+inflation+cand_credit_spread+cand_swap_spread+cand_sofr_ted_spread,動能 (10Y-SMA125) + 通膨意外 (CPI-10YBE) + IG企業債利差 + 10Y Swap Spread + SOFR-3M利差,5,-0.014622685861419597,-0.0010161458414681497,,-15.902446504824594,142,0,15.902446504824594,0.0,20.422535211267608,0.0,-0.46945448942045775,-1.221989622693322,0.0
momentum+strength+duration+move+inflation+cand_copper_gold+cand_credit_spread,動能 (10Y-SMA125) + 強度 (NQ 52W區間) + 存續期間避險 (TLT-SHY) + 波動度 (MOVE偏態) + 通膨意外 (CPI-10YBE) + 銅金比報酬差 + IG企業債利差,7,-0.03089511130964337,-0.026158954888064887,,-15.903703703703709,135,50,7.938544574725476,-7.965159128978232,36.2962962962963,50.0,-0.5230689321376478,-0.3433779500715831,0.0
momentum+move+inflation+cand_copper_gold+cand_swap_spread+cand_sofr_ted_spread,動能 (10Y-SMA125) + 波動度 (MOVE偏態) + 通膨意外 (CPI-10YBE) + 銅金比報酬差 + 10Y Swap Spread + SOFR-3M利差,6,-0.0012677507729472802,0.02962681517083197,,-15.909350674943346,51,0,15.909350674943346,0.0,33.33333333333333,0.0,-0.12159516130276184,-0.9577833027176664,0.0
momentum+strength+duration+cand_inflation_1y,動能 (10Y-SMA125) + 強度 (NQ 52W區間) + 存續期間避險 (TLT-SHY) + 1年通膨預期價差,4,-0.05201614762436811,-0.08135445298960908,,-16.013081036610448,195,374,12.204071640252543,-3.8090093963579057,28.205128205128204,47.860962566844925,-0.9279095766655142,0.32786956906558107,0.0
move+inflation+cand_credit_spread+cand_inflation_1y,波動度 (MOVE偏態) + 通膨意外 (CPI-10YBE) + IG企業債利差 + 1年通膨預期價差,4,-0.05290636507886013,-0.08040167232722518,,-16.061855670103093,97,1,15.69669654112487,-0.3651591289782225,29.896907216494846,0.0,-1.046413693036238,-1.898115304817542,0.0
duration+inflation+cand_copper_gold+cand_swap_spread,存續期間避險 (TLT-SHY) + 通膨意外 (CPI-10YBE) + 銅金比報酬差 + 10Y Swap Spread,4,-0.016323664526337302,-0.003214041079316462,,-16.078124999999996,64,136,5.9629658710217734,-10.115159128978224,37.5,35.294117647058826,-0.01842457569968957,-0.4630896129783072,0.0
momentum+duration+curve+cand_copper_gold+cand_inflation_1y,動能 (10Y-SMA125) + 存續期間避險 (TLT-SHY) + 殖利率曲線 (10Y-2Y) + 銅金比報酬差 + 1年通膨預期價差,5,-0.035291609765626265,-0.03525403091769754,,-16.106143552311444,274,24,10.532651089999879,-5.573492462311563,31.751824817518248,50.0,-0.9706540636749239,0.788965595658304,0.0
momentum+strength+cand_inflation_1y,動能 (10Y-SMA125) + 強度 (NQ 52W區間) + 1年通膨預期價差,3,-0.04308124484581813,-0.059908794364195,,-16.14231717991565,177,426,15.324106407744937,-0.8182107721707148,25.98870056497175,54.22535211267606,-0.6194091732823648,-0.1419570323030149,0.0
momentum+duration+move+curve,動能 (10Y-SMA125) + 存續期間避險 (TLT-SHY) + 波動度 (MOVE偏態) + 殖利率曲線 (10Y-2Y),4,-0.053541504697023366,-0.07564228269215746,,-16.185232034152897,278,91,8.721171806273572,-7.464060227879322,31.654676258992804,30.76923076923077,-1.3897637696523732,0.6257888807479928,0.0
move+inflation+cand_credit_spread+cand_sofr_ted_spread+cand_inflation_1y,波動度 (MOVE偏態) + 通膨意外 (CPI-10YBE) + IG企業債利差 + SOFR-3M利差 + 1年通膨預期價差,5,-0.05012953231721477,-0.07068295892313461,,-16.202020202020204,99,1,15.836861073041982,-0.3651591289782225,27.27272727272727,0.0,-1.0859559386278685,-1.4003041440054138,0.0
strength+duration+move+cand_copper_gold+cand_sofr_ted_spread,強度 (NQ 52W區間) + 存續期間避險 (TLT-SHY) + 波動度 (MOVE偏態) + 銅金比報酬差 + SOFR-3M利差,5,-0.01078469959151893,0.015131240093082159,,-16.26325546903967,87,93,17.38196730780338,1.1187118387637085,19.54022988505747,53.76344086021505,-0.12199215040814208,-0.24687568096736082,0.0
momentum+strength+duration+move+curve+cand_copper_gold+cand_credit_spread,動能 (10Y-SMA125) + 強度 (NQ 52W區間) + 存續期間避險 (TLT-SHY) + 波動度 (MOVE偏態) + 殖利率曲線 (10Y-2Y) + 銅金比報酬差 + IG企業債利差,7,-0.02759981340646921,-0.017402332355064654,,-16.277787234042556,125,47,6.082840871021771,-10.194946363020785,38.4,29.78723404255319,-0.4262632766143029,-0.05204604106963748,0.0
momentum+move+curve+inflation+cand_credit_spread+cand_inflation_1y,動能 (10Y-SMA125) + 波動度 (MOVE偏態) + 殖利率曲線 (10Y-2Y) + 通膨意外 (CPI-10YBE) + IG企業債利差 + 1年通膨預期價差,6,-0.05877421237605642,-0.061988123081032444,,-16.30367203985294,154,0,16.30367203985294,0.0,25.97402597402597,0.0,-1.2527591017062976,-1.0283179573943741,0.0
duration+move+inflation+cand_sofr_ted_spread,存續期間避險 (TLT-SHY) + 波動度 (MOVE偏態) + 通膨意外 (CPI-10YBE) + SOFR-3M利差,4,-0.06445512299616274,-0.09476333028405315,,-16.326800847457626,236,32,11.6178917184794,-4.708909128978226,32.20338983050847,59.375,-1.7330405966487474,-0.5595026460140805,0.0
momentum+strength+cand_swap_spread,動能 (10Y-SMA125) + 強度 (NQ 52W區間) + 10Y Swap Spread,3,-0.018523578190918256,-0.03286621280839369,,-16.330927835051554,20,582,13.934840871021782,-2.396086964029772,25.0,47.250859106529205,0.29280534275972,-0.34011751829517667,-1.1615823505457061
momentum+strength+duration+move+curve,動能 (10Y-SMA125) + 強度 (NQ 52W區間) + 存續期間避險 (TLT-SHY) + 波動度 (MOVE偏態) + 殖利率曲線 (10Y-2Y),5,-0.053340947965959846,-0.07394652599574121,,-16.333685880486513,183,217,10.323365461185706,-6.010320419300807,34.97267759562842,39.1705069124424,-0.9561275522824852,0.17284245634322676,0.0
momentum+strength+move+cand_credit_spread+cand_swap_spread,動能 (10Y-SMA125) + 強度 (NQ 52W區間) + 波動度 (MOVE偏態) + IG企業債利差 + 10Y Swap Spread,5,-0.01176919781724845,-0.030291801939209294,,-16.35384615384616,45,130,17.834840871021775,1.4809947171756161,28.888888888888886,58.46153846153847,0.08773921322825406,-1.1479485095348458,-13.08364261881915
momentum+strength+duration+cand_credit_spread+cand_sofr_ted_spread,動能 (10Y-SMA125) + 強度 (NQ 52W區間) + 存續期間避險 (TLT-SHY) + IG企業債利差 + SOFR-3M利差,5,-0.041018548990497,-0.038802349620911364,,-16.362434831618998,235,151,6.447606828468582,-9.914828003150415,37.02127659574468,36.423841059602644,-0.6635564274506022,0.48700515127730487,0.0
momentum+strength+move+cand_credit_spread,動能 (10Y-SMA125) + 強度 (NQ 52W區間) + 波動度 (MOVE偏態) + IG企業債利差,4,-0.023768681180634542,-0.03745985923840022,,-16.384615384615383,91,156,13.634840871021769,-2.749774513593614,32.967032967032964,46.15384615384615,-0.2994091390235657,-0.5730109295398392,0.0
momentum+duration+inflation+cand_copper_gold+cand_credit_spread+cand_swap_spread,動能 (10Y-SMA125) + 存續期間避險 (TLT-SHY) + 通膨意外 (CPI-10YBE) + 銅金比報酬差 + IG企業債利差 + 10Y Swap Spread,6,-0.01966707113562849,-0.007407336976586453,,-16.402926829268296,100,41,7.354840871021775,-9.048085958246523,30.0,46.34146341463415,-0.3491951552736284,-0.15347990644633308,0.0
strength+duration+move+cand_copper_gold+cand_inflation_1y,強度 (NQ 52W區間) + 存續期間避險 (TLT-SHY) + 波動度 (MOVE偏態) + 銅金比報酬差 + 1年通膨預期價差,5,-0.03132983678590427,-0.025226928848512072,,-16.529230210602762,81,68,12.943482846330417,-3.585747364272346,29.629629629629626,48.529411764705884,-0.5700409269193678,-0.5944626441969013,0.0
momentum+strength+curve+inflation+cand_swap_spread+cand_inflation_1y,動能 (10Y-SMA125) + 強度 (NQ 52W區間) + 殖利率曲線 (10Y-2Y) + 通膨意外 (CPI-10YBE) + 10Y Swap Spread + 1年通膨預期價差,6,-0.05277395734414885,-0.06650338085000021,,-16.537614352962077,139,81,13.073689791885084,-3.4639245610769938,31.654676258992804,45.67901234567901,-0.6592305927675267,-0.6790191870140192,0.0
momentum+strength+inflation+cand_inflation_1y,動能 (10Y-SMA125) + 強度 (NQ 52W區間) + 通膨意外 (CPI-10YBE) + 1年通膨預期價差,4,-0.06094521532398733,-0.08510937541168605,,-16.545673362653037,188,358,13.448670658255816,-3.09700270439722,27.659574468085108,50.5586592178771,-0.8762447932194973,-0.479751586572996,0.0
duration+move+curve+inflation+cand_inflation_1y,存續期間避險 (TLT-SHY) + 波動度 (MOVE偏態) + 殖利率曲線 (10Y-2Y) + 通膨意外 (CPI-10YBE) + 1年通膨預期價差,5,-0.0705346324864308,-0.1090884518920102,,-16.58064516129033,186,3,17.54881936564543,0.9681742043550973,23.655913978494624,33.33333333333333,-1.6945660480841314,-0.8133158503298742,0.0
momentum+strength+duration+curve+inflation+cand_copper_gold+cand_sofr_ted_spread,動能 (10Y-SMA125) + 強度 (NQ 52W區間) + 存續期間避險 (TLT-SHY) + 殖利率曲線 (10Y-2Y) + 通膨意外 (CPI-10YBE) + 銅金比報酬差 + SOFR-3M利差,7,-0.04118658717170246,-0.034996969606828375,,-16.58333333333333,228,2,6.218174204355109,-10.36515912897822,39.03508771929825,0.0,-0.577571964166516,0.38731392910553963,0.0
momentum+move+curve+inflation+cand_sofr_ted_spread+cand_inflation_1y,動能 (10Y-SMA125) + 波動度 (MOVE偏態) + 殖利率曲線 (10Y-2Y) + 通膨意外 (CPI-10YBE) + SOFR-3M利差 + 1年通膨預期價差,6,-0.05079133432185751,-0.05217744091479203,,-16.623667686664234,179,0,16.623667686664234,0.0,27.37430167597765,0.0,-1.4837860453187461,-0.6477661121268743,0.0
momentum+duration+move+curve+cand_credit_spread+cand_inflation_1y,動能 (10Y-SMA125) + 存續期間避險 (TLT-SHY) + 波動度 (MOVE偏態) + 殖利率曲線 (10Y-2Y) + IG企業債利差 + 1年通膨預期價差,6,-0.06351362520557319,-0.08552428871480243,,-16.62442420435511,192,0,16.62442420435511,0.0,23.4375,0.0,-1.409951934799376,-0.09530033278265125,0.0
strength+inflation+cand_sofr_ted_spread+cand_inflation_1y,強度 (NQ 52W區間) + 通膨意外 (CPI-10YBE) + SOFR-3M利差 + 1年通膨預期價差,4,-0.06008162249025535,-0.06789426620211632,,-16.653603603603603,180,222,15.35150753768844,-1.3020960659151648,25.555555555555554,65.76576576576578,-0.8729230305382082,-1.30814708114188,0.0
strength+duration+move+curve+cand_copper_gold+cand_sofr_ted_spread,強度 (NQ 52W區間) + 存續期間避險 (TLT-SHY) + 波動度 (MOVE偏態) + 殖利率曲線 (10Y-2Y) + 銅金比報酬差 + SOFR-3M利差,6,-0.024112732089935092,0.0008658386852457875,,-16.666475425511567,83,63,14.285443280660326,-2.3810321448512415,26.506024096385545,28.57142857142857,-0.2719379776370119,-0.2570701857845724,0.0
momentum+strength+curve+inflation+cand_copper_gold+cand_swap_spread+cand_sofr_ted_spread,動能 (10Y-SMA125) + 強度 (NQ 52W區間) + 殖利率曲線 (10Y-2Y) + 通膨意外 (CPI-10YBE) + 銅金比報酬差 + 10Y Swap Spread + SOFR-3M利差,7,-0.03134644480833934,0.013607982402514238,,-16.76162790697675,86,4,2.146468777998518,-14.615159128978231,46.51162790697674,0.0,0.13643895972943385,-0.45276554994755724,-3.318447684190915
move+curve+cand_inflation_1y,波動度 (MOVE偏態) + 殖利率曲線 (10Y-2Y) + 1年通膨預期價差,3,-0.05345883671985572,-0.08265753558045827,,-16.77084257206209,205,44,17.47386526126568,0.7030226892035903,24.390243902439025,54.54545454545454,-1.3808430239331657,-1.2954786857296743,0.0
duration+move+curve+cand_copper_gold+cand_sofr_ted_spread,存續期間避險 (TLT-SHY) + 波動度 (MOVE偏態) + 殖利率曲線 (10Y-2Y) + 銅金比報酬差 + SOFR-3M利差,5,-0.017889747579270185,0.01309386462444124,,-16.821193609022558,133,32,12.612284480044332,-4.208909128978224,31.57894736842105,25.0,-0.5735569588983607,0.08042879645244906,0.0
momentum+strength+duration+inflation+cand_credit_spread,動能 (10Y-SMA125) + 強度 (NQ 52W區間) + 存續期間避險 (TLT-SHY) + 通膨意外 (CPI-10YBE) + IG企業債利差,5,-0.05277698171462818,-0.08158412772459556,,-16.82628846866889,248,174,7.570324741989515,-9.255963726679374,34.67741935483871,44.827586206896555,-0.7654592301281732,-0.013856067471040427,0.0
momentum+duration+move+cand_copper_gold+cand_credit_spread+cand_swap_spread,動能 (10Y-SMA125) + 存續期間避險 (TLT-SHY) + 波動度 (MOVE偏態) + 銅金比報酬差 + IG企業債利差 + 10Y Swap Spread,6,-0.0061574237348562735,-0.013385228064035979,,-16.865275142314992,31,68,23.441292483925004,6.57601734161001,12.903225806451612,70.58823529411765,-0.2959292822852312,-0.27438227591455583,0.0
strength+duration+cand_sofr_ted_spread+cand_inflation_1y,強度 (NQ 52W區間) + 存續期間避險 (TLT-SHY) + SOFR-3M利差 + 1年通膨預期價差,4,-0.05583525625210485,-0.0776808222109654,,-16.89629540340727,183,136,12.317900980311395,-4.578394423095873,30.05464480874317,56.61764705882353,-1.0114994684692835,-0.25998401810221555,0.0
momentum+strength+duration+cand_credit_spread+cand_inflation_1y,動能 (10Y-SMA125) + 強度 (NQ 52W區間) + 存續期間避險 (TLT-SHY) + IG企業債利差 + 1年通膨預期價差,5,-0.052247222013048565,-0.07419438982639925,,-16.903654485049834,168,86,13.49198372816463,-3.411670756885204,27.976190476190478,61.627906976744185,-0.8033957120815302,0.010160573644403087,0.0
momentum+strength+move+curve+cand_credit_spread+cand_inflation_1y,動能 (10Y-SMA125) + 強度 (NQ 52W區間) + 波動度 (MOVE偏態) + 殖利率曲線 (10Y-2Y) + IG企業債利差 + 1年通膨預期價差,6,-0.044517430472738935,-0.04363138325242472,,-16.94965568583659,108,0,16.94965568583659,0.0,27.77777777777778,0.0,-0.7805109251409142,-0.8146529834745825,0.0
momentum+strength+move+curve+cand_credit_spread+cand_sofr_ted_spread+cand_inflation_1y,動能 (10Y-SMA125) + 強度 (NQ 52W區間) + 波動度 (MOVE偏態) + 殖利率曲線 (10Y-2Y) + IG企業債利差 + SOFR-3M利差 + 1年通膨預期價差,7,-0.03898821520791951,-0.018666999440888756,,-16.94965568583659,108,0,16.94965568583659,0.0,27.77777777777778,0.0,-0.8419287976129112,-0.6790604312897542,0.0
duration+inflation+cand_copper_gold+cand_sofr_ted_spread+cand_inflation_1y,存續期間避險 (TLT-SHY) + 通膨意外 (CPI-10YBE) + 銅金比報酬差 + SOFR-3M利差 + 1年通膨預期價差,5,-0.0486422505348188,-0.0370316592651668,,-17.0,200,19,10.634840871021774,-6.365159128978227,33.0,42.10526315789473,-0.9879365909143627,-0.21830748950017695,0.0
curve+inflation+cand_credit_spread+cand_inflation_1y,殖利率曲線 (10Y-2Y) + 通膨意外 (CPI-10YBE) + IG企業債利差 + 1年通膨預期價差,4,-0.05911674327173521,-0.0574665183706704,,-17.055237676056336,192,71,14.337965871021774,-2.717271805034563,28.125,49.29577464788733,-0.849945725503195,-1.6659839281906155,0.0
momentum+strength+move+curve,動能 (10Y-SMA125) + 強度 (NQ 52W區間) + 波動度 (MOVE偏態) + 殖利率曲線 (10Y-2Y),4,-0.04519414370361509,-0.06167969258546549,,-17.077480490523968,138,260,13.75078290000728,-3.3266975905166856,27.536231884057973,43.07692307692308,-0.6300907624207758,-0.2654851327886447,0.0
strength+duration+move+curve+cand_sofr_ted_spread,強度 (NQ 52W區間) + 存續期間避險 (TLT-SHY) + 波動度 (MOVE偏態) + 殖利率曲線 (10Y-2Y) + SOFR-3M利差,5,-0.051980928536453634,-0.05114567789543487,,-17.084848484848486,135,132,14.901507537688442,-2.1833409471600427,26.666666666666668,38.63636363636363,-0.8261484784756524,-0.3884586283721346,0.0
strength+move+curve+cand_copper_gold+cand_inflation_1y,強度 (NQ 52W區間) + 波動度 (MOVE偏態) + 殖利率曲線 (10Y-2Y) + 銅金比報酬差 + 1年通膨預期價差,5,-0.028053785323280032,-0.008036159257799116,,-17.097619047619048,60,70,20.418174204355108,3.3205551567360594,28.333333333333332,52.85714285714286,-0.15235847055234394,-0.9836191869576909,0.0
duration+move+curve+cand_credit_spread,存續期間避險 (TLT-SHY) + 波動度 (MOVE偏態) + 殖利率曲線 (10Y-2Y) + IG企業債利差,4,-0.05162958475777554,-0.06792078696506382,,-17.213291241703093,174,71,11.594610985964305,-5.618680255738789,31.60919540229885,30.985915492957744,-1.035392759100727,-0.49112523731506846,0.0
momentum+duration+curve+cand_copper_gold+cand_swap_spread,動能 (10Y-SMA125) + 存續期間避險 (TLT-SHY) + 殖利率曲線 (10Y-2Y) + 銅金比報酬差 + 10Y Swap Spread,5,-0.02692805003514027,-0.021245376496046322,,-17.22159090909091,16,44,16.19734087102178,-1.0242500380691295,31.25,59.09090909090909,-0.478736951962156,0.45693345787666345,0.0
momentum+duration+move+cand_copper_gold+cand_swap_spread,動能 (10Y-SMA125) + 存續期間避險 (TLT-SHY) + 波動度 (MOVE偏態) + 銅金比報酬差 + 10Y Swap Spread,5,-0.010184870264414935,-0.022229774138986576,,-17.23660714285714,42,96,17.44436468054558,0.2077575376884413,19.047619047619047,56.25,-0.4841038458271543,0.0371231876394786,0.0
momentum+strength+duration+move+curve+cand_credit_spread,動能 (10Y-SMA125) + 強度 (NQ 52W區間) + 存續期間避險 (TLT-SHY) + 波動度 (MOVE偏態) + 殖利率曲線 (10Y-2Y) + IG企業債利差,6,-0.04833731726690706,-0.059937866799436884,,-17.248051948051955,154,100,9.082892819073724,-8.165159128978232,35.714285714285715,34.0,-0.7950050571333436,-0.10543813149125975,0.0
momentum+strength+duration+move+cand_copper_gold,動能 (10Y-SMA125) + 強度 (NQ 52W區間) + 存續期間避險 (TLT-SHY) + 波動度 (MOVE偏態) + 銅金比報酬差,5,-0.018720742678987823,-0.011911914361944399,,-17.26961707470182,108,118,9.616322352503254,-7.653294722198565,29.629629629629626,35.59322033898305,-0.48748136910491907,0.20955209311478956,0.0
strength+move+inflation,強度 (NQ 52W區間) + 波動度 (MOVE偏態) + 通膨意外 (CPI-10YBE),3,-0.05833739052260984,-0.08648194491889896,,-17.278368794326237,141,484,12.663209665348012,-4.615159128978226,34.751773049645394,46.90082644628099,-0.4115585153281542,-1.4641677352300473,0.0
strength+duration+move+curve+cand_credit_spread+cand_sofr_ted_spread,強度 (NQ 52W區間) + 存續期間避險 (TLT-SHY) + 波動度 (MOVE偏態) + 殖利率曲線 (10Y-2Y) + IG企業債利差 + SOFR-3M利差,6,-0.04431135601687058,-0.04206665089493912,,-17.280397022332505,117,93,12.506635742816645,-4.773761279515861,32.47863247863248,31.182795698924732,-0.6137737639083839,-0.5332041893197065,0.0
momentum+strength+duration+move+cand_credit_spread+cand_swap_spread+cand_inflation_1y,動能 (10Y-SMA125) + 強度 (NQ 52W區間) + 存續期間避險 (TLT-SHY) + 波動度 (MOVE偏態) + IG企業債利差 + 10Y Swap Spread + 1年通膨預期價差,7,-0.0447225065374661,-0.08058266955541454,,-17.297916666666673,40,96,26.60984087102178,9.31192420435511,17.5,77.08333333333334,-0.6900560342826314,-0.8462123972577457,0.0
momentum+cand_copper_gold+cand_credit_spread+cand_swap_spread,動能 (10Y-SMA125) + 銅金比報酬差 + IG企業債利差 + 10Y Swap Spread,4,0.0349199375950866,0.06174758241179174,,-17.29929221435794,23,129,21.678319131891342,4.3790269175334,8.695652173913043,62.7906976744186,0.6736960938230655,-0.2814601683419965,-0.4177850679596149
momentum+inflation+cand_sofr_ted_spread,動能 (10Y-SMA125) + 通膨意外 (CPI-10YBE) + SOFR-3M利差,3,-0.04760062638300255,-0.039660064395493425,,-17.33463755174933,485,127,2.678139840093939,-14.65649771165539,47.42268041237113,30.708661417322837,-1.2845290498918251,0.8564211444708009,0.0
duration+move+curve+cand_copper_gold,存續期間避險 (TLT-SHY) + 波動度 (MOVE偏態) + 殖利率曲線 (10Y-2Y) + 銅金比報酬差,4,-0.027844772501679778,-0.013813095083338906,,-17.338819875776394,161,40,12.423660746798175,-4.915159128978221,29.81366459627329,30.0,-0.6846326347828545,-0.01324644512990187,0.0
momentum+inflation+cand_sofr_ted_spread+cand_inflation_1y,動能 (10Y-SMA125) + 通膨意外 (CPI-10YBE) + SOFR-3M利差 + 1年通膨預期價差,4,-0.05203091161699257,-0.05833559250784012,,-17.347479665799813,341,106,8.265339404746115,-9.082140261053699,39.882697947214076,33.9622641509434,-1.3597978966667497,-0.04224601815076351,0.0
momentum+strength+duration+inflation+cand_inflation_1y,動能 (10Y-SMA125) + 強度 (NQ 52W區間) + 存續期間避險 (TLT-SHY) + 通膨意外 (CPI-10YBE) + 1年通膨預期價差,5,-0.06489125758737428,-0.09409180816846176,,-17.3714686435584,217,276,11.745439949362787,-5.6260286941956155,27.64976958525346,46.01449275362319,-1.0905340826113872,-0.05104483034794877,0.0
momentum+strength+move+curve+cand_sofr_ted_spread,動能 (10Y-SMA125) + 強度 (NQ 52W區間) + 波動度 (MOVE偏態) + 殖利率曲線 (10Y-2Y) + SOFR-3M利差,5,-0.038350546447183366,-0.03076855919631326,,-17.424353243938775,138,107,13.75078290000728,-3.6735703439314955,27.536231884057973,38.31775700934579,-0.6663413094038246,-0.1987078120385125,0.0
momentum+strength+inflation+cand_credit_spread+cand_swap_spread,動能 (10Y-SMA125) + 強度 (NQ 52W區間) + 通膨意外 (CPI-10YBE) + IG企業債利差 + 10Y Swap Spread,5,-0.025159459378258264,-0.027599488913710807,,-17.434343434343436,99,123,14.40251763869854,-3.0318257956448957,26.262626262626267,51.21951219512195,-0.01059812421528811,-0.900237931231653,0.0
momentum+strength+duration+move+curve+cand_copper_gold,動能 (10Y-SMA125) + 強度 (NQ 52W區間) + 存續期間避險 (TLT-SHY) + 波動度 (MOVE偏態) + 殖利率曲線 (10Y-2Y) + 銅金比報酬差,6,-0.0327281966184905,-0.028043089311957373,,-17.44641828308047,127,82,8.532478666297365,-8.913939616783106,33.85826771653544,26.82926829268293,-0.5739409170340568,0.1999513061881741,0.0
strength+duration+move+cand_copper_gold+cand_credit_spread+cand_swap_spread+cand_inflation_1y,強度 (NQ 52W區間) + 存續期間避險 (TLT-SHY) + 波動度 (MOVE偏態) + 銅金比報酬差 + IG企業債利差 + 10Y Swap Spread + 1年通膨預期價差,7,-0.025877708005303705,-0.04458366130338249,,-17.45457930007446,34,79,19.899546753374715,2.4449674533002557,20.588235294117645,63.29113924050633,-0.0331443681366463,-1.0851730089172757,0.0
momentum+strength+move+curve+inflation+cand_inflation_1y,動能 (10Y-SMA125) + 強度 (NQ 52W區間) + 波動度 (MOVE偏態) + 殖利率曲線 (10Y-2Y) + 通膨意外 (CPI-10YBE) + 1年通膨預期價差,6,-0.06213052645508033,-0.08022016217839059,,-17.461257309941523,171,56,15.471098180963294,-1.9901591289782274,25.146198830409354,53.57142857142857,-1.0650746402945033,-0.7815965744204725,0.0
momentum+curve+inflation+cand_credit_spread+cand_swap_spread,動能 (10Y-SMA125) + 殖利率曲線 (10Y-2Y) + 通膨意外 (CPI-10YBE) + IG企業債利差 + 10Y Swap Spread,5,-0.042376081913500396,-0.03181049383216724,,-17.465826786514743,71,0,17.465826786514743,0.0,25.352112676056336,0.0,-0.46877545658183783,-0.6482754255057115,0.0
momentum+curve+inflation+cand_credit_spread+cand_swap_spread+cand_sofr_ted_spread,動能 (10Y-SMA125) + 殖利率曲線 (10Y-2Y) + 通膨意外 (CPI-10YBE) + IG企業債利差 + 10Y Swap Spread + SOFR-3M利差,6,-0.02847279792862171,0.0140387932992117,,-17.465826786514743,71,0,17.465826786514743,0.0,25.352112676056336,0.0,-0.5464089892526814,-0.8696582033020496,0.0
duration+move+inflation+cand_credit_spread,存續期間避險 (TLT-SHY) + 波動度 (MOVE偏態) + 通膨意外 (CPI-10YBE) + IG企業債利差,4,-0.05672112257702287,-0.09447216850787733,,-17.567275747508308,172,42,13.059259475672933,-4.508016271835376,22.093023255813954,61.904761904761905,-1.1888013187663788,-1.0000255072009263,0.0
momentum+duration+move+inflation,動能 (10Y-SMA125) + 存續期間避險 (TLT-SHY) + 波動度 (MOVE偏態) + 通膨意外 (CPI-10YBE),4,-0.06083659111864317,-0.09909075547894625,,-17.57840170958255,313,151,9.027812117028162,-8.550589592554388,34.504792332268366,44.370860927152314,-1.581224722801832,0.17748475285964876,0.0
duration+move+curve+cand_credit_spread+cand_swap_spread+cand_sofr_ted_spread,存續期間避險 (TLT-SHY) + 波動度 (MOVE偏態) + 殖利率曲線 (10Y-2Y) + IG企業債利差 + 10Y Swap Spread + SOFR-3M利差,6,-0.045659001597188054,-0.06475053716006446,,-17.617891718479402,59,0,17.617891718479402,0.0,23.728813559322035,0.0,-0.6520135888125063,-1.1349662173466437,0.0
momentum+duration+move+curve+cand_copper_gold+cand_sofr_ted_spread+cand_inflation_1y,動能 (10Y-SMA125) + 存續期間避險 (TLT-SHY) + 波動度 (MOVE偏態) + 殖利率曲線 (10Y-2Y) + 銅金比報酬差 + SOFR-3M利差 + 1年通膨預期價差,7,-0.02777078862679038,-0.015835604405595703,,-17.627646626417462,139,0,17.627646626417462,0.0,25.899280575539567,0.0,-1.1653989904952256,0.33216477346917184,0.0
momentum+move+curve+inflation+cand_credit_spread+cand_sofr_ted_spread+cand_inflation_1y,動能 (10Y-SMA125) + 波動度 (MOVE偏態) + 殖利率曲線 (10Y-2Y) + 通膨意外 (CPI-10YBE) + IG企業債利差 + SOFR-3M利差 + 1年通膨預期價差,7,-0.055216763879666696,-0.0394124302827294,,-17.648826885007793,143,0,17.648826885007793,0.0,24.475524475524477,0.0,-1.276452441151469,-0.9705694535348018,0.0
move+cand_credit_spread+cand_sofr_ted_spread+cand_inflation_1y,波動度 (MOVE偏態) + IG企業債利差 + SOFR-3M利差 + 1年通膨預期價差,4,-0.02823635841577799,-0.0552568603494559,,-17.66963434022258,111,85,14.445651681832588,-3.22398265838999,29.72972972972973,51.76470588235295,-0.8355410068587983,-0.819700026806219,0.0
momentum+move+curve+cand_copper_gold+cand_credit_spread+cand_sofr_ted_spread+cand_inflation_1y,動能 (10Y-SMA125) + 波動度 (MOVE偏態) + 殖利率曲線 (10Y-2Y) + 銅金比報酬差 + IG企業債利差 + SOFR-3M利差 + 1年通膨預期價差,7,-0.020715111734652947,0.016428054847987587,,-17.696379332560237,65,0,17.696379332560237,0.0,26.153846153846157,0.0,-0.643057068973041,-0.3243466618821095,0.0
momentum+move+inflation+cand_credit_spread,動能 (10Y-SMA125) + 波動度 (MOVE偏態) + 通膨意外 (CPI-10YBE) + IG企業債利差,4,-0.044484530982460045,-0.05707225129029557,,-17.711607601438114,118,33,16.55856968458109,-1.1530379168570237,16.94915254237288,72.72727272727273,-1.0366011258175085,-0.8074663428556949,0.0
momentum+strength+move+curve+inflation+cand_copper_gold+cand_credit_spread+cand_swap_spread+cand_sofr_ted_spread,動能 (10Y-SMA125) + 強度 (NQ 52W區間) + 波動度 (MOVE偏態) + 殖利率曲線 (10Y-2Y) + 通膨意外 (CPI-10YBE) + 銅金比報酬差 + IG企業債利差 + 10Y Swap Spread + SOFR-3M利差,9,-0.02465620869726831,0.01099155912823867,,-17.73099471717562,52,0,17.73099471717562,0.0,32.69230769230769,0.0,0.026481980220264354,-1.0568039399896683,-39.90653007062471
strength+curve+inflation+cand_swap_spread+cand_inflation_1y,強度 (NQ 52W區間) + 殖利率曲線 (10Y-2Y) + 通膨意外 (CPI-10YBE) + 10Y Swap Spread + 1年通膨預期價差,5,-0.056743794203466515,-0.07135067102647243,,-17.773271049333488,67,131,11.20200505012625,-6.571265999207236,37.3134328358209,35.11450381679389,-0.3211576495583232,-1.19322893136377,0.0
strength+duration+curve+inflation+cand_swap_spread+cand_inflation_1y,強度 (NQ 52W區間) + 存續期間避險 (TLT-SHY) + 殖利率曲線 (10Y-2Y) + 通膨意外 (CPI-10YBE) + 10Y Swap Spread + 1年通膨預期價差,6,-0.06232160295506142,-0.08818706922538326,,-17.79379310344828,125,58,13.514840871021772,-4.278952232426507,30.4,39.6551724137931,-0.8480645382489155,-0.82534319392,0.0
momentum+strength+duration+move+curve+inflation+cand_inflation_1y,動能 (10Y-SMA125) + 強度 (NQ 52W區間) + 存續期間避險 (TLT-SHY) + 波動度 (MOVE偏態) + 殖利率曲線 (10Y-2Y) + 通膨意外 (CPI-10YBE) + 1年通膨預期價差,7,-0.06265718403385011,-0.09069771554490505,,-17.794781012326247,186,41,14.210109688226073,-3.584671324100173,26.344086021505376,46.34146341463415,-1.2529921217057813,-0.3774640990060067,0.0
momentum+strength+duration+move+curve+cand_credit_spread+cand_swap_spread+cand_inflation_1y,動能 (10Y-SMA125) + 強度 (NQ 52W區間) + 存續期間避險 (TLT-SHY) + 波動度 (MOVE偏態) + 殖利率曲線 (10Y-2Y) + IG企業債利差 + 10Y Swap Spread + 1年通膨預期價差,8,-0.05069977276493346,-0.07252189180503442,,-17.826923076923073,39,8,30.711763947944856,12.884840871021783,10.256410256410255,75.0,-0.8401197393159009,-0.7841158358835033,0.0
duration+curve+inflation+cand_inflation_1y,存續期間避險 (TLT-SHY) + 殖利率曲線 (10Y-2Y) + 通膨意外 (CPI-10YBE) + 1年通膨預期價差,4,-0.07726498313114247,-0.10489355210210398,,-17.860038986354777,270,95,12.842248278429182,-5.017790707925595,26.666666666666668,36.84210526315789,-1.4659074690283638,-0.3371425438801615,0.0
momentum+duration+curve+cand_copper_gold+cand_credit_spread+cand_swap_spread,動能 (10Y-SMA125) + 存續期間避險 (TLT-SHY) + 殖利率曲線 (10Y-2Y) + 銅金比報酬差 + IG企業債利差 + 10Y Swap Spread,6,-0.023830572932213613,-0.010763300230725597,,-17.860681114551095,34,19,16.811311459257066,-1.0493696552940304,23.52941176470588,68.42105263157895,-0.2768057037126913,0.21318060502096375,0.0
momentum+strength+move+curve+cand_sofr_ted_spread+cand_inflation_1y,動能 (10Y-SMA125) + 強度 (NQ 52W區間) + 波動度 (MOVE偏態) + 殖利率曲線 (10Y-2Y) + SOFR-3M利差 + 1年通膨預期價差,6,-0.037536985520471966,-0.0251572776275195,,-17.867399010556657,129,0,17.867399010556657,0.0,25.581395348837212,0.0,-1.0383302282711435,-0.5362727273317627,0.0
strength+move+curve+inflation+cand_inflation_1y,強度 (NQ 52W區間) + 波動度 (MOVE偏態) + 殖利率曲線 (10Y-2Y) + 通膨意外 (CPI-10YBE) + 1年通膨預期價差,5,-0.06494340156486893,-0.08067556939989223,,-17.90158730158731,130,63,18.234840871021774,0.33325356943446405,23.846153846153847,47.61904761904761,-0.9039948780371496,-1.4429679484251823,0.0
duration+move+curve+cand_sofr_ted_spread,存續期間避險 (TLT-SHY) + 波動度 (MOVE偏態) + 殖利率曲線 (10Y-2Y) + SOFR-3M利差,4,-0.05356531184097215,-0.060414452473148715,,-17.980480480480477,222,72,10.670876907057808,-7.309603573422669,36.03603603603604,19.444444444444446,-1.2857708607207863,0.03427123778536731,0.0
duration+move+curve+cand_credit_spread+cand_sofr_ted_spread,存續期間避險 (TLT-SHY) + 波動度 (MOVE偏態) + 殖利率曲線 (10Y-2Y) + IG企業債利差 + SOFR-3M利差,5,-0.0463877231884478,-0.04374659665541356,,-18.007568590350047,151,70,12.356695175657537,-5.650873414692511,31.788079470198678,31.428571428571427,-0.9953434965269949,-0.2877905568253329,0.0
strength+duration+move+curve+cand_copper_gold+cand_inflation_1y,強度 (NQ 52W區間) + 存續期間避險 (TLT-SHY) + 波動度 (MOVE偏態) + 殖利率曲線 (10Y-2Y) + 銅金比報酬差 + 1年通膨預期價差,6,-0.034631551611123315,-0.021873848989449475,,-18.02961672473868,82,35,16.37874331004616,-1.6508734146925204,26.82926829268293,42.857142857142854,-0.6811197718367495,-0.5841610938149273,0.0
momentum+curve+cand_credit_spread,動能 (10Y-SMA125) + 殖利率曲線 (10Y-2Y) + IG企業債利差,3,-0.04712453986037495,-0.02984658956005693,,-18.053011026293465,262,18,1.7989630084263581,-16.254048017867106,45.41984732824427,0.0,-0.6480635613911521,0.8656473206373312,0.0
momentum+curve+cand_sofr_ted_spread+cand_inflation_1y,動能 (10Y-SMA125) + 殖利率曲線 (10Y-2Y) + SOFR-3M利差 + 1年通膨預期價差,4,-0.04178957213233558,-0.04497959290992371,,-18.05936073059361,292,84,11.61086826828205,-6.448492462311559,33.21917808219178,34.523809523809526,-1.1893723579808475,0.6515841493895294,0.0
duration+move+curve+inflation+cand_copper_gold,存續期間避險 (TLT-SHY) + 波動度 (MOVE偏態) + 殖利率曲線 (10Y-2Y) + 通膨意外 (CPI-10YBE) + 銅金比報酬差,5,-0.041628219680834765,-0.03384237383354866,,-18.119047619047613,168,21,13.563412299593201,-4.555635319454411,30.357142857142854,57.14285714285714,-0.8035251824792271,-0.44551621508794137,0.0
momentum+strength+move+cand_credit_spread+cand_swap_spread+cand_inflation_1y,動能 (10Y-SMA125) + 強度 (NQ 52W區間) + 波動度 (MOVE偏態) + IG企業債利差 + 10Y Swap Spread + 1年通膨預期價差,6,-0.03256120085226655,-0.0709742756429865,,-18.123620933521927,35,101,29.263412299593202,11.139791366071275,14.285714285714285,79.20792079207921,-0.2962569640587897,-1.3552151733022268,0.0
duration+move+curve+inflation+cand_sofr_ted_spread+cand_inflation_1y,存續期間避險 (TLT-SHY) + 波動度 (MOVE偏態) + 殖利率曲線 (10Y-2Y) + 通膨意外 (CPI-10YBE) + SOFR-3M利差 + 1年通膨預期價差,6,-0.06829064024740568,-0.0904519768573674,,-18.128511757097726,158,0,18.128511757097726,0.0,24.68354430379747,0.0,-1.7018179904095818,-0.864959018160878,0.0
strength+curve+cand_inflation_1y,強度 (NQ 52W區間) + 殖利率曲線 (10Y-2Y) + 1年通膨預期價差,3,-0.05219400301107411,-0.058363333807397166,,-18.157075471698114,160,265,16.459840871021775,-1.6972346006763395,25.0,47.924528301886795,-0.4662374907060883,-0.8665945571308862,0.0
duration+move+curve+inflation+cand_credit_spread+cand_inflation_1y,存續期間避險 (TLT-SHY) + 波動度 (MOVE偏態) + 殖利率曲線 (10Y-2Y) + 通膨意外 (CPI-10YBE) + IG企業債利差 + 1年通膨預期價差,6,-0.07123967095645276,-0.09089087673196991,,-18.189679580699195,155,0,18.189679580699195,0.0,20.64516129032258,0.0,-1.4244950499279225,-1.1858157534965381,0.0
momentum+move+curve+cand_inflation_1y,動能 (10Y-SMA125) + 波動度 (MOVE偏態) + 殖利率曲線 (10Y-2Y) + 1年通膨預期價差,4,-0.05036214694167458,-0.07527874169778513,,-18.293256712605935,202,0,18.293256712605935,0.0,22.772277227722775,0.0,-1.4476762266837124,-0.2655114171459177,0.0
momentum+inflation+cand_credit_spread+cand_swap_spread,動能 (10Y-SMA125) + 通膨意外 (CPI-10YBE) + IG企業債利差 + 10Y Swap Spread,4,-0.021568179690491043,-0.024286194640952188,,-18.299863698318962,142,31,15.902446504824594,-2.397417193494367,20.422535211267608,51.61290322580645,-0.3109696012199344,-0.8334787040165523,0.0
momentum+duration+move+inflation+cand_swap_spread,動能 (10Y-SMA125) + 存續期間避險 (TLT-SHY) + 波動度 (MOVE偏態) + 通膨意外 (CPI-10YBE) + 10Y Swap Spread,5,-0.048283986045562305,-0.09169319930293199,,-18.358138937086313,133,117,13.07844989357817,-5.279689043508141,32.33082706766917,47.863247863247864,-1.2428511422180744,-0.3190942582642591,0.0
duration+inflation+cand_inflation_1y,存續期間避險 (TLT-SHY) + 通膨意外 (CPI-10YBE) + 1年通膨預期價差,3,-0.07572004735532556,-0.11880004126971996,,-18.387231669919153,340,211,10.164252635727657,-8.222979034191496,32.05882352941177,38.388625592417064,-1.5694071028266974,-0.4087704773746151,0.0
momentum+strength+move+curve+cand_copper_gold+cand_credit_spread+cand_inflation_1y,動能 (10Y-SMA125) + 強度 (NQ 52W區間) + 波動度 (MOVE偏態) + 殖利率曲線 (10Y-2Y) + 銅金比報酬差 + IG企業債利差 + 1年通膨預期價差,7,-0.02300468814944772,0.006713689296212112,,-18.447058823529417,85,2,11.081899694551188,-7.365159128978229,34.11764705882353,50.0,-0.350639186038028,-0.6459553603913637,0.0
strength+duration+curve+cand_copper_gold+cand_swap_spread+cand_sofr_ted_spread,強度 (NQ 52W區間) + 存續期間避險 (TLT-SHY) + 殖利率曲線 (10Y-2Y) + 銅金比報酬差 + 10Y Swap Spread + SOFR-3M利差,6,-0.028133085270559334,0.007013920894847409,,-18.4891304347826,12,69,21.38484087102177,2.89571043623917,16.666666666666664,57.971014492753625,0.3647151462413846,-0.3291140227020112,-0.9023864955808251
momentum+duration+curve+cand_credit_spread,動能 (10Y-SMA125) + 存續期間避險 (TLT-SHY) + 殖利率曲線 (10Y-2Y) + IG企業債利差,4,-0.05870648617552512,-0.07358520771744943,,-18.51960784313725,306,30,3.8211153808256983,-14.698492462311554,39.54248366013072,0.0,-1.012448200843521,1.1517255763460175,0.0
strength+inflation+cand_swap_spread+cand_sofr_ted_spread+cand_inflation_1y,強度 (NQ 52W區間) + 通膨意外 (CPI-10YBE) + 10Y Swap Spread + SOFR-3M利差 + 1年通膨預期價差,5,-0.041331901841523536,-0.051029200132793606,,-18.527173913043484,46,48,26.78701478406526,8.259840871021774,15.217391304347828,83.33333333333334,-0.3444364660949443,-1.6379578463357287,0.0
duration+move+curve+inflation+cand_copper_gold+cand_sofr_ted_spread+cand_inflation_1y,存續期間避險 (TLT-SHY) + 波動度 (MOVE偏態) + 殖利率曲線 (10Y-2Y) + 通膨意外 (CPI-10YBE) + 銅金比報酬差 + SOFR-3M利差 + 1年通膨預期價差,7,-0.04133660609520143,-0.023854606692589812,,-18.566659052839952,132,0,18.566659052839952,0.0,27.27272727272727,0.0,-1.1238278385467846,-0.6844854853977986,0.0
momentum+move+cand_copper_gold+cand_swap_spread,動能 (10Y-SMA125) + 波動度 (MOVE偏態) + 銅金比報酬差 + 10Y Swap Spread,4,0.015715917851757154,0.016542705458497693,,-18.58095238095238,25,105,20.03484087102177,1.4538884900693916,12.0,49.523809523809526,0.2006793676243825,-0.505601264223835,-2.5194481635510426
strength+duration+move+inflation+cand_credit_spread+cand_swap_spread+cand_inflation_1y,強度 (NQ 52W區間) + 存續期間避險 (TLT-SHY) + 波動度 (MOVE偏態) + 通膨意外 (CPI-10YBE) + IG企業債利差 + 10Y Swap Spread + 1年通膨預期價差,7,-0.05071800957048865,-0.08316023791790168,,-18.644512195121965,41,40,24.854353066143734,6.209840871021768,19.51219512195122,70.0,-0.6532246462899673,-1.5616810641043173,0.0
duration+move+curve+inflation+cand_credit_spread+cand_swap_spread,存續期間避險 (TLT-SHY) + 波動度 (MOVE偏態) + 殖利率曲線 (10Y-2Y) + 通膨意外 (CPI-10YBE) + IG企業債利差 + 10Y Swap Spread,6,-0.05215437000449132,-0.07608347244885788,,-18.664252635727667,68,0,18.664252635727667,0.0,25.0,0.0,-0.7808782429967493,-1.4709575540210906,0.0
duration+move+curve+inflation+cand_credit_spread+cand_swap_spread+cand_sofr_ted_spread,存續期間避險 (TLT-SHY) + 波動度 (MOVE偏態) + 殖利率曲線 (10Y-2Y) + 通膨意外 (CPI-10YBE) + IG企業債利差 + 10Y Swap Spread + SOFR-3M利差,7,-0.05251281895111869,-0.06270258254438492,,-18.664252635727667,68,0,18.664252635727667,0.0,25.0,0.0,-0.8226814336922126,-1.7404068302274764,0.0
momentum+duration+move+curve+cand_copper_gold,動能 (10Y-SMA125) + 存續期間避險 (TLT-SHY) + 波動度 (MOVE偏態) + 殖利率曲線 (10Y-2Y) + 銅金比報酬差,5,-0.02516424063519369,-0.01794079085092784,,-18.679565217391303,200,23,11.444840871021775,-7.234724346369529,28.499999999999996,13.043478260869565,-0.9296303093635205,0.6714550057000479,0.0
momentum+duration+move+curve+cand_credit_spread+cand_sofr_ted_spread+cand_inflation_1y,動能 (10Y-SMA125) + 存續期間避險 (TLT-SHY) + 波動度 (MOVE偏態) + 殖利率曲線 (10Y-2Y) + IG企業債利差 + SOFR-3M利差 + 1年通膨預期價差,7,-0.06187418224841256,-0.07712335820066842,,-18.68000216134436,155,0,18.68000216134436,0.0,24.516129032258064,0.0,-1.4361357822341299,-0.01111827613808258,0.0
momentum+strength+cand_credit_spread+cand_swap_spread,動能 (10Y-SMA125) + 強度 (NQ 52W區間) + IG企業債利差 + 10Y Swap Spread,4,-0.003440441518276308,-0.00778718040286279,,-18.745267072346184,51,232,21.595625184747266,2.850358112401082,19.607843137254903,59.48275862068966,0.3783879449281686,-0.707890146893942,-1.870805231462447
momentum+strength+curve+inflation+cand_copper_gold+cand_credit_spread+cand_swap_spread+cand_inflation_1y,動能 (10Y-SMA125) + 強度 (NQ 52W區間) + 殖利率曲線 (10Y-2Y) + 通膨意外 (CPI-10YBE) + 銅金比報酬差 + IG企業債利差 + 10Y Swap Spread + 1年通膨預期價差,8,-0.030583621117638272,-0.005619202961625702,,-18.76098901098902,91,8,10.645829882010787,-8.115159128978235,37.362637362637365,12.5,-0.0987470320263058,-0.8650230313607855,0.0
strength+duration+cand_copper_gold+cand_swap_spread,強度 (NQ 52W區間) + 存續期間避險 (TLT-SHY) + 銅金比報酬差 + 10Y Swap Spread,4,-0.001275155683194728,0.02029845708747127,,-18.780025284450065,14,339,17.777698013878922,-1.002327270571143,14.285714285714285,52.50737463126843,0.6432013776649227,-0.40284414546921965,-0.6263110737288909
momentum+strength+duration+move+inflation+cand_copper_gold,動能 (10Y-SMA125) + 強度 (NQ 52W區間) + 存續期間避險 (TLT-SHY) + 波動度 (MOVE偏態) + 通膨意外 (CPI-10YBE) + 銅金比報酬差,6,-0.03831195858998538,-0.03888183360216953,,-18.8,147,70,8.634840871021773,-10.165159128978228,32.6530612244898,37.142857142857146,-0.6983433360891804,-0.11220054800069962,0.0
momentum+duration+curve+cand_swap_spread+cand_sofr_ted_spread,動能 (10Y-SMA125) + 存續期間避險 (TLT-SHY) + 殖利率曲線 (10Y-2Y) + 10Y Swap Spread + SOFR-3M利差,5,-0.04735169236338273,-0.057021794822929565,,-18.820026056206963,54,0,18.820026056206963,0.0,31.48148148148148,0.0,-1.1670434685099296,0.7418673867753818,0.0
momentum+move+cand_credit_spread+cand_swap_spread+cand_sofr_ted_spread+cand_inflation_1y,動能 (10Y-SMA125) + 波動度 (MOVE偏態) + IG企業債利差 + 10Y Swap Spread + SOFR-3M利差 + 1年通膨預期價差,6,-0.024081730145493956,-0.08202451340690255,,-18.821978021978026,35,65,32.5491265853075,13.727148563329472,11.428571428571429,75.38461538461539,-0.7370702025199106,-1.2664173328242438,0.0
duration+cand_copper_gold+cand_credit_spread+cand_swap_spread+cand_inflation_1y,存續期間避險 (TLT-SHY) + 銅金比報酬差 + IG企業債利差 + 10Y Swap Spread + 1年通膨預期價差,5,-0.0010291551109842818,-0.024634003507235897,,-18.87922705314009,23,135,26.06962347971742,7.1903964265773315,8.695652173913043,68.88888888888889,-0.0802980557643768,-0.7810365031236121,0.0
momentum+strength+duration+curve+cand_credit_spread+cand_sofr_ted_spread+cand_inflation_1y,動能 (10Y-SMA125) + 強度 (NQ 52W區間) + 存續期間避險 (TLT-SHY) + 殖利率曲線 (10Y-2Y) + IG企業債利差 + SOFR-3M利差 + 1年通膨預期價差,7,-0.05228089187699698,-0.06369686859840332,,-18.88834951456309,206,2,8.523190385584881,-10.36515912897821,34.46601941747573,0.0,-0.9315806615148536,0.08720476977500517,0.0
momentum+curve+inflation+cand_sofr_ted_spread+cand_inflation_1y,動能 (10Y-SMA125) + 殖利率曲線 (10Y-2Y) + 通膨意外 (CPI-10YBE) + SOFR-3M利差 + 1年通膨預期價差,5,-0.05495111885569813,-0.04947553230466147,,-18.94396551724138,232,87,12.820185698607984,-6.123779818633397,30.17241379310345,36.7816091954023,-1.2439125406763492,-0.03417368395345197,0.0
duration+curve+cand_copper_gold+cand_credit_spread+cand_swap_spread+cand_sofr_ted_spread+cand_inflation_1y,存續期間避險 (TLT-SHY) + 殖利率曲線 (10Y-2Y) + 銅金比報酬差 + IG企業債利差 + 10Y Swap Spread + SOFR-3M利差 + 1年通膨預期價差,7,-0.025006451368919654,-0.021302174730917892,,-18.946428571428577,21,24,30.87293610911701,11.926507537688432,4.761904761904762,100.0,-0.3245676953257551,-0.6092796258335685,0.0
momentum+move+inflation+cand_copper_gold+cand_credit_spread,動能 (10Y-SMA125) + 波動度 (MOVE偏態) + 通膨意外 (CPI-10YBE) + 銅金比報酬差 + IG企業債利差,5,-0.014145672419288229,0.004810015628246553,,-18.95238095238097,105,21,10.920555156736059,-8.03182579564491,32.38095238095238,47.61904761904761,-0.37281985251223293,-0.6101121246041763,0.0
strength+duration+move+curve+inflation+cand_inflation_1y,強度 (NQ 52W區間) + 存續期間避險 (TLT-SHY) + 波動度 (MOVE偏態) + 殖利率曲線 (10Y-2Y) + 通膨意外 (CPI-10YBE) + 1年通膨預期價差,6,-0.07223909171569186,-0.10004748986881437,,-18.979913916786224,164,34,14.732401846631527,-4.2475120701546984,25.609756097560975,44.11764705882353,-1.2413882405854233,-0.9358862341211526,0.0
momentum+strength+duration+move+inflation,動能 (10Y-SMA125) + 強度 (NQ 52W區間) + 存續期間避險 (TLT-SHY) + 波動度 (MOVE偏態) + 通膨意外 (CPI-10YBE),5,-0.05666923031902717,-0.08592887164846547,,-19.08811606571367,218,215,9.653189494874981,-9.434926570838691,29.81651376146789,42.32558139534884,-1.1022042137285775,-0.159115627605696,0.0
momentum+strength+duration+move+cand_credit_spread,動能 (10Y-SMA125) + 強度 (NQ 52W區間) + 存續期間避險 (TLT-SHY) + 波動度 (MOVE偏態) + IG企業債利差,5,-0.03520030825905063,-0.05444497000375289,,-19.102497808939525,140,163,10.0134122995932,-9.089085509346326,32.142857142857146,41.717791411042946,-0.72963778359004,-0.10906213947023566,0.0
momentum+strength+duration+cand_credit_spread+cand_sofr_ted_spread+cand_inflation_1y,動能 (10Y-SMA125) + 強度 (NQ 52W區間) + 存續期間避險 (TLT-SHY) + IG企業債利差 + SOFR-3M利差 + 1年通膨預期價差,6,-0.04767138997531984,-0.06409415515517118,,-19.11764705882353,173,34,12.634840871021774,-6.482806187801755,30.057803468208093,61.76470588235294,-0.915736542872204,0.08686645969635609,0.0
momentum+duration+move+cand_copper_gold+cand_swap_spread+cand_inflation_1y,動能 (10Y-SMA125) + 存續期間避險 (TLT-SHY) + 波動度 (MOVE偏態) + 銅金比報酬差 + 10Y Swap Spread + 1年通膨預期價差,6,-0.030361442940083395,-0.07359031155905119,,-19.16086587436333,31,76,27.150969903279837,7.990104028916507,25.806451612903224,72.36842105263158,-0.8049065493562311,-0.2937545240601016,0.0
strength+duration+inflation+cand_inflation_1y,強度 (NQ 52W區間) + 存續期間避險 (TLT-SHY) + 通膨意外 (CPI-10YBE) + 1年通膨預期價差,4,-0.07567497337076291,-0.11039054952867623,,-19.16948249781622,187,251,14.158905042144767,-5.010577455671453,26.203208556149733,47.410358565737056,-1.0747213785143106,-0.6771675806265642,0.0
momentum+curve+cand_credit_spread+cand_sofr_ted_spread,動能 (10Y-SMA125) + 殖利率曲線 (10Y-2Y) + IG企業債利差 + SOFR-3M利差,4,-0.04183762036810227,-0.009492483109059795,,-19.173333333333325,225,18,2.9192853154662184,-16.254048017867106,47.11111111111111,0.0,-0.660505978369894,0.7402175819342602,0.0
momentum+strength+duration+move+inflation+cand_credit_spread+cand_swap_spread+cand_sofr_ted_spread,動能 (10Y-SMA125) + 強度 (NQ 52W區間) + 存續期間避險 (TLT-SHY) + 波動度 (MOVE偏態) + 通膨意外 (CPI-10YBE) + IG企業債利差 + 10Y Swap Spread + SOFR-3M利差,8,-0.04088027940732706,-0.055070276819503786,,-19.177419354838726,62,20,20.31226022586049,1.1348408710217641,14.516129032258066,55.00000000000001,-0.7450698715249845,-0.9005537697197334,0.0
move+curve+cand_copper_gold+cand_sofr_ted_spread+cand_inflation_1y,波動度 (MOVE偏態) + 殖利率曲線 (10Y-2Y) + 銅金比報酬差 + SOFR-3M利差 + 1年通膨預期價差,5,-0.014288794725893122,0.01730362754303387,,-19.17977855477855,104,33,17.87522548640639,-1.3045530683721624,28.846153846153843,21.21212121212121,-0.4269712533050398,-0.6824571357133894,0.0
duration+move+curve+cand_sofr_ted_spread+cand_inflation_1y,存續期間避險 (TLT-SHY) + 波動度 (MOVE偏態) + 殖利率曲線 (10Y-2Y) + SOFR-3M利差 + 1年通膨預期價差,5,-0.06352251107440646,-0.09137459828356848,,-19.33151515151516,150,11,23.148174204355108,3.8166590528399484,18.666666666666668,72.72727272727273,-1.6744446247517901,-0.3848568492173388,0.0
momentum+duration+inflation+cand_copper_gold+cand_sofr_ted_spread+cand_inflation_1y,動能 (10Y-SMA125) + 存續期間避險 (TLT-SHY) + 通膨意外 (CPI-10YBE) + 銅金比報酬差 + SOFR-3M利差 + 1年通膨預期價差,6,-0.049906179182223113,-0.038650442424281915,,-19.352384375748866,214,39,10.80773806728346,-8.544646308465406,33.64485981308411,25.64102564102564,-1.0946432668198904,0.5093401379384314,0.0
momentum+strength+cand_copper_gold+cand_swap_spread,動能 (10Y-SMA125) + 強度 (NQ 52W區間) + 銅金比報酬差 + 10Y Swap Spread,4,0.011359607911952521,0.04546777615871106,,-19.3592132505176,18,322,19.801507537688444,0.4422942871708448,11.11111111111111,57.7639751552795,0.8762318776238129,-0.24914678627903325,-0.2843388749501737
duration+move+curve+cand_copper_gold+cand_credit_spread+cand_inflation_1y,存續期間避險 (TLT-SHY) + 波動度 (MOVE偏態) + 殖利率曲線 (10Y-2Y) + 銅金比報酬差 + IG企業債利差 + 1年通膨預期價差,6,-0.036373414790964405,-0.026557498444286218,,-19.37777777777778,90,5,14.812618648799555,-4.565159128978226,28.888888888888886,20.0,-0.8146427539872869,-0.5884038025256759,0.0
momentum+strength+duration+move,動能 (10Y-SMA125) + 強度 (NQ 52W區間) + 存續期間避險 (TLT-SHY) + 波動度 (MOVE偏態),4,-0.04321612142647942,-0.06888188126340568,,-19.410333924041833,181,318,11.623791147264868,-7.786542776776966,27.624309392265197,40.88050314465409,-0.9105184078733506,0.18712702235521977,0.0
duration+curve+inflation+cand_copper_gold+cand_swap_spread,存續期間避險 (TLT-SHY) + 殖利率曲線 (10Y-2Y) + 通膨意外 (CPI-10YBE) + 銅金比報酬差 + 10Y Swap Spread,5,-0.035390081286997145,-0.0233579215827246,,-19.47,25,60,10.354840871021782,-9.115159128978219,36.0,35.0,-0.24328708928142745,-0.39493181992380283,0.0
strength+duration+move+curve+cand_copper_gold+cand_sofr_ted_spread+cand_inflation_1y,強度 (NQ 52W區間) + 存續期間避險 (TLT-SHY) + 波動度 (MOVE偏態) + 殖利率曲線 (10Y-2Y) + 銅金比報酬差 + SOFR-3M利差 + 1年通膨預期價差,7,-0.028827012311758653,0.0005912114972348239,,-19.526610644257705,85,21,15.399546753374713,-4.127063890882991,28.235294117647058,23.809523809523807,-0.6880877466061913,-0.49408135672912856,0.0
move+curve+inflation+cand_copper_gold+cand_swap_spread+cand_sofr_ted_spread+cand_inflation_1y,波動度 (MOVE偏態) + 殖利率曲線 (10Y-2Y) + 通膨意外 (CPI-10YBE) + 銅金比報酬差 + 10Y Swap Spread + SOFR-3M利差 + 1年通膨預期價差,7,-0.022894983870487245,-0.01673044827505938,,-19.57928531546622,36,0,19.57928531546622,0.0,27.77777777777778,0.0,-0.2623323752090965,-1.829508842204399,0.0
strength+duration+inflation+cand_sofr_ted_spread,強度 (NQ 52W區間) + 存續期間避險 (TLT-SHY) + 通膨意外 (CPI-10YBE) + SOFR-3M利差,4,-0.06712726239942687,-0.08956755775333523,,-19.59146841673503,265,115,7.948048418191585,-11.643419998543445,33.9622641509434,43.47826086956522,-0.9806223517317281,-0.3667076433802842,0.0
duration+move+curve+inflation+cand_copper_gold+cand_swap_spread+cand_sofr_ted_spread,存續期間避險 (TLT-SHY) + 波動度 (MOVE偏態) + 殖利率曲線 (10Y-2Y) + 通膨意外 (CPI-10YBE) + 銅金比報酬差 + 10Y Swap Spread + SOFR-3M利差,7,-0.030406004931615584,-0.006754612613600305,,-19.603590871021776,32,0,19.603590871021776,0.0,21.875,0.0,-0.44787402184991476,-1.0114712992809725,0.0
momentum+duration+move+curve+cand_copper_gold+cand_credit_spread,動能 (10Y-SMA125) + 存續期間避險 (TLT-SHY) + 波動度 (MOVE偏態) + 殖利率曲線 (10Y-2Y) + 銅金比報酬差 + IG企業債利差,6,-0.023661020493788383,-0.009278847790567446,,-19.625968992248083,129,12,7.84414319660317,-11.781825795644911,34.883720930232556,33.33333333333333,-0.7286150121903353,0.31743933654209544,0.0
momentum+strength+duration+move+curve+cand_inflation_1y,動能 (10Y-SMA125) + 強度 (NQ 52W區間) + 存續期間避險 (TLT-SHY) + 波動度 (MOVE偏態) + 殖利率曲線 (10Y-2Y) + 1年通膨預期價差,6,-0.05750508852222852,-0.08299688546722392,,-19.63864909889444,186,71,13.710109688226073,-5.928539410668366,29.56989247311828,33.80281690140845,-1.181895445606684,-0.1360752956295236,0.0
momentum+duration+move+curve+cand_sofr_ted_spread,動能 (10Y-SMA125) + 存續期間避險 (TLT-SHY) + 波動度 (MOVE偏態) + 殖利率曲線 (10Y-2Y) + SOFR-3M利差,5,-0.04975454958532933,-0.05710176937314944,,-19.655611631819276,219,38,9.132557765998945,-10.52305386582033,34.24657534246575,18.421052631578945,-1.3769922346301333,0.8580908562459008,0.0
duration+inflation+cand_sofr_ted_spread,存續期間避險 (TLT-SHY) + 通膨意外 (CPI-10YBE) + SOFR-3M利差,3,-0.061708098856863076,-0.07888246553078024,,-19.662390029325515,440,124,4.05529541647632,-15.607094612849195,42.5,27.419354838709676,-1.5575770145897636,0.32976082129822487,0.0
momentum+strength+inflation+cand_credit_spread+cand_sofr_ted_spread+cand_inflation_1y,動能 (10Y-SMA125) + 強度 (NQ 52W區間) + 通膨意外 (CPI-10YBE) + IG企業債利差 + SOFR-3M利差 + 1年通膨預期價差,6,-0.04918026402935186,-0.03599526859653197,,-19.68793706293706,176,13,14.168931780112683,-5.519005282824377,26.704545454545453,46.15384615384615,-0.8181270429731259,-0.7921611019567701,0.0
momentum+duration+curve+cand_credit_spread+cand_sofr_ted_spread,動能 (10Y-SMA125) + 存續期間避險 (TLT-SHY) + 殖利率曲線 (10Y-2Y) + IG企業債利差 + SOFR-3M利差,5,-0.05905651779169848,-0.05745431120666192,,-19.693834900731453,264,29,4.604537840718746,-15.089297060012706,40.15151515151515,0.0,-1.0296949310913452,1.2486962751238588,0.0
momentum+strength+move+inflation,動能 (10Y-SMA125) + 強度 (NQ 52W區間) + 波動度 (MOVE偏態) + 通膨意外 (CPI-10YBE),4,-0.05344340502774136,-0.07572096242530876,,-19.767605633802816,170,284,12.634840871021773,-7.132764762781043,28.235294117647058,43.309859154929576,-0.8178354049363602,-0.6273804169916483,0.0
duration+move+curve+inflation+cand_credit_spread+cand_sofr_ted_spread+cand_inflation_1y,存續期間避險 (TLT-SHY) + 波動度 (MOVE偏態) + 殖利率曲線 (10Y-2Y) + 通膨意外 (CPI-10YBE) + IG企業債利差 + SOFR-3M利差 + 1年通膨預期價差,7,-0.07471724245737968,-0.08645937555943918,,-19.773527002408635,137,0,19.773527002408635,0.0,20.437956204379564,0.0,-1.4362288865015254,-1.0402175281237942,0.0
momentum+move+curve+cand_copper_gold+cand_sofr_ted_spread+cand_inflation_1y,動能 (10Y-SMA125) + 波動度 (MOVE偏態) + 殖利率曲線 (10Y-2Y) + 銅金比報酬差 + SOFR-3M利差 + 1年通膨預期價差,6,-0.009961108371855263,0.037188015011324814,,-19.785283348897885,113,0,19.785283348897885,0.0,25.663716814159294,0.0,-0.8397441412361787,-0.08762847843560967,0.0
momentum+strength+move+inflation+cand_credit_spread+cand_swap_spread,動能 (10Y-SMA125) + 強度 (NQ 52W區間) + 波動度 (MOVE偏態) + 通膨意外 (CPI-10YBE) + IG企業債利差 + 10Y Swap Spread,6,-0.028555255130443602,-0.044554523025999195,,-19.78589743589745,52,60,17.154071640252546,-2.6318257956449043,30.76923076923077,53.333333333333336,-0.1989513592532923,-1.3227764412880694,0.0
momentum+strength+duration+move+cand_copper_gold+cand_credit_spread+cand_swap_spread+cand_sofr_ted_spread,動能 (10Y-SMA125) + 強度 (NQ 52W區間) + 存續期間避險 (TLT-SHY) + 波動度 (MOVE偏態) + 銅金比報酬差 + IG企業債利差 + 10Y Swap Spread + SOFR-3M利差,8,-0.008078652790217673,0.00675244354311125,,-19.807317073170736,30,41,23.734840871021774,3.927523797851036,13.333333333333334,60.97560975609756,-0.07468615689336768,-0.4153927352709713,0.0
momentum+move+cand_copper_gold+cand_credit_spread+cand_swap_spread+cand_inflation_1y,動能 (10Y-SMA125) + 波動度 (MOVE偏態) + 銅金比報酬差 + IG企業債利差 + 10Y Swap Spread + 1年通膨預期價差,6,-0.0025552347225169495,-0.03046265839659437,,-19.850625,25,64,35.59484087102177,15.744215871021773,4.0,82.8125,-0.14930450954035585,-1.117225890211929,0.0
momentum+duration+move+curve+cand_sofr_ted_spread+cand_inflation_1y,動能 (10Y-SMA125) + 存續期間避險 (TLT-SHY) + 波動度 (MOVE偏態) + 殖利率曲線 (10Y-2Y) + SOFR-3M利差 + 1年通膨預期價差,6,-0.05349630893326273,-0.07426719377918663,,-20.041817615207822,172,0,20.041817615207822,0.0,21.511627906976745,0.0,-1.5812117622852466,0.31579153062183035,0.0
strength+duration+curve+cand_credit_spread+cand_swap_spread+cand_sofr_ted_spread,強度 (NQ 52W區間) + 存續期間避險 (TLT-SHY) + 殖利率曲線 (10Y-2Y) + IG企業債利差 + 10Y Swap Spread + SOFR-3M利差,6,-0.04374031681157544,-0.03180511653755664,,-20.066666666666674,30,26,24.70150753768844,4.634840871021765,13.333333333333334,73.07692307692307,-0.13225031285199498,-0.6924951175107944,0.0
momentum+move+inflation+cand_swap_spread,動能 (10Y-SMA125) + 波動度 (MOVE偏態) + 通膨意外 (CPI-10YBE) + 10Y Swap Spread,4,-0.034321494177271504,-0.06975797250625443,,-20.0704589528119,119,91,10.298706417240263,-9.771752535571638,39.49579831932773,30.76923076923077,-0.7751553382650807,-0.8188049883501782,0.0
momentum+duration+curve+inflation+cand_sofr_ted_spread+cand_inflation_1y,動能 (10Y-SMA125) + 存續期間避險 (TLT-SHY) + 殖利率曲線 (10Y-2Y) + 通膨意外 (CPI-10YBE) + SOFR-3M利差 + 1年通膨預期價差,6,-0.062422070632109035,-0.07810133558760839,,-20.08622141997593,277,60,10.237728957664373,-9.848492462311558,32.49097472924188,23.333333333333332,-1.4147411870802766,0.4356816696008057,0.0
strength+move+cand_copper_gold+cand_swap_spread+cand_inflation_1y,強度 (NQ 52W區間) + 波動度 (MOVE偏態) + 銅金比報酬差 + 10Y Swap Spread + 1年通膨預期價差,5,-0.002241807065665232,-0.02530008993975365,,-20.09298061812468,23,166,20.721797392760912,0.6288167746362316,30.434782608695656,55.42168674698795,0.4350783630223509,-1.397786911296871,-3.2127244884964865
momentum+move+curve+cand_credit_spread+cand_inflation_1y,動能 (10Y-SMA125) + 波動度 (MOVE偏態) + 殖利率曲線 (10Y-2Y) + IG企業債利差 + 1年通膨預期價差,5,-0.05111462972719238,-0.05524772400965894,,-20.192362994915584,113,0,20.192362994915584,0.0,24.778761061946902,0.0,-1.225253227230517,-0.6499205121481171,0.0
strength+duration+move+cand_swap_spread+cand_sofr_ted_spread+cand_inflation_1y,強度 (NQ 52W區間) + 存續期間避險 (TLT-SHY) + 波動度 (MOVE偏態) + 10Y Swap Spread + SOFR-3M利差 + 1年通膨預期價差,6,-0.05695193081783401,-0.1149563074623093,,-20.209405501330966,23,49,42.721797392760905,22.51239189142994,4.3478260869565215,91.83673469387756,-0.7729660273179145,-1.226919699194297,0.0
duration+move+curve+inflation+cand_swap_spread+cand_sofr_ted_spread,存續期間避險 (TLT-SHY) + 波動度 (MOVE偏態) + 殖利率曲線 (10Y-2Y) + 通膨意外 (CPI-10YBE) + 10Y Swap Spread + SOFR-3M利差,6,-0.05569393885987279,-0.07115624765079989,,-20.210598446779354,66,0,20.210598446779354,0.0,27.27272727272727,0.0,-1.1657072994669353,-1.3293116303661292,0.0
strength+duration+curve+inflation+cand_credit_spread+cand_swap_spread+cand_inflation_1y,強度 (NQ 52W區間) + 存續期間避險 (TLT-SHY) + 殖利率曲線 (10Y-2Y) + 通膨意外 (CPI-10YBE) + IG企業債利差 + 10Y Swap Spread + 1年通膨預期價差,7,-0.05637318169272036,-0.06828810171367977,,-20.252747252747263,91,21,10.4590166951976,-9.793730557549665,37.362637362637365,19.047619047619047,-0.6399217438365165,-1.1039525396596461,0.0
duration+move+cand_copper_gold+cand_credit_spread+cand_swap_spread+cand_inflation_1y,存續期間避險 (TLT-SHY) + 波動度 (MOVE偏態) + 銅金比報酬差 + IG企業債利差 + 10Y Swap Spread + 1年通膨預期價差,6,-0.010208187739900027,-0.04336957322837986,,-20.29831223628692,30,79,23.401507537688442,3.1031953014015192,26.666666666666668,62.0253164556962,-0.2926071525996235,-1.1235729160792383,0.0
strength+duration+move+curve+cand_credit_spread,強度 (NQ 52W區間) + 存續期間避險 (TLT-SHY) + 波動度 (MOVE偏態) + 殖利率曲線 (10Y-2Y) + IG企業債利差,5,-0.04958824513957041,-0.06607649232639068,,-20.31064037349314,113,127,13.024221401995224,-7.286418971497915,31.858407079646017,28.346456692913385,-0.577491930189601,-0.6764403364333976,0.0
momentum+strength+duration+move+inflation+cand_credit_spread+cand_swap_spread+cand_inflation_1y,動能 (10Y-SMA125) + 強度 (NQ 52W區間) + 存續期間避險 (TLT-SHY) + 波動度 (MOVE偏態) + 通膨意外 (CPI-10YBE) + IG企業債利差 + 10Y Swap Spread + 1年通膨預期價差,8,-0.048010316525344626,-0.07628797150665242,,-20.310714285714297,56,35,22.545555156736068,2.2348408710217704,16.071428571428573,60.0,-0.8654768709265478,-1.0164947489963276,0.0
duration+move+curve+cand_copper_gold+cand_credit_spread+cand_sofr_ted_spread+cand_inflation_1y,存續期間避險 (TLT-SHY) + 波動度 (MOVE偏態) + 殖利率曲線 (10Y-2Y) + 銅金比報酬差 + IG企業債利差 + SOFR-3M利差 + 1年通膨預期價差,7,-0.035619935654080497,-0.021542425432686113,,-20.31538461538462,78,5,15.750225486406393,-4.565159128978226,26.923076923076923,20.0,-0.7843957925535492,-0.4239045506074421,0.0
move+curve+inflation+cand_credit_spread+cand_sofr_ted_spread+cand_inflation_1y,波動度 (MOVE偏態) + 殖利率曲線 (10Y-2Y) + 通膨意外 (CPI-10YBE) + IG企業債利差 + SOFR-3M利差 + 1年通膨預期價差,6,-0.06013259261011843,-0.06288365598237984,,-20.35599471717562,104,0,20.35599471717562,0.0,24.03846153846154,0.0,-1.0295465113191797,-1.5608560530732283,0.0
momentum+strength+inflation+cand_swap_spread,動能 (10Y-SMA125) + 強度 (NQ 52W區間) + 通膨意外 (CPI-10YBE) + 10Y Swap Spread,4,-0.04113741627843651,-0.06542895987405656,,-20.36586212884182,78,443,15.711763947944856,-4.654098180896962,24.358974358974358,41.309255079006775,-0.17014670787283956,-0.5449577012913805,0.0
momentum+curve+inflation+cand_swap_spread,動能 (10Y-SMA125) + 殖利率曲線 (10Y-2Y) + 通膨意外 (CPI-10YBE) + 10Y Swap Spread,4,-0.05047001524553843,-0.05386960838216614,,-20.375717566016085,52,67,25.84637933256025,5.470661766544163,13.461538461538462,68.65671641791045,-0.7245878447380815,-0.2551245843938267,0.0
duration+move+curve,存續期間避險 (TLT-SHY) + 波動度 (MOVE偏態) + 殖利率曲線 (10Y-2Y),3,-0.06014775121872536,-0.08819861174994248,,-20.417297892852226,274,106,11.514402914817396,-8.902894978034828,30.29197080291971,19.81132075471698,-1.3863054344537136,-0.0958809696730865,0.0
strength+cand_copper_gold+cand_swap_spread+cand_sofr_ted_spread+cand_inflation_1y,強度 (NQ 52W區間) + 銅金比報酬差 + 10Y Swap Spread + SOFR-3M利差 + 1年通膨預期價差,5,0.021133028414919878,0.03610054558056369,,-20.425303454715234,18,119,28.690396426577347,8.265092971862112,11.11111111111111,73.10924369747899,0.8044828438479414,-0.9672416192961626,-1.202314787310722
momentum+duration+move+curve+cand_swap_spread+cand_sofr_ted_spread+cand_inflation_1y,動能 (10Y-SMA125) + 存續期間避險 (TLT-SHY) + 波動度 (MOVE偏態) + 殖利率曲線 (10Y-2Y) + 10Y Swap Spread + SOFR-3M利差 + 1年通膨預期價差,7,-0.059965408666975764,-0.0977188637471702,,-20.454545454545475,55,2,25.089386325567233,4.63484087102176,25.454545454545453,100.0,-1.5162529205266917,-0.32717775910075936,0.0
move+curve+cand_sofr_ted_spread+cand_inflation_1y,波動度 (MOVE偏態) + 殖利率曲線 (10Y-2Y) + SOFR-3M利差 + 1年通膨預期價差,4,-0.04770615321710132,-0.054807406999266235,,-20.46067821067821,154,36,20.40107463725554,-0.059603573422669615,25.324675324675322,44.44444444444444,-1.2947701261873505,-0.9374111278117002,0.0
momentum+strength+duration+move+cand_credit_spread+cand_sofr_ted_spread,動能 (10Y-SMA125) + 強度 (NQ 52W區間) + 存續期間避險 (TLT-SHY) + 波動度 (MOVE偏態) + IG企業債利差 + SOFR-3M利差,6,-0.03500404702676289,-0.036465232253585785,,-20.470692194403533,140,97,10.177698013878915,-10.29299418052462,31.428571428571427,39.175257731958766,-0.8278416828218922,-0.030485625343662892,0.0
momentum+duration+inflation+cand_sofr_ted_spread,動能 (10Y-SMA125) + 存續期間避險 (TLT-SHY) + 通膨意外 (CPI-10YBE) + SOFR-3M利差,4,-0.04977179312498257,-0.06495078895129089,,-20.51742248470787,431,110,2.597717901184189,-17.91970458352368,45.243619489559165,22.727272727272727,-1.4156181936954637,1.1280836531152987,0.0
strength+duration+move,強度 (NQ 52W區間) + 存續期間避險 (TLT-SHY) + 波動度 (MOVE偏態),3,-0.04599500210380528,-0.07504638148533535,,-20.540038950624353,129,406,14.332515289626423,-6.20752366099793,26.356589147286826,42.11822660098522,-0.7091174182084167,-0.49639104899210607,0.0
strength+duration+move+cand_copper_gold+cand_swap_spread,強度 (NQ 52W區間) + 存續期間避險 (TLT-SHY) + 波動度 (MOVE偏態) + 銅金比報酬差 + 10Y Swap Spread,5,-0.004190836827680841,0.008637508113124763,,-20.556850282485886,16,177,15.197340871021781,-5.359509411464105,31.25,40.67796610169492,0.2762927428121884,-0.7868791214953887,-2.8479905533757517
strength+cand_credit_spread+cand_swap_spread+cand_inflation_1y,強度 (NQ 52W區間) + IG企業債利差 + 10Y Swap Spread + 1年通膨預期價差,4,-0.013127156570739163,-0.04447634274781582,,-20.576886493341796,38,332,23.582209292074413,3.0053227987326188,21.052631578947366,62.951807228915655,0.35761562262070506,-1.5394366331153426,-4.304724222711329
momentum+strength+duration+move+inflation+cand_copper_gold+cand_credit_spread+cand_inflation_1y,動能 (10Y-SMA125) + 強度 (NQ 52W區間) + 存續期間避險 (TLT-SHY) + 波動度 (MOVE偏態) + 通膨意外 (CPI-10YBE) + 銅金比報酬差 + IG企業債利差 + 1年通膨預期價差,8,-0.03974916447177727,-0.037182153595396374,,-20.578431372549048,114,17,11.801507537688444,-8.776923834860604,32.45614035087719,47.05882352941176,-0.7661235997778325,-0.562049421560973,0.0
strength+duration+move+inflation+cand_credit_spread,強度 (NQ 52W區間) + 存續期間避險 (TLT-SHY) + 波動度 (MOVE偏態) + 通膨意外 (CPI-10YBE) + IG企業債利差,5,-0.05196389988964029,-0.08216295474529134,,-20.583772198407843,142,115,10.44470002595135,-10.139072172456492,31.690140845070424,36.52173913043478,-0.7028345723061866,-1.0414433037563269,0.0
strength+curve+inflation+cand_credit_spread+cand_swap_spread+cand_inflation_1y,強度 (NQ 52W區間) + 殖利率曲線 (10Y-2Y) + 通膨意外 (CPI-10YBE) + IG企業債利差 + 10Y Swap Spread + 1年通膨預期價差,6,-0.04455257752836319,-0.04272931622293485,,-20.595054945054947,70,52,14.749126585307494,-5.845928359747452,34.285714285714285,40.38461538461539,-0.15103743948027876,-1.4990766621309497,0.0
momentum+strength+curve+inflation+cand_credit_spread+cand_swap_spread,動能 (10Y-SMA125) + 強度 (NQ 52W區間) + 殖利率曲線 (10Y-2Y) + 通膨意外 (CPI-10YBE) + IG企業債利差 + 10Y Swap Spread,6,-0.039622475195658306,-0.03081957877210238,,-20.608333333333334,105,24,8.701507537688443,-11.906825795644892,40.0,20.833333333333336,-0.15369695454817797,-0.7608013922024734,0.0
strength+duration+cand_swap_spread+cand_inflation_1y,強度 (NQ 52W區間) + 存續期間避險 (TLT-SHY) + 10Y Swap Spread + 1年通膨預期價差,4,-0.04608565018127946,-0.09209122858298034,,-20.61894702632434,34,362,20.546605576904124,-0.07234144942021377,26.47058823529412,56.353591160220994,-0.4098262850148082,-0.8338237512426692,0.0
duration+move+curve+inflation,存續期間避險 (TLT-SHY) + 波動度 (MOVE偏態) + 殖利率曲線 (10Y-2Y) + 通膨意外 (CPI-10YBE),4,-0.07028119050580076,-0.10164299409957829,,-20.64824478178368,248,34,11.606615064570162,-9.04162971721352,30.241935483870968,26.47058823529412,-1.4338526310164983,-0.5297715343724599,0.0
duration+move+inflation+cand_copper_gold+cand_swap_spread+cand_sofr_ted_spread+cand_inflation_1y,存續期間避險 (TLT-SHY) + 波動度 (MOVE偏態) + 通膨意外 (CPI-10YBE) + 銅金比報酬差 + 10Y Swap Spread + SOFR-3M利差 + 1年通膨預期價差,7,-0.030949484071228717,-0.053719115902466905,,-20.67948717948718,26,9,40.98099471717562,20.30150753768844,0.0,100.0,-0.7889291476552678,-1.2788385955830521,0.0
duration+move+curve+inflation+cand_copper_gold+cand_credit_spread+cand_swap_spread,存續期間避險 (TLT-SHY) + 波動度 (MOVE偏態) + 殖利率曲線 (10Y-2Y) + 通膨意外 (CPI-10YBE) + 銅金比報酬差 + IG企業債利差 + 10Y Swap Spread,7,-0.03438206620607386,-0.026479621751632213,,-20.709677419354847,62,1,10.344518290376614,-10.365159128978233,37.096774193548384,0.0,-0.2772329111424448,-1.190031468213285,0.0
momentum+strength+duration+move+cand_sofr_ted_spread,動能 (10Y-SMA125) + 強度 (NQ 52W區間) + 存續期間避險 (TLT-SHY) + 波動度 (MOVE偏態) + SOFR-3M利差,5,-0.03746551451793499,-0.045321769059487704,,-20.737665324899368,185,141,10.8618678980488,-9.875797426850566,29.18918918918919,40.42553191489361,-1.021326799960056,0.29263791636279873,0.0
momentum+move+curve+inflation+cand_copper_gold+cand_credit_spread+cand_swap_spread,動能 (10Y-SMA125) + 波動度 (MOVE偏態) + 殖利率曲線 (10Y-2Y) + 通膨意外 (CPI-10YBE) + 銅金比報酬差 + IG企業債利差 + 10Y Swap Spread,7,-0.02565848842801684,-0.0021369455701243634,,-20.766666666666673,60,2,14.401507537688444,-6.365159128978228,28.333333333333332,0.0,-0.14705928321081976,-1.0734597090917897,0.0
momentum+strength+duration+move+inflation+cand_credit_spread+cand_inflation_1y,動能 (10Y-SMA125) + 強度 (NQ 52W區間) + 存續期間避險 (TLT-SHY) + 波動度 (MOVE偏態) + 通膨意外 (CPI-10YBE) + IG企業債利差 + 1年通膨預期價差,7,-0.05815360873240569,-0.08236193555271695,,-20.766812865497094,171,24,14.359987069852185,-6.4068257956449095,25.730994152046783,50.0,-1.1102791618877126,-0.6640779029423585,0.0
duration+curve+cand_sofr_ted_spread+cand_inflation_1y,存續期間避險 (TLT-SHY) + 殖利率曲線 (10Y-2Y) + SOFR-3M利差 + 1年通膨預期價差,4,-0.06580722834910195,-0.08602083470808615,,-20.8025974025974,280,44,10.391983728164632,-10.410613674432769,37.857142857142854,20.454545454545457,-1.4456093952972886,0.2373393297446284,0.0
strength+move+cand_inflation_1y,強度 (NQ 52W區間) + 波動度 (MOVE偏態) + 1年通膨預期價差,3,-0.04827198676872519,-0.09126642384083164,,-20.93207460280913,86,202,20.344143196603177,-0.5879314062059521,24.418604651162788,51.98019801980198,-0.5908480432971002,-1.294527681033587,0.0
strength+duration+move+cand_sofr_ted_spread,強度 (NQ 52W區間) + 存續期間避險 (TLT-SHY) + 波動度 (MOVE偏態) + SOFR-3M利差,4,-0.04065623387979481,-0.04775825515230188,,-20.97636421319797,128,197,15.103590871021773,-5.872773342176198,24.21875,43.65482233502538,-0.8371292908637153,-0.3718942486104803,0.0
strength+duration+move+curve,強度 (NQ 52W區間) + 存續期間避險 (TLT-SHY) + 波動度 (MOVE偏態) + 殖利率曲線 (10Y-2Y),4,-0.057864015817638566,-0.07984736939953634,,-20.979571984435797,132,257,15.384840871021774,-5.594731113414022,25.757575757575758,36.964980544747085,-0.8042768436538443,-0.4668620927407157,0.0
momentum+duration+move+inflation+cand_copper_gold,動能 (10Y-SMA125) + 存續期間避險 (TLT-SHY) + 波動度 (MOVE偏態) + 通膨意外 (CPI-10YBE) + 銅金比報酬差,5,-0.03787266035663895,-0.04576459945033539,,-21.01704545454546,176,44,10.1746135982945,-10.842431856250961,31.25,36.36363636363637,-1.085461376025342,0.2308715015435348,0.0
move+curve+cand_copper_gold+cand_credit_spread+cand_inflation_1y,波動度 (MOVE偏態) + 殖利率曲線 (10Y-2Y) + 銅金比報酬差 + IG企業債利差 + 1年通膨預期價差,5,-0.020782441351739477,-0.003370460137888522,,-21.029714285714284,125,14,12.378840871021774,-8.650873414692509,29.599999999999998,14.285714285714285,-0.3060194557217098,-1.0027212496416393,0.0
momentum+curve+cand_copper_gold+cand_credit_spread+cand_swap_spread+cand_sofr_ted_spread,動能 (10Y-SMA125) + 殖利率曲線 (10Y-2Y) + 銅金比報酬差 + IG企業債利差 + 10Y Swap Spread + SOFR-3M利差,6,0.0017803502787752798,0.05206269151788784,,-21.223076165139428,17,0,21.223076165139428,0.0,11.76470588235294,0.0,0.3696756868016573,-0.15068358623061873,-0.4076102151437004
strength+duration+move+inflation+cand_copper_gold,強度 (NQ 52W區間) + 存續期間避險 (TLT-SHY) + 波動度 (MOVE偏態) + 通膨意外 (CPI-10YBE) + 銅金比報酬差,5,-0.03806826706223463,-0.03244073785876209,,-21.26713892168437,105,121,12.530078966259866,-8.737059955424506,26.666666666666668,44.62809917355372,-0.42162173267786923,-0.6667481719933356,0.0
strength+duration+move+inflation+cand_swap_spread+cand_sofr_ted_spread+cand_inflation_1y,強度 (NQ 52W區間) + 存續期間避險 (TLT-SHY) + 波動度 (MOVE偏態) + 通膨意外 (CPI-10YBE) + 10Y Swap Spread + SOFR-3M利差 + 1年通膨預期價差,7,-0.06157700961283498,-0.0947014968080431,,-21.29166666666668,36,8,30.05150753768845,8.759840871021773,13.88888888888889,87.5,-1.0548275068036548,-1.496405341678709,0.0
momentum+duration+move+cand_copper_gold+cand_credit_spread+cand_swap_spread+cand_inflation_1y,動能 (10Y-SMA125) + 存續期間避險 (TLT-SHY) + 波動度 (MOVE偏態) + 銅金比報酬差 + IG企業債利差 + 10Y Swap Spread + 1年通膨預期價差,7,-0.026733433499755512,-0.06957160077047045,,-21.293103448275865,29,60,31.427944319297634,10.13484087102177,10.344827586206897,75.0,-0.6203923379011316,-0.5700235336289107,0.0
momentum+strength+move+curve+cand_inflation_1y,動能 (10Y-SMA125) + 強度 (NQ 52W區間) + 波動度 (MOVE偏態) + 殖利率曲線 (10Y-2Y) + 1年通膨預期價差,5,-0.04790546965328793,-0.059970173253900465,,-21.306976744186052,129,60,17.875150948541155,-3.431825795644897,25.581395348837212,50.0,-0.9710517021372692,-0.5775666693733217,0.0
strength+duration+move+inflation+cand_credit_spread+cand_swap_spread,強度 (NQ 52W區間) + 存續期間避險 (TLT-SHY) + 波動度 (MOVE偏態) + 通膨意外 (CPI-10YBE) + IG企業債利差 + 10Y Swap Spread,6,-0.0401934582407741,-0.06578964067725566,,-21.317171717171718,60,99,11.56817420435511,-9.74899751281661,40.0,38.38383838383838,-0.3234208784236414,-1.410856894761463,0.0
momentum+move+cand_credit_spread+cand_swap_spread+cand_inflation_1y,動能 (10Y-SMA125) + 波動度 (MOVE偏態) + IG企業債利差 + 10Y Swap Spread + 1年通膨預期價差,5,-0.025376701607317278,-0.08230320085207762,,-21.349929278642165,35,101,32.5491265853075,11.199197306665335,11.428571428571429,73.26732673267327,-0.6354067283810716,-1.549522535838243,0.0
momentum+strength+duration+move+inflation+cand_credit_spread,動能 (10Y-SMA125) + 強度 (NQ 52W區間) + 存續期間避險 (TLT-SHY) + 波動度 (MOVE偏態) + 通膨意外 (CPI-10YBE) + IG企業債利差,6,-0.04668912757317456,-0.07166495169975008,,-21.52214552775381,183,114,11.569267100529968,-9.952878427223842,28.96174863387978,46.49122807017544,-0.9091926842928741,-0.43218215676469823,0.0
momentum+strength+move+cand_copper_gold+cand_swap_spread,動能 (10Y-SMA125) + 強度 (NQ 52W區間) + 波動度 (MOVE偏態) + 銅金比報酬差 + 10Y Swap Spread,5,0.012166420592959077,0.03499690689563265,,-21.547454844006573,21,145,17.444364680545586,-4.103090163460986,19.047619047619047,46.89655172413793,0.47137339718285826,-0.6797432469151923,-1.4420483866455913
duration+move+inflation+cand_copper_gold+cand_swap_spread+cand_sofr_ted_spread,存續期間避險 (TLT-SHY) + 波動度 (MOVE偏態) + 通膨意外 (CPI-10YBE) + 銅金比報酬差 + 10Y Swap Spread + SOFR-3M利差,6,-0.014468243799832168,0.005506180135245469,,-21.695446931627835,33,0,21.695446931627835,0.0,15.151515151515152,0.0,-0.3006309948500605,-1.0816517429161554,0.0
momentum+move+inflation+cand_credit_spread+cand_swap_spread,動能 (10Y-SMA125) + 波動度 (MOVE偏態) + 通膨意外 (CPI-10YBE) + IG企業債利差 + 10Y Swap Spread,5,-0.025416217260466074,-0.04566259004500135,,-21.69602272727274,64,22,21.603590871021776,-0.09243185625096327,12.5,54.54545454545454,-0.5016976280570337,-1.491902516202676,0.0
momentum+duration+move+inflation+cand_copper_gold+cand_swap_spread+cand_inflation_1y,動能 (10Y-SMA125) + 存續期間避險 (TLT-SHY) + 波動度 (MOVE偏態) + 通膨意外 (CPI-10YBE) + 銅金比報酬差 + 10Y Swap Spread + 1年通膨預期價差,7,-0.03864224888044872,-0.07145635219529832,,-21.73434704830054,43,26,27.099957150091544,5.365610101791006,9.30232558139535,61.53846153846154,-0.9989558832146465,-0.5369392081617733,0.0
momentum+move+curve,動能 (10Y-SMA125) + 波動度 (MOVE偏態) + 殖利率曲線 (10Y-2Y),3,-0.04030805968804284,-0.04890070656265753,,-21.810727969348658,232,90,16.29001328481488,-5.52071468453378,22.413793103448278,36.666666666666664,-1.178632824416992,0.225757886282489,0.0
momentum+duration+move+curve+cand_swap_spread+cand_inflation_1y,動能 (10Y-SMA125) + 存續期間避險 (TLT-SHY) + 波動度 (MOVE偏態) + 殖利率曲線 (10Y-2Y) + 10Y Swap Spread + 1年通膨預期價差,6,-0.057178407441557805,-0.10425605036068478,,-21.875000000000014,56,5,24.509840871021773,2.6348408710217583,26.785714285714285,60.0,-1.4166646752410732,-0.32103070314614657,0.0
momentum+duration+move+curve+inflation+cand_credit_spread+cand_swap_spread,動能 (10Y-SMA125) + 存續期間避險 (TLT-SHY) + 波動度 (MOVE偏態) + 殖利率曲線 (10Y-2Y) + 通膨意外 (CPI-10YBE) + IG企業債利差 + 10Y Swap Spread,7,-0.05108392391293181,-0.06969360770234152,,-21.884615384615387,52,3,26.519456255637163,4.634840871021775,15.384615384615385,66.66666666666666,-1.06933042456641,-0.6173863889451937,0.0
momentum+strength+duration+move+curve+cand_credit_spread+cand_swap_spread+cand_sofr_ted_spread,動能 (10Y-SMA125) + 強度 (NQ 52W區間) + 存續期間避險 (TLT-SHY) + 波動度 (MOVE偏態) + 殖利率曲線 (10Y-2Y) + IG企業債利差 + 10Y Swap Spread + SOFR-3M利差,8,-0.03694450315717989,-0.037661082911706376,,-21.93333333333332,45,3,28.901507537688445,6.968174204355125,6.666666666666667,33.33333333333333,-0.6485754553240525,-0.555345181532712,0.0
strength+duration+curve+inflation+cand_swap_spread,強度 (NQ 52W區間) + 存續期間避險 (TLT-SHY) + 殖利率曲線 (10Y-2Y) + 通膨意外 (CPI-10YBE) + 10Y Swap Spread,5,-0.057571453992858,-0.07909174495476527,,-21.99411764705882,83,170,13.634840871021774,-8.35927677603705,25.301204819277107,31.76470588235294,-0.48218037231325317,-0.617163512475983,0.0
duration+move+curve+cand_credit_spread+cand_swap_spread+cand_inflation_1y,存續期間避險 (TLT-SHY) + 波動度 (MOVE偏態) + 殖利率曲線 (10Y-2Y) + IG企業債利差 + 10Y Swap Spread + 1年通膨預期價差,6,-0.06454647683056824,-0.11281184815926072,,-22.014736842105258,25,19,44.75484087102178,22.74010402891652,0.0,94.73684210526315,-1.0368135177530557,-1.5056278750503158,0.0
duration+move+curve+cand_credit_spread+cand_swap_spread+cand_sofr_ted_spread+cand_inflation_1y,存續期間避險 (TLT-SHY) + 波動度 (MOVE偏態) + 殖利率曲線 (10Y-2Y) + IG企業債利差 + 10Y Swap Spread + SOFR-3M利差 + 1年通膨預期價差,7,-0.06385909168176733,-0.10348106655958805,,-22.014736842105258,25,19,44.75484087102178,22.74010402891652,0.0,94.73684210526315,-1.0962363996130942,-1.3131993008047005,0.0
duration+curve+cand_copper_gold+cand_credit_spread+cand_swap_spread+cand_inflation_1y,存續期間避險 (TLT-SHY) + 殖利率曲線 (10Y-2Y) + 銅金比報酬差 + IG企業債利差 + 10Y Swap Spread + 1年通膨預期價差,6,-0.029129258482555685,-0.03403683950752041,,-22.01934523809524,21,32,30.87293610911701,8.853590871021769,4.761904761904762,84.375,-0.3019417118590193,-0.7355074811840305,0.0
momentum+duration+move+curve+cand_swap_spread+cand_sofr_ted_spread,動能 (10Y-SMA125) + 存續期間避險 (TLT-SHY) + 波動度 (MOVE偏態) + 殖利率曲線 (10Y-2Y) + 10Y Swap Spread + SOFR-3M利差,6,-0.043857193273313125,-0.05935311908177604,,-22.11632235250326,54,0,22.11632235250326,0.0,14.814814814814813,0.0,-1.2903960147143927,0.09768714543628373,0.0
momentum+strength+duration+inflation+cand_sofr_ted_spread,動能 (10Y-SMA125) + 強度 (NQ 52W區間) + 存續期間避險 (TLT-SHY) + 通膨意外 (CPI-10YBE) + SOFR-3M利差,5,-0.05416791645648455,-0.08990640476042347,,-22.157993730407526,290,110,7.438289146883843,-14.719704583523683,34.13793103448276,32.72727272727273,-1.0408464586556152,0.46328092839763835,0.0
strength+duration+curve+cand_swap_spread+cand_sofr_ted_spread,強度 (NQ 52W區間) + 存續期間避險 (TLT-SHY) + 殖利率曲線 (10Y-2Y) + 10Y Swap Spread + SOFR-3M利差,5,-0.051247426827860564,-0.05627778161455475,,-22.16000000000001,7,25,24.634840871021776,2.474840871021765,14.285714285714285,68.0,-0.3322000973495046,-0.4777367627596172,0.0
strength+duration+move+curve+cand_credit_spread+cand_sofr_ted_spread+cand_inflation_1y,強度 (NQ 52W區間) + 存續期間避險 (TLT-SHY) + 波動度 (MOVE偏態) + 殖利率曲線 (10Y-2Y) + IG企業債利差 + SOFR-3M利差 + 1年通膨預期價差,7,-0.05361342068122788,-0.0479554216542784,,-22.181192660550465,109,16,20.066033531572238,-2.1151591289782283,23.853211009174313,50.0,-0.9806637390254812,-0.7326583442228102,0.0
momentum+move+curve+cand_credit_spread+cand_sofr_ted_spread+cand_inflation_1y,動能 (10Y-SMA125) + 波動度 (MOVE偏態) + 殖利率曲線 (10Y-2Y) + IG企業債利差 + SOFR-3M利差 + 1年通膨預期價差,6,-0.048805833533066695,-0.03433926675585279,,-22.234840871021778,90,0,22.234840871021778,0.0,25.555555555555554,0.0,-1.2398746554016387,-0.4472348339214315,0.0
strength+duration+curve+inflation+cand_credit_spread+cand_inflation_1y,強度 (NQ 52W區間) + 存續期間避險 (TLT-SHY) + 殖利率曲線 (10Y-2Y) + 通膨意外 (CPI-10YBE) + IG企業債利差 + 1年通膨預期價差,6,-0.06683103939220529,-0.07594854522220167,,-22.273988992581963,199,21,10.956448911222779,-11.317540081359184,31.65829145728643,19.047619047619047,-0.8713930937375618,-0.8584675630695818,0.0
strength+duration+move+curve+inflation+cand_credit_spread+cand_swap_spread+cand_sofr_ted_spread,強度 (NQ 52W區間) + 存續期間避險 (TLT-SHY) + 波動度 (MOVE偏態) + 殖利率曲線 (10Y-2Y) + 通膨意外 (CPI-10YBE) + IG企業債利差 + 10Y Swap Spread + SOFR-3M利差,8,-0.046295098656708104,-0.05451549104051568,,-22.287902095511573,49,0,22.287902095511573,0.0,20.408163265306122,0.0,-0.5191507360691096,-1.3720190072008347,0.0
momentum+strength+duration+move+cand_inflation_1y,動能 (10Y-SMA125) + 強度 (NQ 52W區間) + 存續期間避險 (TLT-SHY) + 波動度 (MOVE偏態) + 1年通膨預期價差,5,-0.05333793848579157,-0.08694835116446901,,-22.29239679239679,148,182,16.729435465616366,-5.562961326780424,23.64864864864865,47.25274725274725,-1.133690909789818,-0.14642230156222424,0.0
momentum+strength+inflation+cand_copper_gold+cand_swap_spread+cand_sofr_ted_spread,動能 (10Y-SMA125) + 強度 (NQ 52W區間) + 通膨意外 (CPI-10YBE) + 銅金比報酬差 + 10Y Swap Spread + SOFR-3M利差,6,-0.00842514373940601,0.03922785313301865,,-22.40000000000001,64,5,8.634840871021778,-13.765159128978231,37.5,0.0,0.33286619382878047,-0.523361822294222,-1.57228890165827
momentum+duration+move+inflation+cand_sofr_ted_spread+cand_inflation_1y,動能 (10Y-SMA125) + 存續期間避險 (TLT-SHY) + 波動度 (MOVE偏態) + 通膨意外 (CPI-10YBE) + SOFR-3M利差 + 1年通膨預期價差,6,-0.06303426056137344,-0.09204918233283553,,-22.459639498432598,232,44,12.958116733090739,-9.501522765341859,27.586206896551722,22.727272727272727,-1.7114086662000976,-0.08656556546559244,0.0
duration+move+inflation+cand_swap_spread,存續期間避險 (TLT-SHY) + 波動度 (MOVE偏態) + 通膨意外 (CPI-10YBE) + 10Y Swap Spread,4,-0.046659715092560575,-0.09105347345365732,,-22.464507542147302,115,98,7.721797392760905,-14.742710149386395,43.47826086956522,25.510204081632654,-0.9501974478144716,-1.107036938518009,0.0
duration+move+curve+cand_copper_gold+cand_inflation_1y,存續期間避險 (TLT-SHY) + 波動度 (MOVE偏態) + 殖利率曲線 (10Y-2Y) + 銅金比報酬差 + 1年通膨預期價差,5,-0.03616247300789488,-0.029205389601142454,,-22.482517482517483,143,13,18.80966604584695,-3.6728514366705336,20.97902097902098,15.384615384615385,-1.0907345785449238,-0.38971460068430813,0.0
duration+move+curve+cand_copper_gold+cand_credit_spread+cand_swap_spread,存續期間避險 (TLT-SHY) + 波動度 (MOVE偏態) + 殖利率曲線 (10Y-2Y) + 銅金比報酬差 + IG企業債利差 + 10Y Swap Spread,6,-0.01879807510300851,-0.015471856755436619,,-22.508547008547026,52,18,5.365610101791005,-17.14293690675602,44.230769230769226,22.22222222222222,-0.09055281533746662,-0.9054193205189651,0.0
duration+curve+inflation+cand_sofr_ted_spread+cand_inflation_1y,存續期間避險 (TLT-SHY) + 殖利率曲線 (10Y-2Y) + 通膨意外 (CPI-10YBE) + SOFR-3M利差 + 1年通膨預期價差,5,-0.07063763658135906,-0.08725489928036029,,-22.525275173257235,223,44,12.114661498824468,-10.410613674432769,31.390134529147986,20.454545454545457,-1.4695343681237925,-0.33338588665129,0.0
move+curve+cand_copper_gold+cand_credit_spread+cand_sofr_ted_spread+cand_inflation_1y,波動度 (MOVE偏態) + 殖利率曲線 (10Y-2Y) + 銅金比報酬差 + IG企業債利差 + SOFR-3M利差 + 1年通膨預期價差,6,-0.012950258288595055,0.010314405182282249,,-22.53571428571428,92,14,13.884840871021773,-8.650873414692509,30.434782608695656,14.285714285714285,-0.25841787136524846,-0.7229071313729654,0.0
momentum+strength+duration+move+inflation+cand_copper_gold+cand_credit_spread+cand_swap_spread+cand_inflation_1y,動能 (10Y-SMA125) + 強度 (NQ 52W區間) + 存續期間避險 (TLT-SHY) + 波動度 (MOVE偏態) + 通膨意外 (CPI-10YBE) + 銅金比報酬差 + IG企業債利差 + 10Y Swap Spread + 1年通膨預期價差,9,-0.035701649315335204,-0.03921415691300794,,-22.56267806267807,54,26,18.505211241392146,-4.057466821285924,27.77777777777778,50.0,-0.5237705998099373,-0.8909271737113861,0.0
duration+curve+inflation+cand_swap_spread+cand_sofr_ted_spread+cand_inflation_1y,存續期間避險 (TLT-SHY) + 殖利率曲線 (10Y-2Y) + 通膨意外 (CPI-10YBE) + 10Y Swap Spread + SOFR-3M利差 + 1年通膨預期價差,6,-0.06745281640515201,-0.09329842322483818,,-22.599546753374717,85,0,22.599546753374717,0.0,20.0,0.0,-1.4591842679970632,-0.8970830890944127,0.0
momentum+strength+move+curve+cand_credit_spread+cand_sofr_ted_spread,動能 (10Y-SMA125) + 強度 (NQ 52W區間) + 波動度 (MOVE偏態) + 殖利率曲線 (10Y-2Y) + IG企業債利差 + SOFR-3M利差,6,-0.034122853518362375,-0.022066246511351945,,-22.625476735316553,114,46,14.564665432425283,-8.060811302891269,28.947368421052634,28.26086956521739,-0.4847411600804964,-0.4380296914846305,0.0
strength+duration+move+curve+cand_copper_gold,強度 (NQ 52W區間) + 存續期間避險 (TLT-SHY) + 波動度 (MOVE偏態) + 殖利率曲線 (10Y-2Y) + 銅金比報酬差,5,-0.03548042697339201,-0.028942797603437206,,-22.64919724770642,80,109,15.247340871021771,-7.40185637668465,25.0,29.357798165137616,-0.29120516609127345,-0.3414258388133685,0.0
momentum+strength+move+cand_swap_spread+cand_sofr_ted_spread,動能 (10Y-SMA125) + 強度 (NQ 52W區間) + 波動度 (MOVE偏態) + 10Y Swap Spread + SOFR-3M利差,5,-0.006542664043381317,-0.013976516015455843,,-22.691176470588243,34,24,28.076017341610008,5.384840871021766,5.88235294117647,62.5,-0.15067897919985962,-0.9773701591813292,0.0
momentum+strength+duration+move+cand_swap_spread+cand_sofr_ted_spread,動能 (10Y-SMA125) + 強度 (NQ 52W區間) + 存續期間避險 (TLT-SHY) + 波動度 (MOVE偏態) + 10Y Swap Spread + SOFR-3M利差,6,-0.03200276244633931,-0.04733594966446989,,-22.76286449399658,53,44,21.23861445592744,-1.5242500380691397,9.433962264150944,50.0,-0.7221998066693084,-0.33546082001154376,0.0
momentum+strength+move+inflation+cand_copper_gold+cand_swap_spread+cand_sofr_ted_spread,動能 (10Y-SMA125) + 強度 (NQ 52W區間) + 波動度 (MOVE偏態) + 通膨意外 (CPI-10YBE) + 銅金比報酬差 + 10Y Swap Spread + SOFR-3M利差,7,-0.004904051048948786,0.03744996944045966,,-22.77769801387892,35,0,22.77769801387892,0.0,17.142857142857142,0.0,0.09388603976739712,-0.9752022238365068,-10.387084451027784
strength+move+inflation+cand_copper_gold+cand_swap_spread+cand_sofr_ted_spread+cand_inflation_1y,強度 (NQ 52W區間) + 波動度 (MOVE偏態) + 通膨意外 (CPI-10YBE) + 銅金比報酬差 + 10Y Swap Spread + SOFR-3M利差 + 1年通膨預期價差,7,-0.017227967971131252,-0.015291589497536095,,-22.868686868686876,33,9,25.39241662859753,2.5237297599106543,21.21212121212121,77.77777777777779,0.10677652407252877,-1.6122981442255864,-15.099743677087863
momentum+duration+move+curve+cand_copper_gold+cand_sofr_ted_spread,動能 (10Y-SMA125) + 存續期間避險 (TLT-SHY) + 波動度 (MOVE偏態) + 殖利率曲線 (10Y-2Y) + 銅金比報酬差 + SOFR-3M利差,6,-0.014841668530186258,0.010803847792504739,,-22.88813813813814,148,18,13.4118678980488,-9.476270240089336,29.054054054054053,0.0,-0.8859651958219453,0.8019512147551346,0.0
duration+move+curve+cand_credit_spread+cand_inflation_1y,存續期間避險 (TLT-SHY) + 波動度 (MOVE偏態) + 殖利率曲線 (10Y-2Y) + IG企業債利差 + 1年通膨預期價差,5,-0.07132595836548533,-0.0901372094794193,,-22.92559523809524,112,3,21.893769442450346,-1.031825795644897,22.321428571428573,33.33333333333333,-1.3980687684191888,-0.7826354089577648,0.0
strength+duration+move+curve+cand_copper_gold+cand_swap_spread+cand_sofr_ted_spread,強度 (NQ 52W區間) + 存續期間避險 (TLT-SHY) + 波動度 (MOVE偏態) + 殖利率曲線 (10Y-2Y) + 銅金比報酬差 + 10Y Swap Spread + SOFR-3M利差,7,-0.019670013879283663,0.00698232029722044,,-22.98214285714286,14,16,20.491983728164634,-2.4901591289782257,21.428571428571427,18.75,0.06966890886527201,-0.7165343992552039,-10.284851749879724
duration+move+inflation,存續期間避險 (TLT-SHY) + 波動度 (MOVE偏態) + 通膨意外 (CPI-10YBE),3,-0.06937886156460579,-0.1187516236728387,,-23.02415693904021,257,120,11.117331143395313,-11.906825795644897,31.517509727626457,30.833333333333336,-1.700779612659607,-0.5917103666154887,0.0
strength+duration+move+curve+cand_credit_spread+cand_inflation_1y,強度 (NQ 52W區間) + 存續期間避險 (TLT-SHY) + 波動度 (MOVE偏態) + 殖利率曲線 (10Y-2Y) + IG企業債利差 + 1年通膨預期價差,6,-0.05851560219283533,-0.0709829064217544,,-23.02619047619048,105,16,20.91103134721225,-2.1151591289782283,22.857142857142858,50.0,-0.9271901972309498,-0.8834414019123121,0.0
momentum+move+curve+cand_sofr_ted_spread+cand_inflation_1y,動能 (10Y-SMA125) + 波動度 (MOVE偏態) + 殖利率曲線 (10Y-2Y) + SOFR-3M利差 + 1年通膨預期價差,5,-0.041970454368392654,-0.044663732555350236,,-23.063412299593207,147,0,23.063412299593207,0.0,17.687074829931973,0.0,-1.4612262797110596,-0.17005833679214563,0.0
momentum+strength+duration+move+cand_credit_spread+cand_swap_spread,動能 (10Y-SMA125) + 強度 (NQ 52W區間) + 存續期間避險 (TLT-SHY) + 波動度 (MOVE偏態) + IG企業債利差 + 10Y Swap Spread,6,-0.028328662348135872,-0.05466172755843526,,-23.070175438596493,44,114,22.134840871021776,-0.9353345675747189,18.181818181818183,52.63157894736842,-0.40665257574872576,-0.6153766520315395,0.0
momentum+strength+move+curve+inflation+cand_credit_spread+cand_swap_spread+cand_sofr_ted_spread,動能 (10Y-SMA125) + 強度 (NQ 52W區間) + 波動度 (MOVE偏態) + 殖利率曲線 (10Y-2Y) + 通膨意外 (CPI-10YBE) + IG企業債利差 + 10Y Swap Spread + SOFR-3M利差,8,-0.03849761520317496,-0.02505480934477771,,-23.09637933256024,52,0,23.09637933256024,0.0,19.230769230769234,0.0,-0.39959104448421506,-1.3393686502813442,0.0
momentum+strength+duration+cand_sofr_ted_spread+cand_inflation_1y,動能 (10Y-SMA125) + 強度 (NQ 52W區間) + 存續期間避險 (TLT-SHY) + SOFR-3M利差 + 1年通膨預期價差,5,-0.04317246841231398,-0.05317839475946444,,-23.18888639088729,192,139,12.233799204355108,-10.95508718653218,28.645833333333332,33.093525179856115,-1.045698376097453,0.4699532997251527,0.0
momentum+strength+duration+move+curve+inflation+cand_copper_gold+cand_credit_spread+cand_swap_spread+cand_inflation_1y,動能 (10Y-SMA125) + 強度 (NQ 52W區間) + 存續期間避險 (TLT-SHY) + 波動度 (MOVE偏態) + 殖利率曲線 (10Y-2Y) + 通膨意外 (CPI-10YBE) + 銅金比報酬差 + IG企業債利差 + 10Y Swap Spread + 1年通膨預期價差,10,-0.04017265212318565,-0.03592628171908434,,-23.319051397337564,57,0,23.319051397337564,0.0,17.543859649122805,0.0,-0.6132339655831487,-0.829466426155649,0.0
momentum+strength+duration+move+curve+inflation+cand_copper_gold+cand_credit_spread+cand_swap_spread+cand_sofr_ted_spread+cand_inflation_1y,動能 (10Y-SMA125) + 強度 (NQ 52W區間) + 存續期間避險 (TLT-SHY) + 波動度 (MOVE偏態) + 殖利率曲線 (10Y-2Y) + 通膨意外 (CPI-10YBE) + 銅金比報酬差 + IG企業債利差 + 10Y Swap Spread + SOFR-3M利差 + 1年通膨預期價差,11,-0.03675172141008376,-0.018130444121786476,,-23.319051397337564,57,0,23.319051397337564,0.0,17.543859649122805,0.0,-0.6650872702080907,-0.8554313535285649,0.0
momentum+move+curve+cand_copper_gold+cand_swap_spread+cand_sofr_ted_spread,動能 (10Y-SMA125) + 波動度 (MOVE偏態) + 殖利率曲線 (10Y-2Y) + 銅金比報酬差 + 10Y Swap Spread + SOFR-3M利差,6,-0.00010315388733842766,0.04315361343624811,,-23.334840871021775,20,0,23.334840871021775,0.0,20.0,0.0,-0.014860931091124553,-0.45118227295328256,0.0
strength+duration+move+cand_copper_gold,強度 (NQ 52W區間) + 存續期間避險 (TLT-SHY) + 波動度 (MOVE偏態) + 銅金比報酬差,4,-0.015358830372251664,-0.0009700912703341702,,-23.351569998628825,78,187,16.91689215307306,-6.4346778455557665,21.794871794871796,40.64171122994652,-0.11390338460569355,-0.349127031841101,0.0
strength+curve+cand_copper_gold+cand_swap_spread+cand_sofr_ted_spread+cand_inflation_1y,強度 (NQ 52W區間) + 殖利率曲線 (10Y-2Y) + 銅金比報酬差 + 10Y Swap Spread + SOFR-3M利差 + 1年通膨預期價差,6,-0.013242751907468462,0.02240439424096666,,-23.358974358974354,13,39,26.557917794098696,3.1989434351243418,23.076923076923077,71.7948717948718,0.5809204516498616,-0.9199860436093878,-1.5836695729967023
momentum+strength+cand_swap_spread+cand_inflation_1y,動能 (10Y-SMA125) + 強度 (NQ 52W區間) + 10Y Swap Spread + 1年通膨預期價差,4,-0.033386298951312454,-0.05997651414898943,,-23.46014330497089,44,406,24.816659052839956,1.3565157478690661,20.454545454545457,56.65024630541872,-0.22395699904443342,-0.6633712611491275,0.0
momentum+strength+move+curve+cand_credit_spread,動能 (10Y-SMA125) + 強度 (NQ 52W區間) + 波動度 (MOVE偏態) + 殖利率曲線 (10Y-2Y) + IG企業債利差,5,-0.04037499343652045,-0.04389910743703606,,-23.490800171159613,114,82,14.564665432425283,-8.92613473873433,28.947368421052634,30.48780487804878,-0.439239568330688,-0.5647952847578317,0.0
momentum+duration+move+curve+cand_copper_gold+cand_credit_spread+cand_sofr_ted_spread,動能 (10Y-SMA125) + 存續期間避險 (TLT-SHY) + 波動度 (MOVE偏態) + 殖利率曲線 (10Y-2Y) + 銅金比報酬差 + IG企業債利差 + SOFR-3M利差,7,-0.020049967916065583,0.0026616606806602896,,-23.51014492753622,115,3,8.478319131891334,-15.031825795644886,34.78260869565217,0.0,-0.7077678630989082,0.35202737440655724,0.0
duration+move+curve+cand_swap_spread,存續期間避險 (TLT-SHY) + 波動度 (MOVE偏態) + 殖利率曲線 (10Y-2Y) + 10Y Swap Spread,4,-0.05442735444896466,-0.10042555115143806,,-23.579831932773114,85,42,2.9289585180806,-20.650873414692516,54.11764705882353,2.380952380952381,-0.946395970401798,-0.836450958086392,0.0
momentum+strength+cand_sofr_ted_spread+cand_inflation_1y,動能 (10Y-SMA125) + 強度 (NQ 52W區間) + SOFR-3M利差 + 1年通膨預期價差,4,-0.03141388998033172,-0.029853993752765116,,-23.66736772650418,177,137,15.324106407744937,-8.343261318759247,25.98870056497175,46.715328467153284,-0.7909364351788039,-0.033984107021650035,0.0
momentum+strength+duration+move+inflation+cand_inflation_1y,動能 (10Y-SMA125) + 強度 (NQ 52W區間) + 存續期間避險 (TLT-SHY) + 波動度 (MOVE偏態) + 通膨意外 (CPI-10YBE) + 1年通膨預期價差,6,-0.059892156777919196,-0.09059407037621357,,-23.71966205837174,186,112,14.640217215107796,-9.079444843263943,23.655913978494624,42.857142857142854,-1.2661198607352055,-0.41454235706581527,0.0
momentum+duration+move+curve+cand_credit_spread,動能 (10Y-SMA125) + 存續期間避險 (TLT-SHY) + 波動度 (MOVE偏態) + 殖利率曲線 (10Y-2Y) + IG企業債利差,5,-0.05405275189606674,-0.06751117909621973,,-23.738219895287962,191,47,11.373060766309733,-12.36515912897823,30.89005235602094,21.27659574468085,-1.1971807429606036,0.31081292270248695,0.0
duration+curve+inflation+cand_swap_spread+cand_sofr_ted_spread,存續期間避險 (TLT-SHY) + 殖利率曲線 (10Y-2Y) + 通膨意外 (CPI-10YBE) + 10Y Swap Spread + SOFR-3M利差,5,-0.05699633833902423,-0.06321916497014787,,-23.804652191776494,53,0,23.804652191776494,0.0,18.867924528301888,0.0,-1.0836253765602193,-0.5678068012772809,0.0
momentum+strength+move,動能 (10Y-SMA125) + 強度 (NQ 52W區間) + 波動度 (MOVE偏態),3,-0.027992001881597044,-0.04196120241661564,,-23.817156862745097,120,408,18.60150753768844,-5.215649325056656,19.166666666666668,45.09803921568628,-0.5167091166654687,-0.29631636995926136,0.0
momentum+move+curve+cand_copper_gold+cand_sofr_ted_spread,動能 (10Y-SMA125) + 波動度 (MOVE偏態) + 殖利率曲線 (10Y-2Y) + 銅金比報酬差 + SOFR-3M利差,5,-0.0015221190796459827,0.05510759066275026,,-23.836538461538456,104,8,19.346379332560236,-4.49015912897822,24.03846153846154,0.0,-0.39801227586446963,0.38406325574380296,0.0
curve+inflation+cand_swap_spread+cand_inflation_1y,殖利率曲線 (10Y-2Y) + 通膨意外 (CPI-10YBE) + 10Y Swap Spread + 1年通膨預期價差,4,-0.05890264877787652,-0.09023490965703733,,-23.971988795518207,51,105,16.987782047492363,-6.984206748025845,33.33333333333333,39.04761904761905,-0.7318869938344125,-1.199844427227981,0.0
momentum+strength+duration+move+curve+inflation+cand_credit_spread+cand_swap_spread+cand_inflation_1y,動能 (10Y-SMA125) + 強度 (NQ 52W區間) + 存續期間避險 (TLT-SHY) + 波動度 (MOVE偏態) + 殖利率曲線 (10Y-2Y) + 通膨意外 (CPI-10YBE) + IG企業債利差 + 10Y Swap Spread + 1年通膨預期價差,9,-0.05277064228310869,-0.07139841472800464,,-24.151507537688442,60,0,24.151507537688442,0.0,18.333333333333332,0.0,-0.9506768443180121,-0.9239831241495101,0.0
momentum+strength+duration+move+curve+inflation+cand_credit_spread+cand_swap_spread+cand_sofr_ted_spread+cand_inflation_1y,動能 (10Y-SMA125) + 強度 (NQ 52W區間) + 存續期間避險 (TLT-SHY) + 波動度 (MOVE偏態) + 殖利率曲線 (10Y-2Y) + 通膨意外 (CPI-10YBE) + IG企業債利差 + 10Y Swap Spread + SOFR-3M利差 + 1年通膨預期價差,10,-0.0508146510453377,-0.05778885508639973,,-24.151507537688442,60,0,24.151507537688442,0.0,18.333333333333332,0.0,-1.0431768842820577,-1.0147909180103514,0.0
momentum+strength+duration+move+curve+inflation+cand_credit_spread+cand_swap_spread+cand_sofr_ted_spread,動能 (10Y-SMA125) + 強度 (NQ 52W區間) + 存續期間避險 (TLT-SHY) + 波動度 (MOVE偏態) + 殖利率曲線 (10Y-2Y) + 通膨意外 (CPI-10YBE) + IG企業債利差 + 10Y Swap Spread + SOFR-3M利差,9,-0.04093142873555907,-0.04355303331710052,,-24.199357000054036,62,0,24.199357000054036,0.0,14.516129032258066,0.0,-0.7938210394276249,-0.8243179889920004,0.0
duration+move+curve+cand_copper_gold+cand_sofr_ted_spread+cand_inflation_1y,存續期間避險 (TLT-SHY) + 波動度 (MOVE偏態) + 殖利率曲線 (10Y-2Y) + 銅金比報酬差 + SOFR-3M利差 + 1年通膨預期價差,6,-0.030229533198747167,-0.011554726497648432,,-24.261396011396016,108,13,20.588544574725482,-3.6728514366705336,24.074074074074073,15.384615384615385,-1.0298966400605503,-0.26547258086767556,0.0
momentum+duration+curve+cand_credit_spread+cand_swap_spread,動能 (10Y-SMA125) + 存續期間避險 (TLT-SHY) + 殖利率曲線 (10Y-2Y) + IG企業債利差 + 10Y Swap Spread,5,-0.047059678014666866,-0.06401450787784661,,-24.288888888888906,45,15,15.390396426577336,-8.898492462311571,26.666666666666668,46.666666666666664,-0.8302607738116271,0.1914071219779415,0.0
momentum+strength+duration+move+inflation+cand_copper_gold+cand_swap_spread+cand_sofr_ted_spread+cand_inflation_1y,動能 (10Y-SMA125) + 強度 (NQ 52W區間) + 存續期間避險 (TLT-SHY) + 波動度 (MOVE偏態) + 通膨意外 (CPI-10YBE) + 銅金比報酬差 + 10Y Swap Spread + SOFR-3M利差 + 1年通膨預期價差,9,-0.03643627109872076,-0.030945366278419845,,-24.327148563329462,52,0,24.327148563329462,0.0,11.538461538461538,0.0,-0.7740229573759673,-0.7319348326186883,0.0
momentum+strength+move+inflation+cand_swap_spread+cand_sofr_ted_spread,動能 (10Y-SMA125) + 強度 (NQ 52W區間) + 波動度 (MOVE偏態) + 通膨意外 (CPI-10YBE) + 10Y Swap Spread + SOFR-3M利差,6,-0.027976177045079858,-0.03850227519262439,,-24.32871842204219,49,0,24.32871842204219,0.0,12.244897959183673,0.0,-0.5237837190363777,-1.2329303910365583,0.0
strength+move+curve+cand_credit_spread+cand_sofr_ted_spread+cand_inflation_1y,強度 (NQ 52W區間) + 波動度 (MOVE偏態) + 殖利率曲線 (10Y-2Y) + IG企業債利差 + SOFR-3M利差 + 1年通膨預期價差,6,-0.043114858834457544,-0.03061382119804922,,-24.33176470588236,68,50,21.046605576904135,-3.2851591289782256,25.0,30.0,-0.550121907993575,-1.0405539023436687,0.0
strength+duration+move+cand_credit_spread+cand_swap_spread+cand_inflation_1y,強度 (NQ 52W區間) + 存續期間避險 (TLT-SHY) + 波動度 (MOVE偏態) + IG企業債利差 + 10Y Swap Spread + 1年通膨預期價差,6,-0.04399423755828089,-0.09323324016776648,,-24.44711263579189,33,106,28.119689355870268,3.6725767200783785,15.151515151515152,64.15094339622641,-0.4275462788165163,-1.3631882852425508,0.0
duration+move+curve+cand_credit_spread+cand_sofr_ted_spread+cand_inflation_1y,存續期間避險 (TLT-SHY) + 波動度 (MOVE偏態) + 殖利率曲線 (10Y-2Y) + IG企業債利差 + SOFR-3M利差 + 1年通膨預期價差,6,-0.07008404178588795,-0.07928599169718109,,-24.600732600732613,91,3,23.568906805087714,-1.031825795644897,23.076923076923077,33.33333333333333,-1.392331452864904,-0.5573682741436006,0.0
momentum+inflation+cand_copper_gold+cand_credit_spread+cand_swap_spread,動能 (10Y-SMA125) + 通膨意外 (CPI-10YBE) + 銅金比報酬差 + IG企業債利差 + 10Y Swap Spread,5,-0.001613787925404478,0.03166122053140106,,-24.655058043117762,67,27,15.0676766919173,-9.587381351200463,25.37313432835821,33.33333333333333,0.2772656034010462,-0.6556205075238145,-2.3645937306384996
momentum+strength+move+cand_copper_gold+cand_credit_spread+cand_swap_spread+cand_inflation_1y,動能 (10Y-SMA125) + 強度 (NQ 52W區間) + 波動度 (MOVE偏態) + 銅金比報酬差 + IG企業債利差 + 10Y Swap Spread + 1年通膨預期價差,7,-0.018817367396055357,-0.027163499543017947,,-24.65649350649352,28,55,33.52769801387892,8.871204507385402,3.571428571428571,76.36363636363637,0.10203787714906098,-1.07187251495485,-10.504653221950278
move+curve+inflation+cand_swap_spread+cand_inflation_1y,波動度 (MOVE偏態) + 殖利率曲線 (10Y-2Y) + 通膨意外 (CPI-10YBE) + 10Y Swap Spread + 1年通膨預期價差,5,-0.05725421970884164,-0.10312067609777203,,-24.881422924901194,46,11,29.24353652319569,4.3621135982944965,19.565217391304348,100.0,-0.9132876497071661,-1.8004040401154433,0.0
momentum+strength+move+inflation+cand_swap_spread+cand_inflation_1y,動能 (10Y-SMA125) + 強度 (NQ 52W區間) + 波動度 (MOVE偏態) + 通膨意外 (CPI-10YBE) + 10Y Swap Spread + 1年通膨預期價差,6,-0.04599173707903668,-0.082197077483889,,-24.895020438498722,46,117,27.743536523195704,2.8485160846969815,15.217391304347828,54.700854700854705,-0.710405473212934,-1.1695820381575903,0.0
momentum+strength+duration+move+inflation+cand_credit_spread+cand_sofr_ted_spread,動能 (10Y-SMA125) + 強度 (NQ 52W區間) + 存續期間避險 (TLT-SHY) + 波動度 (MOVE偏態) + 通膨意外 (CPI-10YBE) + IG企業債利差 + SOFR-3M利差,7,-0.04117293463957555,-0.050971139468486706,,-24.98235294117647,180,51,12.068174204355106,-12.914178736821363,27.77777777777778,50.98039215686274,-0.9977464030984661,-0.3829439576186139,0.0
strength+duration+move+cand_swap_spread+cand_sofr_ted_spread,強度 (NQ 52W區間) + 存續期間避險 (TLT-SHY) + 波動度 (MOVE偏態) + 10Y Swap Spread + SOFR-3M利差,5,-0.03324247718648839,-0.062491333878028896,,-25.071604938271605,25,81,23.434840871021773,-1.636764067249832,16.0,55.55555555555556,-0.3311877193048849,-1.0396301768948355,0.0
strength+duration+move+curve+cand_copper_gold+cand_credit_spread+cand_swap_spread,強度 (NQ 52W區間) + 存續期間避險 (TLT-SHY) + 波動度 (MOVE偏態) + 殖利率曲線 (10Y-2Y) + 銅金比報酬差 + IG企業債利差 + 10Y Swap Spread,7,-0.02333841752988116,-0.01606310824033397,,-25.07453786523554,39,43,10.686122922303825,-14.388414942931718,46.15384615384615,20.930232558139537,0.15277284485278786,-0.8841935671948384,-5.7876356760054355
momentum+move+inflation+cand_copper_gold+cand_swap_spread,動能 (10Y-SMA125) + 波動度 (MOVE偏態) + 通膨意外 (CPI-10YBE) + 銅金比報酬差 + 10Y Swap Spread,5,-0.007728548852488964,-0.0025886925113753436,,-25.115779645191417,51,63,15.909350674943346,-9.206428970248073,33.33333333333333,41.269841269841265,-0.11657041752869693,-0.768502173788134,0.0
momentum+strength+move+cand_copper_gold,動能 (10Y-SMA125) + 強度 (NQ 52W區間) + 波動度 (MOVE偏態) + 銅金比報酬差,4,-0.001482552326859482,0.024637988022530814,,-25.117132867132852,78,132,19.865610101790992,-5.2515227653418615,16.666666666666664,43.18181818181818,0.0886319143595444,-0.1913809065210826,-2.159277590967137
momentum+strength+duration+inflation+cand_credit_spread+cand_sofr_ted_spread,動能 (10Y-SMA125) + 強度 (NQ 52W區間) + 存續期間避險 (TLT-SHY) + 通膨意外 (CPI-10YBE) + IG企業債利差 + SOFR-3M利差,6,-0.046789954928378584,-0.05812537017589689,,-25.12992831541219,248,72,7.570324741989515,-17.559603573422674,34.67741935483871,29.166666666666668,-0.8670381867169121,0.0790361977958455,0.0
momentum+strength+duration+move+curve+inflation+cand_swap_spread+cand_sofr_ted_spread+cand_inflation_1y,動能 (10Y-SMA125) + 強度 (NQ 52W區間) + 存續期間避險 (TLT-SHY) + 波動度 (MOVE偏態) + 殖利率曲線 (10Y-2Y) + 通膨意外 (CPI-10YBE) + 10Y Swap Spread + SOFR-3M利差 + 1年通膨預期價差,9,-0.05132736837068189,-0.06579037282471407,,-25.175070756079258,87,0,25.175070756079258,0.0,12.643678160919542,0.0,-1.2294515851241261,-0.7674747435058917,0.0
move+cand_credit_spread+cand_swap_spread+cand_inflation_1y,波動度 (MOVE偏態) + IG企業債利差 + 10Y Swap Spread + 1年通膨預期價差,4,-0.015615983553183962,-0.06098207952035856,,-25.236625119846593,35,149,23.6634122995932,-1.5732128202533935,25.71428571428571,55.70469798657718,-0.20126915095817202,-2.302244389559038,0.0
strength+duration+move+curve+inflation+cand_swap_spread+cand_sofr_ted_spread,強度 (NQ 52W區間) + 存續期間避險 (TLT-SHY) + 波動度 (MOVE偏態) + 殖利率曲線 (10Y-2Y) + 通膨意外 (CPI-10YBE) + 10Y Swap Spread + SOFR-3M利差,7,-0.05478872145122396,-0.06642137969060374,,-25.35824512634091,47,0,25.35824512634091,0.0,8.51063829787234,0.0,-0.7504408317390243,-1.1913828646287536,0.0
momentum+strength+move+curve+inflation+cand_credit_spread+cand_swap_spread,動能 (10Y-SMA125) + 強度 (NQ 52W區間) + 波動度 (MOVE偏態) + 殖利率曲線 (10Y-2Y) + 通膨意外 (CPI-10YBE) + IG企業債利差 + 10Y Swap Spread,7,-0.0445661030592262,-0.05028715067708493,,-25.37062937062938,52,11,23.09637933256024,-2.274250038069143,19.230769230769234,36.36363636363637,-0.32788493496204013,-1.1634536173397922,0.0
momentum+duration+move+curve+cand_credit_spread+cand_sofr_ted_spread,動能 (10Y-SMA125) + 存續期間避險 (TLT-SHY) + 波動度 (MOVE偏態) + 殖利率曲線 (10Y-2Y) + IG企業債利差 + SOFR-3M利差,6,-0.05501550557405653,-0.05462732058576867,,-25.41602167182662,152,34,13.786156660495456,-11.629865011331166,30.92105263157895,14.705882352941178,-1.200505643461936,0.3771110539347523,0.0
momentum+strength+move+curve+inflation+cand_copper_gold+cand_credit_spread+cand_swap_spread,動能 (10Y-SMA125) + 強度 (NQ 52W區間) + 波動度 (MOVE偏態) + 殖利率曲線 (10Y-2Y) + 通膨意外 (CPI-10YBE) + 銅金比報酬差 + IG企業債利差 + 10Y Swap Spread,8,-0.029047618877296556,-0.010348579014459123,,-25.459790209790206,52,11,17.73099471717562,-7.728795492614586,32.69230769230769,18.181818181818183,0.050588890541249175,-1.0123974519157688,-20.012248560586244
duration+move+cand_credit_spread+cand_swap_spread+cand_sofr_ted_spread+cand_inflation_1y,存續期間避險 (TLT-SHY) + 波動度 (MOVE偏態) + IG企業債利差 + 10Y Swap Spread + SOFR-3M利差 + 1年通膨預期價差,6,-0.04022464073458439,-0.11226764718148287,,-25.46140724946696,35,67,31.66341229959321,6.202005050126255,11.428571428571429,64.17910447761194,-0.8544401804424686,-1.2170194611614504,0.0
momentum+strength+duration+move+cand_copper_gold+cand_credit_spread+cand_swap_spread+cand_inflation_1y,動能 (10Y-SMA125) + 強度 (NQ 52W區間) + 存續期間避險 (TLT-SHY) + 波動度 (MOVE偏態) + 銅金比報酬差 + IG企業債利差 + 10Y Swap Spread + 1年通膨預期價差,8,-0.03062418141877432,-0.04477081911941739,,-25.59778225806452,32,62,29.603590871021776,4.0058086129572565,9.375,67.74193548387096,-0.3396034355685119,-0.6920774426916734,0.0
strength+duration+curve+cand_copper_gold+cand_swap_spread,強度 (NQ 52W區間) + 存續期間避險 (TLT-SHY) + 殖利率曲線 (10Y-2Y) + 銅金比報酬差 + 10Y Swap Spread,5,-0.03660119891151007,-0.025481834717566692,,-25.655555555555548,12,180,21.38484087102177,-4.270714684533779,16.666666666666664,44.44444444444444,0.38202875271058734,-0.3587332605956054,-0.9390216261218698
momentum+strength+duration+move+curve+inflation+cand_copper_gold+cand_credit_spread+cand_swap_spread+cand_sofr_ted_spread,動能 (10Y-SMA125) + 強度 (NQ 52W區間) + 存續期間避險 (TLT-SHY) + 波動度 (MOVE偏態) + 殖利率曲線 (10Y-2Y) + 通膨意外 (CPI-10YBE) + 銅金比報酬差 + IG企業債利差 + 10Y Swap Spread + SOFR-3M利差,10,-0.029065841814630938,-0.006752771154205454,,-25.656580001456557,46,0,25.656580001456557,0.0,13.043478260869565,0.0,-0.39455773483310125,-0.6714879916917667,0.0
momentum+duration+move+inflation+cand_copper_gold+cand_credit_spread+cand_swap_spread,動能 (10Y-SMA125) + 存續期間避險 (TLT-SHY) + 波動度 (MOVE偏態) + 通膨意外 (CPI-10YBE) + 銅金比報酬差 + IG企業債利差 + 10Y Swap Spread,7,-0.019155335992321335,-0.021185729887862877,,-25.676190476190484,42,35,22.682459918640824,-2.9937305575496604,16.666666666666664,48.57142857142857,-0.5116967750437222,-0.5946756263415223,0.0
momentum+strength+duration+move+inflation+cand_credit_spread+cand_swap_spread,動能 (10Y-SMA125) + 強度 (NQ 52W區間) + 存續期間避險 (TLT-SHY) + 波動度 (MOVE偏態) + 通膨意外 (CPI-10YBE) + IG企業債利差 + 10Y Swap Spread,7,-0.03647766985457694,-0.057228544865093364,,-25.67741935483872,62,71,20.31226022586049,-5.365159128978229,14.516129032258066,45.07042253521127,-0.6237414146467848,-0.8210734176031169,0.0
momentum+curve+inflation+cand_swap_spread+cand_sofr_ted_spread,動能 (10Y-SMA125) + 殖利率曲線 (10Y-2Y) + 通膨意外 (CPI-10YBE) + 10Y Swap Spread + SOFR-3M利差,5,-0.04169331896912903,-0.025647194580921007,,-25.84637933256025,52,0,25.84637933256025,0.0,13.461538461538462,0.0,-0.8193432545448254,-0.2872506265989046,0.0
strength+move+curve+cand_copper_gold+cand_credit_spread+cand_swap_spread+cand_inflation_1y,強度 (NQ 52W區間) + 波動度 (MOVE偏態) + 殖利率曲線 (10Y-2Y) + 銅金比報酬差 + IG企業債利差 + 10Y Swap Spread + 1年通膨預期價差,7,-0.023188938511343057,-0.021007572126321802,,-25.9047619047619,42,10,14.539602775783676,-11.365159128978226,45.23809523809524,10.0,0.2948612893603121,-1.3812277387611864,-4.684330526254213
momentum+strength+duration+move+cand_copper_gold+cand_credit_spread+cand_swap_spread,動能 (10Y-SMA125) + 強度 (NQ 52W區間) + 存續期間避險 (TLT-SHY) + 波動度 (MOVE偏態) + 銅金比報酬差 + IG企業債利差 + 10Y Swap Spread,7,-0.009922669282173342,-0.0022672454429655663,,-25.94507042253521,30,71,23.734840871021774,-2.2102295515134354,13.333333333333334,54.929577464788736,-0.028118838279891218,-0.4801158876206083,0.0
momentum+move+inflation+cand_copper_gold+cand_swap_spread+cand_sofr_ted_spread+cand_inflation_1y,動能 (10Y-SMA125) + 波動度 (MOVE偏態) + 通膨意外 (CPI-10YBE) + 銅金比報酬差 + 10Y Swap Spread + SOFR-3M利差 + 1年通膨預期價差,7,-0.01688557823070216,-0.029144171108658596,,-26.05589350260072,38,0,26.05589350260072,0.0,18.421052631578945,0.0,-0.6137638395310208,-1.2112560421659277,0.0
momentum+strength+duration+move+curve+inflation+cand_copper_gold+cand_swap_spread+cand_sofr_ted_spread+cand_inflation_1y,動能 (10Y-SMA125) + 強度 (NQ 52W區間) + 存續期間避險 (TLT-SHY) + 波動度 (MOVE偏態) + 殖利率曲線 (10Y-2Y) + 通膨意外 (CPI-10YBE) + 銅金比報酬差 + 10Y Swap Spread + SOFR-3M利差 + 1年通膨預期價差,10,-0.032602646464930156,-0.016274506528422588,,-26.163142757814224,53,0,26.163142757814224,0.0,9.433962264150944,0.0,-0.8337090325177484,-0.6762863644689696,0.0
momentum+strength+duration+move+inflation+cand_swap_spread+cand_inflation_1y,動能 (10Y-SMA125) + 強度 (NQ 52W區間) + 存續期間避險 (TLT-SHY) + 波動度 (MOVE偏態) + 通膨意外 (CPI-10YBE) + 10Y Swap Spread + 1年通膨預期價差,7,-0.05180113329559333,-0.09083869833874696,,-26.166305916305916,84,99,23.599126585307488,-2.56717933099843,9.523809523809524,45.45454545454545,-1.027909828321305,-0.7404812018853506,0.0
strength+move+curve+inflation+cand_credit_spread+cand_swap_spread+cand_sofr_ted_spread+cand_inflation_1y,強度 (NQ 52W區間) + 波動度 (MOVE偏態) + 殖利率曲線 (10Y-2Y) + 通膨意外 (CPI-10YBE) + IG企業債利差 + 10Y Swap Spread + SOFR-3M利差 + 1年通膨預期價差,8,-0.048915062465543044,-0.04896013155731908,,-26.17330240948331,39,0,26.17330240948331,0.0,20.51282051282051,0.0,-0.4070520143455836,-1.9171153085799146,0.0
strength+move+curve+cand_sofr_ted_spread+cand_inflation_1y,強度 (NQ 52W區間) + 波動度 (MOVE偏態) + 殖利率曲線 (10Y-2Y) + SOFR-3M利差 + 1年通膨預期價差,5,-0.04449413178783214,-0.024547653984701545,,-26.17978533094812,86,78,28.506933894277587,2.327148563329467,10.465116279069768,44.871794871794876,-0.8123880825563625,-1.086171149865734,0.0
momentum+move+curve+cand_copper_gold+cand_swap_spread,動能 (10Y-SMA125) + 波動度 (MOVE偏態) + 殖利率曲線 (10Y-2Y) + 銅金比報酬差 + 10Y Swap Spread,5,-0.010508437713174577,0.0055022110414492615,,-26.199999999999974,20,6,23.334840871021775,-2.865159128978199,20.0,50.0,-0.06390066312708557,-0.446299419374511,0.0
momentum+strength+curve+cand_credit_spread+cand_swap_spread+cand_sofr_ted_spread,動能 (10Y-SMA125) + 強度 (NQ 52W區間) + 殖利率曲線 (10Y-2Y) + IG企業債利差 + 10Y Swap Spread + SOFR-3M利差,6,-0.026495651340584746,0.003910437406038502,,-26.259840871021776,40,0,26.259840871021776,0.0,12.5,0.0,0.04573327316028795,-0.5912022169107473,-12.927179186118524
momentum+strength+duration+move+curve+cand_sofr_ted_spread+cand_inflation_1y,動能 (10Y-SMA125) + 強度 (NQ 52W區間) + 存續期間避險 (TLT-SHY) + 波動度 (MOVE偏態) + 殖利率曲線 (10Y-2Y) + SOFR-3M利差 + 1年通膨預期價差,7,-0.04967054626935224,-0.06156554004204089,,-26.39388264669163,178,18,13.584279073268961,-12.80960357342267,30.89887640449438,5.555555555555555,-1.2411214445134944,-0.07624617370571567,0.0
momentum+move+curve+cand_sofr_ted_spread,動能 (10Y-SMA125) + 波動度 (MOVE偏態) + 殖利率曲線 (10Y-2Y) + SOFR-3M利差,4,-0.03155988669307063,-0.0046620341551347755,,-26.439605110336814,168,41,17.61103134721225,-8.828573763124565,25.595238095238095,24.390243902439025,-1.115639887676684,0.4140618238985633,0.0
momentum+strength+duration+move+cand_swap_spread,動能 (10Y-SMA125) + 強度 (NQ 52W區間) + 存續期間避險 (TLT-SHY) + 波動度 (MOVE偏態) + 10Y Swap Spread,5,-0.03217003101459536,-0.05989504475513214,,-26.45054777845405,53,248,21.23861445592744,-5.211933322526612,9.433962264150944,42.33870967741936,-0.561648392818858,-0.3363863893007694,0.0
momentum+move+inflation+cand_copper_gold+cand_swap_spread+cand_inflation_1y,動能 (10Y-SMA125) + 波動度 (MOVE偏態) + 通膨意外 (CPI-10YBE) + 銅金比報酬差 + 10Y Swap Spread + 1年通膨預期價差,6,-0.022640301015807957,-0.04500001863467584,,-26.5092879256966,38,34,26.05589350260072,-0.45339442309587796,18.421052631578945,58.82352941176471,-0.5630887843215279,-1.0358603489038702,0.0
momentum+duration+move+curve+inflation+cand_credit_spread+cand_swap_spread+cand_sofr_ted_spread,動能 (10Y-SMA125) + 存續期間避險 (TLT-SHY) + 波動度 (MOVE偏態) + 殖利率曲線 (10Y-2Y) + 通膨意外 (CPI-10YBE) + IG企業債利差 + 10Y Swap Spread + SOFR-3M利差,8,-0.04786786421980131,-0.05064400988558041,,-26.519456255637163,52,0,26.519456255637163,0.0,15.384615384615385,0.0,-1.1374847024384909,-0.7443996431672015,0.0
strength+move+cand_swap_spread+cand_sofr_ted_spread+cand_inflation_1y,強度 (NQ 52W區間) + 波動度 (MOVE偏態) + 10Y Swap Spread + SOFR-3M利差 + 1年通膨預期價差,5,-0.030499426578014535,-0.0871613145103592,,-26.569444444444457,24,54,37.593174204355115,11.023729759910658,8.333333333333332,81.48148148148148,-0.14291225456265363,-1.7176367614891368,0.0
momentum+strength+duration+move+curve+inflation+cand_swap_spread+cand_sofr_ted_spread,動能 (10Y-SMA125) + 強度 (NQ 52W區間) + 存續期間避險 (TLT-SHY) + 波動度 (MOVE偏態) + 殖利率曲線 (10Y-2Y) + 通膨意外 (CPI-10YBE) + 10Y Swap Spread + SOFR-3M利差,8,-0.046308533297997105,-0.05766879256777337,,-26.578661095740873,89,0,26.578661095740873,0.0,8.98876404494382,0.0,-0.9946891954528855,-0.5502186261274208,0.0
momentum+strength+move+inflation+cand_copper_gold+cand_credit_spread+cand_swap_spread,動能 (10Y-SMA125) + 強度 (NQ 52W區間) + 波動度 (MOVE偏態) + 通膨意外 (CPI-10YBE) + 銅金比報酬差 + IG企業債利差 + 10Y Swap Spread,7,-0.009136668220497553,0.0061877566883765745,,-26.663339382940116,58,38,10.32449604343557,-16.338843339504546,44.827586206896555,26.31578947368421,0.19612914875766513,-1.1047886166264234,-5.632964929611188
strength+duration+move+cand_inflation_1y,強度 (NQ 52W區間) + 存續期間避險 (TLT-SHY) + 波動度 (MOVE偏態) + 1年通膨預期價差,4,-0.058618212690222465,-0.10066451916632037,,-26.671095571095574,130,165,17.027148563329465,-9.643947007766108,27.692307692307693,38.18181818181819,-1.08672302536691,-0.7606064907813566,0.0
momentum+strength+curve+inflation+cand_credit_spread+cand_inflation_1y,動能 (10Y-SMA125) + 強度 (NQ 52W區間) + 殖利率曲線 (10Y-2Y) + 通膨意外 (CPI-10YBE) + IG企業債利差 + 1年通膨預期價差,6,-0.05669520304761528,-0.05479109226329827,,-26.682083997873484,209,9,10.539147091117467,-16.142936906756017,32.535885167464116,11.11111111111111,-0.7257230767571702,-0.7255525989113698,0.0
strength+duration+inflation+cand_credit_spread+cand_inflation_1y,強度 (NQ 52W區間) + 存續期間避險 (TLT-SHY) + 通膨意外 (CPI-10YBE) + IG企業債利差 + 1年通膨預期價差,5,-0.0666202541707925,-0.07943998036759986,,-26.684124918672744,174,53,13.58311673309074,-13.101008185582003,27.011494252873565,45.28301886792453,-0.8586356902860356,-0.9610010469881478,0.0
duration+move+inflation+cand_copper_gold,存續期間避險 (TLT-SHY) + 波動度 (MOVE偏態) + 通膨意外 (CPI-10YBE) + 銅金比報酬差,4,-0.03098369630999424,-0.03193557526190092,,-26.684848484848487,105,55,14.90150753768844,-11.783340947160047,25.71428571428571,41.81818181818181,-0.8417141237091902,-0.4740558110889039,0.0
strength+duration+move+curve+inflation+cand_copper_gold+cand_swap_spread+cand_sofr_ted_spread,強度 (NQ 52W區間) + 存續期間避險 (TLT-SHY) + 波動度 (MOVE偏態) + 殖利率曲線 (10Y-2Y) + 通膨意外 (CPI-10YBE) + 銅金比報酬差 + 10Y Swap Spread + SOFR-3M利差,8,-0.03727742850684548,-0.012863971265104681,,-26.756052992233897,33,0,26.756052992233897,0.0,9.090909090909092,0.0,-0.20390331259939048,-0.9712162872980493,0.0
momentum+duration+move+curve+inflation+cand_copper_gold+cand_credit_spread+cand_swap_spread,動能 (10Y-SMA125) + 存續期間避險 (TLT-SHY) + 波動度 (MOVE偏態) + 殖利率曲線 (10Y-2Y) + 通膨意外 (CPI-10YBE) + 銅金比報酬差 + IG企業債利差 + 10Y Swap Spread,8,-0.03179098889371415,-0.021727887851637213,,-26.799999999999986,40,2,27.934840871021777,1.13484087102179,10.0,50.0,-0.6123591993771652,-0.5421123105320286,0.0
strength+duration+curve+cand_credit_spread+cand_swap_spread,強度 (NQ 52W區間) + 存續期間避險 (TLT-SHY) + 殖利率曲線 (10Y-2Y) + IG企業債利差 + 10Y Swap Spread,5,-0.04558008998565352,-0.059623604778930285,,-26.838095238095242,30,105,24.70150753768844,-2.1365877004068023,13.333333333333334,46.666666666666664,-0.027123726822150515,-0.7310225659295253,0.0
duration+move+curve+cand_copper_gold+cand_swap_spread,存續期間避險 (TLT-SHY) + 波動度 (MOVE偏態) + 殖利率曲線 (10Y-2Y) + 銅金比報酬差 + 10Y Swap Spread,5,-0.02424867236508055,-0.022146448496268584,,-26.87619047619048,21,35,6.96817420435511,-19.90801627183537,33.33333333333333,2.857142857142857,-0.26437865869866284,-0.6503960867661777,0.0
momentum+strength+curve+cand_swap_spread+cand_sofr_ted_spread,動能 (10Y-SMA125) + 強度 (NQ 52W區間) + 殖利率曲線 (10Y-2Y) + 10Y Swap Spread + SOFR-3M利差,5,-0.03421964994676594,-0.023791931215670477,,-26.88484087102178,16,0,26.88484087102178,0.0,0.0,0.0,-0.10473706282259662,-0.2827972385753576,0.0
momentum+strength+duration+move+inflation+cand_copper_gold+cand_credit_spread+cand_swap_spread+cand_sofr_ted_spread,動能 (10Y-SMA125) + 強度 (NQ 52W區間) + 存續期間避險 (TLT-SHY) + 波動度 (MOVE偏態) + 通膨意外 (CPI-10YBE) + 銅金比報酬差 + IG企業債利差 + 10Y Swap Spread + SOFR-3M利差,9,-0.021829689803346156,-0.0020420978537774555,,-26.93750000000003,40,16,22.259840871021783,-4.677659128978243,20.0,50.0,-0.31047892345616696,-0.7060843784230894,0.0
momentum+move+curve+cand_swap_spread+cand_sofr_ted_spread+cand_inflation_1y,動能 (10Y-SMA125) + 波動度 (MOVE偏態) + 殖利率曲線 (10Y-2Y) + 10Y Swap Spread + SOFR-3M利差 + 1年通膨預期價差,6,-0.0485824934343449,-0.07610747472474329,,-27.085821263178644,51,0,27.085821263178644,0.0,29.411764705882355,0.0,-1.255286277534113,-1.1041792955846597,0.0
momentum+duration+move+curve+inflation+cand_swap_spread+cand_inflation_1y,動能 (10Y-SMA125) + 存續期間避險 (TLT-SHY) + 波動度 (MOVE偏態) + 殖利率曲線 (10Y-2Y) + 通膨意外 (CPI-10YBE) + 10Y Swap Spread + 1年通膨預期價差,7,-0.06260709871711051,-0.10706116698360037,,-27.09285714285716,70,4,30.477698013878925,3.3848408710217646,8.571428571428571,50.0,-1.4922768015847054,-0.5133369562920628,0.0
move+curve+cand_swap_spread+cand_sofr_ted_spread,波動度 (MOVE偏態) + 殖利率曲線 (10Y-2Y) + 10Y Swap Spread + SOFR-3M利差,4,-0.03906366977114704,-0.09096377969754538,,-27.213114754098346,183,4,-11.152044374879868,-38.36515912897821,74.86338797814209,0.0,-0.07645196655336732,-2.408331254134349,0.0
momentum+strength+move+inflation+cand_copper_gold+cand_credit_spread+cand_swap_spread+cand_sofr_ted_spread+cand_inflation_1y,動能 (10Y-SMA125) + 強度 (NQ 52W區間) + 波動度 (MOVE偏態) + 通膨意外 (CPI-10YBE) + 銅金比報酬差 + IG企業債利差 + 10Y Swap Spread + SOFR-3M利差 + 1年通膨預期價差,9,-0.02186339973430204,-0.0039894228292013615,,-27.22020672468032,41,0,27.22020672468032,0.0,14.634146341463413,0.0,-0.19491342056476532,-1.2751777797417825,0.0
momentum+duration+move+curve+inflation+cand_swap_spread+cand_sofr_ted_spread,動能 (10Y-SMA125) + 存續期間避險 (TLT-SHY) + 波動度 (MOVE偏態) + 殖利率曲線 (10Y-2Y) + 通膨意外 (CPI-10YBE) + 10Y Swap Spread + SOFR-3M利差,7,-0.04983883738017721,-0.06696326161694396,,-27.244596968582744,82,0,27.244596968582744,0.0,4.878048780487805,0.0,-1.403236225947911,-0.316047263865629,0.0
momentum+strength+move+curve+cand_copper_gold+cand_credit_spread+cand_sofr_ted_spread+cand_inflation_1y,動能 (10Y-SMA125) + 強度 (NQ 52W區間) + 波動度 (MOVE偏態) + 殖利率曲線 (10Y-2Y) + 銅金比報酬差 + IG企業債利差 + SOFR-3M利差 + 1年通膨預期價差,8,-0.02163704254516576,0.021313586655822742,,-27.26436781609197,87,1,10.899208687113731,-16.365159128978238,34.48275862068966,0.0,-0.3715883620720903,-0.5261963366512156,0.0
momentum+duration+inflation+cand_sofr_ted_spread+cand_inflation_1y,動能 (10Y-SMA125) + 存續期間避險 (TLT-SHY) + 通膨意外 (CPI-10YBE) + SOFR-3M利差 + 1年通膨預期價差,5,-0.057458316985903625,-0.07097320381318403,,-27.300770218228493,328,95,8.525084773460799,-18.775685444767696,36.890243902439025,20.0,-1.4851349215576353,0.4888143398765204,0.0
strength+duration+move+inflation,強度 (NQ 52W區間) + 存續期間避險 (TLT-SHY) + 波動度 (MOVE偏態) + 通膨意外 (CPI-10YBE),4,-0.061828227384185176,-0.0933823392554537,,-27.401605428666002,159,228,14.961884896179003,-12.439720532486998,24.528301886792452,35.96491228070175,-0.9927128876260093,-0.8193201103096813,0.0
strength+move+curve+cand_inflation_1y,強度 (NQ 52W區間) + 波動度 (MOVE偏態) + 殖利率曲線 (10Y-2Y) + 1年通膨預期價差,4,-0.05436899114135831,-0.0702316847742111,,-27.473655523255818,86,128,28.506933894277587,1.0332783710217688,10.465116279069768,44.53125,-0.7661883233807966,-1.251174106799174,0.0
strength+duration+move+curve+cand_inflation_1y,強度 (NQ 52W區間) + 存續期間避險 (TLT-SHY) + 波動度 (MOVE偏態) + 殖利率曲線 (10Y-2Y) + 1年通膨預期價差,5,-0.06594827538638429,-0.09140773487338297,,-27.485971685971695,111,70,23.46366969985061,-4.022301986121087,17.117117117117118,31.428571428571427,-1.1649513692289721,-0.727208966436478,0.0
momentum+strength+duration+move+curve+inflation+cand_credit_spread+cand_inflation_1y,動能 (10Y-SMA125) + 強度 (NQ 52W區間) + 存續期間避險 (TLT-SHY) + 波動度 (MOVE偏態) + 殖利率曲線 (10Y-2Y) + 通膨意外 (CPI-10YBE) + IG企業債利差 + 1年通膨預期價差,8,-0.0605506586123176,-0.0764404136406493,,-27.502702702702734,185,2,14.137543573724477,-13.365159128978256,25.945945945945947,0.0,-1.1125666763565674,-0.622161098267028,0.0
move+curve+cand_copper_gold+cand_credit_spread+cand_swap_spread+cand_inflation_1y,波動度 (MOVE偏態) + 殖利率曲線 (10Y-2Y) + 銅金比報酬差 + IG企業債利差 + 10Y Swap Spread + 1年通膨預期價差,6,-0.015075898709775569,-0.02246591470899428,,-27.68181818181817,44,1,11.316659052839956,-16.365159128978213,38.63636363636363,0.0,0.06191230971892489,-1.6152247145472027,-26.088910620200508
move+curve+cand_copper_gold+cand_credit_spread+cand_swap_spread+cand_sofr_ted_spread+cand_inflation_1y,波動度 (MOVE偏態) + 殖利率曲線 (10Y-2Y) + 銅金比報酬差 + IG企業債利差 + 10Y Swap Spread + SOFR-3M利差 + 1年通膨預期價差,7,0.0018099247559322173,0.005227713318663332,,-27.68181818181817,44,1,11.316659052839956,-16.365159128978213,38.63636363636363,0.0,0.07209665158932725,-1.3027752197581906,-18.069843620186177
strength+move+curve+inflation+cand_copper_gold+cand_swap_spread+cand_sofr_ted_spread+cand_inflation_1y,強度 (NQ 52W區間) + 波動度 (MOVE偏態) + 殖利率曲線 (10Y-2Y) + 通膨意外 (CPI-10YBE) + 銅金比報酬差 + 10Y Swap Spread + SOFR-3M利差 + 1年通膨預期價差,8,-0.030159028213836134,-0.014706651969208704,,-27.77419354838709,31,1,29.40903441940887,1.6348408710217792,19.35483870967742,100.0,-0.05494807228173948,-1.5262892283130758,0.0
momentum+strength+move+curve+inflation+cand_credit_spread+cand_swap_spread+cand_sofr_ted_spread+cand_inflation_1y,動能 (10Y-SMA125) + 強度 (NQ 52W區間) + 波動度 (MOVE偏態) + 殖利率曲線 (10Y-2Y) + 通膨意外 (CPI-10YBE) + IG企業債利差 + 10Y Swap Spread + SOFR-3M利差 + 1年通膨預期價差,9,-0.04330781440625615,-0.03491532656120898,,-27.818514340409536,49,0,27.818514340409536,0.0,14.285714285714285,0.0,-0.7388277736945962,-1.495940527659834,0.0
momentum+strength+move+curve+inflation+cand_credit_spread+cand_swap_spread+cand_inflation_1y,動能 (10Y-SMA125) + 強度 (NQ 52W區間) + 波動度 (MOVE偏態) + 殖利率曲線 (10Y-2Y) + 通膨意外 (CPI-10YBE) + IG企業債利差 + 10Y Swap Spread + 1年通膨預期價差,8,-0.04903147057740231,-0.06150175949575925,,-27.818514340409536,49,0,27.818514340409536,0.0,14.285714285714285,0.0,-0.646260814834087,-1.346469280257884,0.0
momentum+strength+duration+move+cand_copper_gold+cand_swap_spread+cand_sofr_ted_spread,動能 (10Y-SMA125) + 強度 (NQ 52W區間) + 存續期間避險 (TLT-SHY) + 波動度 (MOVE偏態) + 銅金比報酬差 + 10Y Swap Spread + SOFR-3M利差,7,-0.007194610040217241,0.013671013674778465,,-27.900255754475708,23,34,25.417449566673948,-2.4828061878017604,8.695652173913043,52.94117647058824,-0.2006123200689998,-0.22565778413648846,0.0
strength+move+inflation+cand_copper_gold+cand_swap_spread+cand_inflation_1y,強度 (NQ 52W區間) + 波動度 (MOVE偏態) + 通膨意外 (CPI-10YBE) + 銅金比報酬差 + 10Y Swap Spread + 1年通膨預期價差,6,-0.023652739107832874,-0.036334886838273996,,-27.907575757575756,33,60,25.39241662859753,-2.515159128978228,21.21212121212121,56.666666666666664,0.1353182883113235,-1.5689447833257608,-11.594477013455325
momentum+duration+move+curve+inflation+cand_copper_gold+cand_credit_spread+cand_swap_spread+cand_sofr_ted_spread,動能 (10Y-SMA125) + 存續期間避險 (TLT-SHY) + 波動度 (MOVE偏態) + 殖利率曲線 (10Y-2Y) + 通膨意外 (CPI-10YBE) + 銅金比報酬差 + IG企業債利差 + 10Y Swap Spread + SOFR-3M利差,9,-0.02782564476552139,-0.004909242213565242,,-27.934840871021777,40,0,27.934840871021777,0.0,10.0,0.0,-0.6332629967883188,-0.5656373199082486,0.0
momentum+strength+move+inflation+cand_copper_gold+cand_swap_spread+cand_inflation_1y,動能 (10Y-SMA125) + 強度 (NQ 52W區間) + 波動度 (MOVE偏態) + 通膨意外 (CPI-10YBE) + 銅金比報酬差 + 10Y Swap Spread + 1年通膨預期價差,7,-0.02776618168073373,-0.034244500782180075,,-27.95945945945947,32,37,30.13484087102178,2.1753814115623107,9.375,62.16216216216216,-0.26943608268540686,-1.0659918871089076,0.0
strength+duration+move+inflation+cand_copper_gold+cand_swap_spread+cand_sofr_ted_spread+cand_inflation_1y,強度 (NQ 52W區間) + 存續期間避險 (TLT-SHY) + 波動度 (MOVE偏態) + 通膨意外 (CPI-10YBE) + 銅金比報酬差 + 10Y Swap Spread + SOFR-3M利差 + 1年通膨預期價差,8,-0.03444571067762531,-0.030251109756783443,,-28.02955665024631,29,7,30.80725466412522,2.7776980138789114,6.896551724137931,85.71428571428571,-0.49628745272064073,-1.2116978253000454,0.0
momentum+strength+curve+inflation+cand_credit_spread+cand_swap_spread+cand_inflation_1y,動能 (10Y-SMA125) + 強度 (NQ 52W區間) + 殖利率曲線 (10Y-2Y) + 通膨意外 (CPI-10YBE) + IG企業債利差 + 10Y Swap Spread + 1年通膨預期價差,7,-0.04742921980938584,-0.046300036849558905,,-28.17009345794392,107,5,8.2049343289657,-19.96515912897822,40.18691588785047,0.0,-0.4943139308861313,-0.9846711863582909,0.0
momentum+strength+duration+move+cand_swap_spread+cand_inflation_1y,動能 (10Y-SMA125) + 強度 (NQ 52W區間) + 存續期間避險 (TLT-SHY) + 波動度 (MOVE偏態) + 10Y Swap Spread + 1年通膨預期價差,6,-0.04611436568812049,-0.0877397436888817,,-28.253171247357304,44,172,27.99847723465815,-0.2546940126991559,9.090909090909092,54.06976744186046,-0.8376243070717309,-0.5925341909115287,0.0
momentum+strength+duration+move+inflation+cand_swap_spread,動能 (10Y-SMA125) + 強度 (NQ 52W區間) + 存續期間避險 (TLT-SHY) + 波動度 (MOVE偏態) + 通膨意外 (CPI-10YBE) + 10Y Swap Spread,6,-0.04234633992509031,-0.06785278848471062,,-28.298748921484034,76,183,20.75326192365335,-7.545486997830684,10.526315789473683,39.89071038251366,-0.8057984723042404,-0.5348654825175181,0.0
momentum+strength+move+cand_sofr_ted_spread,動能 (10Y-SMA125) + 強度 (NQ 52W區間) + 波動度 (MOVE偏態) + SOFR-3M利差,4,-0.015766844239518834,-0.003511286235877524,,-28.335398706896548,116,128,19.712427077918328,-8.622971628978222,16.379310344827587,42.1875,-0.6599933034950766,-0.19471863133982964,0.0
curve+inflation+cand_credit_spread+cand_swap_spread+cand_inflation_1y,殖利率曲線 (10Y-2Y) + 通膨意外 (CPI-10YBE) + IG企業債利差 + 10Y Swap Spread + 1年通膨預期價差,5,-0.04416080403183928,-0.045942481626617855,,-28.377329192546597,56,23,14.099126585307497,-14.278202607239102,33.92857142857143,8.695652173913043,-0.4579635438819977,-1.8109140152379413,0.0
momentum+strength+move+curve+cand_copper_gold+cand_credit_spread+cand_swap_spread,動能 (10Y-SMA125) + 強度 (NQ 52W區間) + 波動度 (MOVE偏態) + 殖利率曲線 (10Y-2Y) + 銅金比報酬差 + IG企業債利差 + 10Y Swap Spread,7,-0.014359489148606453,0.004207592994040771,,-28.392461197339262,41,22,13.390938431997386,-15.001522765341877,39.02439024390244,27.27272727272727,0.2995258107127255,-0.8244608147157058,-2.752553486972928
move+cand_credit_spread+cand_swap_spread+cand_sofr_ted_spread+cand_inflation_1y,波動度 (MOVE偏態) + IG企業債利差 + 10Y Swap Spread + SOFR-3M利差 + 1年通膨預期價差,5,-0.004432753019134442,-0.03331572714085808,,-28.395162943226072,41,119,21.87874331004617,-6.516419633179904,26.82926829268293,47.05882352941176,-0.25876132796050577,-1.6468961085171807,0.0
strength+curve+cand_copper_gold+cand_swap_spread+cand_inflation_1y,強度 (NQ 52W區間) + 殖利率曲線 (10Y-2Y) + 銅金比報酬差 + 10Y Swap Spread + 1年通膨預期價差,5,-0.01908514528473402,-0.010978504501187307,,-28.432005494505493,13,112,26.557917794098696,-1.8740877004067957,23.076923076923077,51.78571428571429,0.6042511860393353,-0.943608117018191,-1.5616156638487169
momentum+duration+move+curve+inflation+cand_credit_spread+cand_swap_spread+cand_sofr_ted_spread+cand_inflation_1y,動能 (10Y-SMA125) + 存續期間避險 (TLT-SHY) + 波動度 (MOVE偏態) + 殖利率曲線 (10Y-2Y) + 通膨意外 (CPI-10YBE) + IG企業債利差 + 10Y Swap Spread + SOFR-3M利差 + 1年通膨預期價差,9,-0.06192810357016341,-0.08223295779521335,,-28.48669272287363,54,0,28.48669272287363,0.0,14.814814814814813,0.0,-1.379407792076779,-0.9944694209878072,0.0
momentum+duration+move+curve+inflation+cand_credit_spread+cand_swap_spread+cand_inflation_1y,動能 (10Y-SMA125) + 存續期間避險 (TLT-SHY) + 波動度 (MOVE偏態) + 殖利率曲線 (10Y-2Y) + 通膨意外 (CPI-10YBE) + IG企業債利差 + 10Y Swap Spread + 1年通膨預期價差,8,-0.059964763956652165,-0.09293892364163392,,-28.48669272287363,54,0,28.48669272287363,0.0,14.814814814814813,0.0,-1.2987602490094476,-0.860105141793096,0.0
momentum+strength+inflation+cand_sofr_ted_spread+cand_inflation_1y,動能 (10Y-SMA125) + 強度 (NQ 52W區間) + 通膨意外 (CPI-10YBE) + SOFR-3M利差 + 1年通膨預期價差,5,-0.05637671674331825,-0.057467860144181884,,-28.49059746400172,188,99,13.448670658255816,-15.041926805745904,27.659574468085108,36.36363636363637,-1.0047536754690138,-0.5276128468858015,0.0
momentum+strength+duration+move+curve+inflation+cand_copper_gold+cand_swap_spread+cand_inflation_1y,動能 (10Y-SMA125) + 強度 (NQ 52W區間) + 存續期間避險 (TLT-SHY) + 波動度 (MOVE偏態) + 殖利率曲線 (10Y-2Y) + 通膨意外 (CPI-10YBE) + 銅金比報酬差 + 10Y Swap Spread + 1年通膨預期價差,9,-0.03495595411444278,-0.03782474974451288,,-28.528301886792477,53,6,26.163142757814224,-2.3651591289782536,9.433962264150944,33.33333333333333,-0.7685288559415074,-0.6211764924591932,0.0
strength+duration+move+inflation+cand_inflation_1y,強度 (NQ 52W區間) + 存續期間避險 (TLT-SHY) + 波動度 (MOVE偏態) + 通膨意外 (CPI-10YBE) + 1年通膨預期價差,5,-0.06842759592144625,-0.10306603197989013,,-28.537705618457593,151,93,16.72093358625356,-11.816772032204032,22.516556291390728,35.483870967741936,-1.2696851590661624,-1.0262396343364675,0.0
momentum+strength+duration+inflation+cand_credit_spread+cand_inflation_1y,動能 (10Y-SMA125) + 強度 (NQ 52W區間) + 存續期間避險 (TLT-SHY) + 通膨意外 (CPI-10YBE) + IG企業債利差 + 1年通膨預期價差,6,-0.060136750134126706,-0.08098738656371433,,-28.573967397965433,199,41,12.74539363484087,-15.828573763124565,26.633165829145728,48.78048780487805,-0.9623284734905931,-0.3300439171366802,0.0
strength+duration+move+cand_sofr_ted_spread+cand_inflation_1y,強度 (NQ 52W區間) + 存續期間避險 (TLT-SHY) + 波動度 (MOVE偏態) + SOFR-3M利差 + 1年通膨預期價差,5,-0.05504448602558843,-0.08100519532468525,,-28.611662531017373,124,52,18.304195709731452,-10.30746682128592,23.387096774193548,48.07692307692308,-1.2304072491521245,-0.630276660001866,0.0
momentum+strength+move+cand_copper_gold+cand_swap_spread+cand_inflation_1y,動能 (10Y-SMA125) + 強度 (NQ 52W區間) + 波動度 (MOVE偏態) + 銅金比報酬差 + 10Y Swap Spread + 1年通膨預期價差,6,-0.014723176247562435,-0.03054974477221942,,-28.673529411764708,20,85,34.28484087102177,5.611311459257063,5.0,70.58823529411765,0.004462992069079017,-0.9185823858391762,-205.82209684023366
momentum+strength+duration+move+curve+inflation+cand_copper_gold+cand_swap_spread+cand_sofr_ted_spread,動能 (10Y-SMA125) + 強度 (NQ 52W區間) + 存續期間避險 (TLT-SHY) + 波動度 (MOVE偏態) + 殖利率曲線 (10Y-2Y) + 通膨意外 (CPI-10YBE) + 銅金比報酬差 + 10Y Swap Spread + SOFR-3M利差,9,-0.027604922689702074,-0.006187363871904066,,-28.719947254000488,47,0,28.719947254000488,0.0,4.25531914893617,0.0,-0.5474658193406041,-0.4682929270296775,0.0
strength+duration+move+inflation+cand_copper_gold+cand_credit_spread+cand_swap_spread+cand_inflation_1y,強度 (NQ 52W區間) + 存續期間避險 (TLT-SHY) + 波動度 (MOVE偏態) + 通膨意外 (CPI-10YBE) + 銅金比報酬差 + IG企業債利差 + 10Y Swap Spread + 1年通膨預期價差,8,-0.03396704506576686,-0.0384257245086795,,-28.749549549549563,37,30,27.851057087237997,-0.8984924623115677,13.513513513513514,60.0,-0.25595333233788253,-1.3118309560998684,0.0
duration+move+curve+cand_copper_gold+cand_swap_spread+cand_inflation_1y,存續期間避險 (TLT-SHY) + 波動度 (MOVE偏態) + 殖利率曲線 (10Y-2Y) + 銅金比報酬差 + 10Y Swap Spread + 1年通膨預期價差,6,-0.03981587380585251,-0.06833138924535043,,-28.759840871021776,24,0,28.759840871021776,0.0,25.0,0.0,-0.7369450288517748,-0.9245150246627614,0.0
duration+move+curve+cand_copper_gold+cand_swap_spread+cand_sofr_ted_spread+cand_inflation_1y,存續期間避險 (TLT-SHY) + 波動度 (MOVE偏態) + 殖利率曲線 (10Y-2Y) + 銅金比報酬差 + 10Y Swap Spread + SOFR-3M利差 + 1年通膨預期價差,7,-0.035838660413598886,-0.05242232242909203,,-28.759840871021776,24,0,28.759840871021776,0.0,25.0,0.0,-0.7310012503947291,-0.8844697485154477,0.0
momentum+move+curve+cand_copper_gold+cand_credit_spread+cand_swap_spread,動能 (10Y-SMA125) + 波動度 (MOVE偏態) + 殖利率曲線 (10Y-2Y) + 銅金比報酬差 + IG企業債利差 + 10Y Swap Spread,6,-0.009547179930755469,0.011592553417424142,,-28.800000000000022,40,5,11.234840871021778,-17.565159128978244,37.5,20.0,0.07162157774067962,-0.8200923049116936,-11.450352404704114
momentum+strength+duration+move+curve+cand_copper_gold+cand_credit_spread+cand_swap_spread+cand_sofr_ted_spread,動能 (10Y-SMA125) + 強度 (NQ 52W區間) + 存續期間避險 (TLT-SHY) + 波動度 (MOVE偏態) + 殖利率曲線 (10Y-2Y) + 銅金比報酬差 + IG企業債利差 + 10Y Swap Spread + SOFR-3M利差,9,-0.019934825788628124,0.004763546547164679,,-28.82002605620696,27,0,28.82002605620696,0.0,7.4074074074074066,0.0,-0.21347295006703187,-0.41215398161816064,0.0
momentum+move+curve+inflation+cand_copper_gold+cand_swap_spread+cand_sofr_ted_spread,動能 (10Y-SMA125) + 波動度 (MOVE偏態) + 殖利率曲線 (10Y-2Y) + 通膨意外 (CPI-10YBE) + 銅金比報酬差 + 10Y Swap Spread + SOFR-3M利差,7,-0.021187988226125467,0.021761356452340935,,-28.82234087102178,32,0,28.82234087102178,0.0,12.5,0.0,-0.2858857869974583,-0.8439906388521434,0.0
strength+duration+move+cand_swap_spread,強度 (NQ 52W區間) + 存續期間避險 (TLT-SHY) + 波動度 (MOVE偏態) + 10Y Swap Spread,4,-0.031144511988668872,-0.065142723050717,,-28.82428115015974,24,313,24.63484087102177,-4.189440279137971,12.5,42.17252396166134,-0.20397731249284543,-1.006544132960619,0.0
strength+duration+move+curve+inflation+cand_credit_spread+cand_swap_spread+cand_sofr_ted_spread+cand_inflation_1y,強度 (NQ 52W區間) + 存續期間避險 (TLT-SHY) + 波動度 (MOVE偏態) + 殖利率曲線 (10Y-2Y) + 通膨意外 (CPI-10YBE) + IG企業債利差 + 10Y Swap Spread + SOFR-3M利差 + 1年通膨預期價差,9,-0.05751606994450151,-0.06721744060609158,,-28.90984087102178,40,0,28.90984087102178,0.0,15.0,0.0,-0.8675012300839747,-1.5046792908472186,0.0
strength+duration+move+curve+inflation+cand_credit_spread+cand_swap_spread+cand_inflation_1y,強度 (NQ 52W區間) + 存續期間避險 (TLT-SHY) + 波動度 (MOVE偏態) + 殖利率曲線 (10Y-2Y) + 通膨意外 (CPI-10YBE) + IG企業債利差 + 10Y Swap Spread + 1年通膨預期價差,8,-0.056891023343866476,-0.07457064318596861,,-28.90984087102178,40,0,28.90984087102178,0.0,15.0,0.0,-0.7740634173277344,-1.4324774872127881,0.0
momentum+duration+move+curve+inflation+cand_copper_gold+cand_credit_spread+cand_swap_spread+cand_sofr_ted_spread+cand_inflation_1y,動能 (10Y-SMA125) + 存續期間避險 (TLT-SHY) + 波動度 (MOVE偏態) + 殖利率曲線 (10Y-2Y) + 通膨意外 (CPI-10YBE) + 銅金比報酬差 + IG企業債利差 + 10Y Swap Spread + SOFR-3M利差 + 1年通膨預期價差,10,-0.04334348092024224,-0.035715757847047294,,-28.94436468054558,42,0,28.94436468054558,0.0,9.523809523809524,0.0,-0.922367048203793,-0.8120889752004034,0.0
momentum+duration+move+curve+inflation+cand_copper_gold+cand_credit_spread+cand_swap_spread+cand_inflation_1y,動能 (10Y-SMA125) + 存續期間避險 (TLT-SHY) + 波動度 (MOVE偏態) + 殖利率曲線 (10Y-2Y) + 通膨意外 (CPI-10YBE) + 銅金比報酬差 + IG企業債利差 + 10Y Swap Spread + 1年通膨預期價差,9,-0.0450714892753699,-0.051115216904225234,,-28.94436468054558,42,0,28.94436468054558,0.0,9.523809523809524,0.0,-0.8860444552996589,-0.7770185192577549,0.0
momentum+move+curve+inflation+cand_credit_spread+cand_swap_spread+cand_inflation_1y,動能 (10Y-SMA125) + 波動度 (MOVE偏態) + 殖利率曲線 (10Y-2Y) + 通膨意外 (CPI-10YBE) + IG企業債利差 + 10Y Swap Spread + 1年通膨預期價差,7,-0.055648972307967184,-0.08132656683322853,,-29.10292597740477,47,0,29.10292597740477,0.0,12.76595744680851,0.0,-0.9981338846367364,-1.4727538606590223,0.0
momentum+move+curve+inflation+cand_credit_spread+cand_swap_spread+cand_sofr_ted_spread+cand_inflation_1y,動能 (10Y-SMA125) + 波動度 (MOVE偏態) + 殖利率曲線 (10Y-2Y) + 通膨意外 (CPI-10YBE) + IG企業債利差 + 10Y Swap Spread + SOFR-3M利差 + 1年通膨預期價差,8,-0.05151084478454147,-0.05512755871726183,,-29.10292597740477,47,0,29.10292597740477,0.0,12.76595744680851,0.0,-1.0750269202850324,-1.8032753746217955,0.0
strength+inflation+cand_swap_spread+cand_inflation_1y,強度 (NQ 52W區間) + 通膨意外 (CPI-10YBE) + 10Y Swap Spread + 1年通膨預期價差,4,-0.04721331250350942,-0.0763018105006617,,-29.16448918397945,46,406,26.78701478406526,-2.377474399914187,15.217391304347828,45.812807881773395,-0.14566784779819852,-1.3983937491434282,0.0
momentum+strength+move+curve+cand_credit_spread+cand_swap_spread+cand_sofr_ted_spread,動能 (10Y-SMA125) + 強度 (NQ 52W區間) + 波動度 (MOVE偏態) + 殖利率曲線 (10Y-2Y) + IG企業債利差 + 10Y Swap Spread + SOFR-3M利差,7,-0.024944951262416862,-0.013968032291587794,,-29.23484087102177,35,0,29.23484087102177,0.0,14.285714285714285,0.0,-0.17558181010393892,-1.0416524314543123,0.0
move+curve+inflation+cand_swap_spread+cand_sofr_ted_spread+cand_inflation_1y,波動度 (MOVE偏態) + 殖利率曲線 (10Y-2Y) + 通膨意外 (CPI-10YBE) + 10Y Swap Spread + SOFR-3M利差 + 1年通膨預期價差,6,-0.04925850821720021,-0.08388963622505674,,-29.24353652319569,46,0,29.24353652319569,0.0,19.565217391304348,0.0,-0.9713620853636459,-2.4050165850816003,0.0
strength+duration+move+inflation+cand_copper_gold+cand_credit_spread+cand_swap_spread,強度 (NQ 52W區間) + 存續期間避險 (TLT-SHY) + 波動度 (MOVE偏態) + 通膨意外 (CPI-10YBE) + 銅金比報酬差 + IG企業債利差 + 10Y Swap Spread,7,-0.02202821050794032,-0.013484647667988561,,-29.281159420289853,60,69,11.234840871021776,-18.04631854926808,43.333333333333336,24.637681159420293,0.07104941020985109,-1.1554305634471274,-16.262352636488536
strength+duration+curve+cand_swap_spread,強度 (NQ 52W區間) + 存續期間避險 (TLT-SHY) + 殖利率曲線 (10Y-2Y) + 10Y Swap Spread,4,-0.05642182932520996,-0.08662482973796647,,-29.353846153846156,7,260,24.634840871021776,-4.719005282824382,14.285714285714285,45.0,-0.1909688631474796,-0.45290281641469715,0.0
momentum+curve+cand_copper_gold+cand_credit_spread+cand_swap_spread,動能 (10Y-SMA125) + 殖利率曲線 (10Y-2Y) + 銅金比報酬差 + IG企業債利差 + 10Y Swap Spread,5,-0.011534226226767998,0.024410984885253076,,-29.388235294117663,17,10,21.223076165139428,-8.165159128978235,11.76470588235294,0.0,0.3930143240371843,-0.2451122358850082,-0.6236725251312147
momentum+strength+move+curve+inflation+cand_copper_gold+cand_swap_spread+cand_sofr_ted_spread,動能 (10Y-SMA125) + 強度 (NQ 52W區間) + 波動度 (MOVE偏態) + 殖利率曲線 (10Y-2Y) + 通膨意外 (CPI-10YBE) + 銅金比報酬差 + 10Y Swap Spread + SOFR-3M利差,8,-0.02841976348046846,0.007076430708583006,,-29.399546753374715,34,0,29.399546753374715,0.0,5.88235294117647,0.0,-0.06383206214762106,-0.8787973928452817,0.0
momentum+strength+duration+inflation+cand_sofr_ted_spread+cand_inflation_1y,動能 (10Y-SMA125) + 強度 (NQ 52W區間) + 存續期間避險 (TLT-SHY) + 通膨意外 (CPI-10YBE) + SOFR-3M利差 + 1年通膨預期價差,6,-0.05604643528497099,-0.06963016358592287,,-29.427906770648708,217,104,11.745439949362787,-17.68246682128592,27.64976958525346,25.0,-1.1869009054803046,0.020883262154973388,0.0
strength+duration+move+curve+cand_sofr_ted_spread+cand_inflation_1y,強度 (NQ 52W區間) + 存續期間避險 (TLT-SHY) + 波動度 (MOVE偏態) + 殖利率曲線 (10Y-2Y) + SOFR-3M利差 + 1年通膨預期價差,6,-0.05570555405026233,-0.05931132684948783,,-29.495495495495504,111,37,23.34655258273349,-6.1489429127620125,17.117117117117118,27.027027027027028,-1.2210854219133385,-0.650147018668502,0.0
move+curve+cand_credit_spread+cand_swap_spread+cand_inflation_1y,波動度 (MOVE偏態) + 殖利率曲線 (10Y-2Y) + IG企業債利差 + 10Y Swap Spread + 1年通膨預期價差,5,-0.045969422159832594,-0.0930158544613598,,-29.50150753768844,30,0,29.50150753768844,0.0,20.0,0.0,-0.45842646634289674,-2.3054623616574106,0.0
move+curve+cand_credit_spread+cand_swap_spread+cand_sofr_ted_spread+cand_inflation_1y,波動度 (MOVE偏態) + 殖利率曲線 (10Y-2Y) + IG企業債利差 + 10Y Swap Spread + SOFR-3M利差 + 1年通膨預期價差,6,-0.03574224268141745,-0.07192105827504956,,-29.50150753768844,30,0,29.50150753768844,0.0,20.0,0.0,-0.48722945047113686,-1.820730588920702,0.0
momentum+duration+move+curve+cand_copper_gold+cand_swap_spread+cand_inflation_1y,動能 (10Y-SMA125) + 存續期間避險 (TLT-SHY) + 波動度 (MOVE偏態) + 殖利率曲線 (10Y-2Y) + 銅金比報酬差 + 10Y Swap Spread + 1年通膨預期價差,7,-0.03625813296307165,-0.06016862512651232,,-29.52000000000004,25,2,33.154840871021776,3.634840871021737,12.0,100.0,-0.9891360855875613,-0.2705664756706617,0.0
strength+move+inflation+cand_swap_spread+cand_sofr_ted_spread+cand_inflation_1y,強度 (NQ 52W區間) + 波動度 (MOVE偏態) + 通膨意外 (CPI-10YBE) + 10Y Swap Spread + SOFR-3M利差 + 1年通膨預期價差,6,-0.04535849242361899,-0.08025900304468365,,-29.663594470046085,31,7,32.441292483925,2.7776980138789114,9.67741935483871,85.71428571428571,-0.49932999193525074,-2.0600722387709283,0.0
move+curve+inflation+cand_credit_spread+cand_swap_spread+cand_inflation_1y,波動度 (MOVE偏態) + 殖利率曲線 (10Y-2Y) + 通膨意外 (CPI-10YBE) + IG企業債利差 + 10Y Swap Spread + 1年通膨預期價差,6,-0.0508505900890234,-0.0744382800090462,,-29.766419818390204,38,0,29.766419818390204,0.0,18.421052631578945,0.0,-0.6314407532357781,-2.414526814931988,0.0
move+curve+inflation+cand_credit_spread+cand_swap_spread+cand_sofr_ted_spread+cand_inflation_1y,波動度 (MOVE偏態) + 殖利率曲線 (10Y-2Y) + 通膨意外 (CPI-10YBE) + IG企業債利差 + 10Y Swap Spread + SOFR-3M利差 + 1年通膨預期價差,7,-0.050113668547401166,-0.06029216432271127,,-29.766419818390204,38,0,29.766419818390204,0.0,18.421052631578945,0.0,-0.6733068908022083,-2.517919198633965,0.0
momentum+move+curve+inflation+cand_credit_spread+cand_swap_spread+cand_sofr_ted_spread,動能 (10Y-SMA125) + 波動度 (MOVE偏態) + 殖利率曲線 (10Y-2Y) + 通膨意外 (CPI-10YBE) + IG企業債利差 + 10Y Swap Spread + SOFR-3M利差,7,-0.03916648128955038,-0.021048029243616883,,-29.843174204355112,48,0,29.843174204355112,0.0,10.416666666666668,0.0,-0.6943029222657141,-1.736443235926922,0.0
momentum+move+curve+inflation+cand_credit_spread+cand_swap_spread,動能 (10Y-SMA125) + 波動度 (MOVE偏態) + 殖利率曲線 (10Y-2Y) + 通膨意外 (CPI-10YBE) + IG企業債利差 + 10Y Swap Spread,6,-0.04361645277615964,-0.050280472702786225,,-29.843174204355112,48,0,29.843174204355112,0.0,10.416666666666668,0.0,-0.6438865957355807,-1.2433262484240115,0.0
duration+inflation+cand_sofr_ted_spread+cand_inflation_1y,存續期間避險 (TLT-SHY) + 通膨意外 (CPI-10YBE) + SOFR-3M利差 + 1年通膨預期價差,4,-0.06965210889523749,-0.0878596764747629,,-29.8922311348782,306,88,10.288435642263606,-19.603795492614594,33.33333333333333,19.318181818181817,-1.6168046133249616,-0.37152319405594925,0.0
strength+move+curve+cand_copper_gold+cand_swap_spread+cand_inflation_1y,強度 (NQ 52W區間) + 波動度 (MOVE偏態) + 殖利率曲線 (10Y-2Y) + 銅金比報酬差 + 10Y Swap Spread + 1年通膨預期價差,6,-0.024883321103753766,-0.03418209176128192,,-29.972580645161294,20,31,21.28484087102177,-8.687739774139521,30.0,41.935483870967744,0.24478026388610832,-1.3147349986190058,-5.3710825282496115
momentum+move+curve+cand_credit_spread,動能 (10Y-SMA125) + 波動度 (MOVE偏態) + 殖利率曲線 (10Y-2Y) + IG企業債利差,4,-0.039246906529230546,-0.03238604174979324,,-29.992708333333326,128,15,13.494215871021776,-16.49849246231155,29.6875,0.0,-0.889844000227137,-0.2612615651247447,0.0
momentum+curve+cand_credit_spread+cand_swap_spread,動能 (10Y-SMA125) + 殖利率曲線 (10Y-2Y) + IG企業債利差 + 10Y Swap Spread,4,-0.0349382547825949,-0.02798707122004895,,-30.111031347212254,21,0,30.111031347212254,0.0,4.761904761904762,0.0,-0.229005811788818,-0.39813813270375237,0.0
momentum+curve+cand_credit_spread+cand_swap_spread+cand_sofr_ted_spread,動能 (10Y-SMA125) + 殖利率曲線 (10Y-2Y) + IG企業債利差 + 10Y Swap Spread + SOFR-3M利差,5,-0.029736937484331795,-0.004782404826908259,,-30.111031347212254,21,0,30.111031347212254,0.0,4.761904761904762,0.0,-0.3286809442120055,-0.3665313056725656,0.0
momentum+strength+move+inflation+cand_copper_gold+cand_swap_spread+cand_sofr_ted_spread+cand_inflation_1y,動能 (10Y-SMA125) + 強度 (NQ 52W區間) + 波動度 (MOVE偏態) + 通膨意外 (CPI-10YBE) + 銅金比報酬差 + 10Y Swap Spread + SOFR-3M利差 + 1年通膨預期價差,8,-0.020307760721473396,-0.0048473008404371215,,-30.13484087102178,32,0,30.13484087102178,0.0,9.375,0.0,-0.34321218314910595,-1.1742869962907931,0.0
duration+curve+inflation+cand_swap_spread+cand_inflation_1y,存續期間避險 (TLT-SHY) + 殖利率曲線 (10Y-2Y) + 通膨意外 (CPI-10YBE) + 10Y Swap Spread + 1年通膨預期價差,5,-0.06700996132364598,-0.10973323963691821,,-30.13543758967002,85,41,22.599546753374717,-7.535890836295303,20.0,34.146341463414636,-1.3502459862075284,-0.7168797842743302,0.0
strength+duration+move+curve+cand_credit_spread+cand_swap_spread+cand_sofr_ted_spread,強度 (NQ 52W區間) + 存續期間避險 (TLT-SHY) + 波動度 (MOVE偏態) + 殖利率曲線 (10Y-2Y) + IG企業債利差 + 10Y Swap Spread + SOFR-3M利差,7,-0.039536667713191836,-0.0486355467886732,,-30.435294117647057,30,17,27.834840871021772,-2.600453246625286,16.666666666666664,47.05882352941176,-0.31770256953253734,-1.0555537914441033,0.0
momentum+duration+move+curve+inflation+cand_swap_spread+cand_sofr_ted_spread+cand_inflation_1y,動能 (10Y-SMA125) + 存續期間避險 (TLT-SHY) + 波動度 (MOVE偏態) + 殖利率曲線 (10Y-2Y) + 通膨意外 (CPI-10YBE) + 10Y Swap Spread + SOFR-3M利差 + 1年通膨預期價差,8,-0.0604106538417791,-0.09168726442547842,,-30.477698013878925,70,0,30.477698013878925,0.0,8.571428571428571,0.0,-1.5920759932652673,-0.6074300793391036,0.0
momentum+strength+curve+cand_swap_spread,動能 (10Y-SMA125) + 強度 (NQ 52W區間) + 殖利率曲線 (10Y-2Y) + 10Y Swap Spread,4,-0.039881997017425896,-0.054342329693370446,,-30.48655913978495,16,186,26.88484087102178,-3.6017182687631704,0.0,45.16129032258064,0.026662319282673624,-0.27719359041913444,-10.396454542469879
momentum+move+curve+inflation+cand_copper_gold+cand_swap_spread,動能 (10Y-SMA125) + 波動度 (MOVE偏態) + 殖利率曲線 (10Y-2Y) + 通膨意外 (CPI-10YBE) + 銅金比報酬差 + 10Y Swap Spread,6,-0.027122725882533685,-0.013101508326502108,,-30.56249999999999,32,16,28.82234087102178,-1.7401591289782097,12.5,68.75,-0.2988593874364564,-0.6663363548924089,0.0
momentum+strength+move+curve+inflation+cand_swap_spread+cand_sofr_ted_spread,動能 (10Y-SMA125) + 強度 (NQ 52W區間) + 波動度 (MOVE偏態) + 殖利率曲線 (10Y-2Y) + 通膨意外 (CPI-10YBE) + 10Y Swap Spread + SOFR-3M利差,7,-0.03709869877439946,-0.036008526376265816,,-30.634840871021773,60,0,30.634840871021773,0.0,3.3333333333333335,0.0,-0.5968442867636364,-1.0435612665660319,0.0
duration+curve+inflation+cand_credit_spread+cand_swap_spread,存續期間避險 (TLT-SHY) + 殖利率曲線 (10Y-2Y) + 通膨意外 (CPI-10YBE) + IG企業債利差 + 10Y Swap Spread,5,-0.05315853658773535,-0.05713460874123165,,-30.642857142857153,84,4,13.027698013878924,-17.61515912897823,27.380952380952383,0.0,-0.6507051200143775,-0.890071481381643,0.0
strength+move+curve+cand_copper_gold+cand_swap_spread+cand_sofr_ted_spread+cand_inflation_1y,強度 (NQ 52W區間) + 波動度 (MOVE偏態) + 殖利率曲線 (10Y-2Y) + 銅金比報酬差 + 10Y Swap Spread + SOFR-3M利差 + 1年通膨預期價差,7,-0.020021288288485088,-0.005521755522215371,,-30.65,20,8,21.28484087102177,-9.365159128978227,30.0,25.0,0.24763537137196126,-1.2674673153396572,-5.118280592621217
momentum+strength+move+inflation+cand_copper_gold+cand_swap_spread,動能 (10Y-SMA125) + 強度 (NQ 52W區間) + 波動度 (MOVE偏態) + 通膨意外 (CPI-10YBE) + 銅金比報酬差 + 10Y Swap Spread,6,-0.014169311772054204,0.0012171169409432145,,-30.670129870129873,35,110,22.77769801387892,-7.892431856250955,17.142857142857142,39.09090909090909,0.12345489737481093,-0.8635172504322405,-6.994596964514005
strength+move+curve+cand_copper_gold+cand_credit_spread+cand_swap_spread+cand_sofr_ted_spread+cand_inflation_1y,強度 (NQ 52W區間) + 波動度 (MOVE偏態) + 殖利率曲線 (10Y-2Y) + 銅金比報酬差 + IG企業債利差 + 10Y Swap Spread + SOFR-3M利差 + 1年通膨預期價差,8,-0.016101719788416728,-0.006150433785268509,,-30.76086956521739,46,6,14.895710436239165,-15.865159128978227,43.47826086956522,0.0,0.2795336670703962,-1.2360662651167313,-4.421886916417289
duration+curve+inflation+cand_swap_spread,存續期間避險 (TLT-SHY) + 殖利率曲線 (10Y-2Y) + 通膨意外 (CPI-10YBE) + 10Y Swap Spread,4,-0.06148492208402812,-0.08541836158095978,,-30.80058055152395,53,65,23.804652191776494,-6.995928359747456,18.867924528301888,32.30769230769231,-0.9980528605218815,-0.44983250416025494,0.0
momentum+strength+move+inflation+cand_swap_spread,動能 (10Y-SMA125) + 強度 (NQ 52W區間) + 波動度 (MOVE偏態) + 通膨意外 (CPI-10YBE) + 10Y Swap Spread,5,-0.0329291768457912,-0.05330116350298867,,-30.90498866213153,49,270,24.32871842204219,-6.57627024008934,12.244897959183673,39.62962962962963,-0.36633142744209507,-0.9595513660820206,0.0
strength+move+curve+cand_credit_spread+cand_inflation_1y,強度 (NQ 52W區間) + 波動度 (MOVE偏態) + 殖利率曲線 (10Y-2Y) + IG企業債利差 + 1年通膨預期價差,5,-0.04700439944587716,-0.05154711176450056,,-31.009285714285717,56,50,27.72412658530749,-3.2851591289782256,14.285714285714285,30.0,-0.5004054594395212,-1.2877683555533401,0.0
strength+duration+move+cand_copper_gold+cand_swap_spread+cand_inflation_1y,強度 (NQ 52W區間) + 存續期間避險 (TLT-SHY) + 波動度 (MOVE偏態) + 銅金比報酬差 + 10Y Swap Spread + 1年通膨預期價差,6,-0.027355388125127264,-0.0512743269590168,,-31.166666666666664,17,102,31.634840871021773,0.46817420435510687,11.76470588235294,56.86274509803921,-0.1543306770332941,-0.9919177147122924,0.0
move+curve+cand_credit_spread+cand_inflation_1y,波動度 (MOVE偏態) + 殖利率曲線 (10Y-2Y) + IG企業債利差 + 1年通膨預期價差,4,-0.048551827528857304,-0.05966028502467808,,-31.2050505050505,90,11,20.11261864879955,-11.092431856250952,16.666666666666664,9.090909090909092,-0.9776016931123093,-1.3611069502449185,0.0
strength+curve+cand_credit_spread+cand_swap_spread+cand_sofr_ted_spread+cand_inflation_1y,強度 (NQ 52W區間) + 殖利率曲線 (10Y-2Y) + IG企業債利差 + 10Y Swap Spread + SOFR-3M利差 + 1年通膨預期價差,6,-0.024914431228854516,-0.020485596861025742,,-31.233333333333334,30,36,35.53484087102178,4.301507537688444,0.0,69.44444444444444,0.04197685967728775,-1.285835020923378,-30.631996552593463
momentum+strength+move+curve+inflation+cand_copper_gold+cand_swap_spread+cand_inflation_1y,動能 (10Y-SMA125) + 強度 (NQ 52W區間) + 波動度 (MOVE偏態) + 殖利率曲線 (10Y-2Y) + 通膨意外 (CPI-10YBE) + 銅金比報酬差 + 10Y Swap Spread + 1年通膨預期價差,8,-0.03530724280738217,-0.03051796661819057,,-31.496996996997012,37,18,32.742948979129885,1.2459519821328742,2.7027027027027026,72.22222222222221,-0.40096349040486984,-0.9610119117903291,0.0
strength+duration+move+inflation+cand_swap_spread,強度 (NQ 52W區間) + 存續期間避險 (TLT-SHY) + 波動度 (MOVE偏態) + 通膨意外 (CPI-10YBE) + 10Y Swap Spread,5,-0.04562335419311687,-0.07815194859624547,,-31.55302530253025,45,202,22.212618648799552,-9.340406653730701,15.555555555555555,31.683168316831683,-0.5164791856793285,-1.1304640385112572,0.0
move+curve+cand_credit_spread+cand_sofr_ted_spread+cand_inflation_1y,波動度 (MOVE偏態) + 殖利率曲線 (10Y-2Y) + IG企業債利差 + SOFR-3M利差 + 1年通膨預期價差,5,-0.04383770073008163,-0.04062179613634057,,-31.609625668449205,68,11,20.51719381219825,-11.092431856250952,23.52941176470588,9.090909090909092,-0.9407541862260692,-0.9274820829995186,0.0
duration+curve+inflation+cand_credit_spread+cand_inflation_1y,存續期間避險 (TLT-SHY) + 殖利率曲線 (10Y-2Y) + 通膨意外 (CPI-10YBE) + IG企業債利差 + 1年通膨預期價差,5,-0.06941255385584838,-0.07999235876275265,,-31.614141414141418,198,5,13.048982285163188,-18.56515912897823,27.27272727272727,0.0,-1.2624135007289916,-0.7995012986691182,0.0
momentum+strength+duration+move+cand_copper_gold+cand_swap_spread+cand_inflation_1y,動能 (10Y-SMA125) + 強度 (NQ 52W區間) + 存續期間避險 (TLT-SHY) + 波動度 (MOVE偏態) + 銅金比報酬差 + 10Y Swap Spread + 1年通膨預期價差,7,-0.029637717387189996,-0.04754567881894455,,-31.805584826132772,26,73,31.673302409483313,-0.13228241664945897,3.8461538461538463,58.9041095890411,-0.48054433580534156,-0.5041196965921633,0.0
strength+duration+move+inflation+cand_copper_gold+cand_swap_spread+cand_sofr_ted_spread,強度 (NQ 52W區間) + 存續期間避險 (TLT-SHY) + 波動度 (MOVE偏態) + 通膨意外 (CPI-10YBE) + 銅金比報酬差 + 10Y Swap Spread + SOFR-3M利差,7,-0.020712642291689044,0.00903743382839391,,-31.83333333333333,30,10,22.168174204355108,-9.665159128978221,16.666666666666664,40.0,-0.06450376331527012,-1.042564444217984,0.0
momentum+strength+duration+move+curve+cand_copper_gold+cand_swap_spread+cand_sofr_ted_spread,動能 (10Y-SMA125) + 強度 (NQ 52W區間) + 存續期間避險 (TLT-SHY) + 波動度 (MOVE偏態) + 殖利率曲線 (10Y-2Y) + 銅金比報酬差 + 10Y Swap Spread + SOFR-3M利差,8,-0.01574700268411201,0.01070944315969641,,-31.954840871021773,25,0,31.954840871021773,0.0,0.0,0.0,-0.3550581043944292,-0.21319113640551884,0.0
strength+duration+move+curve+inflation+cand_copper_gold+cand_credit_spread+cand_swap_spread+cand_sofr_ted_spread+cand_inflation_1y,強度 (NQ 52W區間) + 存續期間避險 (TLT-SHY) + 波動度 (MOVE偏態) + 殖利率曲線 (10Y-2Y) + 通膨意外 (CPI-10YBE) + 銅金比報酬差 + IG企業債利差 + 10Y Swap Spread + SOFR-3M利差 + 1年通膨預期價差,10,-0.04012990867676915,-0.023266617156693613,,-32.107063093244,36,0,32.107063093244,0.0,8.333333333333332,0.0,-0.41711363548762664,-1.230805349738148,0.0
momentum+strength+duration+move+inflation+cand_sofr_ted_spread,動能 (10Y-SMA125) + 強度 (NQ 52W區間) + 存續期間避險 (TLT-SHY) + 波動度 (MOVE偏態) + 通膨意外 (CPI-10YBE) + SOFR-3M利差,6,-0.04873262561201571,-0.06948359727699883,,-32.14930232558139,215,50,10.044143196603166,-22.105159128978222,28.837209302325583,38.0,-1.2035932902113686,-0.11330459156703597,0.0
strength+duration+inflation+cand_sofr_ted_spread+cand_inflation_1y,強度 (NQ 52W區間) + 存續期間避險 (TLT-SHY) + 通膨意外 (CPI-10YBE) + SOFR-3M利差 + 1年通膨預期價差,5,-0.06882678600405363,-0.08085905925761788,,-32.283557842009074,187,79,14.158905042144767,-18.124652799864304,26.203208556149733,32.91139240506329,-1.203073093301169,-0.7010663740401619,0.0
strength+cand_copper_gold+cand_swap_spread+cand_inflation_1y,強度 (NQ 52W區間) + 銅金比報酬差 + 10Y Swap Spread + 1年通膨預期價差,4,0.008784306301404244,0.004711297446549141,,-32.34427461789025,13,307,33.09637933256023,0.752104714669984,7.6923076923076925,57.98045602605863,0.8124190568195243,-1.0470770042691504,-1.2888385562597093
duration+move+cand_credit_spread+cand_swap_spread+cand_inflation_1y,存續期間避險 (TLT-SHY) + 波動度 (MOVE偏態) + IG企業債利差 + 10Y Swap Spread + 1年通膨預期價差,5,-0.04021074203563191,-0.10347699594945353,,-32.38000000000001,32,100,36.13484087102178,3.7548408710217727,3.125,62.0,-0.7685282481837341,-1.5450125696307258,0.0
duration+curve+inflation+cand_credit_spread+cand_swap_spread+cand_inflation_1y,存續期間避險 (TLT-SHY) + 殖利率曲線 (10Y-2Y) + 通膨意外 (CPI-10YBE) + IG企業債利差 + 10Y Swap Spread + 1年通膨預期價差,6,-0.058563228898472326,-0.08042799519164541,,-32.4329268292683,82,4,14.81776770029007,-17.61515912897823,26.82926829268293,0.0,-1.0520082162715896,-1.1676218886896277,0.0
momentum+strength+curve+cand_credit_spread+cand_swap_spread,動能 (10Y-SMA125) + 強度 (NQ 52W區間) + 殖利率曲線 (10Y-2Y) + IG企業債利差 + 10Y Swap Spread,5,-0.0356299266442288,-0.02939208382729242,,-32.47865853658537,40,41,26.259840871021776,-6.218817665563597,12.5,41.46341463414634,0.152035489144711,-0.592170339956546,-3.8949481024979913
momentum+strength+duration+move+inflation+cand_swap_spread+cand_sofr_ted_spread,動能 (10Y-SMA125) + 強度 (NQ 52W區間) + 存續期間避險 (TLT-SHY) + 波動度 (MOVE偏態) + 通膨意外 (CPI-10YBE) + 10Y Swap Spread + SOFR-3M利差,7,-0.042111154579359995,-0.058524300083491944,,-32.50303643724698,76,13,20.75326192365335,-11.749774513593632,10.526315789473683,38.46153846153847,-0.9710694172360317,-0.6277985532191789,0.0
momentum+curve+cand_credit_spread+cand_swap_spread+cand_inflation_1y,動能 (10Y-SMA125) + 殖利率曲線 (10Y-2Y) + IG企業債利差 + 10Y Swap Spread + 1年通膨預期價差,5,-0.043804749562227394,-0.06218654501287833,,-32.60359087102178,32,0,32.60359087102178,0.0,15.625,0.0,-0.7288176074696441,-0.8428506129228244,0.0
momentum+curve+cand_credit_spread+cand_swap_spread+cand_sofr_ted_spread+cand_inflation_1y,動能 (10Y-SMA125) + 殖利率曲線 (10Y-2Y) + IG企業債利差 + 10Y Swap Spread + SOFR-3M利差 + 1年通膨預期價差,6,-0.04415618692995007,-0.054002968806760455,,-32.60359087102178,32,0,32.60359087102178,0.0,15.625,0.0,-0.8365262695438992,-0.8536166981497579,0.0
momentum+strength+move+cand_swap_spread,動能 (10Y-SMA125) + 強度 (NQ 52W區間) + 波動度 (MOVE偏態) + 10Y Swap Spread,4,-0.014440005745722288,-0.03497085175151239,,-32.65438968380145,34,333,28.076017341610008,-4.5783723421914395,5.88235294117647,42.34234234234234,-0.03050411051519512,-0.84564264875883,0.0
momentum+strength+move+curve+inflation+cand_copper_gold+cand_swap_spread+cand_sofr_ted_spread+cand_inflation_1y,動能 (10Y-SMA125) + 強度 (NQ 52W區間) + 波動度 (MOVE偏態) + 殖利率曲線 (10Y-2Y) + 通膨意外 (CPI-10YBE) + 銅金比報酬差 + 10Y Swap Spread + SOFR-3M利差 + 1年通膨預期價差,9,-0.027289930225894134,0.002683840485661251,,-32.742948979129885,37,0,32.742948979129885,0.0,2.7027027027027026,0.0,-0.45129949775895756,-1.0768777763881292,0.0
momentum+strength+move+cand_sofr_ted_spread+cand_inflation_1y,動能 (10Y-SMA125) + 強度 (NQ 52W區間) + 波動度 (MOVE偏態) + SOFR-3M利差 + 1年通膨預期價差,5,-0.028626931895645805,-0.025614716796910394,,-32.911111111111104,120,18,18.268174204355105,-14.642936906755997,23.333333333333332,44.44444444444444,-1.0398225407242345,-0.528335270397853,0.0
momentum+duration+move+curve+cand_swap_spread,動能 (10Y-SMA125) + 存續期間避險 (TLT-SHY) + 波動度 (MOVE偏態) + 殖利率曲線 (10Y-2Y) + 10Y Swap Spread,5,-0.04702523231613764,-0.0775381763285553,,-33.0391737891738,54,52,22.11632235250326,-10.92285143667054,14.814814814814813,30.76923076923077,-1.2074043092447457,-0.011432736892484445,0.0
momentum+duration+move+curve+cand_copper_gold+cand_swap_spread+cand_sofr_ted_spread+cand_inflation_1y,動能 (10Y-SMA125) + 存續期間避險 (TLT-SHY) + 波動度 (MOVE偏態) + 殖利率曲線 (10Y-2Y) + 銅金比報酬差 + 10Y Swap Spread + SOFR-3M利差 + 1年通膨預期價差,8,-0.034742325367952666,-0.05041802745597008,,-33.154840871021776,25,0,33.154840871021776,0.0,12.0,0.0,-1.0267312510205961,-0.2361115287454378,0.0
momentum+move+curve+inflation+cand_copper_gold+cand_credit_spread+cand_swap_spread+cand_inflation_1y,動能 (10Y-SMA125) + 波動度 (MOVE偏態) + 殖利率曲線 (10Y-2Y) + 通膨意外 (CPI-10YBE) + 銅金比報酬差 + IG企業債利差 + 10Y Swap Spread + 1年通膨預期價差,8,-0.032426087043992996,-0.025466039537853584,,-33.198943435124356,39,0,33.198943435124356,0.0,5.128205128205128,0.0,-0.5049329025053693,-1.299875384356371,0.0
momentum+move+curve+inflation+cand_copper_gold+cand_credit_spread+cand_swap_spread+cand_sofr_ted_spread+cand_inflation_1y,動能 (10Y-SMA125) + 波動度 (MOVE偏態) + 殖利率曲線 (10Y-2Y) + 通膨意外 (CPI-10YBE) + 銅金比報酬差 + IG企業債利差 + 10Y Swap Spread + SOFR-3M利差 + 1年通膨預期價差,9,-0.02977857033174462,-0.006651011429005465,,-33.198943435124356,39,0,33.198943435124356,0.0,5.128205128205128,0.0,-0.5255930623017773,-1.3703558287784137,0.0
momentum+strength+move+curve+cand_copper_gold+cand_swap_spread+cand_sofr_ted_spread,動能 (10Y-SMA125) + 強度 (NQ 52W區間) + 波動度 (MOVE偏態) + 殖利率曲線 (10Y-2Y) + 銅金比報酬差 + 10Y Swap Spread + SOFR-3M利差,7,-0.004482128852519472,0.0386427747628095,,-33.20626944245034,14,0,33.20626944245034,0.0,7.142857142857142,0.0,0.2531078369118323,-0.6290545972674236,-2.4853224812890673
momentum+move+curve+cand_credit_spread+cand_sofr_ted_spread,動能 (10Y-SMA125) + 波動度 (MOVE偏態) + 殖利率曲線 (10Y-2Y) + IG企業債利差 + SOFR-3M利差,5,-0.031482596602179544,-0.006402132567185041,,-33.213333333333324,100,15,16.714840871021774,-16.49849246231155,28.000000000000004,0.0,-0.8664536978805317,-0.09884120104854745,0.0
momentum+strength+move+curve+inflation+cand_copper_gold+cand_credit_spread+cand_swap_spread+cand_sofr_ted_spread+cand_inflation_1y,動能 (10Y-SMA125) + 強度 (NQ 52W區間) + 波動度 (MOVE偏態) + 殖利率曲線 (10Y-2Y) + 通膨意外 (CPI-10YBE) + 銅金比報酬差 + IG企業債利差 + 10Y Swap Spread + SOFR-3M利差 + 1年通膨預期價差,10,-0.029378214472131636,0.002881944607318862,,-33.39799876575862,38,0,33.39799876575862,0.0,5.263157894736842,0.0,-0.3015545399048651,-1.2257965673474363,0.0
momentum+strength+move+curve+cand_copper_gold+cand_credit_spread+cand_swap_spread+cand_sofr_ted_spread+cand_inflation_1y,動能 (10Y-SMA125) + 強度 (NQ 52W區間) + 波動度 (MOVE偏態) + 殖利率曲線 (10Y-2Y) + 銅金比報酬差 + IG企業債利差 + 10Y Swap Spread + SOFR-3M利差 + 1年通膨預期價差,9,-0.02071297723551899,0.006704980004539326,,-33.52769801387892,28,0,33.52769801387892,0.0,3.571428571428571,0.0,-0.09898660461568562,-0.9554897289575225,0.0
momentum+strength+duration+move+cand_copper_gold+cand_swap_spread,動能 (10Y-SMA125) + 強度 (NQ 52W區間) + 存續期間避險 (TLT-SHY) + 波動度 (MOVE偏態) + 銅金比報酬差 + 10Y Swap Spread,6,-0.012811781025229016,-0.0041876608994486685,,-33.53936545240893,23,111,25.417449566673948,-8.121915885734985,8.695652173913043,36.03603603603604,-0.14301670165716165,-0.26517038615952465,0.0
momentum+strength+move+curve+inflation+cand_swap_spread+cand_sofr_ted_spread+cand_inflation_1y,動能 (10Y-SMA125) + 強度 (NQ 52W區間) + 波動度 (MOVE偏態) + 殖利率曲線 (10Y-2Y) + 通膨意外 (CPI-10YBE) + 10Y Swap Spread + SOFR-3M利差 + 1年通膨預期價差,8,-0.0405638380699389,-0.043708113671314136,,-33.841737422745915,58,0,33.841737422745915,0.0,3.4482758620689653,0.0,-0.9592566742041354,-1.2441735812816759,0.0
momentum+strength+duration+move+curve+cand_copper_gold+cand_credit_spread+cand_swap_spread+cand_sofr_ted_spread+cand_inflation_1y,動能 (10Y-SMA125) + 強度 (NQ 52W區間) + 存續期間避險 (TLT-SHY) + 波動度 (MOVE偏態) + 殖利率曲線 (10Y-2Y) + 銅金比報酬差 + IG企業債利差 + 10Y Swap Spread + SOFR-3M利差 + 1年通膨預期價差,10,-0.03074551569874977,-0.015471496003232062,,-33.88484087102178,32,0,33.88484087102178,0.0,3.125,0.0,-0.5291295968588228,-0.6193854289077783,0.0
strength+duration+move+curve+inflation+cand_swap_spread+cand_sofr_ted_spread+cand_inflation_1y,強度 (NQ 52W區間) + 存續期間避險 (TLT-SHY) + 波動度 (MOVE偏態) + 殖利率曲線 (10Y-2Y) + 通膨意外 (CPI-10YBE) + 10Y Swap Spread + SOFR-3M利差 + 1年通膨預期價差,8,-0.05789389695319626,-0.07383134958784895,,-33.9384122995932,56,0,33.9384122995932,0.0,3.571428571428571,0.0,-1.1344431212639623,-1.355314379221016,0.0
momentum+strength+duration+move+curve+cand_credit_spread+cand_sofr_ted_spread+cand_inflation_1y,動能 (10Y-SMA125) + 強度 (NQ 52W區間) + 存續期間避險 (TLT-SHY) + 波動度 (MOVE偏態) + 殖利率曲線 (10Y-2Y) + IG企業債利差 + SOFR-3M利差 + 1年通膨預期價差,8,-0.050371708080274954,-0.049323350959877124,,-34.12244897959182,147,1,14.75728985061361,-19.365159128978217,27.2108843537415,0.0,-1.0936676182696372,-0.30366694613614204,0.0
strength+duration+move+curve+cand_copper_gold+cand_swap_spread,強度 (NQ 52W區間) + 存續期間避險 (TLT-SHY) + 波動度 (MOVE偏態) + 殖利率曲線 (10Y-2Y) + 銅金比報酬差 + 10Y Swap Spread,6,-0.027776341980672765,-0.020464802802661188,,-34.174216027874564,14,82,20.491983728164634,-13.68223229970993,21.428571428571427,23.170731707317074,0.06978166055706451,-0.7306129769909278,-10.469985540018255
momentum+strength+duration+move+curve+inflation+cand_swap_spread+cand_inflation_1y,動能 (10Y-SMA125) + 強度 (NQ 52W區間) + 存續期間避險 (TLT-SHY) + 波動度 (MOVE偏態) + 殖利率曲線 (10Y-2Y) + 通膨意外 (CPI-10YBE) + 10Y Swap Spread + 1年通膨預期價差,8,-0.05213536005589761,-0.07901295097234246,,-34.20689655172416,87,21,25.175070756079258,-9.031825795644899,12.643678160919542,23.809523809523807,-1.1150236927944717,-0.666201317133849,0.0
momentum+duration+move+inflation+cand_sofr_ted_spread,動能 (10Y-SMA125) + 存續期間避險 (TLT-SHY) + 波動度 (MOVE偏態) + 通膨意外 (CPI-10YBE) + SOFR-3M利差,5,-0.05629303035131592,-0.07955405423418979,,-34.21966269025093,286,34,8.795680031860934,-25.423982658389992,36.36363636363637,35.294117647058826,-1.6387829901175355,0.32806434676134044,0.0
strength+move+curve+inflation+cand_credit_spread+cand_swap_spread+cand_inflation_1y,強度 (NQ 52W區間) + 波動度 (MOVE偏態) + 殖利率曲線 (10Y-2Y) + 通膨意外 (CPI-10YBE) + IG企業債利差 + 10Y Swap Spread + 1年通膨預期價差,7,-0.052295813992893174,-0.06878764792983531,,-34.28846153846155,39,4,26.17330240948331,-8.115159128978235,20.51282051282051,50.0,-0.3337148539400659,-1.8667403366487558,0.0
momentum+duration+move+curve+inflation+cand_copper_gold+cand_swap_spread+cand_inflation_1y,動能 (10Y-SMA125) + 存續期間避險 (TLT-SHY) + 波動度 (MOVE偏態) + 殖利率曲線 (10Y-2Y) + 通膨意外 (CPI-10YBE) + 銅金比報酬差 + 10Y Swap Spread + 1年通膨預期價差,8,-0.04216983238522013,-0.05790013373062814,,-34.44186046511631,43,5,36.07670133613805,1.6348408710217437,0.0,60.0,-1.0856352909057176,-0.4862975266464659,0.0
momentum+strength+move+curve+cand_credit_spread+cand_swap_spread+cand_sofr_ted_spread+cand_inflation_1y,動能 (10Y-SMA125) + 強度 (NQ 52W區間) + 波動度 (MOVE偏態) + 殖利率曲線 (10Y-2Y) + IG企業債利差 + 10Y Swap Spread + SOFR-3M利差 + 1年通膨預期價差,8,-0.04130706350849669,-0.04015383330360698,,-34.602582806505644,31,0,34.602582806505644,0.0,6.451612903225806,0.0,-0.5853478488739655,-1.2338252105066305,0.0
momentum+strength+move+curve+inflation+cand_copper_gold+cand_swap_spread,動能 (10Y-SMA125) + 強度 (NQ 52W區間) + 波動度 (MOVE偏態) + 殖利率曲線 (10Y-2Y) + 通膨意外 (CPI-10YBE) + 銅金比報酬差 + 10Y Swap Spread,7,-0.033648760541229394,-0.020041390007971564,,-34.807259073842296,34,47,29.399546753374715,-5.407712320467583,5.88235294117647,46.808510638297875,-0.04254149924225724,-0.7695056912841437,0.0
momentum+strength+duration+move+inflation+cand_copper_gold+cand_credit_spread+cand_swap_spread,動能 (10Y-SMA125) + 強度 (NQ 52W區間) + 存續期間避險 (TLT-SHY) + 波動度 (MOVE偏態) + 通膨意外 (CPI-10YBE) + 銅金比報酬差 + IG企業債利差 + 10Y Swap Spread,8,-0.02239868104507357,-0.014228973391015991,,-35.005952380952394,40,42,22.259840871021783,-12.74611150993061,20.0,35.714285714285715,-0.2521504603839188,-0.7044424077778341,0.0
strength+duration+move+curve+cand_copper_gold+cand_credit_spread+cand_swap_spread+cand_sofr_ted_spread+cand_inflation_1y,強度 (NQ 52W區間) + 存續期間避險 (TLT-SHY) + 波動度 (MOVE偏態) + 殖利率曲線 (10Y-2Y) + 銅金比報酬差 + IG企業債利差 + 10Y Swap Spread + SOFR-3M利差 + 1年通膨預期價差,9,-0.0340424242721599,-0.027331313469432888,,-35.426507537688444,24,0,35.426507537688444,0.0,8.333333333333332,0.0,-0.23165370804942448,-0.9658358926565388,0.0
strength+duration+move+inflation+cand_copper_gold+cand_swap_spread,強度 (NQ 52W區間) + 存續期間避險 (TLT-SHY) + 波動度 (MOVE偏態) + 通膨意外 (CPI-10YBE) + 銅金比報酬差 + 10Y Swap Spread,6,-0.02405922070847517,-0.013755466127961103,,-35.45268817204301,30,124,22.168174204355108,-13.284513967687905,16.666666666666664,29.838709677419356,-0.025841290581220443,-0.980478920713443,0.0
momentum+duration+curve+cand_copper_gold+cand_sofr_ted_spread+cand_inflation_1y,動能 (10Y-SMA125) + 存續期間避險 (TLT-SHY) + 殖利率曲線 (10Y-2Y) + 銅金比報酬差 + SOFR-3M利差 + 1年通膨預期價差,6,-0.026147475881744847,-0.015302340496694785,,-35.453319502074685,241,4,9.838160373096466,-25.61515912897822,34.439834024896264,0.0,-0.9622908470361962,0.9540172659647976,0.0
momentum+duration+move+curve+inflation+cand_copper_gold+cand_swap_spread+cand_sofr_ted_spread,動能 (10Y-SMA125) + 存續期間避險 (TLT-SHY) + 波動度 (MOVE偏態) + 殖利率曲線 (10Y-2Y) + 通膨意外 (CPI-10YBE) + 銅金比報酬差 + 10Y Swap Spread + SOFR-3M利差,8,-0.027009560014864587,-0.00462868498180743,,-35.576017341610005,34,0,35.576017341610005,0.0,0.0,0.0,-0.8453688751882196,-0.2539006829264484,0.0
strength+duration+move+curve+inflation+cand_copper_gold+cand_credit_spread+cand_swap_spread,強度 (NQ 52W區間) + 存續期間避險 (TLT-SHY) + 波動度 (MOVE偏態) + 殖利率曲線 (10Y-2Y) + 通膨意外 (CPI-10YBE) + 銅金比報酬差 + IG企業債利差 + 10Y Swap Spread,8,-0.035489497808256346,-0.02806165767094015,,-35.81231380337637,53,19,15.710312569134981,-20.102001234241392,35.84905660377358,10.526315789473683,-0.0641260954353352,-1.0839653336722828,0.0
momentum+duration+move+curve+inflation+cand_swap_spread,動能 (10Y-SMA125) + 存續期間避險 (TLT-SHY) + 波動度 (MOVE偏態) + 殖利率曲線 (10Y-2Y) + 通膨意外 (CPI-10YBE) + 10Y Swap Spread,6,-0.05336009484828,-0.08524823172810445,,-35.81665264928511,82,29,27.244596968582744,-8.572055680702366,4.878048780487805,24.137931034482758,-1.3125761725958662,-0.28221874950744286,0.0
momentum+move+curve+cand_copper_gold+cand_swap_spread+cand_inflation_1y,動能 (10Y-SMA125) + 波動度 (MOVE偏態) + 殖利率曲線 (10Y-2Y) + 銅金比報酬差 + 10Y Swap Spread + 1年通膨預期價差,6,-0.02277107242106087,-0.038396649997604164,,-35.84523809523812,21,4,39.730078966259875,3.884840871021754,0.0,100.0,-0.5476346440956673,-0.7707953217381767,0.0
momentum+strength+duration+move+inflation+cand_copper_gold+cand_swap_spread+cand_inflation_1y,動能 (10Y-SMA125) + 強度 (NQ 52W區間) + 存續期間避險 (TLT-SHY) + 波動度 (MOVE偏態) + 通膨意外 (CPI-10YBE) + 銅金比報酬差 + 10Y Swap Spread + 1年通膨預期價差,8,-0.037909295351320225,-0.048655909878698146,,-35.871794871794876,52,39,24.327148563329462,-11.544646308465412,11.538461538461538,35.8974358974359,-0.6789331584015879,-0.6799849122695064,0.0
momentum+duration+move+curve+inflation+cand_copper_gold+cand_swap_spread+cand_sofr_ted_spread+cand_inflation_1y,動能 (10Y-SMA125) + 存續期間避險 (TLT-SHY) + 波動度 (MOVE偏態) + 殖利率曲線 (10Y-2Y) + 通膨意外 (CPI-10YBE) + 銅金比報酬差 + 10Y Swap Spread + SOFR-3M利差 + 1年通膨預期價差,9,-0.039605829858441015,-0.039622888596150645,,-36.07670133613805,43,0,36.07670133613805,0.0,0.0,0.0,-1.1316689740540913,-0.5391336297182252,0.0
duration+move+curve+cand_credit_spread+cand_swap_spread,存續期間避險 (TLT-SHY) + 波動度 (MOVE偏態) + 殖利率曲線 (10Y-2Y) + IG企業債利差 + 10Y Swap Spread,5,-0.047174714828628964,-0.07941037088920225,,-36.125907990314786,59,14,17.617891718479402,-18.508016271835384,23.728813559322035,28.57142857142857,-0.6241648367158944,-1.3217244559608603,0.0
momentum+strength+duration+move+cand_sofr_ted_spread+cand_inflation_1y,動能 (10Y-SMA125) + 強度 (NQ 52W區間) + 存續期間避險 (TLT-SHY) + 波動度 (MOVE偏態) + SOFR-3M利差 + 1年通膨預期價差,6,-0.047012597541832256,-0.066469675624092,,-36.12596296796865,151,49,16.00570179817409,-20.120261169794553,25.165562913907287,22.448979591836736,-1.244807511362482,-0.07741340693713492,0.0
strength+move+curve+inflation+cand_copper_gold+cand_swap_spread+cand_inflation_1y,強度 (NQ 52W區間) + 波動度 (MOVE偏態) + 殖利率曲線 (10Y-2Y) + 通膨意外 (CPI-10YBE) + 銅金比報酬差 + 10Y Swap Spread + 1年通膨預期價差,7,-0.0402019887360247,-0.044128839048461474,,-36.13133640552996,31,28,29.40903441940887,-6.722301986121086,19.35483870967742,50.0,-0.03443490076345991,-1.4326166581708806,0.0
momentum+strength+duration+move+curve+inflation+cand_swap_spread,動能 (10Y-SMA125) + 強度 (NQ 52W區間) + 存續期間避險 (TLT-SHY) + 波動度 (MOVE偏態) + 殖利率曲線 (10Y-2Y) + 通膨意外 (CPI-10YBE) + 10Y Swap Spread,7,-0.049282427082810804,-0.07136795327805927,,-36.280358686257564,89,104,26.578661095740873,-9.70169759051669,8.98876404494382,30.76923076923077,-0.889104718583411,-0.47605027317078724,0.0
strength+duration+move+inflation+cand_sofr_ted_spread,強度 (NQ 52W區間) + 存續期間避險 (TLT-SHY) + 波動度 (MOVE偏態) + 通膨意外 (CPI-10YBE) + SOFR-3M利差,5,-0.056441767187630464,-0.06834431442147533,,-36.36355311355311,156,56,15.641251127432028,-20.722301986121085,23.076923076923077,37.5,-1.1165143260040948,-0.8405193950406135,0.0
momentum+strength+duration+move+curve+cand_swap_spread+cand_sofr_ted_spread+cand_inflation_1y,動能 (10Y-SMA125) + 強度 (NQ 52W區間) + 存續期間避險 (TLT-SHY) + 波動度 (MOVE偏態) + 殖利率曲線 (10Y-2Y) + 10Y Swap Spread + SOFR-3M利差 + 1年通膨預期價差,8,-0.05013944286567578,-0.06906662356284733,,-36.426507537688444,48,0,36.426507537688444,0.0,2.083333333333333,0.0,-1.1351055378945558,-0.5757564362477796,0.0
momentum+strength+move+inflation+cand_sofr_ted_spread,動能 (10Y-SMA125) + 強度 (NQ 52W區間) + 波動度 (MOVE偏態) + 通膨意外 (CPI-10YBE) + SOFR-3M利差,5,-0.04696980534383824,-0.04688310300372108,,-36.50874084573587,166,51,13.339660148130205,-23.16908069760567,26.506024096385545,33.33333333333333,-0.9442735734172598,-0.7019571610227229,0.0
momentum+duration+move+curve+cand_copper_gold+cand_swap_spread+cand_sofr_ted_spread,動能 (10Y-SMA125) + 存續期間避險 (TLT-SHY) + 波動度 (MOVE偏態) + 殖利率曲線 (10Y-2Y) + 銅金比報酬差 + 10Y Swap Spread + SOFR-3M利差,7,-0.016447139312557403,0.00038234966745232413,,-36.63484087102178,21,0,36.63484087102178,0.0,0.0,0.0,-0.6877817044214068,0.13986480617536975,0.0
duration+move+curve+inflation+cand_credit_spread+cand_swap_spread+cand_inflation_1y,存續期間避險 (TLT-SHY) + 波動度 (MOVE偏態) + 殖利率曲線 (10Y-2Y) + 通膨意外 (CPI-10YBE) + IG企業債利差 + 10Y Swap Spread + 1年通膨預期價差,7,-0.0631131155013653,-0.09785209252343845,,-36.7491265853075,35,0,36.7491265853075,0.0,11.428571428571429,0.0,-1.1526569922432714,-1.6411980378690147,0.0
duration+move+curve+inflation+cand_credit_spread+cand_swap_spread+cand_sofr_ted_spread+cand_inflation_1y,存續期間避險 (TLT-SHY) + 波動度 (MOVE偏態) + 殖利率曲線 (10Y-2Y) + 通膨意外 (CPI-10YBE) + IG企業債利差 + 10Y Swap Spread + SOFR-3M利差 + 1年通膨預期價差,8,-0.0686284430565423,-0.08471390112654792,,-36.7491265853075,35,0,36.7491265853075,0.0,11.428571428571429,0.0,-1.2226669050329022,-1.792845456067119,0.0
momentum+strength+duration+move+curve+cand_copper_gold+cand_credit_spread+cand_swap_spread+cand_inflation_1y,動能 (10Y-SMA125) + 強度 (NQ 52W區間) + 存續期間避險 (TLT-SHY) + 波動度 (MOVE偏態) + 殖利率曲線 (10Y-2Y) + 銅金比報酬差 + IG企業債利差 + 10Y Swap Spread + 1年通膨預期價差,9,-0.03373730540361507,-0.02878301055759938,,-36.91666666666666,32,3,33.88484087102178,-3.031825795644876,3.125,33.33333333333333,-0.4772950757098235,-0.660159851397318,0.0
strength+duration+curve+inflation+cand_swap_spread+cand_sofr_ted_spread,強度 (NQ 52W區間) + 存續期間避險 (TLT-SHY) + 殖利率曲線 (10Y-2Y) + 通膨意外 (CPI-10YBE) + 10Y Swap Spread + SOFR-3M利差,6,-0.054850881506729995,-0.06070668827700153,,-36.99999999999999,83,1,13.634840871021774,-23.36515912897822,25.301204819277107,0.0,-0.6073002318377113,-0.721956110800897,0.0
momentum+duration+move+inflation+cand_copper_gold+cand_swap_spread,動能 (10Y-SMA125) + 存續期間避險 (TLT-SHY) + 波動度 (MOVE偏態) + 通膨意外 (CPI-10YBE) + 銅金比報酬差 + 10Y Swap Spread,6,-0.025484816951530848,-0.032819982436190484,,-37.01003344481607,46,52,23.721797392760912,-13.288236052055153,8.695652173913043,32.69230769230769,-0.7315110977401593,-0.2814979902763591,0.0
momentum+strength+move+inflation+cand_copper_gold+cand_credit_spread+cand_swap_spread+cand_inflation_1y,動能 (10Y-SMA125) + 強度 (NQ 52W區間) + 波動度 (MOVE偏態) + 通膨意外 (CPI-10YBE) + 銅金比報酬差 + IG企業債利差 + 10Y Swap Spread + 1年通膨預期價差,8,-0.024033780541711892,-0.01996955094160018,,-37.01393728222999,41,14,27.22020672468032,-9.79373055754967,14.634146341463413,35.714285714285715,-0.13879882262451848,-1.2847723439840923,0.0
momentum+strength+move+cand_swap_spread+cand_inflation_1y,動能 (10Y-SMA125) + 強度 (NQ 52W區間) + 波動度 (MOVE偏態) + 10Y Swap Spread + 1年通膨預期價差,5,-0.0354583537318712,-0.0794590769791041,,-37.04597701149426,30,174,34.46817420435511,-2.5778028071391477,6.666666666666667,47.701149425287355,-0.4485248709918106,-1.0994514753192999,0.0
momentum+move+curve+inflation+cand_swap_spread+cand_sofr_ted_spread+cand_inflation_1y,動能 (10Y-SMA125) + 波動度 (MOVE偏態) + 殖利率曲線 (10Y-2Y) + 通膨意外 (CPI-10YBE) + 10Y Swap Spread + SOFR-3M利差 + 1年通膨預期價差,7,-0.04877367466806041,-0.0729264062379639,,-37.07670133613806,43,0,37.07670133613806,0.0,4.651162790697675,0.0,-1.3563469072977468,-1.2584207289149314,0.0
strength+move+inflation+cand_swap_spread+cand_inflation_1y,強度 (NQ 52W區間) + 波動度 (MOVE偏態) + 通膨意外 (CPI-10YBE) + 10Y Swap Spread + 1年通膨預期價差,5,-0.048251293217347155,-0.09615461528241057,,-37.1650723025584,31,145,32.441292483925,-4.723779818633407,9.67741935483871,46.206896551724135,-0.3516799054019811,-1.8213222939799325,0.0
momentum+strength+duration+move+curve+cand_copper_gold+cand_swap_spread+cand_inflation_1y,動能 (10Y-SMA125) + 強度 (NQ 52W區間) + 存續期間避險 (TLT-SHY) + 波動度 (MOVE偏態) + 殖利率曲線 (10Y-2Y) + 銅金比報酬差 + 10Y Swap Spread + 1年通膨預期價差,8,-0.03172794607399855,-0.035120910592821825,,-37.61538461538463,26,4,37.75022548640639,0.13484087102176667,0.0,50.0,-0.6358761411311129,-0.4650146941598811,0.0
momentum+strength+duration+move+curve+cand_copper_gold+cand_swap_spread+cand_sofr_ted_spread+cand_inflation_1y,動能 (10Y-SMA125) + 強度 (NQ 52W區間) + 存續期間避險 (TLT-SHY) + 波動度 (MOVE偏態) + 殖利率曲線 (10Y-2Y) + 銅金比報酬差 + 10Y Swap Spread + SOFR-3M利差 + 1年通膨預期價差,9,-0.026488876417224423,-0.013570193518854598,,-37.75022548640639,26,0,37.75022548640639,0.0,0.0,0.0,-0.7020933374613172,-0.461494190954407,0.0
strength+duration+move+curve+inflation+cand_swap_spread,強度 (NQ 52W區間) + 存續期間避險 (TLT-SHY) + 波動度 (MOVE偏態) + 殖利率曲線 (10Y-2Y) + 通膨意外 (CPI-10YBE) + 10Y Swap Spread,6,-0.05727303740557124,-0.08295632202580469,,-37.858235715993295,47,89,25.35824512634091,-12.499990589652386,8.51063829787234,21.34831460674157,-0.6502298559332779,-0.9930771613952716,0.0
strength+duration+move+curve+inflation+cand_copper_gold+cand_swap_spread+cand_sofr_ted_spread+cand_inflation_1y,強度 (NQ 52W區間) + 存續期間避險 (TLT-SHY) + 波動度 (MOVE偏態) + 殖利率曲線 (10Y-2Y) + 通膨意外 (CPI-10YBE) + 銅金比報酬差 + 10Y Swap Spread + SOFR-3M利差 + 1年通膨預期價差,9,-0.038684714638065415,-0.01938762793914365,,-38.02769801387892,28,0,38.02769801387892,0.0,0.0,0.0,-0.6007411529986616,-1.1418420439825812,0.0
momentum+strength+move+curve+inflation+cand_swap_spread,動能 (10Y-SMA125) + 強度 (NQ 52W區間) + 波動度 (MOVE偏態) + 殖利率曲線 (10Y-2Y) + 通膨意外 (CPI-10YBE) + 10Y Swap Spread,6,-0.0438921957802056,-0.057184972545758814,,-38.12142857142857,60,140,30.634840871021773,-7.486587700406795,3.3333333333333335,32.857142857142854,-0.4990574645313068,-0.8336637242201737,0.0
momentum+move+curve+inflation+cand_swap_spread,動能 (10Y-SMA125) + 波動度 (MOVE偏態) + 殖利率曲線 (10Y-2Y) + 通膨意外 (CPI-10YBE) + 10Y Swap Spread,5,-0.041530176320406675,-0.057216540871638355,,-38.19473684210528,38,5,39.02957771312704,0.834840871021761,5.263157894736842,60.0,-0.9143994497513159,-0.6973000061285288,0.0
momentum+strength+duration+move+curve+inflation+cand_copper_gold+cand_credit_spread+cand_swap_spread,動能 (10Y-SMA125) + 強度 (NQ 52W區間) + 存續期間避險 (TLT-SHY) + 波動度 (MOVE偏態) + 殖利率曲線 (10Y-2Y) + 通膨意外 (CPI-10YBE) + 銅金比報酬差 + IG企業債利差 + 10Y Swap Spread,9,-0.033011389427545376,-0.02389143453830233,,-38.29951690821258,46,18,25.656580001456557,-12.642936906756024,13.043478260869565,38.88888888888889,-0.3555236543363656,-0.650215909029183,0.0
duration+move+curve+inflation+cand_copper_gold+cand_swap_spread+cand_inflation_1y,存續期間避險 (TLT-SHY) + 波動度 (MOVE偏態) + 殖利率曲線 (10Y-2Y) + 通膨意外 (CPI-10YBE) + 銅金比報酬差 + 10Y Swap Spread + 1年通膨預期價差,7,-0.04353552998980954,-0.06141148938896334,,-38.324074074074105,27,4,41.70891494509585,3.3848408710217424,0.0,100.0,-0.8842783530481558,-1.0801773332107085,0.0
momentum+duration+curve+inflation+cand_copper_gold+cand_sofr_ted_spread+cand_inflation_1y,動能 (10Y-SMA125) + 存續期間避險 (TLT-SHY) + 殖利率曲線 (10Y-2Y) + 通膨意外 (CPI-10YBE) + 銅金比報酬差 + SOFR-3M利差 + 1年通膨預期價差,7,-0.04601281174410887,-0.02807435743521602,,-38.34009009009009,222,4,12.724930961111866,-25.61515912897822,30.630630630630627,0.0,-1.0481661473363693,0.47284469410135643,0.0
momentum+strength+duration+move+curve+cand_swap_spread,動能 (10Y-SMA125) + 強度 (NQ 52W區間) + 存續期間避險 (TLT-SHY) + 波動度 (MOVE偏態) + 殖利率曲線 (10Y-2Y) + 10Y Swap Spread,6,-0.04282400439064255,-0.06383942176447638,,-38.45555555555555,45,148,29.590396426577325,-8.865159128978227,0.0,35.13513513513514,-0.7358772675952073,-0.2969016771136182,0.0
strength+duration+move+curve+inflation+cand_copper_gold+cand_credit_spread+cand_swap_spread+cand_inflation_1y,強度 (NQ 52W區間) + 存續期間避險 (TLT-SHY) + 波動度 (MOVE偏態) + 殖利率曲線 (10Y-2Y) + 通膨意外 (CPI-10YBE) + 銅金比報酬差 + IG企業債利差 + 10Y Swap Spread + 1年通膨預期價差,9,-0.04100948285374377,-0.03650313166059297,,-38.47222222222223,36,2,32.107063093244,-6.365159128978228,8.333333333333332,0.0,-0.37598426838711685,-1.2398448348927504,0.0
strength+duration+inflation+cand_credit_spread+cand_sofr_ted_spread+cand_inflation_1y,強度 (NQ 52W區間) + 存續期間避險 (TLT-SHY) + 通膨意外 (CPI-10YBE) + IG企業債利差 + SOFR-3M利差 + 1年通膨預期價差,6,-0.06462417184537815,-0.07499101939369872,,-38.52,175,25,13.474840871021776,-25.045159128978227,27.42857142857143,52.0,-0.9755226572996079,-0.8482123610333835,0.0
duration+move+curve+inflation+cand_swap_spread,存續期間避險 (TLT-SHY) + 波動度 (MOVE偏態) + 殖利率曲線 (10Y-2Y) + 通膨意外 (CPI-10YBE) + 10Y Swap Spread,5,-0.05913139981032108,-0.09363696482093797,,-38.790043290043286,66,28,20.210598446779354,-18.579444843263936,27.27272727272727,3.571428571428571,-1.1051393798438116,-0.9413371797058788,0.0
momentum+duration+move+curve+cand_copper_gold+cand_credit_spread+cand_swap_spread+cand_sofr_ted_spread,動能 (10Y-SMA125) + 存續期間避險 (TLT-SHY) + 波動度 (MOVE偏態) + 殖利率曲線 (10Y-2Y) + 銅金比報酬差 + IG企業債利差 + 10Y Swap Spread + SOFR-3M利差,8,-0.015889943922218108,0.0010349080073600127,,-38.8621135982945,22,0,38.8621135982945,0.0,0.0,0.0,-0.476836674277379,-0.18817143988163293,0.0
momentum+strength+duration+move+inflation+cand_copper_gold+cand_swap_spread,動能 (10Y-SMA125) + 強度 (NQ 52W區間) + 存續期間避險 (TLT-SHY) + 波動度 (MOVE偏態) + 通膨意外 (CPI-10YBE) + 銅金比報酬差 + 10Y Swap Spread,7,-0.025650705650787354,-0.019046880944207985,,-38.93611111111112,40,81,24.45984087102178,-14.476270240089342,12.5,24.691358024691358,-0.3963946456872576,-0.4803845217742835,0.0
momentum+move+curve+cand_swap_spread+cand_inflation_1y,動能 (10Y-SMA125) + 波動度 (MOVE偏態) + 殖利率曲線 (10Y-2Y) + 10Y Swap Spread + 1年通膨預期價差,5,-0.051466529642427775,-0.10146893456942076,,-38.950980392156886,51,2,27.085821263178644,-11.865159128978243,29.411764705882355,0.0,-1.1474769334979449,-0.8711492548916552,0.0
duration+move+curve+inflation+cand_copper_gold+cand_swap_spread,存續期間避險 (TLT-SHY) + 波動度 (MOVE偏態) + 殖利率曲線 (10Y-2Y) + 通膨意外 (CPI-10YBE) + 銅金比報酬差 + 10Y Swap Spread,6,-0.03574433147776827,-0.03067427732532805,,-38.96874999999999,32,15,19.603590871021776,-19.365159128978217,21.875,13.333333333333334,-0.4653088477051044,-0.8570475539939516,0.0
strength+duration+move+curve+inflation+cand_credit_spread+cand_swap_spread,強度 (NQ 52W區間) + 存續期間避險 (TLT-SHY) + 波動度 (MOVE偏態) + 殖利率曲線 (10Y-2Y) + 通膨意外 (CPI-10YBE) + IG企業債利差 + 10Y Swap Spread,7,-0.04961206710929709,-0.06863096525254926,,-39.00306122448981,49,20,22.287902095511573,-16.715159128978243,20.408163265306122,20.0,-0.4486564382611395,-1.2753337491450951,0.0
momentum+move+curve+inflation+cand_swap_spread+cand_sofr_ted_spread,動能 (10Y-SMA125) + 波動度 (MOVE偏態) + 殖利率曲線 (10Y-2Y) + 通膨意外 (CPI-10YBE) + 10Y Swap Spread + SOFR-3M利差,6,-0.03247604652727723,-0.03076883926077708,,-39.02957771312704,38,0,39.02957771312704,0.0,5.263157894736842,0.0,-0.9879738588370677,-1.0003004248660323,0.0
momentum+move+curve+inflation+cand_swap_spread+cand_inflation_1y,動能 (10Y-SMA125) + 波動度 (MOVE偏態) + 殖利率曲線 (10Y-2Y) + 通膨意外 (CPI-10YBE) + 10Y Swap Spread + 1年通膨預期價差,6,-0.05566854544034827,-0.09834356618262732,,-39.10852713178297,43,6,37.07670133613806,-2.0318257956449126,4.651162790697675,50.0,-1.2465320351571423,-0.9465053339808073,0.0
momentum+move+curve+inflation+cand_copper_gold+cand_swap_spread+cand_inflation_1y,動能 (10Y-SMA125) + 波動度 (MOVE偏態) + 殖利率曲線 (10Y-2Y) + 通膨意外 (CPI-10YBE) + 銅金比報酬差 + 10Y Swap Spread + 1年通膨預期價差,7,-0.03356697084032855,-0.04191409717460154,,-39.156250000000014,32,8,42.79109087102177,3.6348408710217592,0.0,100.0,-0.7025580563452292,-0.9154581521514462,0.0
duration+move+inflation+cand_copper_gold+cand_swap_spread,存續期間避險 (TLT-SHY) + 波動度 (MOVE偏態) + 通膨意外 (CPI-10YBE) + 銅金比報酬差 + 10Y Swap Spread,5,-0.01658809895561493,-0.013285704863385539,,-39.199494949494955,33,72,21.695446931627835,-17.50404801786712,15.151515151515152,20.833333333333336,-0.29428402052551494,-0.968222951819694,0.0
strength+cand_swap_spread+cand_sofr_ted_spread+cand_inflation_1y,強度 (NQ 52W區間) + 10Y Swap Spread + SOFR-3M利差 + 1年通膨預期價差,4,-0.009990131414126826,-0.05057025444489553,,-39.310374149659864,16,147,44.50984087102178,5.199466721361912,0.0,69.38775510204081,0.10947545028856122,-1.3779702181776456,-12.58702489503828
momentum+strength+duration+move+curve+cand_credit_spread+cand_swap_spread,動能 (10Y-SMA125) + 強度 (NQ 52W區間) + 存續期間避險 (TLT-SHY) + 波動度 (MOVE偏態) + 殖利率曲線 (10Y-2Y) + IG企業債利差 + 10Y Swap Spread,7,-0.03609224108210424,-0.05046750502846919,,-39.50666666666668,45,50,28.901507537688445,-10.605159128978235,6.666666666666667,32.0,-0.5609732467479095,-0.5622371343902667,0.0
momentum+move+curve+cand_copper_gold+cand_swap_spread+cand_sofr_ted_spread+cand_inflation_1y,動能 (10Y-SMA125) + 波動度 (MOVE偏態) + 殖利率曲線 (10Y-2Y) + 銅金比報酬差 + 10Y Swap Spread + SOFR-3M利差 + 1年通膨預期價差,7,-0.01878194915059771,-0.015422874335894557,,-39.730078966259875,21,0,39.730078966259875,0.0,0.0,0.0,-0.5502772950295947,-0.8003985940430178,0.0
momentum+strength+move+curve+inflation+cand_copper_gold+cand_credit_spread+cand_swap_spread+cand_inflation_1y,動能 (10Y-SMA125) + 強度 (NQ 52W區間) + 波動度 (MOVE偏態) + 殖利率曲線 (10Y-2Y) + 通膨意外 (CPI-10YBE) + 銅金比報酬差 + IG企業債利差 + 10Y Swap Spread + 1年通膨預期價差,9,-0.034359426827409265,-0.0214266500322156,,-39.76315789473685,38,2,33.39799876575862,-6.365159128978228,5.263157894736842,0.0,-0.2610072550425825,-1.1892575844097042,0.0
strength+duration+move+curve+inflation+cand_copper_gold+cand_swap_spread,強度 (NQ 52W區間) + 存續期間避險 (TLT-SHY) + 波動度 (MOVE偏態) + 殖利率曲線 (10Y-2Y) + 通膨意外 (CPI-10YBE) + 銅金比報酬差 + 10Y Swap Spread,7,-0.0403285555202277,-0.033784844473355384,,-39.85198135198135,33,52,26.756052992233897,-13.095928359747457,9.090909090909092,34.61538461538461,-0.1805609438399355,-0.8898224724885289,0.0
momentum+move+curve+cand_credit_spread+cand_swap_spread,動能 (10Y-SMA125) + 波動度 (MOVE偏態) + 殖利率曲線 (10Y-2Y) + IG企業債利差 + 10Y Swap Spread,5,-0.03444279573875145,-0.0485227744481232,,-39.87500000000001,24,6,43.50984087102177,3.634840871021767,0.0,66.66666666666666,-0.47814666713109105,-1.1751340437265634,0.0
strength+curve+cand_credit_spread+cand_swap_spread+cand_inflation_1y,強度 (NQ 52W區間) + 殖利率曲線 (10Y-2Y) + IG企業債利差 + 10Y Swap Spread + 1年通膨預期價差,5,-0.03294808270087419,-0.043406609404371695,,-39.95128205128205,30,78,35.53484087102178,-4.416441180260274,0.0,38.46153846153847,0.15396335156800273,-1.385965155561676,-9.001915984853845
strength+duration+move+inflation+cand_swap_spread+cand_inflation_1y,強度 (NQ 52W區間) + 存續期間避險 (TLT-SHY) + 波動度 (MOVE偏態) + 通膨意外 (CPI-10YBE) + 10Y Swap Spread + 1年通膨預期價差,6,-0.055483064782828745,-0.10282777819973699,,-40.08012820512822,36,104,30.05150753768845,-10.028620667439766,13.88888888888889,31.73076923076923,-0.8662356313444586,-1.3138810847459006,0.0
momentum+strength+duration+move+curve+inflation+cand_credit_spread+cand_swap_spread,動能 (10Y-SMA125) + 強度 (NQ 52W區間) + 存續期間避險 (TLT-SHY) + 波動度 (MOVE偏態) + 殖利率曲線 (10Y-2Y) + 通膨意外 (CPI-10YBE) + IG企業債利差 + 10Y Swap Spread,8,-0.04515948459215871,-0.05967552964656852,,-40.109970674486824,62,22,24.199357000054036,-15.910613674432788,14.516129032258066,22.727272727272727,-0.7117817480072779,-0.7367036060634976,0.0
strength+move+curve+cand_swap_spread+cand_inflation_1y,強度 (NQ 52W區間) + 波動度 (MOVE偏態) + 殖利率曲線 (10Y-2Y) + 10Y Swap Spread + 1年通膨預期價差,5,-0.05474184252653473,-0.10785090902379374,,-40.19054054054055,20,37,44.28484087102177,4.0943003304812216,5.0,64.86486486486487,-0.28312712537080764,-1.5922489703030702,0.0
duration+move+curve+inflation+cand_swap_spread+cand_sofr_ted_spread+cand_inflation_1y,存續期間避險 (TLT-SHY) + 波動度 (MOVE偏態) + 殖利率曲線 (10Y-2Y) + 通膨意外 (CPI-10YBE) + 10Y Swap Spread + SOFR-3M利差 + 1年通膨預期價差,7,-0.06642103462317796,-0.10708049532238786,,-40.24459696858275,41,0,40.24459696858275,0.0,0.0,0.0,-1.574530374387753,-1.4893474186017586,0.0
strength+duration+move+inflation+cand_swap_spread+cand_sofr_ted_spread,強度 (NQ 52W區間) + 存續期間避險 (TLT-SHY) + 波動度 (MOVE偏態) + 通膨意外 (CPI-10YBE) + 10Y Swap Spread + SOFR-3M利差,6,-0.04914948658790449,-0.067067545427957,,-40.41111111111111,45,6,22.212618648799552,-18.19849246231156,15.555555555555555,33.33333333333333,-0.6804770855657746,-1.351474713073586,0.0
momentum+move+curve+cand_swap_spread+cand_sofr_ted_spread,動能 (10Y-SMA125) + 波動度 (MOVE偏態) + 殖利率曲線 (10Y-2Y) + 10Y Swap Spread + SOFR-3M利差,5,-0.030848119347587338,-0.022608644823136192,,-40.67055515673606,28,0,40.67055515673606,0.0,0.0,0.0,-0.8213492409764216,-0.7843920588954696,0.0
momentum+strength+move+curve+cand_copper_gold+cand_swap_spread+cand_inflation_1y,動能 (10Y-SMA125) + 強度 (NQ 52W區間) + 波動度 (MOVE偏態) + 殖利率曲線 (10Y-2Y) + 銅金比報酬差 + 10Y Swap Spread + 1年通膨預期價差,7,-0.024521894103506865,-0.021552172439311075,,-41.0,18,12,42.80150753768843,1.801507537688428,0.0,75.0,-0.19271282840127232,-0.8395408613478705,0.0
strength+move+curve+inflation+cand_swap_spread+cand_sofr_ted_spread+cand_inflation_1y,強度 (NQ 52W區間) + 波動度 (MOVE偏態) + 殖利率曲線 (10Y-2Y) + 通膨意外 (CPI-10YBE) + 10Y Swap Spread + SOFR-3M利差 + 1年通膨預期價差,7,-0.05053025491745393,-0.06279199487016478,,-41.13484087102177,30,0,41.13484087102177,0.0,3.3333333333333335,0.0,-0.6312692327679517,-1.8603228702301278,0.0
duration+move+curve+inflation+cand_swap_spread+cand_inflation_1y,存續期間避險 (TLT-SHY) + 波動度 (MOVE偏態) + 殖利率曲線 (10Y-2Y) + 通膨意外 (CPI-10YBE) + 10Y Swap Spread + 1年通膨預期價差,6,-0.06617404112510462,-0.12275296807388185,,-41.609756097561,41,2,40.24459696858275,-1.3651591289782457,0.0,0.0,-1.4692739703231608,-1.1699273668397334,0.0
duration+move+curve+inflation+cand_copper_gold+cand_swap_spread+cand_sofr_ted_spread+cand_inflation_1y,存續期間避險 (TLT-SHY) + 波動度 (MOVE偏態) + 殖利率曲線 (10Y-2Y) + 通膨意外 (CPI-10YBE) + 銅金比報酬差 + 10Y Swap Spread + SOFR-3M利差 + 1年通膨預期價差,8,-0.040810584099519855,-0.04060358914237151,,-41.70891494509585,27,0,41.70891494509585,0.0,0.0,0.0,-0.9043415103686415,-1.217265873670313,0.0
momentum+move+curve+cand_copper_gold+cand_credit_spread+cand_swap_spread+cand_inflation_1y,動能 (10Y-SMA125) + 波動度 (MOVE偏態) + 殖利率曲線 (10Y-2Y) + 銅金比報酬差 + IG企業債利差 + 10Y Swap Spread + 1年通膨預期價差,7,-0.02502441820105953,-0.029068762921694056,,-41.72574996193086,22,0,41.72574996193086,0.0,0.0,0.0,-0.34293433475043544,-1.0928055837707562,0.0
momentum+move+curve+cand_copper_gold+cand_credit_spread+cand_swap_spread+cand_sofr_ted_spread+cand_inflation_1y,動能 (10Y-SMA125) + 波動度 (MOVE偏態) + 殖利率曲線 (10Y-2Y) + 銅金比報酬差 + IG企業債利差 + 10Y Swap Spread + SOFR-3M利差 + 1年通膨預期價差,8,-0.02033830905392049,-0.009868935864210213,,-41.72574996193086,22,0,41.72574996193086,0.0,0.0,0.0,-0.3533759192036635,-0.9440153814322266,0.0
momentum+strength+duration+move+inflation+cand_copper_gold+cand_swap_spread+cand_sofr_ted_spread,動能 (10Y-SMA125) + 強度 (NQ 52W區間) + 存續期間避險 (TLT-SHY) + 波動度 (MOVE偏態) + 通膨意外 (CPI-10YBE) + 銅金比報酬差 + 10Y Swap Spread + SOFR-3M利差,8,-0.022038719096900763,0.0039049474586171306,,-41.82500000000003,40,10,24.45984087102178,-17.365159128978256,12.5,30.0,-0.4754363649435995,-0.5140078342663111,0.0
strength+duration+move+curve+inflation+cand_copper_gold+cand_swap_spread+cand_inflation_1y,強度 (NQ 52W區間) + 存續期間避險 (TLT-SHY) + 波動度 (MOVE偏態) + 殖利率曲線 (10Y-2Y) + 通膨意外 (CPI-10YBE) + 銅金比報酬差 + 10Y Swap Spread + 1年通膨預期價差,8,-0.04616161365086944,-0.04838034568092754,,-42.024436090225564,28,19,38.02769801387892,-3.996738076346644,0.0,57.89473684210527,-0.5460411524867765,-1.0637154678851233,0.0
momentum+strength+move+curve+inflation+cand_swap_spread+cand_inflation_1y,動能 (10Y-SMA125) + 強度 (NQ 52W區間) + 波動度 (MOVE偏態) + 殖利率曲線 (10Y-2Y) + 通膨意外 (CPI-10YBE) + 10Y Swap Spread + 1年通膨預期價差,7,-0.04881763371654965,-0.06735160293324133,,-42.040229885057485,58,24,33.841737422745915,-8.19849246231157,3.4482758620689653,37.5,-0.8330543347373903,-1.030935589998369,0.0
duration+move+curve+inflation+cand_copper_gold+cand_credit_spread+cand_swap_spread+cand_inflation_1y,存續期間避險 (TLT-SHY) + 波動度 (MOVE偏態) + 殖利率曲線 (10Y-2Y) + 通膨意外 (CPI-10YBE) + 銅金比報酬差 + IG企業債利差 + 10Y Swap Spread + 1年通膨預期價差,8,-0.04022383525105661,-0.04433933566959588,,-42.152082250332136,29,0,42.152082250332136,0.0,0.0,0.0,-0.6384534430113905,-1.3771735722735012,0.0
duration+move+curve+inflation+cand_copper_gold+cand_credit_spread+cand_swap_spread+cand_sofr_ted_spread+cand_inflation_1y,存續期間避險 (TLT-SHY) + 波動度 (MOVE偏態) + 殖利率曲線 (10Y-2Y) + 通膨意外 (CPI-10YBE) + 銅金比報酬差 + IG企業債利差 + 10Y Swap Spread + SOFR-3M利差 + 1年通膨預期價差,9,-0.04176440977953899,-0.03446357127588211,,-42.152082250332136,29,0,42.152082250332136,0.0,0.0,0.0,-0.6556831816813345,-1.3511420898522788,0.0
strength+curve+cand_swap_spread+cand_sofr_ted_spread+cand_inflation_1y,強度 (NQ 52W區間) + 殖利率曲線 (10Y-2Y) + 10Y Swap Spread + SOFR-3M利差 + 1年通膨預期價差,5,-0.03757801238494616,-0.03909995256313073,,-42.46428571428571,12,21,49.051507537688444,6.587221823402739,0.0,76.19047619047619,-0.12645663613030556,-1.2296958632206814,0.0
strength+duration+move+inflation+cand_copper_gold+cand_swap_spread+cand_inflation_1y,強度 (NQ 52W區間) + 存續期間避險 (TLT-SHY) + 波動度 (MOVE偏態) + 通膨意外 (CPI-10YBE) + 銅金比報酬差 + 10Y Swap Spread + 1年通膨預期價差,7,-0.03760141037012747,-0.049611520118222285,,-42.66364186327888,29,57,30.80725466412522,-11.856387199153666,6.896551724137931,38.59649122807017,-0.41357907704557645,-1.1594087475188937,0.0
momentum+move+curve+inflation+cand_copper_gold+cand_swap_spread+cand_sofr_ted_spread+cand_inflation_1y,動能 (10Y-SMA125) + 波動度 (MOVE偏態) + 殖利率曲線 (10Y-2Y) + 通膨意外 (CPI-10YBE) + 銅金比報酬差 + 10Y Swap Spread + SOFR-3M利差 + 1年通膨預期價差,8,-0.025529098828720204,-0.009025838971873966,,-42.79109087102177,32,0,42.79109087102177,0.0,0.0,0.0,-0.7256487227519194,-1.1053722843575167,0.0
momentum+strength+move+curve+cand_copper_gold+cand_swap_spread+cand_sofr_ted_spread+cand_inflation_1y,動能 (10Y-SMA125) + 強度 (NQ 52W區間) + 波動度 (MOVE偏態) + 殖利率曲線 (10Y-2Y) + 銅金比報酬差 + 10Y Swap Spread + SOFR-3M利差 + 1年通膨預期價差,8,-0.015984391599302712,0.016501203978317953,,-42.80150753768843,18,0,42.80150753768843,0.0,0.0,0.0,-0.23330955018916222,-0.8628915444156569,0.0
strength+duration+move+curve+cand_credit_spread+cand_swap_spread,強度 (NQ 52W區間) + 存續期間避險 (TLT-SHY) + 波動度 (MOVE偏態) + 殖利率曲線 (10Y-2Y) + IG企業債利差 + 10Y Swap Spread,6,-0.042607637119163405,-0.06884940341213558,,-42.96000000000001,30,50,27.834840871021772,-15.125159128978233,16.666666666666664,28.000000000000004,-0.24905211783706196,-1.1176583055837264,0.0
momentum+strength+move+curve+cand_credit_spread+cand_swap_spread,動能 (10Y-SMA125) + 強度 (NQ 52W區間) + 波動度 (MOVE偏態) + 殖利率曲線 (10Y-2Y) + IG企業債利差 + 10Y Swap Spread,6,-0.03163381736913845,-0.041639233660941806,,-43.01666666666668,35,24,29.23484087102177,-13.781825795644911,14.285714285714285,25.0,-0.10431594411821686,-1.0375578796233367,0.0
duration+move+inflation+cand_copper_gold+cand_swap_spread+cand_inflation_1y,存續期間避險 (TLT-SHY) + 波動度 (MOVE偏態) + 通膨意外 (CPI-10YBE) + 銅金比報酬差 + 10Y Swap Spread + 1年通膨預期價差,6,-0.033791362503984575,-0.0648379161559772,,-43.07948717948718,26,30,40.98099471717562,-2.09849246231156,0.0,53.333333333333336,-0.7376557320858258,-1.1964065344988148,0.0
momentum+strength+duration+move+curve+cand_swap_spread+cand_inflation_1y,動能 (10Y-SMA125) + 強度 (NQ 52W區間) + 存續期間避險 (TLT-SHY) + 波動度 (MOVE偏態) + 殖利率曲線 (10Y-2Y) + 10Y Swap Spread + 1年通膨預期價差,7,-0.052994027614486745,-0.08389085878000263,,-43.162037037037045,48,27,36.426507537688444,-6.735529499348602,2.083333333333333,33.33333333333333,-1.0072137140321127,-0.5320057691672228,0.0
strength+duration+move+curve+cand_swap_spread+cand_inflation_1y,強度 (NQ 52W區間) + 存續期間避險 (TLT-SHY) + 波動度 (MOVE偏態) + 殖利率曲線 (10Y-2Y) + 10Y Swap Spread + 1年通膨預期價差,6,-0.05950757191261585,-0.10255691134985977,,-43.25258799171842,21,23,45.53960277578367,2.287014784065246,0.0,39.130434782608695,-0.8489026742600007,-1.098579867665461,0.0
momentum+move+curve+cand_credit_spread+cand_swap_spread+cand_sofr_ted_spread,動能 (10Y-SMA125) + 波動度 (MOVE偏態) + 殖利率曲線 (10Y-2Y) + IG企業債利差 + 10Y Swap Spread + SOFR-3M利差,6,-0.03097322015796459,-0.023403701332988913,,-43.50984087102177,24,0,43.50984087102177,0.0,0.0,0.0,-0.5214112820944888,-1.180748067272197,0.0
momentum+strength+duration+move+curve+cand_swap_spread+cand_sofr_ted_spread,動能 (10Y-SMA125) + 強度 (NQ 52W區間) + 存續期間避險 (TLT-SHY) + 波動度 (MOVE偏態) + 殖利率曲線 (10Y-2Y) + 10Y Swap Spread + SOFR-3M利差,7,-0.03649469264518463,-0.042190564824600124,,-43.72026143790849,45,17,29.590396426577325,-14.12986501133117,0.0,0.0,-0.8493335267965274,-0.30142475848803196,0.0
strength+duration+move+curve+cand_copper_gold+cand_swap_spread+cand_sofr_ted_spread+cand_inflation_1y,強度 (NQ 52W區間) + 存續期間避險 (TLT-SHY) + 波動度 (MOVE偏態) + 殖利率曲線 (10Y-2Y) + 銅金比報酬差 + 10Y Swap Spread + SOFR-3M利差 + 1年通膨預期價差,8,-0.034221891238039745,-0.0233327090378644,,-43.749999999999986,16,1,42.384840871021765,-1.3651591289782234,0.0,0.0,-0.4011907299001599,-0.9141294167238625,0.0
momentum+strength+move+curve+cand_copper_gold+cand_credit_spread+cand_swap_spread+cand_inflation_1y,動能 (10Y-SMA125) + 強度 (NQ 52W區間) + 波動度 (MOVE偏態) + 殖利率曲線 (10Y-2Y) + 銅金比報酬差 + IG企業債利差 + 10Y Swap Spread + 1年通膨預期價差,8,-0.024802295245402377,-0.014426370076584571,,-43.89285714285715,28,1,33.52769801387892,-10.365159128978233,3.571428571428571,0.0,-0.06367359332827094,-1.0244791297013778,0.0
momentum+strength+move+curve+cand_copper_gold+cand_swap_spread,動能 (10Y-SMA125) + 強度 (NQ 52W區間) + 波動度 (MOVE偏態) + 殖利率曲線 (10Y-2Y) + 銅金比報酬差 + 10Y Swap Spread,6,-0.017181667280157645,0.0018374895316044832,,-43.95073891625616,14,58,33.20626944245034,-10.744469473805815,7.142857142857142,39.6551724137931,0.2465028758074123,-0.6126031419968837,-2.485176450742498
momentum+move+curve+cand_credit_spread+cand_swap_spread+cand_sofr_ted_spread+cand_inflation_1y,動能 (10Y-SMA125) + 波動度 (MOVE偏態) + 殖利率曲線 (10Y-2Y) + IG企業債利差 + 10Y Swap Spread + SOFR-3M利差 + 1年通膨預期價差,7,-0.051385157884313,-0.07590544408777085,,-44.16817420435513,30,0,44.16817420435513,0.0,0.0,0.0,-0.9658624758287256,-1.3687902609468843,0.0
momentum+move+curve+cand_credit_spread+cand_swap_spread+cand_inflation_1y,動能 (10Y-SMA125) + 波動度 (MOVE偏態) + 殖利率曲線 (10Y-2Y) + IG企業債利差 + 10Y Swap Spread + 1年通膨預期價差,6,-0.05157223988905191,-0.08752122628495868,,-44.16817420435513,30,0,44.16817420435513,0.0,0.0,0.0,-0.8893114808724188,-1.4303744971750145,0.0
strength+move+curve+cand_swap_spread+cand_sofr_ted_spread+cand_inflation_1y,強度 (NQ 52W區間) + 波動度 (MOVE偏態) + 殖利率曲線 (10Y-2Y) + 10Y Swap Spread + SOFR-3M利差 + 1年通膨預期價差,6,-0.054684863565351606,-0.08875042448665807,,-44.28484087102177,20,0,44.28484087102177,0.0,5.0,0.0,-0.382748005153715,-1.659364703955383,0.0
momentum+strength+duration+move+curve+inflation+cand_copper_gold+cand_swap_spread,動能 (10Y-SMA125) + 強度 (NQ 52W區間) + 存續期間避險 (TLT-SHY) + 波動度 (MOVE偏態) + 殖利率曲線 (10Y-2Y) + 通膨意外 (CPI-10YBE) + 銅金比報酬差 + 10Y Swap Spread,8,-0.035632894108353554,-0.029402434727372445,,-44.94621749408984,47,36,28.719947254000488,-16.226270240089345,4.25531914893617,19.444444444444446,-0.4995299961964398,-0.4347692264768765,0.0
strength+duration+move+curve+cand_swap_spread+cand_sofr_ted_spread,強度 (NQ 52W區間) + 存續期間避險 (TLT-SHY) + 波動度 (MOVE偏態) + 殖利率曲線 (10Y-2Y) + 10Y Swap Spread + SOFR-3M利差,6,-0.04442479339268405,-0.057399565973180855,,-45.46875000000001,18,32,37.63484087102178,-7.833909128978227,11.11111111111111,21.875,-0.5288655975645837,-0.9759501955941572,0.0
strength+duration+move+curve+cand_swap_spread+cand_sofr_ted_spread+cand_inflation_1y,強度 (NQ 52W區間) + 存續期間避險 (TLT-SHY) + 波動度 (MOVE偏態) + 殖利率曲線 (10Y-2Y) + 10Y Swap Spread + SOFR-3M利差 + 1年通膨預期價差,7,-0.06005616856728656,-0.0889376888889934,,-45.53960277578367,21,0,45.53960277578367,0.0,0.0,0.0,-0.9938561856585786,-1.1699380043104795,0.0
strength+duration+move+curve+cand_credit_spread+cand_swap_spread+cand_sofr_ted_spread+cand_inflation_1y,強度 (NQ 52W區間) + 存續期間避險 (TLT-SHY) + 波動度 (MOVE偏態) + 殖利率曲線 (10Y-2Y) + IG企業債利差 + 10Y Swap Spread + SOFR-3M利差 + 1年通膨預期價差,8,-0.056451158498642726,-0.0739973466373608,,-45.76527565363047,23,0,45.76527565363047,0.0,0.0,0.0,-0.7196477197522482,-1.2208990997012787,0.0
strength+duration+move+curve+cand_credit_spread+cand_swap_spread+cand_inflation_1y,強度 (NQ 52W區間) + 存續期間避險 (TLT-SHY) + 波動度 (MOVE偏態) + 殖利率曲線 (10Y-2Y) + IG企業債利差 + 10Y Swap Spread + 1年通膨預期價差,7,-0.054668162770220824,-0.08731497102023328,,-45.76527565363047,23,0,45.76527565363047,0.0,0.0,0.0,-0.6209025040817867,-1.2945548340999053,0.0
momentum+strength+move+curve+cand_swap_spread+cand_sofr_ted_spread,動能 (10Y-SMA125) + 強度 (NQ 52W區間) + 波動度 (MOVE偏態) + 殖利率曲線 (10Y-2Y) + 10Y Swap Spread + SOFR-3M利差,6,-0.023724428260845982,-0.018478092611038947,,-45.857063093243994,18,0,45.857063093243994,0.0,0.0,0.0,-0.3573009192310913,-0.8627781163726169,0.0
momentum+strength+move+curve+cand_swap_spread+cand_sofr_ted_spread+cand_inflation_1y,動能 (10Y-SMA125) + 強度 (NQ 52W區間) + 波動度 (MOVE偏態) + 殖利率曲線 (10Y-2Y) + 10Y Swap Spread + SOFR-3M利差 + 1年通膨預期價差,7,-0.03740065178227624,-0.040369035869713514,,-45.89410013028103,27,0,45.89410013028103,0.0,0.0,0.0,-0.8174825020282764,-1.1021799680681277,0.0
strength+duration+move+curve+inflation+cand_swap_spread+cand_inflation_1y,強度 (NQ 52W區間) + 存續期間避險 (TLT-SHY) + 波動度 (MOVE偏態) + 殖利率曲線 (10Y-2Y) + 通膨意外 (CPI-10YBE) + 10Y Swap Spread + 1年通膨預期價差,7,-0.06236119010263231,-0.09500749201018831,,-45.894480519480524,56,22,33.9384122995932,-11.956068219887321,3.571428571428571,13.636363636363635,-1.0005115089147565,-1.1729793733620448,0.0
strength+move+cand_swap_spread+cand_inflation_1y,強度 (NQ 52W區間) + 波動度 (MOVE偏態) + 10Y Swap Spread + 1年通膨預期價差,4,-0.033946292085971774,-0.09792390117675366,,-46.294522968197874,20,283,42.08484087102177,-4.209682097176108,5.0,48.76325088339223,-0.035198280691903595,-1.7769976999886075,0.0
momentum+strength+duration+move+curve+cand_copper_gold+cand_credit_spread+cand_swap_spread,動能 (10Y-SMA125) + 強度 (NQ 52W區間) + 存續期間避險 (TLT-SHY) + 波動度 (MOVE偏態) + 殖利率曲線 (10Y-2Y) + 銅金比報酬差 + IG企業債利差 + 10Y Swap Spread,8,-0.023124116537431193,-0.011857427120485271,,-46.9928774928775,27,26,28.82002605620696,-18.17285143667054,7.4074074074074066,30.76923076923077,-0.1793374157454244,-0.4548148636675147,0.0
momentum+duration+move+curve+inflation+cand_copper_gold+cand_swap_spread,動能 (10Y-SMA125) + 存續期間避險 (TLT-SHY) + 波動度 (MOVE偏態) + 殖利率曲線 (10Y-2Y) + 通膨意外 (CPI-10YBE) + 銅金比報酬差 + 10Y Swap Spread,7,-0.03489668974259135,-0.03314565126535148,,-47.94117647058823,34,5,35.576017341610005,-12.365159128978226,0.0,20.0,-0.8208727433670434,-0.2515512491779558,0.0
momentum+curve+cand_swap_spread,動能 (10Y-SMA125) + 殖利率曲線 (10Y-2Y) + 10Y Swap Spread,3,-0.041425000469944316,-0.05503015729893992,,-48.01111111111111,10,36,50.03484087102178,2.0237297599106623,0.0,58.333333333333336,-0.5430810495764236,0.05315032456307753,0.0
strength+move+curve+cand_credit_spread+cand_swap_spread+cand_sofr_ted_spread+cand_inflation_1y,強度 (NQ 52W區間) + 波動度 (MOVE偏態) + 殖利率曲線 (10Y-2Y) + IG企業債利差 + 10Y Swap Spread + SOFR-3M利差 + 1年通膨預期價差,7,-0.042814836916442875,-0.05804836409843927,,-48.19999999999999,30,1,31.834840871021772,-16.365159128978213,20.0,0.0,-0.18354874249224737,-1.5705907807554491,0.0
strength+move+curve+inflation+cand_swap_spread+cand_inflation_1y,強度 (NQ 52W區間) + 波動度 (MOVE偏態) + 殖利率曲線 (10Y-2Y) + 通膨意外 (CPI-10YBE) + 10Y Swap Spread + 1年通膨預期價差,6,-0.05694341467780364,-0.08331650955630865,,-48.42307692307693,30,39,41.13484087102177,-7.288236052055156,3.3333333333333335,41.02564102564102,-0.5243580227269958,-1.6036325792757176,0.0
momentum+strength+duration+move+curve+cand_copper_gold+cand_swap_spread,動能 (10Y-SMA125) + 強度 (NQ 52W區間) + 存續期間避險 (TLT-SHY) + 波動度 (MOVE偏態) + 殖利率曲線 (10Y-2Y) + 銅金比報酬差 + 10Y Swap Spread,7,-0.024897493985589655,-0.016300665226314483,,-48.57,25,40,31.954840871021773,-16.615159128978227,0.0,27.500000000000004,-0.3152634890918564,-0.2416634850756919,0.0
strength+duration+move+cand_swap_spread+cand_inflation_1y,強度 (NQ 52W區間) + 存續期間避險 (TLT-SHY) + 波動度 (MOVE偏態) + 10Y Swap Spread + 1年通膨預期價差,5,-0.04794059136897134,-0.10322805780892266,,-48.709213863060015,21,169,46.49198372816463,-2.217230134895386,0.0,49.70414201183432,-0.6033159338092116,-1.2174896109961133,0.0
strength+duration+move+curve+cand_copper_gold+cand_credit_spread+cand_swap_spread+cand_inflation_1y,強度 (NQ 52W區間) + 存續期間避險 (TLT-SHY) + 波動度 (MOVE偏態) + 殖利率曲線 (10Y-2Y) + 銅金比報酬差 + IG企業債利差 + 10Y Swap Spread + 1年通膨預期價差,8,-0.03447724919985609,-0.03678018312143682,,-48.727272727272734,22,1,38.3621135982945,-10.365159128978233,4.545454545454546,0.0,-0.19600457060906484,-1.0578193325077776,0.0
strength+duration+move+curve+cand_swap_spread,強度 (NQ 52W區間) + 存續期間避險 (TLT-SHY) + 波動度 (MOVE偏態) + 殖利率曲線 (10Y-2Y) + 10Y Swap Spread,5,-0.04793857699463368,-0.08120932208328957,,-49.34545454545456,18,165,37.63484087102178,-11.710613674432775,11.11111111111111,26.666666666666668,-0.4341689783031984,-0.888738560968286,0.0
momentum+duration+move+curve+cand_credit_spread+cand_swap_spread,動能 (10Y-SMA125) + 存續期間避險 (TLT-SHY) + 波動度 (MOVE偏態) + 殖利率曲線 (10Y-2Y) + IG企業債利差 + 10Y Swap Spread,6,-0.04416546222466116,-0.06527339260932451,,-49.63970588235297,32,17,38.50984087102178,-11.129865011331187,6.25,41.17647058823529,-0.9620261523422273,-0.36523102953158904,0.0
momentum+curve+cand_swap_spread+cand_sofr_ted_spread,動能 (10Y-SMA125) + 殖利率曲線 (10Y-2Y) + 10Y Swap Spread + SOFR-3M利差,4,-0.03138335760340476,-0.01343497250592775,,-50.03484087102178,10,0,50.03484087102178,0.0,0.0,0.0,-0.6645552534355043,0.24830447285625598,0.0
strength+cand_swap_spread+cand_inflation_1y,強度 (NQ 52W區間) + 10Y Swap Spread + 1年通膨預期價差,3,-0.031070968644639638,-0.07704172409017483,,-51.38121546961325,13,543,48.634840871021765,-2.7463745985914856,0.0,47.51381215469613,0.27644057325889126,-1.3632951521215217,-4.931602970034261
strength+curve+cand_swap_spread+cand_inflation_1y,強度 (NQ 52W區間) + 殖利率曲線 (10Y-2Y) + 10Y Swap Spread + 1年通膨預期價差,4,-0.05131212552282021,-0.078040090408225,,-51.61298568507158,12,163,49.051507537688444,-2.5614781473831374,0.0,45.39877300613497,0.021589287647463908,-1.146517097653615,-53.10583268773559
momentum+move+curve+cand_swap_spread,動能 (10Y-SMA125) + 波動度 (MOVE偏態) + 殖利率曲線 (10Y-2Y) + 10Y Swap Spread,4,-0.03497994888502105,-0.06305186911851718,,-53.86904761904763,28,12,40.67055515673606,-13.19849246231157,0.0,8.333333333333332,-0.7672885816606165,-0.5347228443554222,0.0
momentum+strength+move+inflation+cand_sofr_ted_spread+cand_inflation_1y,動能 (10Y-SMA125) + 強度 (NQ 52W區間) + 波動度 (MOVE偏態) + 通膨意外 (CPI-10YBE) + SOFR-3M利差 + 1年通膨預期價差,6,-0.047122182754486305,-0.045981190876371356,,-54.78811607554124,167,13,14.730649254255308,-40.05746682128593,26.34730538922156,23.076923076923077,-1.2070717646847184,-0.9418820718730514,0.0
momentum+strength+move+curve+cand_swap_spread,動能 (10Y-SMA125) + 強度 (NQ 52W區間) + 波動度 (MOVE偏態) + 殖利率曲線 (10Y-2Y) + 10Y Swap Spread,5,-0.03245304500501856,-0.04930775650409833,,-54.93843843843844,18,148,45.857063093243994,-9.081375345194445,0.0,32.432432432432435,-0.2614562968310679,-0.7234682766988868,0.0
momentum+duration+move+curve+cand_copper_gold+cand_swap_spread,動能 (10Y-SMA125) + 存續期間避險 (TLT-SHY) + 波動度 (MOVE偏態) + 殖利率曲線 (10Y-2Y) + 銅金比報酬差 + 10Y Swap Spread,6,-0.023364027056048942,-0.023997029175913252,,-55.238095238095255,21,21,36.63484087102178,-18.603254367073475,0.0,28.57142857142857,-0.681441157652971,0.03471782481080094,0.0
strength+duration+move+inflation+cand_sofr_ted_spread+cand_inflation_1y,強度 (NQ 52W區間) + 存續期間避險 (TLT-SHY) + 波動度 (MOVE偏態) + 通膨意外 (CPI-10YBE) + SOFR-3M利差 + 1年通膨預期價差,6,-0.06274493392567312,-0.07377444773470417,,-55.278400407539486,151,26,16.720933586253565,-38.55746682128592,22.516556291390728,11.538461538461538,-1.4002143047284048,-1.0289658593253408,0.0
strength+duration+move+curve+cand_copper_gold+cand_swap_spread+cand_inflation_1y,強度 (NQ 52W區間) + 存續期間避險 (TLT-SHY) + 波動度 (MOVE偏態) + 殖利率曲線 (10Y-2Y) + 銅金比報酬差 + 10Y Swap Spread + 1年通膨預期價差,7,-0.03582474136309953,-0.043778098528962715,,-55.41666666666666,16,12,42.384840871021765,-13.03182579564489,0.0,25.0,-0.35611441856514076,-0.9304268415223659,0.0
momentum+duration+move+curve+cand_copper_gold+cand_credit_spread+cand_swap_spread,動能 (10Y-SMA125) + 存續期間避險 (TLT-SHY) + 波動度 (MOVE偏態) + 殖利率曲線 (10Y-2Y) + 銅金比報酬差 + IG企業債利差 + 10Y Swap Spread,7,-0.019816203693709185,-0.012694837929892077,,-55.93315508021392,22,17,38.8621135982945,-17.071041481919423,0.0,35.294117647058826,-0.4659716534116845,-0.26331577450303595,0.0
momentum+strength+move+curve+cand_swap_spread+cand_inflation_1y,動能 (10Y-SMA125) + 強度 (NQ 52W區間) + 波動度 (MOVE偏態) + 殖利率曲線 (10Y-2Y) + 10Y Swap Spread + 1年通膨預期價差,6,-0.044341898272267505,-0.07145742776234414,,-57.97354497354499,27,21,45.89410013028103,-12.079444843263955,0.0,19.047619047619047,-0.673599491715568,-0.9639798685694126,0.0
momentum+strength+duration+move+inflation+cand_sofr_ted_spread+cand_inflation_1y,動能 (10Y-SMA125) + 強度 (NQ 52W區間) + 存續期間避險 (TLT-SHY) + 波動度 (MOVE偏態) + 通膨意外 (CPI-10YBE) + SOFR-3M利差 + 1年通膨預期價差,7,-0.05595830794766021,-0.07148357842604663,,-60.12076095947064,186,26,14.640217215107796,-45.48054374436284,23.655913978494624,0.0,-1.3656286396979997,-0.41306661345010276,0.0
momentum+strength+duration+inflation+cand_credit_spread+cand_sofr_ted_spread+cand_inflation_1y,動能 (10Y-SMA125) + 強度 (NQ 52W區間) + 存續期間避險 (TLT-SHY) + 通膨意外 (CPI-10YBE) + IG企業債利差 + SOFR-3M利差 + 1年通膨預期價差,7,-0.0573399104286089,-0.06562070935046783,,-68.03912419239053,199,14,12.74539363484087,-55.293730557549665,26.633165829145728,7.142857142857142,-1.0560073471131948,-0.28049996356041307,0.0
